unique_id,mean,std,cv,zero_pct,trend,ramp_up,second_half_mean,train_start,active_weeks,bucket,history_length,recent_mean,recent_zero_pct
CA-10-SWC-36-BKBK,0.2,1.1102825193288748,5.551412596644374,0.9545454545454546,0.010305885535243333,False,0.4,2024-06-17,109,intermittent,full,1.6923076923076923,0.6153846153846154
CA-10-SWC-38-BKBK,2.5545454545454547,13.645236507252008,5.3415516576431346,0.9545454545454546,0.13153754254671685,False,5.109090909090909,2024-06-17,109,intermittent,full,21.615384615384617,0.6153846153846154
CA-10-SWC-40-BKBK,0.6818181818181818,3.8136878314871363,5.593408819514467,0.9545454545454546,0.03514189752721863,False,1.3636363636363635,2024-06-17,109,intermittent,full,5.769230769230769,0.6153846153846154
CA-10-SWC-42-BKBK,0.02727272727272727,0.2114491518111456,7.753135566408672,0.9818181818181818,0.0014381353830895116,False,0.05454545454545454,2024-06-17,109,intermittent,full,0.23076923076923078,0.8461538461538461
CA-CL-AT-CBL,3.018181818181818,2.9541398322964216,0.9787812697367663,0.3,0.05526226810630481,False,4.290909090909091,2026-04-27,13,smooth,short,5.384615384615385,0.0
CA-CL-CH-CSC-GR,0.01818181818181818,0.13360853142453696,7.348469228349534,0.9818181818181818,0.0005770574577914027,False,0.03636363636363636,2024-06-17,109,intermittent,full,0.0,1.0
CA-CL-CH-HRP-BRL,0.01818181818181818,0.13360853142453696,7.348469228349534,0.9818181818181818,-1.8033045555981217e-05,False,0.01818181818181818,2024-06-17,109,intermittent,full,0.0,1.0
CA-CL-CH-LSC-BK,0.00909090909090909,0.09491187735373227,10.44030650891055,0.990909090909091,0.00021188828528278066,False,0.01818181818181818,2024-06-17,109,intermittent,full,0.0,1.0
CA-CL-ET-TRI-BK,0.03636363636363636,0.2307014098263549,6.34428877022476,0.9727272727272728,-7.213218222392495e-05,False,0.03636363636363636,2024-06-17,109,intermittent,full,0.0,1.0
CA-CL-OR-CTO,0.045454545454545456,0.2082988952252655,4.582575694955841,0.9545454545454546,0.0013209205869756325,False,0.07272727272727272,2024-06-17,109,intermittent,full,0.23076923076923078,0.7692307692307693
CA-CL-OR-HBH-BK,0.03636363636363636,0.18719327529067276,5.147815070493501,0.9636363636363636,0.00039672700223158946,False,0.03636363636363636,2024-06-17,109,intermittent,full,0.07692307692307693,0.9230769230769231
CA-CL-OR-HBH-GR,0.07272727272727272,0.25968830649246727,3.570714214271425,0.9272727272727272,-0.0007664044361292072,False,0.0,2024-06-17,109,intermittent,full,0.0,1.0
CA-CL-PB-CBL,0.10909090909090909,0.3654500225862142,3.3499585403736303,0.9090909090909091,-0.0017311723733742102,False,0.05454545454545454,2024-06-17,109,intermittent,full,0.07692307692307693,0.9230769230769231
CA-CL-PM-APM-BN,0.23636363636363636,0.8304136179395808,3.513288383590534,0.8909090909090909,0.0003786939566756091,False,0.2545454545454545,2024-06-17,109,intermittent,full,0.0,1.0
CA-CL-PM-WCB,0.02727272727272727,0.162877026065172,5.9721576223896395,0.9727272727272728,0.0006266483330703514,False,0.03636363636363636,2024-06-17,109,intermittent,full,0.07692307692307693,0.9230769230769231
CA-CL-WS-RSV,0.02727272727272727,0.16287702606517196,5.972157622389639,0.9727272727272728,0.0009151770619660528,False,0.05454545454545454,2024-06-17,109,intermittent,full,0.15384615384615385,0.8461538461538461
CA-FM-80-FM10066,0.00909090909090909,0.09491187735373227,10.44030650891055,0.990909090909091,0.0004733674458445101,False,0.01818181818181818,2024-06-17,109,intermittent,full,0.07692307692307693,0.9230769230769231
CA-FM-80-FM10167,0.02727272727272727,0.21144915181114557,7.753135566408671,0.9818181818181818,0.0013840362464215676,False,0.05454545454545454,2024-06-17,109,intermittent,full,0.23076923076923078,0.8461538461538461
CA-FM-80-FM10170,0.01818181818181818,0.133608531424537,7.3484692283495345,0.9818181818181818,0.0009467348916890202,False,0.03636363636363636,2024-06-17,109,intermittent,full,0.15384615384615385,0.8461538461538461
CA-FM-80-FM10185,0.00909090909090909,0.09491187735373227,10.44030650891055,0.990909090909091,0.0004643509230665193,False,0.01818181818181818,2024-06-17,109,intermittent,full,0.07692307692307693,0.9230769230769231
CA-FM-80-FM10191,0.00909090909090909,0.09491187735373227,10.44030650891055,0.990909090909091,0.0004733674458445101,False,0.01818181818181818,2024-06-17,109,intermittent,full,0.07692307692307693,0.9230769230769231
CA-FM-80-FM10293,0.00909090909090909,0.09491187735373227,10.44030650891055,0.990909090909091,0.0004643509230665193,False,0.01818181818181818,2024-06-17,109,intermittent,full,0.07692307692307693,0.9230769230769231
CA-FM-80-FM10297,0.00909090909090909,0.09491187735373227,10.44030650891055,0.990909090909091,0.0004914004914004913,False,0.01818181818181818,2024-06-17,109,intermittent,full,0.07692307692307693,0.9230769230769231
CA-FM-80-FM10338,0.00909090909090909,0.09491187735373227,10.44030650891055,0.990909090909091,0.0004823839686225006,False,0.01818181818181818,2024-06-17,109,intermittent,full,0.07692307692307693,0.9230769230769231
CA-FM-80-FM10353,0.00909090909090909,0.09491187735373227,10.44030650891055,0.990909090909091,0.0004373013547325474,False,0.01818181818181818,2024-06-17,109,intermittent,full,0.07692307692307693,0.9230769230769231
CA-FM-80-FM10519,0.00909090909090909,0.09491187735373227,10.44030650891055,0.990909090909091,0.0004553344002885287,False,0.01818181818181818,2024-06-17,109,intermittent,full,0.07692307692307693,0.9230769230769231
CA-FM-80-FM10613,0.00909090909090909,0.09491187735373227,10.44030650891055,0.990909090909091,0.0004643509230665193,False,0.01818181818181818,2024-06-17,109,intermittent,full,0.07692307692307693,0.9230769230769231
CA-FM-80-FM10614,0.00909090909090909,0.09491187735373227,10.44030650891055,0.990909090909091,0.0004553344002885287,False,0.01818181818181818,2024-06-17,109,intermittent,full,0.07692307692307693,0.9230769230769231
CA-FM-80-FM10806,0.01818181818181818,0.18982375470746454,10.44030650891055,0.990909090909091,0.0009287018461330386,False,0.03636363636363636,2024-06-17,109,intermittent,full,0.15384615384615385,0.9230769230769231
CA-FM-80-FM10954,0.01818181818181818,0.13360853142453696,7.348469228349534,0.9818181818181818,0.0009377183689110294,False,0.03636363636363636,2024-06-17,109,intermittent,full,0.15384615384615385,0.8461538461538461
CA-FM-80-FM11241,0.00909090909090909,0.09491187735373227,10.44030650891055,0.990909090909091,0.0004643509230665193,False,0.01818181818181818,2024-06-17,109,intermittent,full,0.07692307692307693,0.9230769230769231
CA-FM-80-FM11331,0.03636363636363636,0.2307014098263549,6.34428877022476,0.9727272727272728,0.0019024863061560305,False,0.07272727272727272,2024-06-17,109,intermittent,full,0.3076923076923077,0.7692307692307693
CA-FM-80-FM11332,0.00909090909090909,0.09491187735373227,10.44030650891055,0.990909090909091,0.0004643509230665193,False,0.01818181818181818,2024-06-17,109,intermittent,full,0.07692307692307693,0.9230769230769231
CA-FM-80-FM11335,0.01818181818181818,0.13360853142453696,7.348469228349534,0.9818181818181818,0.0009287018461330386,False,0.03636363636363636,2024-06-17,109,intermittent,full,0.15384615384615385,0.8461538461538461
CA-FM-80-FM11458,0.01818181818181818,0.13360853142453696,7.348469228349534,0.9818181818181818,0.0009557514144670108,False,0.03636363636363636,2024-06-17,109,intermittent,full,0.15384615384615385,0.8461538461538461
CA-FM-80-FM11460,0.00909090909090909,0.09491187735373227,10.44030650891055,0.990909090909091,0.0004733674458445101,False,0.01818181818181818,2024-06-17,109,intermittent,full,0.07692307692307693,0.9230769230769231
CA-FM-80-FM11463,0.00909090909090909,0.09491187735373227,10.44030650891055,0.990909090909091,0.0004643509230665193,False,0.01818181818181818,2024-06-17,109,intermittent,full,0.07692307692307693,0.9230769230769231
CA-FM-80-FM11467,0.02727272727272727,0.2114491518111456,7.753135566408672,0.9818181818181818,0.0014020692919775488,False,0.05454545454545454,2024-06-17,109,intermittent,full,0.23076923076923078,0.8461538461538461
CA-FM-80-FM11483,0.00909090909090909,0.09491187735373227,10.44030650891055,0.990909090909091,0.0004914004914004913,False,0.01818181818181818,2024-06-17,109,intermittent,full,0.07692307692307693,0.9230769230769231
CA-FM-80-FM11489,0.02727272727272727,0.2114491518111456,7.753135566408672,0.9818181818181818,0.0014561684286454925,False,0.05454545454545454,2024-06-17,109,intermittent,full,0.23076923076923078,0.8461538461538461
CA-FM-80-FM11536,0.00909090909090909,0.09491187735373227,10.44030650891055,0.990909090909091,0.0004823839686225006,False,0.01818181818181818,2024-06-17,109,intermittent,full,0.07692307692307693,0.9230769230769231
CA-FM-80-FM11548,0.00909090909090909,0.09491187735373227,10.44030650891055,0.990909090909091,0.0004643509230665193,False,0.01818181818181818,2024-06-17,109,intermittent,full,0.07692307692307693,0.9230769230769231
CA-FM-80-FM11564,0.00909090909090909,0.09491187735373227,10.44030650891055,0.990909090909091,0.0004643509230665193,False,0.01818181818181818,2024-06-17,109,intermittent,full,0.07692307692307693,0.9230769230769231
CA-FM-80-FM11583,0.00909090909090909,0.09491187735373227,10.44030650891055,0.990909090909091,0.0004643509230665193,False,0.01818181818181818,2024-06-17,109,intermittent,full,0.07692307692307693,0.9230769230769231
CA-FM-80-FM11666,0.00909090909090909,0.09491187735373227,10.44030650891055,0.990909090909091,0.0004553344002885287,False,0.01818181818181818,2024-06-17,109,intermittent,full,0.07692307692307693,0.9230769230769231
CA-FM-80-FM11675,0.00909090909090909,0.09491187735373227,10.44030650891055,0.990909090909091,0.0004733674458445101,False,0.01818181818181818,2024-06-17,109,intermittent,full,0.07692307692307693,0.9230769230769231
CA-FM-80-FM11694,0.01818181818181818,0.13360853142453696,7.348469228349534,0.9818181818181818,0.0009377183689110294,False,0.03636363636363636,2024-06-17,109,intermittent,full,0.15384615384615385,0.8461538461538461
CA-FM-80-FM11696,0.00909090909090909,0.09491187735373227,10.44030650891055,0.990909090909091,0.0004823839686225006,False,0.01818181818181818,2024-06-17,109,intermittent,full,0.07692307692307693,0.9230769230769231
CA-FM-80-FM11705,0.02727272727272727,0.21144915181114557,7.753135566408671,0.9818181818181818,0.001311904064197642,False,0.05454545454545454,2024-06-17,109,intermittent,full,0.23076923076923078,0.8461538461538461
CA-FM-80-FM11714,0.05454545454545454,0.35255853508482393,6.4635731432217725,0.9727272727272728,0.0027049568333972008,False,0.10909090909090909,2024-06-17,109,intermittent,full,0.46153846153846156,0.7692307692307693
CA-FM-80-FM11721,0.01818181818181818,0.133608531424537,7.3484692283495345,0.9818181818181818,0.0009557514144670108,False,0.03636363636363636,2024-06-17,109,intermittent,full,0.15384615384615385,0.8461538461538461
CA-FM-80-FM11829,0.00909090909090909,0.09491187735373227,10.44030650891055,0.990909090909091,0.0004733674458445101,False,0.01818181818181818,2024-06-17,109,intermittent,full,0.07692307692307693,0.9230769230769231
CA-FM-80-FM11993,0.00909090909090909,0.09491187735373227,10.44030650891055,0.990909090909091,0.0004823839686225006,False,0.01818181818181818,2024-06-17,109,intermittent,full,0.07692307692307693,0.9230769230769231
CA-FM-80-FM11995,0.01818181818181818,0.18982375470746454,10.44030650891055,0.990909090909091,0.0009106688005770574,False,0.03636363636363636,2024-06-17,109,intermittent,full,0.15384615384615385,0.9230769230769231
CA-FM-80-FM12035,0.00909090909090909,0.09491187735373227,10.44030650891055,0.990909090909091,0.0004373013547325474,False,0.01818181818181818,2024-06-17,109,intermittent,full,0.07692307692307693,0.9230769230769231
CA-FM-80-FM12262,0.00909090909090909,0.09491187735373227,10.44030650891055,0.990909090909091,0.0004553344002885287,False,0.01818181818181818,2024-06-17,109,intermittent,full,0.07692307692307693,0.9230769230769231
CA-FM-80-FM12849,0.00909090909090909,0.09491187735373227,10.44030650891055,0.990909090909091,0.0004914004914004913,False,0.01818181818181818,2024-06-17,109,intermittent,full,0.07692307692307693,0.9230769230769231
CA-FM-80-FM12897,0.01818181818181818,0.13360853142453696,7.348469228349534,0.9818181818181818,0.0007123052994612627,False,0.03636363636363636,2024-06-17,109,intermittent,full,0.0,1.0
CA-FM-80-FM12915,0.00909090909090909,0.09491187735373227,10.44030650891055,0.990909090909091,0.0004914004914004913,False,0.01818181818181818,2024-06-17,109,intermittent,full,0.07692307692307693,0.9230769230769231
CA-FM-80-FM12958,0.05454545454545454,0.32575405213034386,5.972157622389638,0.9636363636363636,0.0026057750828393034,False,0.10909090909090909,2024-06-17,109,intermittent,full,0.38461538461538464,0.7692307692307693
CA-FM-80-FM12961,0.00909090909090909,0.09491187735373227,10.44030650891055,0.990909090909091,0.0004643509230665193,False,0.01818181818181818,2024-06-17,109,intermittent,full,0.07692307692307693,0.9230769230769231
CA-FM-80-FM12975,0.00909090909090909,0.09491187735373227,10.44030650891055,0.990909090909091,0.0004914004914004913,False,0.01818181818181818,2024-06-17,109,intermittent,full,0.07692307692307693,0.9230769230769231
CA-FM-80-FM12999,0.01818181818181818,0.18982375470746454,10.44030650891055,0.990909090909091,0.0009106688005770574,False,0.03636363636363636,2024-06-17,109,intermittent,full,0.15384615384615385,0.9230769230769231
CA-FM-80-FM13000,0.01818181818181818,0.13360853142453696,7.348469228349534,0.9818181818181818,0.0009287018461330386,False,0.03636363636363636,2024-06-17,109,intermittent,full,0.15384615384615385,0.8461538461538461
CA-FM-80-FM13023,0.00909090909090909,0.09491187735373227,10.44030650891055,0.990909090909091,0.0004553344002885287,False,0.01818181818181818,2024-06-17,109,intermittent,full,0.07692307692307693,0.9230769230769231
CA-FM-80-FM13024,0.03636363636363636,0.18719327529067276,5.147815070493501,0.9636363636363636,0.001388544507810563,False,0.07272727272727272,2024-06-17,109,intermittent,full,0.07692307692307693,0.9230769230769231
CA-FM-80-FM13039,0.00909090909090909,0.09491187735373227,10.44030650891055,0.990909090909091,0.0003741856952866126,False,0.01818181818181818,2024-06-17,109,intermittent,full,0.0,1.0
CA-FM-80-FM13074,0.00909090909090909,0.09491187735373227,10.44030650891055,0.990909090909091,0.0004643509230665193,False,0.01818181818181818,2024-06-17,109,intermittent,full,0.07692307692307693,0.9230769230769231
CA-FM-80-FM13186,0.01818181818181818,0.13360853142453696,7.348469228349534,0.9818181818181818,0.0008836192322430853,False,0.03636363636363636,2024-06-17,109,intermittent,full,0.15384615384615385,0.8461538461538461
CA-FM-80-FM13197,0.01818181818181818,0.13360853142453696,7.348469228349534,0.9818181818181818,0.0006942722539052815,False,0.03636363636363636,2024-06-17,109,intermittent,full,0.07692307692307693,0.9230769230769231
CA-FM-80-FM13260,0.01818181818181818,0.133608531424537,7.3484692283495345,0.9818181818181818,0.0009557514144670108,False,0.03636363636363636,2024-06-17,109,intermittent,full,0.15384615384615385,0.8461538461538461
CA-FM-80-FM13261,0.01818181818181818,0.18982375470746454,10.44030650891055,0.990909090909091,0.0008746027094650948,False,0.03636363636363636,2024-06-17,109,intermittent,full,0.15384615384615385,0.9230769230769231
CA-FM-80-FM13263,0.01818181818181818,0.13360853142453696,7.348469228349534,0.9818181818181818,0.0009467348916890202,False,0.03636363636363636,2024-06-17,109,intermittent,full,0.15384615384615385,0.8461538461538461
CA-FM-80-FM13282,0.00909090909090909,0.09491187735373227,10.44030650891055,0.990909090909091,0.0004553344002885287,False,0.01818181818181818,2024-06-17,109,intermittent,full,0.07692307692307693,0.9230769230769231
CA-FM-80-FM13283,0.03636363636363636,0.18719327529067273,5.1478150704935,0.9636363636363636,0.0019115028289340215,False,0.07272727272727272,2024-06-17,109,intermittent,full,0.3076923076923077,0.6923076923076923
CA-FM-80-FM13289,0.00909090909090909,0.09491187735373227,10.44030650891055,0.990909090909091,0.00027500394472871535,False,0.01818181818181818,2024-06-17,109,intermittent,full,0.0,1.0
CA-FM-80-FM13292,0.00909090909090909,0.09491187735373227,10.44030650891055,0.990909090909091,0.0004823839686225006,False,0.01818181818181818,2024-06-17,109,intermittent,full,0.07692307692307693,0.9230769230769231
CA-FM-80-FM13297,0.01818181818181818,0.13360853142453696,7.348469228349534,0.9818181818181818,0.0009287018461330386,False,0.03636363636363636,2024-06-17,109,intermittent,full,0.15384615384615385,0.8461538461538461
CA-FM-80-FM13298,0.045454545454545456,0.28240408303652853,6.212889826803628,0.9727272727272728,0.002132407636994793,False,0.09090909090909091,2024-06-17,109,intermittent,full,0.3076923076923077,0.8461538461538461
CA-FM-80-FM13335,0.01818181818181818,0.13360853142453696,7.348469228349534,0.9818181818181818,0.0006491896400153281,False,0.03636363636363636,2024-06-17,109,intermittent,full,0.07692307692307693,0.9230769230769231
CA-FM-80-FM13340,0.02727272727272727,0.2114491518111456,7.753135566408672,0.9818181818181818,0.0014381353830895116,False,0.05454545454545454,2024-06-17,109,intermittent,full,0.23076923076923078,0.8461538461538461
CA-FM-80-FM13370,0.01818181818181818,0.13360853142453696,7.348469228349534,0.9818181818181818,0.0009377183689110294,False,0.03636363636363636,2024-06-17,109,intermittent,full,0.15384615384615385,0.8461538461538461
CA-FM-80-FM13375,0.00909090909090909,0.09491187735373227,10.44030650891055,0.990909090909091,0.0004553344002885287,False,0.01818181818181818,2024-06-17,109,intermittent,full,0.07692307692307693,0.9230769230769231
CA-FM-80-FM13395,0.03636363636363636,0.2307014098263549,6.34428877022476,0.9727272727272728,0.0019024863061560305,False,0.07272727272727272,2024-06-17,109,intermittent,full,0.3076923076923077,0.7692307692307693
CA-FM-80-FM13414,0.00909090909090909,0.09491187735373227,10.44030650891055,0.990909090909091,0.0004733674458445101,False,0.01818181818181818,2024-06-17,109,intermittent,full,0.07692307692307693,0.9230769230769231
CA-FM-80-FM13436,0.02727272727272727,0.162877026065172,5.9721576223896395,0.9727272727272728,0.0011676396997497916,False,0.05454545454545454,2024-06-17,109,intermittent,full,0.15384615384615385,0.8461538461538461
CA-FM-80-FM13457,0.01818181818181818,0.13360853142453696,7.348469228349534,0.9818181818181818,0.0009287018461330386,False,0.03636363636363636,2024-06-17,109,intermittent,full,0.15384615384615385,0.8461538461538461
CA-FM-80-FM13458,0.00909090909090909,0.09491187735373227,10.44030650891055,0.990909090909091,0.0004553344002885287,False,0.01818181818181818,2024-06-17,109,intermittent,full,0.07692307692307693,0.9230769230769231
CA-FM-80-FM13459,0.01818181818181818,0.13360853142453696,7.348469228349534,0.9818181818181818,0.0009287018461330386,False,0.03636363636363636,2024-06-17,109,intermittent,full,0.15384615384615385,0.8461538461538461
CA-FM-80-FM13464,0.03636363636363636,0.18719327529067276,5.147815070493501,0.9636363636363636,0.0011721479611387867,False,0.07272727272727272,2024-06-17,109,intermittent,full,0.07692307692307693,0.9230769230769231
CA-FM-80-FM13469,0.01818181818181818,0.13360853142453696,7.348469228349534,0.9818181818181818,0.0009557514144670108,False,0.03636363636363636,2024-06-17,109,intermittent,full,0.15384615384615385,0.8461538461538461
CA-FM-80-FM13472,0.02727272727272727,0.162877026065172,5.9721576223896395,0.9727272727272728,0.001429118860311521,False,0.05454545454545454,2024-06-17,109,intermittent,full,0.23076923076923078,0.7692307692307693
CA-FM-80-FM13486,0.00909090909090909,0.09491187735373227,10.44030650891055,0.990909090909091,0.0004553344002885287,False,0.01818181818181818,2024-06-17,109,intermittent,full,0.07692307692307693,0.9230769230769231
CA-FM-80-FM13487,0.045454545454545456,0.24813352843556694,5.458937625582473,0.9636363636363636,0.0022766720014426437,False,0.09090909090909091,2024-06-17,109,intermittent,full,0.38461538461538464,0.6923076923076923
CA-FM-80-FM13512,0.01818181818181818,0.133608531424537,7.3484692283495345,0.9818181818181818,0.0009647679372450012,False,0.03636363636363636,2024-06-17,109,intermittent,full,0.15384615384615385,0.8461538461538461
CA-FM-80-FM13513,0.01818181818181818,0.13360853142453696,7.348469228349534,0.9818181818181818,0.0009557514144670108,False,0.03636363636363636,2024-06-17,109,intermittent,full,0.15384615384615385,0.8461538461538461
CA-FM-80-FM13514,0.03636363636363636,0.23070140982635487,6.344288770224759,0.9727272727272728,0.0017131393278182268,False,0.07272727272727272,2024-06-17,109,intermittent,full,0.3076923076923077,0.7692307692307693
CA-FM-80-FM13532,0.01818181818181818,0.133608531424537,7.3484692283495345,0.9818181818181818,0.0009737844600229918,False,0.03636363636363636,2024-06-17,109,intermittent,full,0.15384615384615385,0.8461538461538461
CA-FM-80-FM13534-C,0.01818181818181818,0.133608531424537,7.3484692283495345,0.9818181818181818,0.0009737844600229918,False,0.03636363636363636,2024-06-17,109,intermittent,full,0.15384615384615385,0.8461538461538461
CA-FM-80-FM13537,0.00909090909090909,0.09491187735373227,10.44030650891055,0.990909090909091,0.0004553344002885287,False,0.01818181818181818,2024-06-17,109,intermittent,full,0.07692307692307693,0.9230769230769231
CA-FM-80-FM13554,0.03636363636363636,0.2672170628490739,7.348469228349534,0.9818181818181818,0.0018574036922660772,False,0.07272727272727272,2024-06-17,109,intermittent,full,0.3076923076923077,0.8461538461538461
CA-FM-80-FM13572,0.02727272727272727,0.162877026065172,5.9721576223896395,0.9727272727272728,0.0013750197236435768,False,0.05454545454545454,2024-06-17,109,intermittent,full,0.23076923076923078,0.7692307692307693
CA-FM-80-FM13573,0.00909090909090909,0.09491187735373227,10.44030650891055,0.990909090909091,0.0004733674458445101,False,0.01818181818181818,2024-06-17,109,intermittent,full,0.07692307692307693,0.9230769230769231
CA-FM-80-FM13584,0.00909090909090909,0.09491187735373227,10.44030650891055,0.990909090909091,0.0004733674458445101,False,0.01818181818181818,2024-06-17,109,intermittent,full,0.07692307692307693,0.9230769230769231
CA-FM-80-FM13597,0.01818181818181818,0.133608531424537,7.3484692283495345,0.9818181818181818,0.0009467348916890202,False,0.03636363636363636,2024-06-17,109,intermittent,full,0.15384615384615385,0.8461538461538461
CA-FM-80-FM13599,0.00909090909090909,0.09491187735373227,10.44030650891055,0.990909090909091,0.0004643509230665193,False,0.01818181818181818,2024-06-17,109,intermittent,full,0.07692307692307693,0.9230769230769231
CA-FM-80-FM13610,0.00909090909090909,0.09491187735373227,10.44030650891055,0.990909090909091,0.00044631787751053814,False,0.01818181818181818,2024-06-17,109,intermittent,full,0.07692307692307693,0.9230769230769231
CA-FM-80-FM13616,0.00909090909090909,0.09491187735373227,10.44030650891055,0.990909090909091,0.0004823839686225006,False,0.01818181818181818,2024-06-17,109,intermittent,full,0.07692307692307693,0.9230769230769231
CA-FM-80-FM13625,0.00909090909090909,0.09491187735373227,10.44030650891055,0.990909090909091,0.0004733674458445101,False,0.01818181818181818,2024-06-17,109,intermittent,full,0.07692307692307693,0.9230769230769231
CA-FM-80-FM13630,0.02727272727272727,0.162877026065172,5.9721576223896395,0.9727272727272728,0.0013028875414196513,False,0.05454545454545454,2024-06-17,109,intermittent,full,0.23076923076923078,0.7692307692307693
CA-FM-80-FM13631,0.02727272727272727,0.162877026065172,5.9721576223896395,0.9727272727272728,0.00142010233753353,False,0.05454545454545454,2024-06-17,109,intermittent,full,0.23076923076923078,0.7692307692307693
CA-FM-80-FM13632,0.02727272727272727,0.21144915181114557,7.753135566408671,0.9818181818181818,0.0010955075175258658,False,0.05454545454545454,2024-06-17,109,intermittent,full,0.07692307692307693,0.9230769230769231
CA-FM-80-FM13632-C,0.00909090909090909,0.09491187735373227,10.44030650891055,0.990909090909091,0.0004643509230665193,False,0.01818181818181818,2024-06-17,109,intermittent,full,0.07692307692307693,0.9230769230769231
CA-FM-80-FM13696,0.07272727272727272,0.4412604036186035,6.067330549755798,0.9636363636363636,0.0036877578161981827,False,0.14545454545454545,2024-06-17,109,intermittent,full,0.6153846153846154,0.6923076923076923
CA-FM-80-FM13714,0.00909090909090909,0.09491187735373227,10.44030650891055,0.990909090909091,0.0004553344002885287,False,0.01818181818181818,2024-06-17,109,intermittent,full,0.07692307692307693,0.9230769230769231
CA-FM-80-FM13718,0.01818181818181818,0.18982375470746454,10.44030650891055,0.990909090909091,0.0009287018461330386,False,0.03636363636363636,2024-06-17,109,intermittent,full,0.15384615384615385,0.9230769230769231
CA-FM-80-FM13722,0.00909090909090909,0.09491187735373227,10.44030650891055,0.990909090909091,0.0004823839686225006,False,0.01818181818181818,2024-06-17,109,intermittent,full,0.07692307692307693,0.9230769230769231
CA-FM-80-FM13745,0.01818181818181818,0.133608531424537,7.3484692283495345,0.9818181818181818,0.0009647679372450012,False,0.03636363636363636,2024-06-17,109,intermittent,full,0.15384615384615385,0.8461538461538461
CA-FM-80-FM13746,0.01818181818181818,0.13360853142453696,7.348469228349534,0.9818181818181818,0.0009287018461330386,False,0.03636363636363636,2024-06-17,109,intermittent,full,0.15384615384615385,0.8461538461538461
CA-FM-80-FM13747,0.00909090909090909,0.09491187735373227,10.44030650891055,0.990909090909091,0.0004733674458445101,False,0.01818181818181818,2024-06-17,109,intermittent,full,0.07692307692307693,0.9230769230769231
CA-FM-80-FM13748,0.02727272727272727,0.162877026065172,5.9721576223896395,0.9727272727272728,0.0013750197236435768,False,0.05454545454545454,2024-06-17,109,intermittent,full,0.23076923076923078,0.7692307692307693
CA-FM-80-FM13752,0.00909090909090909,0.09491187735373227,10.44030650891055,0.990909090909091,0.0004823839686225006,False,0.01818181818181818,2024-06-17,109,intermittent,full,0.07692307692307693,0.9230769230769231
CA-FM-80-FM13753,0.00909090909090909,0.09491187735373227,10.44030650891055,0.990909090909091,0.0004823839686225006,False,0.01818181818181818,2024-06-17,109,intermittent,full,0.07692307692307693,0.9230769230769231
CA-FM-80-FM13776,0.01818181818181818,0.133608531424537,7.3484692283495345,0.9818181818181818,0.0008475531411311228,False,0.03636363636363636,2024-06-17,109,intermittent,full,0.07692307692307693,0.9230769230769231
CA-FM-80-FM13777,0.00909090909090909,0.09491187735373227,10.44030650891055,0.990909090909091,0.0004643509230665193,False,0.01818181818181818,2024-06-17,109,intermittent,full,0.07692307692307693,0.9230769230769231
CA-FM-80-FM13789-C,0.00909090909090909,0.09491187735373227,10.44030650891055,0.990909090909091,0.0004733674458445101,False,0.01818181818181818,2024-06-17,109,intermittent,full,0.07692307692307693,0.9230769230769231
CA-FM-80-FM13834,0.00909090909090909,0.09491187735373227,10.44030650891055,0.990909090909091,0.0004733674458445101,False,0.01818181818181818,2024-06-17,109,intermittent,full,0.07692307692307693,0.9230769230769231
CA-FM-80-FM13848,0.01818181818181818,0.133608531424537,7.3484692283495345,0.9818181818181818,0.0009737844600229918,False,0.03636363636363636,2024-06-17,109,intermittent,full,0.15384615384615385,0.8461538461538461
CA-FM-80-FM13849,0.01818181818181818,0.13360853142453696,7.348469228349534,0.9818181818181818,0.0005860739805693935,False,0.03636363636363636,2024-06-17,109,intermittent,full,0.0,1.0
CA-FM-80-FM13883,0.02727272727272727,0.162877026065172,5.9721576223896395,0.9727272727272728,0.0012397718819737167,False,0.05454545454545454,2024-06-17,109,intermittent,full,0.15384615384615385,0.8461538461538461
CA-FM-80-FM13905,0.00909090909090909,0.09491187735373227,10.44030650891055,0.990909090909091,0.0004733674458445101,False,0.01818181818181818,2024-06-17,109,intermittent,full,0.07692307692307693,0.9230769230769231
CA-FM-80-FM13910,0.00909090909090909,0.09491187735373227,10.44030650891055,0.990909090909091,0.0004823839686225006,False,0.01818181818181818,2024-06-17,109,intermittent,full,0.07692307692307693,0.9230769230769231
CA-FM-80-FM13916,0.00909090909090909,0.09491187735373227,10.44030650891055,0.990909090909091,0.0004733674458445101,False,0.01818181818181818,2024-06-17,109,intermittent,full,0.07692307692307693,0.9230769230769231
CA-FM-80-FM13921,0.01818181818181818,0.13360853142453696,7.348469228349534,0.9818181818181818,0.0009377183689110294,False,0.03636363636363636,2024-06-17,109,intermittent,full,0.15384615384615385,0.8461538461538461
CA-FM-80-FM13922,0.045454545454545456,0.24813352843556694,5.458937625582473,0.9636363636363636,0.002168473728106755,False,0.09090909090909091,2024-06-17,109,intermittent,full,0.3076923076923077,0.7692307692307693
CA-FM-80-FM13924,0.00909090909090909,0.09491187735373227,10.44030650891055,0.990909090909091,0.0004823839686225006,False,0.01818181818181818,2024-06-17,109,intermittent,full,0.07692307692307693,0.9230769230769231
CA-FM-80-FM13958,0.06363636363636363,0.30975863704365125,4.867635724971663,0.9545454545454546,0.0031873408020197005,False,0.12727272727272726,2024-06-17,109,intermittent,full,0.5384615384615384,0.6153846153846154
CA-FM-80-FM13961,0.00909090909090909,0.09491187735373227,10.44030650891055,0.990909090909091,0.0004733674458445101,False,0.01818181818181818,2024-06-17,109,intermittent,full,0.07692307692307693,0.9230769230769231
CA-FM-80-FM13962,0.02727272727272727,0.162877026065172,5.9721576223896395,0.9727272727272728,0.0013930527691995583,False,0.05454545454545454,2024-06-17,109,intermittent,full,0.23076923076923078,0.7692307692307693
CA-FM-80-FM13964,0.06363636363636363,0.30975863704365125,4.867635724971663,0.9545454545454546,0.00263733291256227,False,0.12727272727272726,2024-06-17,109,intermittent,full,0.23076923076923078,0.8461538461538461
CA-FM-80-FM13969,0.01818181818181818,0.13360853142453696,7.348469228349534,0.9818181818181818,0.0009557514144670108,False,0.03636363636363636,2024-06-17,109,intermittent,full,0.15384615384615385,0.8461538461538461
CA-FM-80-FM13971,0.00909090909090909,0.09491187735373227,10.44030650891055,0.990909090909091,0.0004553344002885287,False,0.01818181818181818,2024-06-17,109,intermittent,full,0.07692307692307693,0.9230769230769231
CA-FM-80-FM13974,0.01818181818181818,0.13360853142453696,7.348469228349534,0.9818181818181818,0.0009196853233550481,False,0.03636363636363636,2024-06-17,109,intermittent,full,0.15384615384615385,0.8461538461538461
CA-FM-80-FM13977,0.01818181818181818,0.13360853142453696,7.348469228349534,0.9818181818181818,0.0009557514144670108,False,0.03636363636363636,2024-06-17,109,intermittent,full,0.15384615384615385,0.8461538461538461
CA-FM-80-FM13995,0.08181818181818182,0.3054599566620262,3.7333994703136533,0.9272727272727272,0.0031963573247976917,False,0.16363636363636364,2024-06-17,109,intermittent,full,0.3076923076923077,0.7692307692307693
CA-FM-80-FM13996,0.00909090909090909,0.09491187735373227,10.44030650891055,0.990909090909091,0.0004823839686225006,False,0.01818181818181818,2024-06-17,109,intermittent,full,0.07692307692307693,0.9230769230769231
CA-FM-80-FM13998,0.05454545454545454,0.26410616447879914,4.841946348777984,0.9545454545454546,0.002100849807271825,False,0.10909090909090909,2024-06-17,109,intermittent,full,0.15384615384615385,0.8461538461538461
CA-FM-80-FM14000,0.00909090909090909,0.09491187735373227,10.44030650891055,0.990909090909091,0.0004823839686225006,False,0.01818181818181818,2024-06-17,109,intermittent,full,0.07692307692307693,0.9230769230769231
CA-FM-80-FM14002,0.00909090909090909,0.09491187735373227,10.44030650891055,0.990909090909091,0.0004823839686225006,False,0.01818181818181818,2024-06-17,109,intermittent,full,0.07692307692307693,0.9230769230769231
CA-FM-80-FM14041,0.07272727272727272,0.4201534548469578,5.77711000414567,0.9545454545454546,0.0033631629961905184,False,0.14545454545454545,2024-06-17,109,intermittent,full,0.6153846153846154,0.6153846153846154
CA-FM-80-FM14042,0.07272727272727272,0.3221826390303519,4.430011286667338,0.9454545454545454,0.0029123368572909858,False,0.14545454545454545,2024-06-17,109,intermittent,full,0.3076923076923077,0.7692307692307693
CA-FM-80-FM14063,0.01818181818181818,0.133608531424537,7.3484692283495345,0.9818181818181818,0.0009467348916890202,False,0.03636363636363636,2024-06-17,109,intermittent,full,0.15384615384615385,0.8461538461538461
CA-FM-80-FM14064,0.00909090909090909,0.09491187735373227,10.44030650891055,0.990909090909091,0.0004733674458445101,False,0.01818181818181818,2024-06-17,109,intermittent,full,0.07692307692307693,0.9230769230769231
CA-FM-80-FM14067,0.00909090909090909,0.09491187735373227,10.44030650891055,0.990909090909091,0.000419268309176566,False,0.01818181818181818,2024-06-17,109,intermittent,full,0.07692307692307693,0.9230769230769231
CA-FM-80-FM14068,0.01818181818181818,0.13360853142453696,7.348469228349534,0.9818181818181818,0.0009196853233550481,False,0.03636363636363636,2024-06-17,109,intermittent,full,0.15384615384615385,0.8461538461538461
CA-FM-80-FM14072,0.00909090909090909,0.09491187735373227,10.44030650891055,0.990909090909091,0.0004643509230665193,False,0.01818181818181818,2024-06-17,109,intermittent,full,0.07692307692307693,0.9230769230769231
CA-FM-80-FM14073,0.17272727272727273,0.48353040534444364,2.7993865572573053,0.8636363636363636,0.006541487275432228,False,0.34545454545454546,2024-06-17,109,intermittent,full,0.5384615384615384,0.6153846153846154
CA-FM-80-FM14080,0.02727272727272727,0.2114491518111456,7.753135566408672,0.9818181818181818,0.0014381353830895116,False,0.05454545454545454,2024-06-17,109,intermittent,full,0.23076923076923078,0.8461538461538461
CA-FM-80-FM14123,0.03636363636363636,0.2307014098263549,6.34428877022476,0.9727272727272728,0.0018754367378220587,False,0.07272727272727272,2024-06-17,109,intermittent,full,0.3076923076923077,0.7692307692307693
CA-FM-80-FM14150,0.00909090909090909,0.09491187735373227,10.44030650891055,0.990909090909091,0.00022992133083876205,False,0.01818181818181818,2024-06-17,109,intermittent,full,0.0,1.0
CA-FM-80-FM14230,0.01818181818181818,0.13360853142453696,7.348469228349534,0.9818181818181818,0.0009467348916890202,False,0.03636363636363636,2024-06-17,109,intermittent,full,0.15384615384615385,0.8461538461538461
CA-FM-80-FM14240,0.00909090909090909,0.09491187735373227,10.44030650891055,0.990909090909091,0.0004733674458445101,False,0.01818181818181818,2024-06-17,109,intermittent,full,0.07692307692307693,0.9230769230769231
CA-FM-80-FM14241,0.05454545454545454,0.29653648055091075,5.436502143433364,0.9636363636363636,0.002831188152289069,False,0.10909090909090909,2024-06-17,109,intermittent,full,0.46153846153846156,0.6923076923076923
CA-FM-80-FM14242,0.00909090909090909,0.09491187735373227,10.44030650891055,0.990909090909091,0.000392218740842594,False,0.01818181818181818,2024-06-17,109,intermittent,full,0.07692307692307693,0.9230769230769231
CA-FM-80-FM14286,0.00909090909090909,0.09491187735373227,10.44030650891055,0.990909090909091,0.0004733674458445101,False,0.01818181818181818,2024-06-17,109,intermittent,full,0.07692307692307693,0.9230769230769231
CA-FM-80-FM14349,0.00909090909090909,0.09491187735373227,10.44030650891055,0.990909090909091,0.0004823839686225006,False,0.01818181818181818,2024-06-17,109,intermittent,full,0.07692307692307693,0.9230769230769231
CA-FM-80-FM14361,0.02727272727272727,0.16287702606517196,5.972157622389639,0.9727272727272728,0.001239771881973717,False,0.05454545454545454,2024-06-17,109,intermittent,full,0.15384615384615385,0.8461538461538461
CA-FM-80-FM14364,0.00909090909090909,0.09491187735373227,10.44030650891055,0.990909090909091,0.00032910308139665935,False,0.01818181818181818,2024-06-17,109,intermittent,full,0.0,1.0
CA-FM-80-FM14365,0.08181818181818182,0.33389759404012653,4.080970593823769,0.9363636363636364,0.0033045555981335794,False,0.16363636363636364,2024-06-17,109,intermittent,full,0.23076923076923078,0.8461538461538461
CA-FM-80-FM14370,0.05454545454545454,0.3525585350848239,6.463573143221772,0.9727272727272728,0.0027861055383991166,False,0.10909090909090909,2024-06-17,109,intermittent,full,0.46153846153846156,0.7692307692307693
CA-FM-80-FM14441,0.06363636363636363,0.24410402876541004,3.8359204520278727,0.9363636363636364,0.00263733291256227,False,0.12727272727272726,2024-06-17,109,intermittent,full,0.3076923076923077,0.6923076923076923
CA-FM-80-FM14442,0.00909090909090909,0.09491187735373227,10.44030650891055,0.990909090909091,0.0004823839686225006,False,0.01818181818181818,2024-06-17,109,intermittent,full,0.07692307692307693,0.9230769230769231
CA-FM-80-FM14443,0.00909090909090909,0.09491187735373227,10.44030650891055,0.990909090909091,0.0004553344002885287,False,0.01818181818181818,2024-06-17,109,intermittent,full,0.07692307692307693,0.9230769230769231
CA-FM-80-FM14455,0.00909090909090909,0.09491187735373227,10.44030650891055,0.990909090909091,0.0004282848319545567,False,0.01818181818181818,2024-06-17,109,intermittent,full,0.07692307692307693,0.9230769230769231
CA-FM-80-FM14492,0.15454545454545454,0.4509860638113622,2.9181451187794023,0.8818181818181818,0.006000495908752789,False,0.3090909090909091,2024-06-17,109,intermittent,full,0.46153846153846156,0.6153846153846154
CA-FM-80-FM14503,0.00909090909090909,0.09491187735373227,10.44030650891055,0.990909090909091,0.0004643509230665193,False,0.01818181818181818,2024-06-17,109,intermittent,full,0.07692307692307693,0.9230769230769231
CA-FM-80-FM14562,0.01818181818181818,0.13360853142453696,7.348469228349534,0.9818181818181818,0.0009196853233550481,False,0.03636363636363636,2024-06-17,109,intermittent,full,0.15384615384615385,0.8461538461538461
CA-FM-80-FM14572,0.06363636363636363,0.24410402876541004,3.8359204520278727,0.9363636363636364,0.0024029033203345125,False,0.12727272727272726,2024-06-17,109,intermittent,full,0.23076923076923078,0.7692307692307693
CA-FM-80-FM14592,0.00909090909090909,0.09491187735373227,10.44030650891055,0.990909090909091,0.0004282848319545567,False,0.01818181818181818,2024-06-17,109,intermittent,full,0.07692307692307693,0.9230769230769231
CA-FM-80-FM14617,0.01818181818181818,0.13360853142453696,7.348469228349534,0.9818181818181818,0.0009377183689110294,False,0.03636363636363636,2024-06-17,109,intermittent,full,0.15384615384615385,0.8461538461538461
CA-FM-80-FM14619,0.02727272727272727,0.162877026065172,5.9721576223896395,0.9727272727272728,0.00142010233753353,False,0.05454545454545454,2024-06-17,109,intermittent,full,0.23076923076923078,0.7692307692307693
CA-FM-80-FM14634,0.045454545454545456,0.20829889522526548,4.582575694955841,0.9545454545454546,0.002069291977548858,False,0.09090909090909091,2024-06-17,109,intermittent,full,0.23076923076923078,0.7692307692307693
CA-FM-80-FM14722,0.00909090909090909,0.09491187735373227,10.44030650891055,0.990909090909091,0.0004643509230665193,False,0.01818181818181818,2024-06-17,109,intermittent,full,0.07692307692307693,0.9230769230769231
CA-FM-80-FM14723,0.01818181818181818,0.18982375470746454,10.44030650891055,0.990909090909091,0.0009647679372450012,False,0.03636363636363636,2024-06-17,109,intermittent,full,0.15384615384615385,0.9230769230769231
CA-FM-80-FM14753,0.03636363636363636,0.2307014098263549,6.34428877022476,0.9727272727272728,0.0019024863061560305,False,0.07272727272727272,2024-06-17,109,intermittent,full,0.3076923076923077,0.7692307692307693
CA-FM-80-FM14754,0.01818181818181818,0.13360853142453696,7.348469228349534,0.9818181818181818,0.0009196853233550481,False,0.03636363636363636,2024-06-17,109,intermittent,full,0.15384615384615385,0.8461538461538461
CA-FM-80-FM14755,0.00909090909090909,0.09491187735373227,10.44030650891055,0.990909090909091,0.0004282848319545567,False,0.01818181818181818,2024-06-17,109,intermittent,full,0.07692307692307693,0.9230769230769231
CA-FM-80-FM14763,0.01818181818181818,0.13360853142453696,7.348469228349534,0.9818181818181818,0.0009377183689110294,False,0.03636363636363636,2024-06-17,109,intermittent,full,0.15384615384615385,0.8461538461538461
CA-FM-80-FM14820,0.00909090909090909,0.09491187735373227,10.44030650891055,0.990909090909091,0.0004733674458445101,False,0.01818181818181818,2024-06-17,109,intermittent,full,0.07692307692307693,0.9230769230769231
CA-FM-80-FM14851,0.01818181818181818,0.18982375470746454,10.44030650891055,0.990909090909091,0.0009287018461330386,False,0.03636363636363636,2024-06-17,109,intermittent,full,0.15384615384615385,0.9230769230769231
CA-FM-80-FM14869,0.01818181818181818,0.133608531424537,7.3484692283495345,0.9818181818181818,0.0009557514144670108,False,0.03636363636363636,2024-06-17,109,intermittent,full,0.15384615384615385,0.8461538461538461
CA-FM-80-FM14908-C,0.00909090909090909,0.09491187735373227,10.44030650891055,0.990909090909091,0.0004823839686225006,False,0.01818181818181818,2024-06-17,109,intermittent,full,0.07692307692307693,0.9230769230769231
CA-FM-80-FM14916,0.00909090909090909,0.09491187735373227,10.44030650891055,0.990909090909091,0.0003832022180646033,False,0.01818181818181818,2024-06-17,109,intermittent,full,0.07692307692307693,0.9230769230769231
CA-FM-80-FM14927,0.00909090909090909,0.09491187735373227,10.44030650891055,0.990909090909091,0.0004643509230665193,False,0.01818181818181818,2024-06-17,109,intermittent,full,0.07692307692307693,0.9230769230769231
CA-FM-80-FM14936,0.01818181818181818,0.13360853142453696,7.348469228349534,0.9818181818181818,0.0009196853233550481,False,0.03636363636363636,2024-06-17,109,intermittent,full,0.15384615384615385,0.8461538461538461
CA-FM-80-FM14972,0.01818181818181818,0.133608531424537,7.3484692283495345,0.9818181818181818,0.0009647679372450012,False,0.03636363636363636,2024-06-17,109,intermittent,full,0.15384615384615385,0.8461538461538461
CA-FM-80-FM14978,0.15454545454545454,0.47071248967271334,3.0457866978822628,0.8818181818181818,0.006766900344881996,False,0.3090909090909091,2024-06-17,109,intermittent,full,0.8461538461538461,0.46153846153846156
CA-FM-80-FM14990,0.03636363636363636,0.2307014098263549,6.34428877022476,0.9727272727272728,0.0019024863061560305,False,0.07272727272727272,2024-06-17,109,intermittent,full,0.3076923076923077,0.7692307692307693
CA-FM-80-FM15006-C,0.00909090909090909,0.09491187735373227,10.44030650891055,0.990909090909091,0.00041025178639857526,False,0.01818181818181818,2024-06-17,109,intermittent,full,0.07692307692307693,0.9230769230769231
CA-FM-80-FM15007-C,0.00909090909090909,0.09491187735373227,10.44030650891055,0.990909090909091,0.0004823839686225006,False,0.01818181818181818,2024-06-17,109,intermittent,full,0.07692307692307693,0.9230769230769231
CA-FM-80-FM15038,0.02727272727272727,0.2114491518111456,7.753135566408672,0.9818181818181818,0.0014110858147555394,False,0.05454545454545454,2024-06-17,109,intermittent,full,0.23076923076923078,0.8461538461538461
CA-FM-80-FM15047,0.00909090909090909,0.09491187735373227,10.44030650891055,0.990909090909091,0.0004733674458445101,False,0.01818181818181818,2024-06-17,109,intermittent,full,0.07692307692307693,0.9230769230769231
CA-FM-80-FM15069,0.00909090909090909,0.09491187735373227,10.44030650891055,0.990909090909091,0.0004643509230665193,False,0.01818181818181818,2024-06-17,109,intermittent,full,0.07692307692307693,0.9230769230769231
CA-FM-80-FM15106,0.02727272727272727,0.21144915181114557,7.753135566408671,0.9818181818181818,0.0013750197236435768,False,0.05454545454545454,2024-06-17,109,intermittent,full,0.23076923076923078,0.8461538461538461
CA-FM-80-FM15113,0.02727272727272727,0.162877026065172,5.9721576223896395,0.9727272727272728,0.0011315736086378286,False,0.05454545454545454,2024-06-17,109,intermittent,full,0.07692307692307693,0.9230769230769231
CA-FM-80-FM15115,0.00909090909090909,0.09491187735373227,10.44030650891055,0.990909090909091,0.0004823839686225006,False,0.01818181818181818,2024-06-17,109,intermittent,full,0.07692307692307693,0.9230769230769231
CA-FM-80-FM15116,0.03636363636363636,0.2307014098263549,6.34428877022476,0.9727272727272728,0.0019024863061560305,False,0.07272727272727272,2024-06-17,109,intermittent,full,0.3076923076923077,0.7692307692307693
CA-FM-80-FM15118,0.19090909090909092,0.5798973975933477,3.0375577969175356,0.8727272727272727,0.00669476816265807,False,0.38181818181818183,2024-06-17,109,intermittent,full,0.46153846153846156,0.6923076923076923
CA-FM-80-FM15143,0.00909090909090909,0.09491187735373227,10.44030650891055,0.990909090909091,0.0004733674458445101,False,0.01818181818181818,2024-06-17,109,intermittent,full,0.07692307692307693,0.9230769230769231
CA-FM-80-FM15144,0.00909090909090909,0.09491187735373227,10.44030650891055,0.990909090909091,0.0004643509230665193,False,0.01818181818181818,2024-06-17,109,intermittent,full,0.07692307692307693,0.9230769230769231
CA-FM-80-FM15145,0.01818181818181818,0.18982375470746454,10.44030650891055,0.990909090909091,0.0009467348916890202,False,0.03636363636363636,2024-06-17,109,intermittent,full,0.15384615384615385,0.9230769230769231
CA-FM-80-FM15164,0.00909090909090909,0.09491187735373227,10.44030650891055,0.990909090909091,0.0004823839686225006,False,0.01818181818181818,2024-06-17,109,intermittent,full,0.07692307692307693,0.9230769230769231
CA-FM-80-FM15224,0.00909090909090909,0.09491187735373227,10.44030650891055,0.990909090909091,0.0004914004914004913,False,0.01818181818181818,2024-06-17,109,intermittent,full,0.07692307692307693,0.9230769230769231
CA-FM-80-FM15297,0.08181818181818182,0.3054599566620262,3.7333994703136533,0.9272727272727272,0.002889795550346009,False,0.16363636363636364,2024-06-17,109,intermittent,full,0.23076923076923078,0.7692307692307693
CA-FM-80-FM15357,0.01818181818181818,0.13360853142453696,7.348469228349534,0.9818181818181818,0.0007664044361292069,False,0.03636363636363636,2024-06-17,109,intermittent,full,0.07692307692307693,0.9230769230769231
CA-FM-80-FM15366,0.02727272727272727,0.2114491518111456,7.753135566408672,0.9818181818181818,0.0014020692919775488,False,0.05454545454545454,2024-06-17,109,intermittent,full,0.23076923076923078,0.8461538461538461
CA-FM-80-FM15369,0.00909090909090909,0.09491187735373227,10.44030650891055,0.990909090909091,0.0004733674458445101,False,0.01818181818181818,2024-06-17,109,intermittent,full,0.07692307692307693,0.9230769230769231
CA-FM-80-FM15371,0.12727272727272726,0.4069641688290798,3.1975756122284844,0.9,0.004418096161215428,False,0.2545454545454545,2024-06-17,109,intermittent,full,0.3076923076923077,0.7692307692307693
CA-FM-80-FM15383,0.01818181818181818,0.133608531424537,7.3484692283495345,0.9818181818181818,0.0009557514144670108,False,0.03636363636363636,2024-06-17,109,intermittent,full,0.15384615384615385,0.8461538461538461
CA-FM-80-FM15384,0.03636363636363636,0.267217062849074,7.3484692283495345,0.9818181818181818,0.0018393706467100957,False,0.07272727272727272,2024-06-17,109,intermittent,full,0.3076923076923077,0.8461538461538461
CA-FM-80-FM15385,0.03636363636363636,0.2307014098263549,6.34428877022476,0.9727272727272728,0.0018303541239321054,False,0.07272727272727272,2024-06-17,109,intermittent,full,0.3076923076923077,0.7692307692307693
CA-FM-80-FM15391,0.01818181818181818,0.13360853142453696,7.348469228349534,0.9818181818181818,0.0009467348916890202,False,0.03636363636363636,2024-06-17,109,intermittent,full,0.15384615384615385,0.8461538461538461
CA-FM-80-FM15397,0.01818181818181818,0.133608531424537,7.3484692283495345,0.9818181818181818,0.0009467348916890202,False,0.03636363636363636,2024-06-17,109,intermittent,full,0.15384615384615385,0.8461538461538461
CA-FM-80-FM15405,0.01818181818181818,0.18982375470746454,10.44030650891055,0.990909090909091,0.0009287018461330386,False,0.03636363636363636,2024-06-17,109,intermittent,full,0.15384615384615385,0.9230769230769231
CA-FM-80-FM15449,0.05454545454545454,0.22709083630539634,4.163331998932266,0.9454545454545454,0.0025967585600613122,False,0.10909090909090909,2024-06-17,109,intermittent,full,0.46153846153846156,0.5384615384615384
CA-FM-80-FM15450,0.05454545454545454,0.2641061644787991,4.8419463487779835,0.9545454545454546,0.002209048080607713,False,0.10909090909090909,2024-06-17,109,intermittent,full,0.3076923076923077,0.6923076923076923
CA-FM-80-FM15583,0.01818181818181818,0.13360853142453696,7.348469228349534,0.9818181818181818,0.0009377183689110294,False,0.03636363636363636,2024-06-17,109,intermittent,full,0.15384615384615385,0.8461538461538461
CA-FM-80-FM15586,0.045454545454545456,0.20829889522526548,4.582575694955841,0.9545454545454546,0.0019610937042129697,False,0.09090909090909091,2024-06-17,109,intermittent,full,0.23076923076923078,0.7692307692307693
CA-FM-80-FM15647,0.01818181818181818,0.13360853142453696,7.348469228349534,0.9818181818181818,0.0009467348916890202,False,0.03636363636363636,2024-06-17,109,intermittent,full,0.15384615384615385,0.8461538461538461
CA-FM-80-FM15678,0.1,0.38019133938775423,3.801913393877542,0.9272727272727272,0.004548835741496292,False,0.2,2024-06-17,109,intermittent,full,0.6923076923076923,0.5384615384615384
CA-FM-80-FM15827,0.01818181818181818,0.18982375470746454,10.44030650891055,0.990909090909091,0.0009467348916890202,False,0.03636363636363636,2024-06-17,109,intermittent,full,0.15384615384615385,0.9230769230769231
CA-FM-80-FM15852,0.00909090909090909,0.09491187735373227,10.44030650891055,0.990909090909091,0.0004733674458445101,False,0.01818181818181818,2024-06-17,109,intermittent,full,0.07692307692307693,0.9230769230769231
CA-FM-80-FM15866,0.01818181818181818,0.13360853142453696,7.348469228349534,0.9818181818181818,0.0006582061627933187,False,0.03636363636363636,2024-06-17,109,intermittent,full,0.0,1.0
CA-FM-80-FM15867,0.03636363636363636,0.18719327529067276,5.147815070493501,0.9636363636363636,0.001785271510042152,False,0.07272727272727272,2024-06-17,109,intermittent,full,0.3076923076923077,0.6923076923076923
CA-FM-80-FM15875,0.00909090909090909,0.09491187735373227,10.44030650891055,0.990909090909091,0.0004733674458445101,False,0.01818181818181818,2024-06-17,109,intermittent,full,0.07692307692307693,0.9230769230769231
CA-FM-80-FM15876,0.02727272727272727,0.162877026065172,5.9721576223896395,0.9727272727272728,0.0013569866780875955,False,0.05454545454545454,2024-06-17,109,intermittent,full,0.23076923076923078,0.7692307692307693
CA-FM-80-FM15886,0.01818181818181818,0.18982375470746454,10.44030650891055,0.990909090909091,0.0009647679372450012,False,0.03636363636363636,2024-06-17,109,intermittent,full,0.15384615384615385,0.9230769230769231
CA-FM-80-FM15927,0.00909090909090909,0.09491187735373227,10.44030650891055,0.990909090909091,0.0004733674458445101,False,0.01818181818181818,2024-06-17,109,intermittent,full,0.07692307692307693,0.9230769230769231
CA-FM-TX-80-C1-AL-GI06,0.02727272727272727,0.16287702606517196,5.972157622389639,0.9727272727272728,0.0008700944480760995,False,0.05454545454545454,2024-06-17,109,intermittent,full,0.0,1.0
CA-FM-TX-80-C1-AU-A503,0.01818181818181818,0.13360853142453696,7.348469228349534,0.9818181818181818,0.0006852557311272909,False,0.03636363636363636,2024-06-17,109,intermittent,full,0.07692307692307693,0.9230769230769231
CA-FM-TX-80-C1-BM-3014,0.00909090909090909,0.09491187735373227,10.44030650891055,0.990909090909091,0.0002209048080607714,False,0.01818181818181818,2024-06-17,109,intermittent,full,0.0,1.0
CA-FM-TX-80-C1-BM-3015,0.02727272727272727,0.16287702606517196,5.972157622389639,0.9727272727272728,0.0009602596758560061,False,0.05454545454545454,2024-06-17,109,intermittent,full,0.07692307692307693,0.9230769230769231
CA-FM-TX-80-C1-BM-4001,0.03636363636363636,0.18719327529067276,5.147815070493501,0.9636363636363636,0.00148772625836846,False,0.07272727272727272,2024-06-17,109,intermittent,full,0.15384615384615385,0.8461538461538461
CA-FM-TX-80-C1-BM-5010,0.045454545454545456,0.2082988952252655,4.582575694955841,0.9545454545454546,0.0017266641119852127,False,0.09090909090909091,2024-06-17,109,intermittent,full,0.15384615384615385,0.8461538461538461
CA-FM-TX-80-C1-CD-CS01,0.02727272727272727,0.16287702606517196,5.972157622389639,0.9727272727272728,0.0011045240403038566,False,0.05454545454545454,2024-06-17,109,intermittent,full,0.15384615384615385,0.8461538461538461
CA-FM-TX-80-C1-CD-XL01,0.01818181818181818,0.133608531424537,7.3484692283495345,0.9818181818181818,0.0009196853233550481,False,0.03636363636363636,2024-06-17,109,intermittent,full,0.15384615384615385,0.8461538461538461
CA-FM-TX-80-C1-CH-BO01,0.00909090909090909,0.09491187735373227,10.44030650891055,0.990909090909091,0.00032910308139665935,False,0.01818181818181818,2024-06-17,109,intermittent,full,0.0,1.0
CA-FM-TX-80-C1-CH-CA03,0.045454545454545456,0.24813352843556696,5.458937625582473,0.9636363636363636,0.0021774902508847464,False,0.09090909090909091,2024-06-17,109,intermittent,full,0.38461538461538464,0.6923076923076923
CA-FM-TX-80-C1-CH-CM05,0.02727272727272727,0.16287702606517196,5.972157622389639,0.9727272727272728,0.0008430448797421274,False,0.05454545454545454,2024-06-17,109,intermittent,full,0.0,1.0
CA-FM-TX-80-C1-CH-CO09,0.00909090909090909,0.09491187735373227,10.44030650891055,0.990909090909091,0.0004823839686225006,False,0.01818181818181818,2024-06-17,109,intermittent,full,0.07692307692307693,0.9230769230769231
CA-FM-TX-80-C1-CH-CO11,0.02727272727272727,0.162877026065172,5.9721576223896395,0.9727272727272728,0.0012037057908617541,False,0.05454545454545454,2024-06-17,109,intermittent,full,0.15384615384615385,0.8461538461538461
CA-FM-TX-80-C1-CH-CO13,0.01818181818181818,0.133608531424537,7.3484692283495345,0.9818181818181818,0.0009467348916890202,False,0.03636363636363636,2024-06-17,109,intermittent,full,0.15384615384615385,0.8461538461538461
CA-FM-TX-80-C1-CH-CO14,0.01818181818181818,0.13360853142453696,7.348469228349534,0.9818181818181818,0.0009016522777990667,False,0.03636363636363636,2024-06-17,109,intermittent,full,0.15384615384615385,0.8461538461538461
CA-FM-TX-80-C1-CH-CO15,0.08181818181818182,0.27408751693966066,3.3499585403736303,0.9181818181818182,0.0033135721209115697,False,0.16363636363636364,2024-06-17,109,intermittent,full,0.23076923076923078,0.7692307692307693
CA-FM-TX-80-C1-CH-CO18,0.00909090909090909,0.09491187735373227,10.44030650891055,0.990909090909091,0.00033811960417465,False,0.01818181818181818,2024-06-17,109,intermittent,full,0.0,1.0
CA-FM-TX-80-C1-CH-CR02,0.02727272727272727,0.16287702606517196,5.972157622389639,0.9727272727272728,0.0010594414264139033,False,0.05454545454545454,2024-06-17,109,intermittent,full,0.15384615384615385,0.8461538461538461
CA-FM-TX-80-C1-CH-MA07,0.045454545454545456,0.2082988952252655,4.582575694955841,0.9545454545454546,0.0017897797714311477,False,0.09090909090909091,2024-06-17,109,intermittent,full,0.23076923076923078,0.7692307692307693
CA-FM-TX-80-C1-CR-3012,0.02727272727272727,0.16287702606517196,5.972157622389639,0.9727272727272728,0.0011225570858598378,False,0.05454545454545454,2024-06-17,109,intermittent,full,0.07692307692307693,0.9230769230769231
CA-FM-TX-80-C1-CR-3013,0.05454545454545454,0.26410616447879914,4.841946348777984,0.9545454545454546,0.0018844532606000493,False,0.10909090909090909,2024-06-17,109,intermittent,full,0.15384615384615385,0.8461538461538461
CA-FM-TX-80-C1-FD-FU03,0.00909090909090909,0.09491187735373227,10.44030650891055,0.990909090909091,0.0002659874219507247,False,0.01818181818181818,2024-06-17,109,intermittent,full,0.0,1.0
CA-FM-TX-80-C1-FD-MU14,0.045454545454545456,0.28240408303652853,6.212889826803628,0.9727272727272728,0.001375019723643577,False,0.09090909090909091,2024-06-17,109,intermittent,full,0.0,1.0
CA-FM-TX-80-C1-FD-MU23,0.00909090909090909,0.09491187735373227,10.44030650891055,0.990909090909091,0.00041025178639857526,False,0.01818181818181818,2024-06-17,109,intermittent,full,0.07692307692307693,0.9230769230769231
CA-FM-TX-80-C1-FD-MU24,0.03636363636363636,0.18719327529067276,5.147815070493501,0.9636363636363636,0.0014516601672564973,False,0.07272727272727272,2024-06-17,109,intermittent,full,0.15384615384615385,0.8461538461538461
CA-FM-TX-80-C1-FD-MU25,0.00909090909090909,0.09491187735373227,10.44030650891055,0.990909090909091,0.000419268309176566,False,0.01818181818181818,2024-06-17,109,intermittent,full,0.07692307692307693,0.9230769230769231
CA-FM-TX-80-C1-FT-1203,0.00909090909090909,0.09491187735373227,10.44030650891055,0.990909090909091,0.00041025178639857526,False,0.01818181818181818,2024-06-17,109,intermittent,full,0.07692307692307693,0.9230769230769231
CA-FM-TX-80-C1-FT-5E01,0.01818181818181818,0.13360853142453696,7.348469228349534,0.9818181818181818,0.0008295200955751413,False,0.03636363636363636,2024-06-17,109,intermittent,full,0.15384615384615385,0.8461538461538461
CA-FM-TX-80-C1-HD-AC11,0.05454545454545454,0.2965364805509107,5.436502143433363,0.9636363636363636,0.002227081126163695,False,0.10909090909090909,2024-06-17,109,intermittent,full,0.15384615384615385,0.9230769230769231
CA-FM-TX-80-C1-HD-AC14,0.08181818181818182,0.33389759404012653,4.080970593823769,0.9363636363636364,0.0033947208259134864,False,0.16363636363636364,2024-06-17,109,intermittent,full,0.46153846153846156,0.6923076923076923
CA-FM-TX-80-C1-HD-AC18,0.03636363636363636,0.18719327529067276,5.147815070493501,0.9636363636363636,0.0013614949394765905,False,0.07272727272727272,2024-06-17,109,intermittent,full,0.15384615384615385,0.8461538461538461
CA-FM-TX-80-C1-HD-AC21,0.07272727272727272,0.29260867162601967,4.02336923485777,0.9363636363636364,0.0031377499267407523,False,0.14545454545454545,2024-06-17,109,intermittent,full,0.38461538461538464,0.6923076923076923
CA-FM-TX-80-C1-HD-CI11,0.00909090909090909,0.09491187735373227,10.44030650891055,0.990909090909091,0.000392218740842594,False,0.01818181818181818,2024-06-17,109,intermittent,full,0.07692307692307693,0.9230769230769231
CA-FM-TX-80-C1-HD-CI16,0.09090909090909091,0.34497574474564136,3.7947331922020546,0.9272727272727272,0.0035344769289723413,False,0.18181818181818182,2024-06-17,109,intermittent,full,0.38461538461538464,0.6923076923076923
CA-FM-TX-80-C1-HD-CI18,0.00909090909090909,0.09491187735373227,10.44030650891055,0.990909090909091,0.00041025178639857526,False,0.01818181818181818,2024-06-17,109,intermittent,full,0.07692307692307693,0.9230769230769231
CA-FM-TX-80-C1-HD-CI21,0.10909090909090909,0.3654500225862142,3.3499585403736303,0.9090909090909091,0.004616459662331222,False,0.21818181818181817,2024-06-17,109,intermittent,full,0.6153846153846154,0.5384615384615384
CA-FM-TX-80-C1-HD-CZ01,0.00909090909090909,0.09491187735373227,10.44030650891055,0.990909090909091,0.00044631787751053814,False,0.01818181818181818,2024-06-17,109,intermittent,full,0.07692307692307693,0.9230769230769231
CA-FM-TX-80-C1-HY-EL06,0.06363636363636363,0.30975863704365125,4.867635724971663,0.9545454545454546,0.0025471676847823635,False,0.12727272727272726,2024-06-17,109,intermittent,full,0.23076923076923078,0.8461538461538461
CA-FM-TX-80-C1-HY-EQ02,0.01818181818181818,0.13360853142453696,7.348469228349534,0.9818181818181818,0.0007573879133512158,False,0.03636363636363636,2024-06-17,109,intermittent,full,0.07692307692307693,0.9230769230769231
CA-FM-TX-80-C1-HY-SO05,0.02727272727272727,0.16287702606517196,5.972157622389639,0.9727272727272728,0.0010684579491918938,False,0.05454545454545454,2024-06-17,109,intermittent,full,0.07692307692307693,0.9230769230769231
CA-FM-TX-80-C1-HY-SO06,0.01818181818181818,0.13360853142453696,7.348469228349534,0.9818181818181818,0.0006582061627933188,False,0.03636363636363636,2024-06-17,109,intermittent,full,0.07692307692307693,0.9230769230769231
CA-FM-TX-80-C1-HY-SO07,0.06363636363636363,0.3378346213829464,5.3088297645891585,0.9545454545454546,0.002006176318102923,False,0.12727272727272726,2024-06-17,109,intermittent,full,0.15384615384615385,0.8461538461538461
CA-FM-TX-80-C1-IN-G304,0.07272727272727272,0.29260867162601967,4.02336923485777,0.9363636363636364,0.002614791605617294,False,0.14545454545454545,2024-06-17,109,intermittent,full,0.23076923076923078,0.7692307692307693
CA-FM-TX-80-C1-JA-F002,0.02727272727272727,0.21144915181114557,7.753135566408671,0.9818181818181818,0.001095507517525866,False,0.05454545454545454,2024-06-17,109,intermittent,full,0.15384615384615385,0.9230769230769231
CA-FM-TX-80-C1-KI-ST01,0.00909090909090909,0.09491187735373227,10.44030650891055,0.990909090909091,0.0003651691725086221,False,0.01818181818181818,2024-06-17,109,intermittent,full,0.0,1.0
CA-FM-TX-80-C1-LN-TO04,0.01818181818181818,0.13360853142453696,7.348469228349534,0.9818181818181818,0.0006131235489033656,False,0.03636363636363636,2024-06-17,109,intermittent,full,0.0,1.0
CA-FM-TX-80-C1-LX-ES05,0.02727272727272727,0.16287702606517196,5.972157622389639,0.9727272727272728,0.0010684579491918942,False,0.05454545454545454,2024-06-17,109,intermittent,full,0.15384615384615385,0.8461538461538461
CA-FM-TX-80-C1-LX-ES06,0.02727272727272727,0.16287702606517196,5.972157622389639,0.9727272727272728,0.00101435881252395,False,0.05454545454545454,2024-06-17,109,intermittent,full,0.0,1.0
CA-FM-TX-80-C1-LX-ES08,0.01818181818181818,0.13360853142453696,7.348469228349534,0.9818181818181818,0.0007032887766832721,False,0.03636363636363636,2024-06-17,109,intermittent,full,0.07692307692307693,0.9230769230769231
CA-FM-TX-80-C1-LX-ES09,0.01818181818181818,0.13360853142453696,7.348469228349534,0.9818181818181818,0.00039672700223158946,False,0.03636363636363636,2024-06-17,109,intermittent,full,0.0,1.0
CA-FM-TX-80-C1-LX-IS03,0.07272727272727272,0.25968830649246727,3.570714214271425,0.9272727272727272,0.0023803620133895365,False,0.14545454545454545,2024-06-17,109,intermittent,full,0.15384615384615385,0.8461538461538461
CA-FM-TX-80-C1-LX-SC01,0.05454545454545454,0.26410616447879914,4.841946348777984,0.9545454545454546,0.001956585442823975,False,0.10909090909090909,2024-06-17,109,intermittent,full,0.07692307692307693,0.9230769230769231
CA-FM-TX-80-C1-MA-MA02,0.02727272727272727,0.2114491518111456,7.753135566408672,0.9818181818181818,0.0011405901314158193,False,0.05454545454545454,2024-06-17,109,intermittent,full,0.07692307692307693,0.9230769230769231
CA-FM-TX-80-C1-MA-MA03,0.03636363636363636,0.18719327529067276,5.147815070493501,0.9636363636363636,0.00108198273335888,False,0.07272727272727272,2024-06-17,109,intermittent,full,0.0,1.0
CA-FM-TX-80-C1-MB-A001,0.00909090909090909,0.09491187735373227,10.44030650891055,0.990909090909091,0.0003832022180646033,False,0.01818181818181818,2024-06-17,109,intermittent,full,0.07692307692307693,0.9230769230769231
CA-FM-TX-80-C1-MB-C010,0.03636363636363636,0.18719327529067276,5.147815070493501,0.9636363636363636,0.0016410071455943013,False,0.07272727272727272,2024-06-17,109,intermittent,full,0.3076923076923077,0.6923076923076923
CA-FM-TX-80-C1-MB-CLS1,0.00909090909090909,0.09491187735373227,10.44030650891055,0.990909090909091,0.00020287176250479005,False,0.01818181818181818,2024-06-17,109,intermittent,full,0.0,1.0
CA-FM-TX-80-C1-MB-CLS2,0.03636363636363636,0.18719327529067276,5.147815070493501,0.9636363636363636,0.0012983792800306563,False,0.07272727272727272,2024-06-17,109,intermittent,full,0.07692307692307693,0.9230769230769231
CA-FM-TX-80-C1-MB-MA02,0.01818181818181818,0.13360853142453696,7.348469228349534,0.9818181818181818,0.0006491896400153281,False,0.03636363636363636,2024-06-17,109,intermittent,full,0.07692307692307693,0.9230769230769231
CA-FM-TX-80-C1-MB-SL05,0.00909090909090909,0.09491187735373227,10.44030650891055,0.990909090909091,0.0004012352636205847,False,0.01818181818181818,2024-06-17,109,intermittent,full,0.07692307692307693,0.9230769230769231
CA-FM-TX-80-C1-MN-CO06,0.00909090909090909,0.09491187735373227,10.44030650891055,0.990909090909091,0.0003832022180646033,False,0.01818181818181818,2024-06-17,109,intermittent,full,0.07692307692307693,0.9230769230769231
CA-FM-TX-80-C1-NS-AL06,0.01818181818181818,0.13360853142453696,7.348469228349534,0.9818181818181818,0.0007934540044631789,False,0.03636363636363636,2024-06-17,109,intermittent,full,0.07692307692307693,0.9230769230769231
CA-FM-TX-80-C1-NS-AL08,0.06363636363636363,0.24410402876541004,3.8359204520278727,0.9363636363636364,0.0025020850708924102,False,0.12727272727272726,2024-06-17,109,intermittent,full,0.23076923076923078,0.7692307692307693
CA-FM-TX-80-C1-NS-AL09,0.02727272727272727,0.16287702606517196,5.972157622389639,0.9727272727272728,0.0009061605391880621,False,0.05454545454545454,2024-06-17,109,intermittent,full,0.0,1.0
CA-FM-TX-80-C1-NS-SE08,0.02727272727272727,0.16287702606517196,5.972157622389639,0.9727272727272728,0.0010414083808579222,False,0.05454545454545454,2024-06-17,109,intermittent,full,0.07692307692307693,0.9230769230769231
CA-FM-TX-80-C1-PN-TR04,0.00909090909090909,0.09491187735373227,10.44030650891055,0.990909090909091,0.0004012352636205847,False,0.01818181818181818,2024-06-17,109,intermittent,full,0.07692307692307693,0.9230769230769231
CA-FM-TX-80-C1-SB-9302,0.02727272727272727,0.16287702606517196,5.972157622389639,0.9727272727272728,0.0008791109708540902,False,0.05454545454545454,2024-06-17,109,intermittent,full,0.07692307692307693,0.9230769230769231
CA-FM-TX-80-C1-SU-WR08,0.01818181818181818,0.13360853142453696,7.348469228349534,0.9818181818181818,0.0006852557311272907,False,0.03636363636363636,2024-06-17,109,intermittent,full,0.0,1.0
CA-FM-TX-80-C1-TE-M301,0.02727272727272727,0.16287702606517196,5.972157622389639,0.9727272727272728,0.0011946892680837638,False,0.05454545454545454,2024-06-17,109,intermittent,full,0.15384615384615385,0.8461538461538461
CA-FM-TX-80-C1-TT-AV02,0.02727272727272727,0.21144915181114557,7.753135566408671,0.9818181818181818,0.0010774744719698845,False,0.05454545454545454,2024-06-17,109,intermittent,full,0.07692307692307693,0.9230769230769231
CA-FM-TX-80-C1-TT-CA11,0.02727272727272727,0.2114491518111456,7.753135566408672,0.9818181818181818,0.0010414083808579218,False,0.05454545454545454,2024-06-17,109,intermittent,full,0.15384615384615385,0.9230769230769231
CA-FM-TX-80-C1-TT-CA12,0.10909090909090909,0.3654500225862142,3.3499585403736303,0.9090909090909091,0.004174650046209679,False,0.21818181818181817,2024-06-17,109,intermittent,full,0.3076923076923077,0.7692307692307693
CA-FM-TX-80-C1-TT-CA13,0.05454545454545454,0.22709083630539634,4.163331998932266,0.9454545454545454,0.0023893785361675268,False,0.10909090909090909,2024-06-17,109,intermittent,full,0.3076923076923077,0.6923076923076923
CA-FM-TX-80-C1-TT-CA14,0.08181818181818182,0.3600964058243338,4.401178293408524,0.9454545454545454,0.00371029912314316,False,0.16363636363636364,2024-06-17,109,intermittent,full,0.6153846153846154,0.6153846153846154
CA-FM-TX-80-C1-TT-CO12,0.09090909090909091,0.34497574474564136,3.7947331922020546,0.9272727272727272,0.003182832540630705,False,0.18181818181818182,2024-06-17,109,intermittent,full,0.15384615384615385,0.8461538461538461
CA-FM-TX-80-C1-TT-CO13,0.00909090909090909,0.09491187735373227,10.44030650891055,0.990909090909091,0.00022992133083876205,False,0.01818181818181818,2024-06-17,109,intermittent,full,0.0,1.0
CA-FM-TX-80-C1-VO-C301,0.00909090909090909,0.09491187735373227,10.44030650891055,0.990909090909091,0.00028402046750670604,False,0.01818181818181818,2024-06-17,109,intermittent,full,0.0,1.0
CA-FM-TX-80-C1-VW-EO01,0.02727272727272727,0.16287702606517196,5.972157622389639,0.9727272727272728,0.0012127223136397447,False,0.05454545454545454,2024-06-17,109,intermittent,full,0.15384615384615385,0.8461538461538461
CA-FM-TX-80-C2-AL-GI06,0.02727272727272727,0.16287702606517196,5.972157622389639,0.9727272727272728,0.0008700944480760995,False,0.05454545454545454,2024-06-17,109,intermittent,full,0.0,1.0
CA-FM-TX-80-C2-AU-A411,0.00909090909090909,0.09491187735373227,10.44030650891055,0.990909090909091,0.00044631787751053814,False,0.01818181818181818,2024-06-17,109,intermittent,full,0.07692307692307693,0.9230769230769231
CA-FM-TX-80-C2-BM-3015,0.02727272727272727,0.16287702606517196,5.972157622389639,0.9727272727272728,0.0009602596758560061,False,0.05454545454545454,2024-06-17,109,intermittent,full,0.07692307692307693,0.9230769230769231
CA-FM-TX-80-C2-BM-4002,0.00909090909090909,0.09491187735373227,10.44030650891055,0.990909090909091,0.0004282848319545567,False,0.01818181818181818,2024-06-17,109,intermittent,full,0.07692307692307693,0.9230769230769231
CA-FM-TX-80-C2-BM-4005,0.01818181818181818,0.13360853142453696,7.348469228349534,0.9818181818181818,0.0007213218222392535,False,0.03636363636363636,2024-06-17,109,intermittent,full,0.07692307692307693,0.9230769230769231
CA-FM-TX-80-C2-BM-5010,0.045454545454545456,0.2082988952252655,4.582575694955841,0.9545454545454546,0.001717647589207222,False,0.09090909090909091,2024-06-17,109,intermittent,full,0.15384615384615385,0.8461538461538461
CA-FM-TX-80-C2-CD-CS01,0.02727272727272727,0.16287702606517196,5.972157622389639,0.9727272727272728,0.0011045240403038566,False,0.05454545454545454,2024-06-17,109,intermittent,full,0.15384615384615385,0.8461538461538461
CA-FM-TX-80-C2-CH-BO01,0.00909090909090909,0.09491187735373227,10.44030650891055,0.990909090909091,0.00032910308139665935,False,0.01818181818181818,2024-06-17,109,intermittent,full,0.0,1.0
CA-FM-TX-80-C2-CH-CA03,0.03636363636363636,0.18719327529067276,5.147815070493501,0.9636363636363636,0.0017492054189301896,False,0.07272727272727272,2024-06-17,109,intermittent,full,0.3076923076923077,0.6923076923076923
CA-FM-TX-80-C2-CH-CM05,0.02727272727272727,0.16287702606517196,5.972157622389639,0.9727272727272728,0.0008430448797421274,False,0.05454545454545454,2024-06-17,109,intermittent,full,0.0,1.0
CA-FM-TX-80-C2-CH-CR02,0.02727272727272727,0.16287702606517196,5.972157622389639,0.9727272727272728,0.0010594414264139033,False,0.05454545454545454,2024-06-17,109,intermittent,full,0.15384615384615385,0.8461538461538461
CA-FM-TX-80-C2-CH-MA07,0.045454545454545456,0.2082988952252655,4.582575694955841,0.9545454545454546,0.0017897797714311477,False,0.09090909090909091,2024-06-17,109,intermittent,full,0.23076923076923078,0.7692307692307693
CA-FM-TX-80-C2-CR-3012,0.01818181818181818,0.13360853142453696,7.348469228349534,0.9818181818181818,0.0007032887766832719,False,0.03636363636363636,2024-06-17,109,intermittent,full,0.0,1.0
CA-FM-TX-80-C2-CR-3013,0.045454545454545456,0.2082988952252655,4.582575694955841,0.9545454545454546,0.0016364988842053065,False,0.09090909090909091,2024-06-17,109,intermittent,full,0.15384615384615385,0.8461538461538461
CA-FM-TX-80-C2-FD-FU03,0.00909090909090909,0.09491187735373227,10.44030650891055,0.990909090909091,0.0002659874219507247,False,0.01818181818181818,2024-06-17,109,intermittent,full,0.0,1.0
CA-FM-TX-80-C2-FD-MU14,0.00909090909090909,0.09491187735373227,10.44030650891055,0.990909090909091,0.00032910308139665935,False,0.01818181818181818,2024-06-17,109,intermittent,full,0.0,1.0
CA-FM-TX-80-C2-FD-MU24,0.02727272727272727,0.16287702606517196,5.972157622389639,0.9727272727272728,0.0012487884047517074,False,0.05454545454545454,2024-06-17,109,intermittent,full,0.15384615384615385,0.8461538461538461
CA-FM-TX-80-C2-FT-5E02,0.01818181818181818,0.13360853142453696,7.348469228349534,0.9818181818181818,0.0008295200955751413,False,0.03636363636363636,2024-06-17,109,intermittent,full,0.15384615384615385,0.8461538461538461
CA-FM-TX-80-C2-HD-AC12,0.03636363636363636,0.23070140982635487,6.344288770224759,0.9727272727272728,0.0015147758267024317,False,0.07272727272727272,2024-06-17,109,intermittent,full,0.15384615384615385,0.9230769230769231
CA-FM-TX-80-C2-HD-AC15,0.07272727272727272,0.29260867162601967,4.02336923485777,0.9363636363636364,0.0029484029484029483,False,0.14545454545454545,2024-06-17,109,intermittent,full,0.38461538461538464,0.6923076923076923
CA-FM-TX-80-C2-HD-AC18,0.045454545454545456,0.24813352843556696,5.458937625582473,0.9636363636363636,0.0017627302030971755,False,0.09090909090909091,2024-06-17,109,intermittent,full,0.23076923076923078,0.8461538461538461
CA-FM-TX-80-C2-HD-AC21,0.06363636363636363,0.27887021182141764,4.382246185765135,0.9454545454545454,0.0027545477086761486,False,0.12727272727272726,2024-06-17,109,intermittent,full,0.3076923076923077,0.7692307692307693
CA-FM-TX-80-C2-HD-CI11,0.00909090909090909,0.09491187735373227,10.44030650891055,0.990909090909091,0.000392218740842594,False,0.01818181818181818,2024-06-17,109,intermittent,full,0.07692307692307693,0.9230769230769231
CA-FM-TX-80-C2-HD-CI16,0.08181818181818182,0.33389759404012653,4.080970593823769,0.9363636363636364,0.003358654734801524,False,0.16363636363636364,2024-06-17,109,intermittent,full,0.46153846153846156,0.6923076923076923
CA-FM-TX-80-C2-HD-CI21,0.10909090909090909,0.33966439440489826,3.113590282044901,0.9,0.004445145729549398,False,0.21818181818181817,2024-06-17,109,intermittent,full,0.5384615384615384,0.5384615384615384
CA-FM-TX-80-C2-HY-EL06,0.045454545454545456,0.24813352843556696,5.458937625582473,0.9636363636363636,0.0019069945675450263,False,0.09090909090909091,2024-06-17,109,intermittent,full,0.23076923076923078,0.8461538461538461
CA-FM-TX-80-C2-HY-GE01,0.01818181818181818,0.13360853142453696,7.348469228349534,0.9818181818181818,0.0007573879133512158,False,0.03636363636363636,2024-06-17,109,intermittent,full,0.07692307692307693,0.9230769230769231
CA-FM-TX-80-C2-HY-SO05,0.01818181818181818,0.13360853142453696,7.348469228349534,0.9818181818181818,0.0007303383450172439,False,0.03636363636363636,2024-06-17,109,intermittent,full,0.07692307692307693,0.9230769230769231
CA-FM-TX-80-C2-HY-SO06,0.01818181818181818,0.13360853142453696,7.348469228349534,0.9818181818181818,0.0006582061627933188,False,0.03636363636363636,2024-06-17,109,intermittent,full,0.07692307692307693,0.9230769230769231
CA-FM-TX-80-C2-HY-SO07,0.06363636363636363,0.3378346213829464,5.3088297645891585,0.9545454545454546,0.002006176318102923,False,0.12727272727272726,2024-06-17,109,intermittent,full,0.15384615384615385,0.8461538461538461
CA-FM-TX-80-C2-IN-G304,0.02727272727272727,0.21144915181114557,7.753135566408671,0.9818181818181818,0.0009782927214119874,False,0.05454545454545454,2024-06-17,109,intermittent,full,0.07692307692307693,0.9230769230769231
CA-FM-TX-80-C2-KI-OP03,0.00909090909090909,0.09491187735373227,10.44030650891055,0.990909090909091,0.00033811960417465,False,0.01818181818181818,2024-06-17,109,intermittent,full,0.0,1.0
CA-FM-TX-80-C2-KI-ST01,0.00909090909090909,0.09491187735373227,10.44030650891055,0.990909090909091,0.0003651691725086221,False,0.01818181818181818,2024-06-17,109,intermittent,full,0.0,1.0
CA-FM-TX-80-C2-LN-TO04,0.01818181818181818,0.13360853142453696,7.348469228349534,0.9818181818181818,0.0006131235489033656,False,0.03636363636363636,2024-06-17,109,intermittent,full,0.0,1.0
CA-FM-TX-80-C2-LX-ES05,0.01818181818181818,0.13360853142453696,7.348469228349534,0.9818181818181818,0.000622140071681356,False,0.03636363636363636,2024-06-17,109,intermittent,full,0.07692307692307693,0.9230769230769231
CA-FM-TX-80-C2-LX-ES06,0.045454545454545456,0.2082988952252655,4.582575694955841,0.9545454545454546,0.0014110858147555398,False,0.09090909090909091,2024-06-17,109,intermittent,full,0.0,1.0
CA-FM-TX-80-C2-LX-ES08,0.00909090909090909,0.09491187735373227,10.44030650891055,0.990909090909091,0.00024795437639474344,False,0.01818181818181818,2024-06-17,109,intermittent,full,0.0,1.0
CA-FM-TX-80-C2-LX-ES12,0.02727272727272727,0.16287702606517196,5.972157622389639,0.9727272727272728,0.0010684579491918942,False,0.05454545454545454,2024-06-17,109,intermittent,full,0.15384615384615385,0.8461538461538461
CA-FM-TX-80-C2-LX-I501,0.05454545454545454,0.22709083630539637,4.163331998932267,0.9454545454545454,0.001920519351712012,False,0.10909090909090909,2024-06-17,109,intermittent,full,0.15384615384615385,0.8461538461538461
CA-FM-TX-80-C2-LX-SC01,0.02727272727272727,0.16287702606517196,5.972157622389639,0.9727272727272728,0.0011045240403038566,False,0.05454545454545454,2024-06-17,109,intermittent,full,0.07692307692307693,0.9230769230769231
CA-FM-TX-80-C2-MA-MA02,0.01818181818181818,0.13360853142453696,7.348469228349534,0.9818181818181818,0.000784437481685188,False,0.03636363636363636,2024-06-17,109,intermittent,full,0.07692307692307693,0.9230769230769231
CA-FM-TX-80-C2-MA-MA03,0.045454545454545456,0.2082988952252655,4.582575694955841,0.9545454545454546,0.0015012510425354464,False,0.09090909090909091,2024-06-17,109,intermittent,full,0.07692307692307693,0.9230769230769231
CA-FM-TX-80-C2-MB-A001,0.00909090909090909,0.09491187735373227,10.44030650891055,0.990909090909091,0.0003832022180646033,False,0.01818181818181818,2024-06-17,109,intermittent,full,0.07692307692307693,0.9230769230769231
CA-FM-TX-80-C2-MB-CLS1,0.00909090909090909,0.09491187735373227,10.44030650891055,0.990909090909091,0.00020287176250479005,False,0.01818181818181818,2024-06-17,109,intermittent,full,0.0,1.0
CA-FM-TX-80-C2-MB-E005,0.02727272727272727,0.16287702606517196,5.972157622389639,0.9727272727272728,0.0008430448797421274,False,0.05454545454545454,2024-06-17,109,intermittent,full,0.0,1.0
CA-FM-TX-80-C2-MB-S006,0.01818181818181818,0.13360853142453696,7.348469228349534,0.9818181818181818,0.0006491896400153281,False,0.03636363636363636,2024-06-17,109,intermittent,full,0.07692307692307693,0.9230769230769231
CA-FM-TX-80-C2-MN-CO06,0.00909090909090909,0.09491187735373227,10.44030650891055,0.990909090909091,0.0003832022180646033,False,0.01818181818181818,2024-06-17,109,intermittent,full,0.07692307692307693,0.9230769230769231
CA-FM-TX-80-C2-NS-AL05,0.02727272727272727,0.16287702606517196,5.972157622389639,0.9727272727272728,0.0010684579491918942,False,0.05454545454545454,2024-06-17,109,intermittent,full,0.07692307692307693,0.9230769230769231
CA-FM-TX-80-C2-NS-AL06,0.05454545454545454,0.22709083630539637,4.163331998932267,0.9454545454545454,0.002001668056713928,False,0.10909090909090909,2024-06-17,109,intermittent,full,0.07692307692307693,0.9230769230769231
CA-FM-TX-80-C2-NS-SE07,0.01818181818181818,0.13360853142453696,7.348469228349534,0.9818181818181818,0.0006852557311272907,False,0.03636363636363636,2024-06-17,109,intermittent,full,0.07692307692307693,0.9230769230769231
CA-FM-TX-80-C2-TE-M301,0.01818181818181818,0.13360853142453696,7.348469228349534,0.9818181818181818,0.0007393548677952348,False,0.03636363636363636,2024-06-17,109,intermittent,full,0.07692307692307693,0.9230769230769231
CA-FM-TX-80-C2-TT-AV02,0.01818181818181818,0.13360853142453696,7.348469228349534,0.9818181818181818,0.0007573879133512162,False,0.03636363636363636,2024-06-17,109,intermittent,full,0.07692307692307693,0.9230769230769231
CA-FM-TX-80-C2-TT-CA12,0.14545454545454545,0.463903666260839,3.1893377055432683,0.8909090909090909,0.005743525009580056,False,0.2909090909090909,2024-06-17,109,intermittent,full,0.5384615384615384,0.6923076923076923
CA-FM-TX-80-C2-TT-CA13,0.045454545454545456,0.2082988952252655,4.582575694955841,0.9545454545454546,0.0020512589319928764,False,0.09090909090909091,2024-06-17,109,intermittent,full,0.3076923076923077,0.6923076923076923
CA-FM-TX-80-C2-TT-CO12,0.07272727272727272,0.3221826390303518,4.430011286667338,0.9454545454545454,0.0025246263778373875,False,0.14545454545454545,2024-06-17,109,intermittent,full,0.07692307692307693,0.9230769230769231
CA-FM-TX-80-C2-TT-GC01,0.00909090909090909,0.09491187735373227,10.44030650891055,0.990909090909091,0.00022992133083876205,False,0.01818181818181818,2024-06-17,109,intermittent,full,0.0,1.0
CA-FM-TX-80-C2-VW-EO01,0.00909090909090909,0.09491187735373227,10.44030650891055,0.990909090909091,0.000419268309176566,False,0.01818181818181818,2024-06-17,109,intermittent,full,0.07692307692307693,0.9230769230769231
CA-FM-TX-80-S1-AR-RD03,0.00909090909090909,0.09491187735373227,10.44030650891055,0.990909090909091,0.00020287176250479005,False,0.01818181818181818,2024-06-17,109,intermittent,full,0.0,1.0
CA-FM-TX-80-S1-BK-EN01,0.01818181818181818,0.13360853142453696,7.348469228349534,0.9818181818181818,0.0007934540044631786,False,0.03636363636363636,2024-06-17,109,intermittent,full,0.15384615384615385,0.8461538461538461
CA-FM-TX-80-S1-BK-EV02,0.02727272727272727,0.16287702606517196,5.972157622389639,0.9727272727272728,0.0009332101075220339,False,0.05454545454545454,2024-06-17,109,intermittent,full,0.07692307692307693,0.9230769230769231
CA-FM-TX-80-S1-BM-X303,0.02727272727272727,0.16287702606517196,5.972157622389639,0.9727272727272728,0.0008971440164100713,False,0.05454545454545454,2024-06-17,109,intermittent,full,0.07692307692307693,0.9230769230769231
CA-FM-TX-80-S1-BM-X701,0.03636363636363636,0.18719327529067276,5.147815070493501,0.9636363636363636,0.0013434618939206094,False,0.07272727272727272,2024-06-17,109,intermittent,full,0.15384615384615385,0.8461538461538461
CA-FM-TX-80-S1-CD-ES03,0.06363636363636363,0.27887021182141764,4.382246185765135,0.9454545454545454,0.002312738092554607,False,0.12727272727272726,2024-06-17,109,intermittent,full,0.23076923076923078,0.8461538461538461
CA-FM-TX-80-S1-CD-X501,0.01818181818181818,0.13360853142453696,7.348469228349534,0.9818181818181818,0.0008655861866871039,False,0.03636363636363636,2024-06-17,109,intermittent,full,0.15384615384615385,0.8461538461538461
CA-FM-TX-80-S1-CH-BL04,0.06363636363636363,0.3097586370436513,4.867635724971664,0.9545454545454546,0.0029438946870139534,False,0.12727272727272726,2024-06-17,109,intermittent,full,0.46153846153846156,0.6923076923076923
CA-FM-TX-80-S1-CH-BO03,0.00909090909090909,0.09491187735373227,10.44030650891055,0.990909090909091,0.0004012352636205847,False,0.01818181818181818,2024-06-17,109,intermittent,full,0.07692307692307693,0.9230769230769231
CA-FM-TX-80-S1-CH-EQ02,0.00909090909090909,0.09491187735373227,10.44030650891055,0.990909090909091,0.0002930369902846967,False,0.01818181818181818,2024-06-17,109,intermittent,full,0.0,1.0
CA-FM-TX-80-S1-CH-EQ03,0.00909090909090909,0.09491187735373227,10.44030650891055,0.990909090909091,0.0002209048080607714,False,0.01818181818181818,2024-06-17,109,intermittent,full,0.0,1.0
CA-FM-TX-80-S1-CH-TZ03,0.01818181818181818,0.18982375470746454,10.44030650891055,0.990909090909091,0.0008926357550210763,False,0.03636363636363636,2024-06-17,109,intermittent,full,0.15384615384615385,0.9230769230769231
CA-FM-TX-80-S1-DO-DU04,0.10909090909090909,0.3654500225862142,3.3499585403736303,0.9090909090909091,0.0035164438834163598,False,0.21818181818181817,2024-06-17,109,intermittent,full,0.15384615384615385,0.8461538461538461
CA-FM-TX-80-S1-FD-BR01,0.11818181818181818,0.3984474000147477,3.3714780001247884,0.9090909090909091,0.0045849018326082555,False,0.23636363636363636,2024-06-17,109,intermittent,full,0.38461538461538464,0.6923076923076923
CA-FM-TX-80-S1-FD-ED03,0.01818181818181818,0.13360853142453696,7.348469228349534,0.9818181818181818,0.0006762392083493002,False,0.03636363636363636,2024-06-17,109,intermittent,full,0.07692307692307693,0.9230769230769231
CA-FM-TX-80-S1-FD-ES12,0.01818181818181818,0.13360853142453696,7.348469228349534,0.9818181818181818,0.0007393548677952348,False,0.03636363636363636,2024-06-17,109,intermittent,full,0.07692307692307693,0.9230769230769231
CA-FM-TX-80-S1-FD-ES14,0.03636363636363636,0.18719327529067276,5.147815070493501,0.9636363636363636,0.00108198273335888,False,0.07272727272727272,2024-06-17,109,intermittent,full,0.0,1.0
CA-FM-TX-80-S1-FD-EX02,0.02727272727272727,0.21144915181114557,7.753135566408671,0.9818181818181818,0.000960259675856006,False,0.05454545454545454,2024-06-17,109,intermittent,full,0.0,1.0
CA-FM-TX-80-S1-FD-EX05,0.045454545454545456,0.2082988952252655,4.582575694955841,0.9545454545454546,0.0015012510425354464,False,0.09090909090909091,2024-06-17,109,intermittent,full,0.07692307692307693,0.9230769230769231
CA-FM-TX-80-S1-FD-EX06,0.00909090909090909,0.09491187735373227,10.44030650891055,0.990909090909091,0.00041025178639857526,False,0.01818181818181818,2024-06-17,109,intermittent,full,0.07692307692307693,0.9230769230769231
CA-FM-TX-80-S1-FD-MM01,0.02727272727272727,0.16287702606517196,5.972157622389639,0.9727272727272728,0.0010864909947478753,False,0.05454545454545454,2024-06-17,109,intermittent,full,0.15384615384615385,0.8461538461538461
CA-FM-TX-80-S1-GE-V801,0.05454545454545454,0.22709083630539637,4.163331998932267,0.9454545454545454,0.002046750670603882,False,0.10909090909090909,2024-06-17,109,intermittent,full,0.15384615384615385,0.8461538461538461
CA-FM-TX-80-S1-GM-AC03,0.06363636363636363,0.24410402876541004,3.8359204520278727,0.9363636363636364,0.002411919843112504,False,0.12727272727272726,2024-06-17,109,intermittent,full,0.23076923076923078,0.7692307692307693
CA-FM-TX-80-S1-HD-CV05,0.045454545454545456,0.2082988952252655,4.582575694955841,0.9545454545454546,0.0015463336564253995,False,0.09090909090909091,2024-06-17,109,intermittent,full,0.15384615384615385,0.8461538461538461
CA-FM-TX-80-S1-HD-CV06,0.11818181818181818,0.3498523891798883,2.960289446906747,0.8909090909090909,0.004098009602596758,False,0.23636363636363636,2024-06-17,109,intermittent,full,0.15384615384615385,0.8461538461538461
CA-FM-TX-80-S1-HD-HR02,0.01818181818181818,0.18982375470746454,10.44030650891055,0.990909090909091,0.0004237765705655613,False,0.03636363636363636,2024-06-17,109,intermittent,full,0.0,1.0
CA-FM-TX-80-S1-HD-OD01,0.00909090909090909,0.09491187735373227,10.44030650891055,0.990909090909091,0.0004282848319545567,False,0.01818181818181818,2024-06-17,109,intermittent,full,0.07692307692307693,0.9230769230769231
CA-FM-TX-80-S1-HD-OD04,0.01818181818181818,0.13360853142453696,7.348469228349534,0.9818181818181818,0.0007664044361292069,False,0.03636363636363636,2024-06-17,109,intermittent,full,0.07692307692307693,0.9230769230769231
CA-FM-TX-80-S1-HD-PI02,0.03636363636363636,0.18719327529067276,5.147815070493501,0.9636363636363636,0.0016319906228163105,False,0.07272727272727272,2024-06-17,109,intermittent,full,0.23076923076923078,0.7692307692307693
CA-FM-TX-80-S1-HD-PI05,0.045454545454545456,0.24813352843556696,5.458937625582473,0.9636363636363636,0.0014110858147555396,False,0.09090909090909091,2024-06-17,109,intermittent,full,0.0,1.0
CA-FM-TX-80-S1-HD-PP04,0.05454545454545454,0.22709083630539637,4.163331998932267,0.9454545454545454,0.0021098663300498158,False,0.10909090909090909,2024-06-17,109,intermittent,full,0.23076923076923078,0.7692307692307693
CA-FM-TX-80-S1-HY-IO01,0.02727272727272727,0.16287702606517196,5.972157622389639,0.9727272727272728,0.0011586231769718008,False,0.05454545454545454,2024-06-17,109,intermittent,full,0.07692307692307693,0.9230769230769231
CA-FM-TX-80-S1-HY-KO04,0.06363636363636363,0.27887021182141764,4.382246185765135,0.9454545454545454,0.0025922502986723177,False,0.12727272727272726,2024-06-17,109,intermittent,full,0.3076923076923077,0.7692307692307693
CA-FM-TX-80-S1-HY-PA01,0.00909090909090909,0.09491187735373227,10.44030650891055,0.990909090909091,0.0004733674458445101,False,0.01818181818181818,2024-06-17,109,intermittent,full,0.07692307692307693,0.9230769230769231
CA-FM-TX-80-S1-HY-TU04,0.1,0.4033946860424326,4.033946860424326,0.9363636363636364,0.0038365304420350296,False,0.2,2024-06-17,109,intermittent,full,0.3076923076923077,0.7692307692307693
CA-FM-TX-80-S1-IN-QX01,0.00909090909090909,0.09491187735373227,10.44030650891055,0.990909090909091,0.0004643509230665193,False,0.01818181818181818,2024-06-17,109,intermittent,full,0.07692307692307693,0.9230769230769231
CA-FM-TX-80-S1-IN-X601,0.02727272727272727,0.2114491518111456,7.753135566408672,0.9818181818181818,0.0012938710186416607,False,0.05454545454545454,2024-06-17,109,intermittent,full,0.23076923076923078,0.8461538461538461
CA-FM-TX-80-S1-IT-S201,0.02727272727272727,0.16287702606517196,5.972157622389639,0.9727272727272728,0.0007709126975182023,False,0.05454545454545454,2024-06-17,109,intermittent,full,0.0,1.0
CA-FM-TX-80-S1-JA-E002,0.00909090909090909,0.09491187735373227,10.44030650891055,0.990909090909091,0.00032008655861866865,False,0.01818181818181818,2024-06-17,109,intermittent,full,0.0,1.0
CA-FM-TX-80-S1-JP-CH01,0.01818181818181818,0.13360853142453696,7.348469228349534,0.9818181818181818,0.0008024705272411697,False,0.03636363636363636,2024-06-17,109,intermittent,full,0.07692307692307693,0.9230769230769231
CA-FM-TX-80-S1-JP-CH04,0.03636363636363636,0.23070140982635487,6.344288770224759,0.9727272727272728,0.0015508419178143944,False,0.07272727272727272,2024-06-17,109,intermittent,full,0.23076923076923078,0.8461538461538461
CA-FM-TX-80-S1-JP-GCL1,0.05454545454545454,0.22709083630539637,4.163331998932267,0.9454545454545454,0.002100849807271826,False,0.10909090909090909,2024-06-17,109,intermittent,full,0.07692307692307693,0.9230769230769231
CA-FM-TX-80-S1-JP-WR03,0.06363636363636363,0.27887021182141764,4.382246185765135,0.9454545454545454,0.002249622433108671,False,0.12727272727272726,2024-06-17,109,intermittent,full,0.15384615384615385,0.9230769230769231
CA-FM-TX-80-S1-KI-SL02,0.02727272727272727,0.16287702606517196,5.972157622389639,0.9727272727272728,0.0010053422897459594,False,0.05454545454545454,2024-06-17,109,intermittent,full,0.07692307692307693,0.9230769230769231
CA-FM-TX-80-S1-KI-SO03,0.01818181818181818,0.13360853142453696,7.348469228349534,0.9818181818181818,0.0006311565944593469,False,0.03636363636363636,2024-06-17,109,intermittent,full,0.0,1.0
CA-FM-TX-80-S1-KI-SP04,0.02727272727272727,0.16287702606517196,5.972157622389639,0.9727272727272728,0.0009151770619660527,False,0.05454545454545454,2024-06-17,109,intermittent,full,0.0,1.0
CA-FM-TX-80-S1-KI-SP05,0.05454545454545454,0.22709083630539637,4.163331998932267,0.9454545454545454,0.002263147217275657,False,0.10909090909090909,2024-06-17,109,intermittent,full,0.3076923076923077,0.6923076923076923
CA-FM-TX-80-S1-LR-RS02,0.02727272727272727,0.16287702606517196,5.972157622389639,0.9727272727272728,0.0009512431530780153,False,0.05454545454545454,2024-06-17,109,intermittent,full,0.0,1.0
CA-FM-TX-80-S1-LX-GX02,0.03636363636363636,0.18719327529067276,5.147815070493501,0.9636363636363636,0.001054933165024908,False,0.07272727272727272,2024-06-17,109,intermittent,full,0.0,1.0
CA-FM-TX-80-S1-LX-GX03,0.14545454545454545,0.4228983036222912,2.907425837403252,0.8818181818181818,0.004923021436782905,False,0.2909090909090909,2024-06-17,109,intermittent,full,0.23076923076923078,0.7692307692307693
CA-FM-TX-80-S1-LX-LX03,0.00909090909090909,0.09491187735373227,10.44030650891055,0.990909090909091,0.0004553344002885287,False,0.01818181818181818,2024-06-17,109,intermittent,full,0.07692307692307693,0.9230769230769231
CA-FM-TX-80-S1-LX-NX01,0.02727272727272727,0.16287702606517196,5.972157622389639,0.9727272727272728,0.0011225570858598383,False,0.05454545454545454,2024-06-17,109,intermittent,full,0.15384615384615385,0.8461538461538461
CA-FM-TX-80-S1-LX-NX02,0.02727272727272727,0.16287702606517196,5.972157622389639,0.9727272727272728,0.0011135405630818475,False,0.05454545454545454,2024-06-17,109,intermittent,full,0.15384615384615385,0.8461538461538461
CA-FM-TX-80-S1-LX-RX02,0.06363636363636363,0.27887021182141764,4.382246185765135,0.9454545454545454,0.002312738092554607,False,0.12727272727272726,2024-06-17,109,intermittent,full,0.23076923076923078,0.8461538461538461
CA-FM-TX-80-S1-LX-RX03,0.045454545454545456,0.2082988952252655,4.582575694955841,0.9545454545454546,0.0017537136803191847,False,0.09090909090909091,2024-06-17,109,intermittent,full,0.23076923076923078,0.7692307692307693
CA-FM-TX-80-S1-LX-RX05,0.05454545454545454,0.26410616447879914,4.841946348777984,0.9545454545454546,0.0017762549872641614,False,0.10909090909090909,2024-06-17,109,intermittent,full,0.15384615384615385,0.8461538461538461
CA-FM-TX-80-S1-LX-RX06,0.01818181818181818,0.13360853142453696,7.348469228349534,0.9818181818181818,0.0005590244122354215,False,0.03636363636363636,2024-06-17,109,intermittent,full,0.0,1.0
CA-FM-TX-80-S1-MA-C501,0.045454545454545456,0.24813352843556696,5.458937625582473,0.9636363636363636,0.0019430606586569891,False,0.09090909090909091,2024-06-17,109,intermittent,full,0.3076923076923077,0.7692307692307693
CA-FM-TX-80-S1-MA-C502,0.07272727272727272,0.25968830649246727,3.570714214271425,0.9272727272727272,0.0024975768095034153,False,0.14545454545454545,2024-06-17,109,intermittent,full,0.07692307692307693,0.9230769230769231
CA-FM-TX-80-S1-MA-C901,0.00909090909090909,0.09491187735373227,10.44030650891055,0.990909090909091,0.000311070035840678,False,0.01818181818181818,2024-06-17,109,intermittent,full,0.0,1.0
CA-FM-TX-80-S1-MA-C902,0.02727272727272727,0.16287702606517196,5.972157622389639,0.9727272727272728,0.000996325766967969,False,0.05454545454545454,2024-06-17,109,intermittent,full,0.07692307692307693,0.9230769230769231
CA-FM-TX-80-S1-MA-CX31,0.03636363636363636,0.18719327529067276,5.147815070493501,0.9636363636363636,0.0012623131889186938,False,0.07272727272727272,2024-06-17,109,intermittent,full,0.15384615384615385,0.8461538461538461
CA-FM-TX-80-S1-MB-G003,0.00909090909090909,0.09491187735373227,10.44030650891055,0.990909090909091,0.0002659874219507247,False,0.01818181818181818,2024-06-17,109,intermittent,full,0.0,1.0
CA-FM-TX-80-S1-MB-GCC1,0.02727272727272727,0.16287702606517196,5.972157622389639,0.9727272727272728,0.001077474471969885,False,0.05454545454545454,2024-06-17,109,intermittent,full,0.07692307692307693,0.9230769230769231
CA-FM-TX-80-S1-NS-KI01,0.00909090909090909,0.09491187735373227,10.44030650891055,0.990909090909091,0.0003741856952866126,False,0.01818181818181818,2024-06-17,109,intermittent,full,0.0,1.0
CA-FM-TX-80-S1-NS-RO02,0.06363636363636363,0.24410402876541004,3.8359204520278727,0.9363636363636364,0.0026643824808962424,False,0.12727272727272726,2024-06-17,109,intermittent,full,0.3076923076923077,0.6923076923076923
CA-FM-TX-80-S1-SN-XB01,0.02727272727272727,0.162877026065172,5.9721576223896395,0.9727272727272728,0.001176656222527782,False,0.05454545454545454,2024-06-17,109,intermittent,full,0.15384615384615385,0.8461538461538461
CA-FM-TX-80-S1-SN-XB02,0.00909090909090909,0.09491187735373227,10.44030650891055,0.990909090909091,0.0002569708991727341,False,0.01818181818181818,2024-06-17,109,intermittent,full,0.0,1.0
CA-FM-TX-80-S1-SU-AS01,0.03636363636363636,0.18719327529067276,5.147815070493501,0.9636363636363636,0.0014155940761445345,False,0.07272727272727272,2024-06-17,109,intermittent,full,0.07692307692307693,0.9230769230769231
CA-FM-TX-80-S1-SU-CR02,0.05454545454545454,0.22709083630539637,4.163331998932267,0.9454545454545454,0.0023352793994995823,False,0.10909090909090909,2024-06-17,109,intermittent,full,0.3076923076923077,0.6923076923076923
CA-FM-TX-80-S1-SU-FO04,0.045454545454545456,0.24813352843556696,5.458937625582473,0.9636363636363636,0.0016815814980952592,False,0.09090909090909091,2024-06-17,109,intermittent,full,0.07692307692307693,0.9230769230769231
CA-FM-TX-80-S1-SU-FO05,0.03636363636363636,0.23070140982635487,6.344288770224759,0.9727272727272728,0.0012803462344746746,False,0.07272727272727272,2024-06-17,109,intermittent,full,0.07692307692307693,0.9230769230769231
CA-FM-TX-80-S1-SU-OU06,0.06363636363636363,0.24410402876541004,3.8359204520278727,0.9363636363636364,0.002060275454770867,False,0.12727272727272726,2024-06-17,109,intermittent,full,0.07692307692307693,0.9230769230769231
CA-FM-TX-80-S1-SU-OU07,0.06363636363636363,0.27887021182141764,4.382246185765135,0.9454545454545454,0.002060275454770867,False,0.12727272727272726,2024-06-17,109,intermittent,full,0.15384615384615385,0.8461538461538461
CA-FM-TX-80-S1-SU-SO01,0.01818181818181818,0.13360853142453696,7.348469228349534,0.9818181818181818,0.0007213218222392535,False,0.03636363636363636,2024-06-17,109,intermittent,full,0.0,1.0
CA-FM-TX-80-S1-TE-MY01,0.01818181818181818,0.13360853142453696,7.348469228349534,0.9818181818181818,0.0007573879133512158,False,0.03636363636363636,2024-06-17,109,intermittent,full,0.07692307692307693,0.9230769230769231
CA-FM-TX-80-S1-TT-4R03,0.03636363636363636,0.18719327529067276,5.147815070493501,0.9636363636363636,0.001244280143362712,False,0.07272727272727272,2024-06-17,109,intermittent,full,0.07692307692307693,0.9230769230769231
CA-FM-TX-80-S1-TT-CHR1,0.00909090909090909,0.09491187735373227,10.44030650891055,0.990909090909091,0.00032910308139665935,False,0.01818181818181818,2024-06-17,109,intermittent,full,0.0,1.0
CA-FM-TX-80-S1-TT-HI02,0.03636363636363636,0.23070140982635487,6.344288770224759,0.9727272727272728,0.001334445371142619,False,0.07272727272727272,2024-06-17,109,intermittent,full,0.07692307692307693,0.9230769230769231
CA-FM-TX-80-S1-TT-HI03,0.02727272727272727,0.16287702606517196,5.972157622389639,0.9727272727272728,0.0010774744719698845,False,0.05454545454545454,2024-06-17,109,intermittent,full,0.07692307692307693,0.9230769230769231
CA-FM-TX-80-S1-TT-HI04,0.01818181818181818,0.13360853142453696,7.348469228349534,0.9818181818181818,0.0008565696639091134,False,0.03636363636363636,2024-06-17,109,intermittent,full,0.15384615384615385,0.8461538461538461
CA-FM-TX-80-S1-TT-HI05,0.00909090909090909,0.09491187735373227,10.44030650891055,0.990909090909091,0.0004012352636205847,False,0.01818181818181818,2024-06-17,109,intermittent,full,0.07692307692307693,0.9230769230769231
CA-FM-TX-80-S1-TT-HI07,0.045454545454545456,0.24813352843556696,5.458937625582473,0.9636363636363636,0.0018168293397651193,False,0.09090909090909091,2024-06-17,109,intermittent,full,0.15384615384615385,0.8461538461538461
CA-FM-TX-80-S1-TT-RV02,0.01818181818181818,0.13360853142453696,7.348469228349534,0.9818181818181818,0.000513941798345468,False,0.03636363636363636,2024-06-17,109,intermittent,full,0.0,1.0
CA-FM-TX-80-S1-TT-RV03,0.06363636363636363,0.27887021182141764,4.382246185765135,0.9454545454545454,0.002538151162004373,False,0.12727272727272726,2024-06-17,109,intermittent,full,0.3076923076923077,0.7692307692307693
CA-FM-TX-80-S1-TT-RV04,0.07272727272727272,0.29260867162601967,4.02336923485777,0.9363636363636364,0.002488560286725424,False,0.14545454545454545,2024-06-17,109,intermittent,full,0.23076923076923078,0.7692307692307693
CA-FM-TX-80-S1-TT-SE04,0.045454545454545456,0.20829889522526548,4.582575694955841,0.9545454545454546,0.0017176475892072224,False,0.09090909090909091,2024-06-17,109,intermittent,full,0.15384615384615385,0.8461538461538461
CA-FM-TX-80-S2-AR-RD03,0.00909090909090909,0.09491187735373227,10.44030650891055,0.990909090909091,0.00020287176250479005,False,0.01818181818181818,2024-06-17,109,intermittent,full,0.0,1.0
CA-FM-TX-80-S2-BK-EN01,0.00909090909090909,0.09491187735373227,10.44030650891055,0.990909090909091,0.00041025178639857526,False,0.01818181818181818,2024-06-17,109,intermittent,full,0.07692307692307693,0.9230769230769231
CA-FM-TX-80-S2-BK-EV02,0.01818181818181818,0.13360853142453696,7.348469228349534,0.9818181818181818,0.0006582061627933187,False,0.03636363636363636,2024-06-17,109,intermittent,full,0.07692307692307693,0.9230769230769231
CA-FM-TX-80-S2-BM-X303,0.02727272727272727,0.16287702606517196,5.972157622389639,0.9727272727272728,0.0008971440164100713,False,0.05454545454545454,2024-06-17,109,intermittent,full,0.07692307692307693,0.9230769230769231
CA-FM-TX-80-S2-BM-X701,0.00909090909090909,0.09491187735373227,10.44030650891055,0.990909090909091,0.0003020535130626874,False,0.01818181818181818,2024-06-17,109,intermittent,full,0.0,1.0
CA-FM-TX-80-S2-CD-ES03,0.07272727272727272,0.29260867162601967,4.02336923485777,0.9363636363636364,0.002668890742285238,False,0.14545454545454545,2024-06-17,109,intermittent,full,0.23076923076923078,0.8461538461538461
CA-FM-TX-80-S2-CD-X501,0.01818181818181818,0.13360853142453696,7.348469228349534,0.9818181818181818,0.0008655861866871039,False,0.03636363636363636,2024-06-17,109,intermittent,full,0.15384615384615385,0.8461538461538461
CA-FM-TX-80-S2-CH-BL04,0.06363636363636363,0.3097586370436513,4.867635724971664,0.9545454545454546,0.0029438946870139534,False,0.12727272727272726,2024-06-17,109,intermittent,full,0.46153846153846156,0.6923076923076923
CA-FM-TX-80-S2-CH-BO03,0.00909090909090909,0.09491187735373227,10.44030650891055,0.990909090909091,0.0004012352636205847,False,0.01818181818181818,2024-06-17,109,intermittent,full,0.07692307692307693,0.9230769230769231
CA-FM-TX-80-S2-CH-EQ02,0.00909090909090909,0.09491187735373227,10.44030650891055,0.990909090909091,0.0002930369902846967,False,0.01818181818181818,2024-06-17,109,intermittent,full,0.0,1.0
CA-FM-TX-80-S2-CH-TZ03,0.01818181818181818,0.18982375470746454,10.44030650891055,0.990909090909091,0.0008926357550210763,False,0.03636363636363636,2024-06-17,109,intermittent,full,0.15384615384615385,0.9230769230769231
CA-FM-TX-80-S2-DO-DU03,0.06363636363636363,0.27887021182141764,4.382246185765135,0.9454545454545454,0.0021143745914388116,False,0.12727272727272726,2024-06-17,109,intermittent,full,0.15384615384615385,0.8461538461538461
CA-FM-TX-80-S2-FD-BR05,0.09090909090909091,0.34497574474564136,3.7947331922020546,0.9272727272727272,0.003687757816198183,False,0.18181818181818182,2024-06-17,109,intermittent,full,0.38461538461538464,0.6923076923076923
CA-FM-TX-80-S2-FD-BT01,0.045454545454545456,0.24813352843556696,5.458937625582473,0.9636363636363636,0.0016184658386493246,False,0.09090909090909091,2024-06-17,109,intermittent,full,0.07692307692307693,0.9230769230769231
CA-FM-TX-80-S2-FD-ES12,0.045454545454545456,0.2082988952252655,4.582575694955841,0.9545454545454546,0.0015192840880914275,False,0.09090909090909091,2024-06-17,109,intermittent,full,0.07692307692307693,0.9230769230769231
CA-FM-TX-80-S2-FD-EU01,0.08181818181818182,0.3054599566620262,3.7333994703136533,0.9272727272727272,0.003016026869237879,False,0.16363636363636364,2024-06-17,109,intermittent,full,0.15384615384615385,0.8461538461538461
CA-FM-TX-80-S2-FD-EX02,0.01818181818181818,0.13360853142453696,7.348469228349534,0.9818181818181818,0.0006672226855713093,False,0.03636363636363636,2024-06-17,109,intermittent,full,0.0,1.0
CA-FM-TX-80-S2-FD-EX05,0.01818181818181818,0.13360853142453696,7.348469228349534,0.9818181818181818,0.0006131235489033656,False,0.03636363636363636,2024-06-17,109,intermittent,full,0.07692307692307693,0.9230769230769231
CA-FM-TX-80-S2-FD-MM01,0.02727272727272727,0.16287702606517196,5.972157622389639,0.9727272727272728,0.0010864909947478753,False,0.05454545454545454,2024-06-17,109,intermittent,full,0.15384615384615385,0.8461538461538461
CA-FM-TX-80-S2-GE-V801,0.05454545454545454,0.22709083630539637,4.163331998932267,0.9454545454545454,0.002046750670603882,False,0.10909090909090909,2024-06-17,109,intermittent,full,0.15384615384615385,0.8461538461538461
CA-FM-TX-80-S2-GM-AC03,0.06363636363636363,0.24410402876541004,3.8359204520278727,0.9363636363636364,0.002411919843112504,False,0.12727272727272726,2024-06-17,109,intermittent,full,0.23076923076923078,0.7692307692307693
CA-FM-TX-80-S2-HD-CV05,0.045454545454545456,0.2082988952252655,4.582575694955841,0.9545454545454546,0.0015463336564253995,False,0.09090909090909091,2024-06-17,109,intermittent,full,0.15384615384615385,0.8461538461538461
CA-FM-TX-80-S2-HD-CV06,0.13636363636363635,0.41510727479384996,3.0441200151549,0.8909090909090909,0.00507179406261975,False,0.2727272727272727,2024-06-17,109,intermittent,full,0.3076923076923077,0.7692307692307693
CA-FM-TX-80-S2-HD-HR02,0.00909090909090909,0.09491187735373227,10.44030650891055,0.990909090909091,0.00024795437639474344,False,0.01818181818181818,2024-06-17,109,intermittent,full,0.0,1.0
CA-FM-TX-80-S2-HD-OD04,0.01818181818181818,0.13360853142453696,7.348469228349534,0.9818181818181818,0.0007664044361292069,False,0.03636363636363636,2024-06-17,109,intermittent,full,0.07692307692307693,0.9230769230769231
CA-FM-TX-80-S2-HD-PI02,0.03636363636363636,0.18719327529067276,5.147815070493501,0.9636363636363636,0.0016319906228163105,False,0.07272727272727272,2024-06-17,109,intermittent,full,0.23076923076923078,0.7692307692307693
CA-FM-TX-80-S2-HD-PI05,0.02727272727272727,0.21144915181114557,7.753135566408671,0.9818181818181818,0.0009332101075220342,False,0.05454545454545454,2024-06-17,109,intermittent,full,0.0,1.0
CA-FM-TX-80-S2-HD-PP04,0.05454545454545454,0.22709083630539637,4.163331998932267,0.9454545454545454,0.0017221558505962175,False,0.10909090909090909,2024-06-17,109,intermittent,full,0.07692307692307693,0.9230769230769231
CA-FM-TX-80-S2-HY-IO01,0.02727272727272727,0.16287702606517196,5.972157622389639,0.9727272727272728,0.0011586231769718008,False,0.05454545454545454,2024-06-17,109,intermittent,full,0.07692307692307693,0.9230769230769231
CA-FM-TX-80-S2-HY-KO04,0.045454545454545456,0.24813352843556696,5.458937625582473,0.9636363636363636,0.0018348623853211008,False,0.09090909090909091,2024-06-17,109,intermittent,full,0.23076923076923078,0.8461538461538461
CA-FM-TX-80-S2-HY-PA01,0.00909090909090909,0.09491187735373227,10.44030650891055,0.990909090909091,0.0004733674458445101,False,0.01818181818181818,2024-06-17,109,intermittent,full,0.07692307692307693,0.9230769230769231
CA-FM-TX-80-S2-HY-TU03,0.02727272727272727,0.16287702606517196,5.972157622389639,0.9727272727272728,0.0009151770619660527,False,0.05454545454545454,2024-06-17,109,intermittent,full,0.0,1.0
CA-FM-TX-80-S2-HY-TU04,0.045454545454545456,0.24813352843556696,5.458937625582473,0.9636363636363636,0.0019430606586569891,False,0.09090909090909091,2024-06-17,109,intermittent,full,0.15384615384615385,0.8461538461538461
CA-FM-TX-80-S2-HY-TU08,0.045454545454545456,0.28240408303652853,6.212889826803628,0.9727272727272728,0.0014471519058675024,False,0.09090909090909091,2024-06-17,109,intermittent,full,0.07692307692307693,0.9230769230769231
CA-FM-TX-80-S2-IN-QX01,0.00909090909090909,0.09491187735373227,10.44030650891055,0.990909090909091,0.0004643509230665193,False,0.01818181818181818,2024-06-17,109,intermittent,full,0.07692307692307693,0.9230769230769231
CA-FM-TX-80-S2-IN-X601,0.03636363636363636,0.2307014098263549,6.34428877022476,0.9727272727272728,0.0017311723733742079,False,0.07272727272727272,2024-06-17,109,intermittent,full,0.3076923076923077,0.7692307692307693
CA-FM-TX-80-S2-IT-S201,0.01818181818181818,0.13360853142453696,7.348469228349534,0.9818181818181818,0.00041476004778757074,False,0.03636363636363636,2024-06-17,109,intermittent,full,0.0,1.0
CA-FM-TX-80-S2-JA-E002,0.00909090909090909,0.09491187735373227,10.44030650891055,0.990909090909091,0.00032008655861866865,False,0.01818181818181818,2024-06-17,109,intermittent,full,0.0,1.0
CA-FM-TX-80-S2-JP-CH01,0.01818181818181818,0.13360853142453696,7.348469228349534,0.9818181818181818,0.0008024705272411697,False,0.03636363636363636,2024-06-17,109,intermittent,full,0.07692307692307693,0.9230769230769231
CA-FM-TX-80-S2-JP-CH04,0.02727272727272727,0.16287702606517196,5.972157622389639,0.9727272727272728,0.0011225570858598383,False,0.05454545454545454,2024-06-17,109,intermittent,full,0.15384615384615385,0.8461538461538461
CA-FM-TX-80-S2-JP-GCL3,0.02727272727272727,0.162877026065172,5.9721576223896395,0.9727272727272728,0.0011586231769718008,False,0.05454545454545454,2024-06-17,109,intermittent,full,0.07692307692307693,0.9230769230769231
CA-FM-TX-80-S2-JP-WR05,0.00909090909090909,0.09491187735373227,10.44030650891055,0.990909090909091,0.0002930369902846967,False,0.01818181818181818,2024-06-17,109,intermittent,full,0.0,1.0
CA-FM-TX-80-S2-JP-WR06,0.00909090909090909,0.09491187735373227,10.44030650891055,0.990909090909091,0.000419268309176566,False,0.01818181818181818,2024-06-17,109,intermittent,full,0.07692307692307693,0.9230769230769231
CA-FM-TX-80-S2-KI-SL02,0.01818181818181818,0.13360853142453696,7.348469228349534,0.9818181818181818,0.0006672226855713098,False,0.03636363636363636,2024-06-17,109,intermittent,full,0.07692307692307693,0.9230769230769231
CA-FM-TX-80-S2-KI-SP08,0.045454545454545456,0.2082988952252655,4.582575694955841,0.9545454545454546,0.0018438789080990913,False,0.09090909090909091,2024-06-17,109,intermittent,full,0.23076923076923078,0.7692307692307693
CA-FM-TX-80-S2-LR-RS02,0.02727272727272727,0.16287702606517196,5.972157622389639,0.9727272727272728,0.0010774744719698845,False,0.05454545454545454,2024-06-17,109,intermittent,full,0.07692307692307693,0.9230769230769231
CA-FM-TX-80-S2-LX-GX02,0.14545454545454545,0.4438747496630438,3.0516389039334264,0.8818181818181818,0.004418096161215426,False,0.2909090909090909,2024-06-17,109,intermittent,full,0.07692307692307693,0.9230769230769231
CA-FM-TX-80-S2-LX-LX03,0.00909090909090909,0.09491187735373227,10.44030650891055,0.990909090909091,0.0004553344002885287,False,0.01818181818181818,2024-06-17,109,intermittent,full,0.07692307692307693,0.9230769230769231
CA-FM-TX-80-S2-LX-NX01,0.01818181818181818,0.13360853142453696,7.348469228349534,0.9818181818181818,0.0007123052994612629,False,0.03636363636363636,2024-06-17,109,intermittent,full,0.07692307692307693,0.9230769230769231
CA-FM-TX-80-S2-LX-NX02,0.02727272727272727,0.16287702606517196,5.972157622389639,0.9727272727272728,0.0011135405630818475,False,0.05454545454545454,2024-06-17,109,intermittent,full,0.15384615384615385,0.8461538461538461
CA-FM-TX-80-S2-LX-RX02,0.045454545454545456,0.24813352843556696,5.458937625582473,0.9636363636363636,0.0017717467258751662,False,0.09090909090909091,2024-06-17,109,intermittent,full,0.23076923076923078,0.8461538461538461
CA-FM-TX-80-S2-LX-RX03,0.06363636363636363,0.24410402876541004,3.8359204520278727,0.9363636363636364,0.002312738092554607,False,0.12727272727272726,2024-06-17,109,intermittent,full,0.23076923076923078,0.7692307692307693
CA-FM-TX-80-S2-LX-RX05,0.05454545454545454,0.26410616447879914,4.841946348777984,0.9545454545454546,0.0017762549872641614,False,0.10909090909090909,2024-06-17,109,intermittent,full,0.15384615384615385,0.8461538461538461
CA-FM-TX-80-S2-MA-C501,0.11818181818181818,0.34985238917988837,2.960289446906748,0.8909090909090909,0.004602934878164234,False,0.23636363636363636,2024-06-17,109,intermittent,full,0.46153846153846156,0.6153846153846154
CA-FM-TX-80-S2-MA-C901,0.00909090909090909,0.09491187735373227,10.44030650891055,0.990909090909091,0.000311070035840678,False,0.01818181818181818,2024-06-17,109,intermittent,full,0.0,1.0
CA-FM-TX-80-S2-MA-C902,0.01818181818181818,0.13360853142453696,7.348469228349534,0.9818181818181818,0.0007934540044631789,False,0.03636363636363636,2024-06-17,109,intermittent,full,0.07692307692307693,0.9230769230769231
CA-FM-TX-80-S2-MA-X501,0.02727272727272727,0.16287702606517196,5.972157622389639,0.9727272727272728,0.0008430448797421276,False,0.05454545454545454,2024-06-17,109,intermittent,full,0.07692307692307693,0.9230769230769231
CA-FM-TX-80-S2-MB-G003,0.00909090909090909,0.09491187735373227,10.44030650891055,0.990909090909091,0.0002659874219507247,False,0.01818181818181818,2024-06-17,109,intermittent,full,0.0,1.0
CA-FM-TX-80-S2-MB-GC01,0.00909090909090909,0.09491187735373227,10.44030650891055,0.990909090909091,0.00044631787751053814,False,0.01818181818181818,2024-06-17,109,intermittent,full,0.07692307692307693,0.9230769230769231
CA-FM-TX-80-S2-NS-KI01,0.00909090909090909,0.09491187735373227,10.44030650891055,0.990909090909091,0.0003741856952866126,False,0.01818181818181818,2024-06-17,109,intermittent,full,0.0,1.0
CA-FM-TX-80-S2-NS-RO02,0.03636363636363636,0.18719327529067276,5.147815070493501,0.9636363636363636,0.0014787097355904695,False,0.07272727272727272,2024-06-17,109,intermittent,full,0.23076923076923078,0.7692307692307693
CA-FM-TX-80-S2-SN-XB01,0.02727272727272727,0.162877026065172,5.9721576223896395,0.9727272727272728,0.001176656222527782,False,0.05454545454545454,2024-06-17,109,intermittent,full,0.15384615384615385,0.8461538461538461
CA-FM-TX-80-S2-SN-XB02,0.00909090909090909,0.09491187735373227,10.44030650891055,0.990909090909091,0.0002569708991727341,False,0.01818181818181818,2024-06-17,109,intermittent,full,0.0,1.0
CA-FM-TX-80-S2-SU-AS01,0.03636363636363636,0.18719327529067276,5.147815070493501,0.9636363636363636,0.0014155940761445345,False,0.07272727272727272,2024-06-17,109,intermittent,full,0.07692307692307693,0.9230769230769231
CA-FM-TX-80-S2-SU-CR02,0.05454545454545454,0.22709083630539634,4.163331998932266,0.9454545454545454,0.0023983950589455175,False,0.10909090909090909,2024-06-17,109,intermittent,full,0.3076923076923077,0.6923076923076923
CA-FM-TX-80-S2-SU-FO04,0.045454545454545456,0.24813352843556696,5.458937625582473,0.9636363636363636,0.0016815814980952592,False,0.09090909090909091,2024-06-17,109,intermittent,full,0.07692307692307693,0.9230769230769231
CA-FM-TX-80-S2-SU-FO05,0.01818181818181818,0.13360853142453696,7.348469228349534,0.9818181818181818,0.0006942722539052814,False,0.03636363636363636,2024-06-17,109,intermittent,full,0.07692307692307693,0.9230769230769231
CA-FM-TX-80-S2-SU-OU06,0.05454545454545454,0.22709083630539637,4.163331998932267,0.9454545454545454,0.001704122805040236,False,0.10909090909090909,2024-06-17,109,intermittent,full,0.07692307692307693,0.9230769230769231
CA-FM-TX-80-S2-SU-OU07,0.05454545454545454,0.26410616447879914,4.841946348777984,0.9545454545454546,0.001740188896152199,False,0.10909090909090909,2024-06-17,109,intermittent,full,0.15384615384615385,0.8461538461538461
CA-FM-TX-80-S2-SU-SO01,0.01818181818181818,0.13360853142453696,7.348469228349534,0.9818181818181818,0.0007213218222392535,False,0.03636363636363636,2024-06-17,109,intermittent,full,0.0,1.0
CA-FM-TX-80-S2-TE-MY01,0.01818181818181818,0.13360853142453696,7.348469228349534,0.9818181818181818,0.0007573879133512158,False,0.03636363636363636,2024-06-17,109,intermittent,full,0.07692307692307693,0.9230769230769231
CA-FM-TX-80-S2-TT-4R03,0.03636363636363636,0.18719327529067276,5.147815070493501,0.9636363636363636,0.001244280143362712,False,0.07272727272727272,2024-06-17,109,intermittent,full,0.07692307692307693,0.9230769230769231
CA-FM-TX-80-S2-TT-CHR1,0.00909090909090909,0.09491187735373227,10.44030650891055,0.990909090909091,0.00032910308139665935,False,0.01818181818181818,2024-06-17,109,intermittent,full,0.0,1.0
CA-FM-TX-80-S2-TT-HI02,0.02727272727272727,0.162877026065172,5.9721576223896395,0.9727272727272728,0.0010864909947478755,False,0.05454545454545454,2024-06-17,109,intermittent,full,0.07692307692307693,0.9230769230769231
CA-FM-TX-80-S2-TT-HI04,0.00909090909090909,0.09491187735373227,10.44030650891055,0.990909090909091,0.00044631787751053814,False,0.01818181818181818,2024-06-17,109,intermittent,full,0.07692307692307693,0.9230769230769231
CA-FM-TX-80-S2-TT-HI05,0.00909090909090909,0.09491187735373227,10.44030650891055,0.990909090909091,0.0004012352636205847,False,0.01818181818181818,2024-06-17,109,intermittent,full,0.07692307692307693,0.9230769230769231
CA-FM-TX-80-S2-TT-HI07,0.045454545454545456,0.24813352843556696,5.458937625582473,0.9636363636363636,0.0018168293397651193,False,0.09090909090909091,2024-06-17,109,intermittent,full,0.15384615384615385,0.8461538461538461
CA-FM-TX-80-S2-TT-HI08,0.00909090909090909,0.09491187735373227,10.44030650891055,0.990909090909091,0.00032008655861866865,False,0.01818181818181818,2024-06-17,109,intermittent,full,0.0,1.0
CA-FM-TX-80-S2-TT-RV03,0.06363636363636363,0.27887021182141764,4.382246185765135,0.9454545454545454,0.002538151162004373,False,0.12727272727272726,2024-06-17,109,intermittent,full,0.3076923076923077,0.7692307692307693
CA-FM-TX-80-S2-TT-RV04,0.05454545454545454,0.26410616447879914,4.841946348777984,0.9545454545454546,0.001803304555598134,False,0.10909090909090909,2024-06-17,109,intermittent,full,0.15384615384615385,0.8461538461538461
CA-FM-TX-80-S2-TT-SE01,0.03636363636363636,0.23070140982635487,6.344288770224759,0.9727272727272728,0.0010098505511349546,False,0.07272727272727272,2024-06-17,109,intermittent,full,0.07692307692307693,0.9230769230769231
CA-FM-TX-80-S2-TT-SE02,0.045454545454545456,0.2082988952252655,4.582575694955841,0.9545454545454546,0.0015192840880914273,False,0.09090909090909091,2024-06-17,109,intermittent,full,0.0,1.0
CA-FM-TX-80-S2-TT-SE04,0.03636363636363636,0.18719327529067276,5.147815070493501,0.9636363636363636,0.0014065775533665442,False,0.07272727272727272,2024-06-17,109,intermittent,full,0.15384615384615385,0.8461538461538461
CA-FM-TX-80-S3-AR-MD05,0.03636363636363636,0.2672170628490739,7.348469228349534,0.9818181818181818,0.0016590401911502825,False,0.07272727272727272,2024-06-17,109,intermittent,full,0.15384615384615385,0.9230769230769231
CA-FM-TX-80-S3-BM-X701,0.00909090909090909,0.09491187735373227,10.44030650891055,0.990909090909091,0.0003020535130626874,False,0.01818181818181818,2024-06-17,109,intermittent,full,0.0,1.0
CA-FM-TX-80-S3-CH-SU01,0.05454545454545454,0.22709083630539637,4.163331998932267,0.9454545454545454,0.0019205193517120123,False,0.10909090909090909,2024-06-17,109,intermittent,full,0.15384615384615385,0.8461538461538461
CA-FM-TX-80-S3-FD-EU01,0.06363636363636363,0.27887021182141764,4.382246185765135,0.9454545454545454,0.0024660189797804477,False,0.12727272727272726,2024-06-17,109,intermittent,full,0.15384615384615385,0.8461538461538461
CA-FM-TX-80-S3-FD-EX05,0.02727272727272727,0.16287702606517196,5.972157622389639,0.9727272727272728,0.0010684579491918942,False,0.05454545454545454,2024-06-17,109,intermittent,full,0.15384615384615385,0.8461538461538461
CA-FM-TX-80-S3-GM-AC01,0.00909090909090909,0.09491187735373227,10.44030650891055,0.990909090909091,0.00041025178639857526,False,0.01818181818181818,2024-06-17,109,intermittent,full,0.07692307692307693,0.9230769230769231
CA-FM-TX-80-S3-GM-AC03,0.06363636363636363,0.2788702118214176,4.382246185765134,0.9454545454545454,0.002655365958118252,False,0.12727272727272726,2024-06-17,109,intermittent,full,0.3076923076923077,0.7692307692307693
CA-FM-TX-80-S3-HD-PI02,0.03636363636363636,0.18719327529067276,5.147815070493501,0.9636363636363636,0.0016319906228163105,False,0.07272727272727272,2024-06-17,109,intermittent,full,0.23076923076923078,0.7692307692307693
CA-FM-TX-80-S3-HD-PI15,0.02727272727272727,0.162877026065172,5.9721576223896395,0.9727272727272728,0.0010594414264139033,False,0.05454545454545454,2024-06-17,109,intermittent,full,0.07692307692307693,0.9230769230769231
CA-FM-TX-80-S3-HY-PA01,0.01818181818181818,0.13360853142453696,7.348469228349534,0.9818181818181818,0.0009557514144670108,False,0.03636363636363636,2024-06-17,109,intermittent,full,0.15384615384615385,0.8461538461538461
CA-FM-TX-80-S3-IN-QX01,0.00909090909090909,0.09491187735373227,10.44030650891055,0.990909090909091,0.0004643509230665193,False,0.01818181818181818,2024-06-17,109,intermittent,full,0.07692307692307693,0.9230769230769231
CA-FM-TX-80-S3-IN-X601,0.02727272727272727,0.2114491518111456,7.753135566408672,0.9818181818181818,0.0012938710186416607,False,0.05454545454545454,2024-06-17,109,intermittent,full,0.23076923076923078,0.8461538461538461
CA-FM-TX-80-S3-JP-GCL1,0.01818181818181818,0.13360853142453696,7.348469228349534,0.9818181818181818,0.0008114870500191599,False,0.03636363636363636,2024-06-17,109,intermittent,full,0.07692307692307693,0.9230769230769231
CA-FM-TX-80-S3-KI-SO03,0.00909090909090909,0.09491187735373227,10.44030650891055,0.990909090909091,0.0004282848319545567,False,0.01818181818181818,2024-06-17,109,intermittent,full,0.07692307692307693,0.9230769230769231
CA-FM-TX-80-S3-LX-LX03,0.00909090909090909,0.09491187735373227,10.44030650891055,0.990909090909091,0.0004553344002885287,False,0.01818181818181818,2024-06-17,109,intermittent,full,0.07692307692307693,0.9230769230769231
CA-FM-TX-80-S3-MA-C901,0.00909090909090909,0.09491187735373227,10.44030650891055,0.990909090909091,0.000311070035840678,False,0.01818181818181818,2024-06-17,109,intermittent,full,0.0,1.0
CA-FM-TX-80-S3-MA-C902,0.00909090909090909,0.09491187735373227,10.44030650891055,0.990909090909091,0.00034713612695264084,False,0.01818181818181818,2024-06-17,109,intermittent,full,0.0,1.0
CA-FM-TX-80-S3-SU-AS01,0.01818181818181818,0.13360853142453696,7.348469228349534,0.9818181818181818,0.0007573879133512162,False,0.03636363636363636,2024-06-17,109,intermittent,full,0.07692307692307693,0.9230769230769231
CA-FM-TX-80-S3-TT-HI02,0.02727272727272727,0.162877026065172,5.9721576223896395,0.9727272727272728,0.0010864909947478755,False,0.05454545454545454,2024-06-17,109,intermittent,full,0.07692307692307693,0.9230769230769231
CA-FM-TX-80-S3-TT-HI05,0.00909090909090909,0.09491187735373227,10.44030650891055,0.990909090909091,0.0004012352636205847,False,0.01818181818181818,2024-06-17,109,intermittent,full,0.07692307692307693,0.9230769230769231
CA-FM-TX-80-S3-TT-HI07,0.05454545454545454,0.2965364805509107,5.436502143433363,0.9636363636363636,0.0021819985122737413,False,0.10909090909090909,2024-06-17,109,intermittent,full,0.15384615384615385,0.8461538461538461
CA-FM-TX-80-S3-TT-HI08,0.00909090909090909,0.09491187735373227,10.44030650891055,0.990909090909091,0.00032008655861866865,False,0.01818181818181818,2024-06-17,109,intermittent,full,0.0,1.0
CA-FM-TX-80-S3-TT-SE01,0.02727272727272727,0.21144915181114557,7.753135566408671,0.9818181818181818,0.0006176318102923609,False,0.05454545454545454,2024-06-17,109,intermittent,full,0.0,1.0
CA-FM-TX-80-S3-TT-SE02,0.03636363636363636,0.18719327529067276,5.147815070493501,0.9636363636363636,0.001172147961138787,False,0.07272727272727272,2024-06-17,109,intermittent,full,0.0,1.0
CA-FM-TX-80-S3-TT-SE04,0.02727272727272727,0.162877026065172,5.9721576223896395,0.9727272727272728,0.001023375335301941,False,0.05454545454545454,2024-06-17,109,intermittent,full,0.07692307692307693,0.9230769230769231
CA-FM-TX-80-S3-TT-SE05,0.00909090909090909,0.09491187735373227,10.44030650891055,0.990909090909091,0.00041025178639857526,False,0.01818181818181818,2024-06-17,109,intermittent,full,0.07692307692307693,0.9230769230769231
CA-FM-TX-80-T1-CH-C102,0.05454545454545454,0.26410616447879914,4.841946348777984,0.9545454545454546,0.0021008498072718255,False,0.10909090909090909,2024-06-17,109,intermittent,full,0.23076923076923078,0.7692307692307693
CA-FM-TX-80-T1-CH-CD01,0.01818181818181818,0.13360853142453696,7.348469228349534,0.9818181818181818,0.0007123052994612629,False,0.03636363636363636,2024-06-17,109,intermittent,full,0.07692307692307693,0.9230769230769231
CA-FM-TX-80-T1-CH-CD02,0.09090909090909091,0.34497574474564136,3.7947331922020546,0.9272727272727272,0.00379595608953407,False,0.18181818181818182,2024-06-17,109,intermittent,full,0.46153846153846156,0.6153846153846154
CA-FM-TX-80-T1-CH-S103,0.07272727272727272,0.29260867162601967,4.02336923485777,0.9363636363636364,0.002777089015621126,False,0.14545454545454545,2024-06-17,109,intermittent,full,0.3076923076923077,0.7692307692307693
CA-FM-TX-80-T1-CH-S117,0.45454545454545453,1.0671658611512138,2.3477648945326703,0.7818181818181819,0.01596826183982147,False,0.9090909090909091,2024-06-17,109,intermittent,full,0.9230769230769231,0.5384615384615384
CA-FM-TX-80-T1-CH-S121,0.1,0.4033946860424326,4.033946860424326,0.9272727272727272,0.0040709600342627855,False,0.2,2024-06-17,109,intermittent,full,0.46153846153846156,0.6923076923076923
CA-FM-TX-80-T1-DO-DK02,0.12727272727272726,0.4069641688290798,3.1975756122284844,0.9,0.005085318846786736,False,0.2545454545454545,2024-06-17,109,intermittent,full,0.6153846153846154,0.5384615384615384
CA-FM-TX-80-T1-DO-R103,0.00909090909090909,0.09491187735373227,10.44030650891055,0.990909090909091,0.00022992133083876205,False,0.01818181818181818,2024-06-17,109,intermittent,full,0.0,1.0
CA-FM-TX-80-T1-DO-R109,0.1,0.38019133938775423,3.801913393877542,0.9181818181818182,0.002961927732569935,False,0.2,2024-06-17,109,intermittent,full,0.07692307692307693,0.9230769230769231
CA-FM-TX-80-T1-DO-R1T1,0.06363636363636363,0.30975863704365125,4.867635724971663,0.9545454545454546,0.0026914320492302146,False,0.12727272727272726,2024-06-17,109,intermittent,full,0.3076923076923077,0.7692307692307693
CA-FM-TX-80-T1-FD-EST1,0.00909090909090909,0.09491187735373227,10.44030650891055,0.990909090909091,0.0002930369902846967,False,0.01818181818181818,2024-06-17,109,intermittent,full,0.0,1.0
CA-FM-TX-80-T1-FD-F007,0.13636363636363635,0.41510727479384996,3.0441200151549,0.8909090909090909,0.005450488019295358,False,0.2727272727272727,2024-06-17,109,intermittent,full,0.46153846153846156,0.6153846153846154
CA-FM-TX-80-T1-FD-F509,0.03636363636363636,0.18719327529067276,5.147815070493501,0.9636363636363636,0.001054933165024908,False,0.07272727272727272,2024-06-17,109,intermittent,full,0.07692307692307693,0.9230769230769231
CA-FM-TX-80-T1-FD-F511,0.07272727272727272,0.29260867162601967,4.02336923485777,0.9363636363636364,0.0026508576967292567,False,0.14545454545454545,2024-06-17,109,intermittent,full,0.15384615384615385,0.8461538461538461
CA-FM-TX-80-T1-FD-F521,0.045454545454545456,0.2082988952252655,4.582575694955841,0.9545454545454546,0.0017176475892072224,False,0.09090909090909091,2024-06-17,109,intermittent,full,0.15384615384615385,0.8461538461538461
CA-FM-TX-80-T1-FD-F5L1,0.3,0.7810249675906655,2.6034165586355518,0.8363636363636363,0.010644005139417984,False,0.6,2024-06-17,109,intermittent,full,0.8461538461538461,0.5384615384615384
CA-FM-TX-80-T1-FD-F5S1,0.09090909090909091,0.3703917961356975,4.0743097574926725,0.9272727272727272,0.0031647994950747245,False,0.18181818181818182,2024-06-17,109,intermittent,full,0.23076923076923078,0.7692307692307693
CA-FM-TX-80-T1-FD-FS07,0.05454545454545454,0.22709083630539637,4.163331998932267,0.9454545454545454,0.0018393706467100962,False,0.10909090909090909,2024-06-17,109,intermittent,full,0.0,1.0
CA-FM-TX-80-T1-FD-FS28,0.11818181818181818,0.32282328917390374,2.731581677625339,0.8818181818181818,0.004088993079818767,False,0.23636363636363636,2024-06-17,109,intermittent,full,0.15384615384615385,0.8461538461538461
CA-FM-TX-80-T1-FD-MV01,0.06363636363636363,0.27887021182141764,4.382246185765135,0.9454545454545454,0.002438969411446476,False,0.12727272727272726,2024-06-17,109,intermittent,full,0.15384615384615385,0.8461538461538461
CA-FM-TX-80-T1-GM-CD03,0.11818181818181818,0.4206449200457918,3.5593031696182384,0.9090909090909091,0.00438653833149246,False,0.23636363636363636,2024-06-17,109,intermittent,full,0.23076923076923078,0.7692307692307693
CA-FM-TX-80-T1-GM-S110,0.11818181818181818,0.3749380114054779,3.172552404200198,0.9,0.003962761760926897,False,0.23636363636363636,2024-06-17,109,intermittent,full,0.07692307692307693,0.9230769230769231
CA-FM-TX-80-T1-GM-S211,0.11818181818181818,0.42064492004579174,3.559303169618238,0.9090909090909091,0.00385456348759101,False,0.23636363636363636,2024-06-17,109,intermittent,full,0.15384615384615385,0.8461538461538461
CA-FM-TX-80-T1-HD-RI02,0.00909090909090909,0.09491187735373227,10.44030650891055,0.990909090909091,0.00033811960417465,False,0.01818181818181818,2024-06-17,109,intermittent,full,0.0,1.0
CA-FM-TX-80-T1-HY-SC01,0.045454545454545456,0.24813352843556696,5.458937625582473,0.9636363636363636,0.0017086310664292312,False,0.09090909090909091,2024-06-17,109,intermittent,full,0.07692307692307693,0.9230769230769231
CA-FM-TX-80-T1-JP-GL01,0.09090909090909091,0.34497574474564136,3.7947331922020546,0.9272727272727272,0.003606609111196267,False,0.18181818181818182,2024-06-17,109,intermittent,full,0.38461538461538464,0.7692307692307693
CA-FM-TX-80-T1-NS-FR05,0.00909090909090909,0.09491187735373227,10.44030650891055,0.990909090909091,0.00035615264973063137,False,0.01818181818181818,2024-06-17,109,intermittent,full,0.0,1.0
CA-FM-TX-80-T1-TT-TA07,0.00909090909090909,0.09491187735373227,10.44030650891055,0.990909090909091,0.0004373013547325474,False,0.01818181818181818,2024-06-17,109,intermittent,full,0.07692307692307693,0.9230769230769231
CA-FM-TX-80-T1-TT-TA08,0.09090909090909091,0.31753180357405414,3.4928498393145953,0.9181818181818182,0.0032820142911886034,False,0.18181818181818182,2024-06-17,109,intermittent,full,0.23076923076923078,0.7692307692307693
CA-FM-TX-80-T1-TT-TA13,0.02727272727272727,0.16287702606517196,5.972157622389639,0.9727272727272728,0.0012127223136397447,False,0.05454545454545454,2024-06-17,109,intermittent,full,0.15384615384615385,0.8461538461538461
CA-FM-TX-80-T1-TT-TA18,0.05454545454545454,0.2641061644787991,4.8419463487779835,0.9545454545454546,0.0021098663300498158,False,0.10909090909090909,2024-06-17,109,intermittent,full,0.23076923076923078,0.8461538461538461
CA-FM-TX-80-T1-TT-TU02,0.11818181818181818,0.4417283859365942,3.7377017271557973,0.9181818181818182,0.00426030701260059,False,0.23636363636363636,2024-06-17,109,intermittent,full,0.3076923076923077,0.7692307692307693
CA-FM-TX-80-T1-TT-TU10,0.16363636363636364,0.531332334407362,3.2470309324894346,0.8818181818181818,0.006095169397921691,False,0.32727272727272727,2024-06-17,109,intermittent,full,0.46153846153846156,0.5384615384615384
CA-FM-TX-80-T1-TT-TU11,0.02727272727272727,0.16287702606517196,5.972157622389639,0.9727272727272728,0.0006536979014043234,False,0.05454545454545454,2024-06-17,109,intermittent,full,0.0,1.0
CA-FM-TX-80-T2-CH-CD01,0.00909090909090909,0.09491187735373227,10.44030650891055,0.990909090909091,0.0002659874219507247,False,0.01818181818181818,2024-06-17,109,intermittent,full,0.0,1.0
CA-FM-TX-80-T2-CH-CD02,0.045454545454545456,0.24813352843556696,5.458937625582473,0.9636363636363636,0.0018078128169871286,False,0.09090909090909091,2024-06-17,109,intermittent,full,0.15384615384615385,0.8461538461538461
CA-FM-TX-80-T2-CH-CD06,0.00909090909090909,0.09491187735373227,10.44030650891055,0.990909090909091,0.0002659874219507247,False,0.01818181818181818,2024-06-17,109,intermittent,full,0.0,1.0
CA-FM-TX-80-T2-CH-S110,0.045454545454545456,0.24813352843556696,5.458937625582473,0.9636363636363636,0.0014742014742014737,False,0.09090909090909091,2024-06-17,109,intermittent,full,0.07692307692307693,0.9230769230769231
CA-FM-TX-80-T2-CH-S112,0.00909090909090909,0.09491187735373227,10.44030650891055,0.990909090909091,0.00021188828528278066,False,0.01818181818181818,2024-06-17,109,intermittent,full,0.0,1.0
CA-FM-TX-80-T2-CH-S117,0.12727272727272726,0.5411954933140807,4.252250304610635,0.9363636363636364,0.00391317088564795,False,0.2545454545454545,2024-06-17,109,intermittent,full,0.07692307692307693,0.9230769230769231
CA-FM-TX-80-T2-CH-S121,0.18181818181818182,0.5589245872341598,3.074085229787879,0.8727272727272727,0.006311565944593467,False,0.36363636363636365,2024-06-17,109,intermittent,full,0.23076923076923078,0.8461538461538461
CA-FM-TX-80-T2-CH-S125,0.08181818181818182,0.30545995666202624,3.733399470313654,0.9272727272727272,0.003034059914793859,False,0.16363636363636364,2024-06-17,109,intermittent,full,0.3076923076923077,0.7692307692307693
CA-FM-TX-80-T2-CH-S218,0.12727272727272726,0.44942571252030084,3.531202026945221,0.9090909090909091,0.004472195297883371,False,0.2545454545454545,2024-06-17,109,intermittent,full,0.38461538461538464,0.7692307692307693
CA-FM-TX-80-T2-DO-DK02,0.05454545454545454,0.26410616447879914,4.841946348777984,0.9545454545454546,0.002236097648941685,False,0.10909090909090909,2024-06-17,109,intermittent,full,0.3076923076923077,0.7692307692307693
CA-FM-TX-80-T2-DO-R115,0.05454545454545454,0.26410616447879914,4.841946348777984,0.9545454545454546,0.002281180262831639,False,0.10909090909090909,2024-06-17,109,intermittent,full,0.3076923076923077,0.7692307692307693
CA-FM-TX-80-T2-DO-R116,0.08181818181818182,0.3600964058243338,4.401178293408524,0.9363636363636364,0.002538151162004373,False,0.16363636363636364,2024-06-17,109,intermittent,full,0.07692307692307693,0.9230769230769231
CA-FM-TX-80-T2-FD-F521,0.045454545454545456,0.2082988952252655,4.582575694955841,0.9545454545454546,0.0017176475892072224,False,0.09090909090909091,2024-06-17,109,intermittent,full,0.15384615384615385,0.8461538461538461
CA-FM-TX-80-T2-FD-F522,0.06363636363636363,0.27887021182141764,4.382246185765135,0.9454545454545454,0.002294705046998625,False,0.12727272727272726,2024-06-17,109,intermittent,full,0.15384615384615385,0.8461538461538461
CA-FM-TX-80-T2-FD-F524,0.07272727272727272,0.3492613220417918,4.802343178074637,0.9454545454545454,0.002470527241169443,False,0.14545454545454545,2024-06-17,109,intermittent,full,0.15384615384615385,0.8461538461538461
CA-FM-TX-80-T2-FD-F533,0.01818181818181818,0.13360853142453696,7.348469228349534,0.9818181818181818,0.0004237765705655613,False,0.03636363636363636,2024-06-17,109,intermittent,full,0.0,1.0
CA-FM-TX-80-T2-FD-F5L1,0.20909090909090908,0.5892283790217746,2.8180487692345744,0.8545454545454545,0.007461172598787277,False,0.41818181818181815,2024-06-17,109,intermittent,full,0.6153846153846154,0.6923076923076923
CA-FM-TX-80-T2-FD-FS31,0.02727272727272727,0.16287702606517196,5.972157622389639,0.9727272727272728,0.0008430448797421273,False,0.05454545454545454,2024-06-17,109,intermittent,full,0.0,1.0
CA-FM-TX-80-T2-GM-CD03,0.10909090909090909,0.3654500225862142,3.3499585403736303,0.9090909090909091,0.0040574352500958,False,0.21818181818181817,2024-06-17,109,intermittent,full,0.23076923076923078,0.7692307692307693
CA-FM-TX-80-T2-HY-SC01,0.03636363636363636,0.23070140982635487,6.344288770224759,0.9727272727272728,0.0014606766900344878,False,0.07272727272727272,2024-06-17,109,intermittent,full,0.07692307692307693,0.9230769230769231
CA-FM-TX-80-T2-JP-GL01,0.07272727272727272,0.29260867162601967,4.02336923485777,0.9363636363636364,0.0027680724928431356,False,0.14545454545454545,2024-06-17,109,intermittent,full,0.23076923076923078,0.8461538461538461
CA-FM-TX-80-T2-TT-TA02,0.06363636363636363,0.27887021182141764,4.382246185765135,0.9454545454545454,0.002375853752000541,False,0.12727272727272726,2024-06-17,109,intermittent,full,0.23076923076923078,0.8461538461538461
CA-FM-TX-80-T2-TT-TA06,0.00909090909090909,0.09491187735373227,10.44030650891055,0.990909090909091,0.00035615264973063137,False,0.01818181818181818,2024-06-17,109,intermittent,full,0.0,1.0
CA-FM-TX-80-T2-TT-TA08,0.045454545454545456,0.24813352843556696,5.458937625582473,0.9636363636363636,0.0015373171336474087,False,0.09090909090909091,2024-06-17,109,intermittent,full,0.07692307692307693,0.9230769230769231
CA-FM-TX-80-T2-TT-TA12,0.01818181818181818,0.13360853142453696,7.348469228349534,0.9818181818181818,0.0007664044361292066,False,0.03636363636363636,2024-06-17,109,intermittent,full,0.07692307692307693,0.9230769230769231
CA-FM-TX-80-T2-TT-TT14,0.08181818181818182,0.3600964058243338,4.401178293408524,0.9363636363636364,0.003124225142573767,False,0.16363636363636364,2024-06-17,109,intermittent,full,0.23076923076923078,0.7692307692307693
CA-FM-TX-80-T2-TT-TU02,0.11818181818181818,0.4417283859365942,3.7377017271557973,0.9181818181818182,0.00426030701260059,False,0.23636363636363636,2024-06-17,109,intermittent,full,0.3076923076923077,0.7692307692307693
CA-SC-10-B-02-BE-1TO,0.20909090909090908,0.619317139281858,2.9619515356958432,0.8545454545454545,0.00652345422987625,False,0.41818181818181815,2024-06-17,109,intermittent,full,0.46153846153846156,0.6923076923076923
CA-SC-10-B-02-BK-1TO,0.1,0.32891004572955534,3.2891004572955533,0.9090909090909091,0.003322588643689561,False,0.2,2024-06-17,109,intermittent,full,0.15384615384615385,0.8461538461538461
CA-SC-10-B-02-DB-1TO,0.03636363636363636,0.18719327529067276,5.147815070493501,0.9636363636363636,0.0009196853233550482,False,0.07272727272727272,2024-06-17,109,intermittent,full,0.07692307692307693,0.9230769230769231
CA-SC-10-B-02-DG-1TO,0.1,0.32891004572955534,3.2891004572955533,0.9090909090909091,0.0027545477086761494,False,0.2,2024-06-17,109,intermittent,full,0.15384615384615385,0.8461538461538461
CA-SC-10-B-02-GR-1TO,0.02727272727272727,0.16287702606517196,5.972157622389639,0.9727272727272728,0.0006627144241823143,False,0.05454545454545454,2024-06-17,109,intermittent,full,0.0,1.0
CA-SC-10-B-04-BK-1TO,0.39090909090909093,0.7757161447269759,1.9843901376736592,0.7545454545454545,0.013051416721141492,False,0.7636363636363637,2024-06-17,109,intermittent,full,1.0769230769230769,0.38461538461538464
CA-SC-10-B-04-BR-1TO,0.02727272727272727,0.16287702606517196,5.972157622389639,0.9727272727272728,0.0006807474697382955,False,0.05454545454545454,2024-06-17,109,intermittent,full,0.07692307692307693,0.9230769230769231
CA-SC-10-B-04-DB-1TO,0.02727272727272727,0.16287702606517196,5.972157622389639,0.9727272727272728,0.0009332101075220339,False,0.05454545454545454,2024-06-17,109,intermittent,full,0.07692307692307693,0.9230769230769231
CA-SC-10-B-04-DG-1TO,0.00909090909090909,0.09491187735373227,10.44030650891055,0.990909090909091,0.0004733674458445101,False,0.01818181818181818,2024-06-17,109,intermittent,full,0.07692307692307693,0.9230769230769231
CA-SC-10-B-04-GR-1TO,0.02727272727272727,0.16287702606517196,5.972157622389639,0.9727272727272728,0.0007528796519622208,False,0.05454545454545454,2024-06-17,109,intermittent,full,0.0,1.0
CA-SC-10-B-04-RD-1TO,0.00909090909090909,0.09491187735373227,10.44030650891055,0.990909090909091,9.467348916890206e-05,False,0.01818181818181818,2024-06-17,109,intermittent,full,0.0,1.0
CA-SC-10-B-04-WH-1TO,0.00909090909090909,0.09491187735373227,10.44030650891055,0.990909090909091,0.0001938552397267994,False,0.01818181818181818,2024-06-17,109,intermittent,full,0.0,1.0
CA-SC-10-B-04-WR-1TO,0.19090909090909092,0.5133748328543818,2.689106267332476,0.8545454545454545,0.0057840993620810145,False,0.38181818181818183,2024-06-17,109,intermittent,full,0.46153846153846156,0.7692307692307693
CA-SC-10-B-07-BE-1TO,0.02727272727272727,0.16287702606517196,5.972157622389639,0.9727272727272728,0.0005274665825124542,False,0.05454545454545454,2024-06-17,109,intermittent,full,0.0,1.0
CA-SC-10-B-07-BR-1TO,0.00909090909090909,0.09491187735373227,10.44030650891055,0.990909090909091,0.0001938552397267994,False,0.01818181818181818,2024-06-17,109,intermittent,full,0.0,1.0
CA-SC-10-B-07-DG-1TO,0.00909090909090909,0.09491187735373227,10.44030650891055,0.990909090909091,0.0001938552397267994,False,0.01818181818181818,2024-06-17,109,intermittent,full,0.0,1.0
CA-SC-10-B-07-WR-1TO,0.00909090909090909,0.09491187735373227,10.44030650891055,0.990909090909091,8.565696639091142e-05,False,0.01818181818181818,2024-06-17,109,intermittent,full,0.0,1.0
CA-SC-10-B-08-BE-1TO,0.10909090909090909,0.4122103290456231,3.7785946829182118,0.9181818181818182,0.004427112683993417,False,0.21818181818181817,2024-06-17,109,intermittent,full,0.3076923076923077,0.7692307692307693
CA-SC-10-B-08-BK-1TO,0.045454545454545456,0.20829889522526548,4.582575694955841,0.9545454545454546,0.0015012510425354464,False,0.09090909090909091,2024-06-17,109,intermittent,full,0.15384615384615385,0.8461538461538461
CA-SC-10-B-08-DG-1TO,0.01818181818181818,0.13360853142453696,7.348469228349534,0.9818181818181818,0.0006852557311272907,False,0.03636363636363636,2024-06-17,109,intermittent,full,0.0,1.0
CA-SC-10-B-08-RD-1TO,0.00909090909090909,0.09491187735373227,10.44030650891055,0.990909090909091,0.000392218740842594,False,0.01818181818181818,2024-06-17,109,intermittent,full,0.07692307692307693,0.9230769230769231
CA-SC-10-B-08-WR-1TO,0.03636363636363636,0.18719327529067276,5.147815070493501,0.9636363636363636,0.001388544507810563,False,0.07272727272727272,2024-06-17,109,intermittent,full,0.15384615384615385,0.8461538461538461
CA-SC-10-B-09-BE-1TO,0.17272727272727273,0.4835304053444437,2.7993865572573053,0.8636363636363636,0.005504587155963303,False,0.34545454545454546,2024-06-17,109,intermittent,full,0.38461538461538464,0.7692307692307693
CA-SC-10-B-09-BK-1TO,0.6727272727272727,1.236630987136869,1.8382352511494,0.6636363636363637,0.022622455649978588,False,1.3454545454545455,2024-06-17,109,intermittent,full,1.8461538461538463,0.23076923076923078
CA-SC-10-B-09-BR-1TO,0.05454545454545454,0.29653648055091075,5.436502143433364,0.9636363636363636,0.0024434776728354713,False,0.10909090909090909,2024-06-17,109,intermittent,full,0.38461538461538464,0.7692307692307693
CA-SC-10-B-09-DB-1TO,0.08181818181818182,0.27408751693966066,3.3499585403736303,0.9181818181818182,0.002249622433108671,False,0.16363636363636364,2024-06-17,109,intermittent,full,0.23076923076923078,0.7692307692307693
CA-SC-10-B-09-DG-1TO,0.2818181818181818,0.5741684608959319,2.037371958017823,0.7818181818181819,0.00923742758605144,False,0.5636363636363636,2024-06-17,109,intermittent,full,0.6923076923076923,0.46153846153846156
CA-SC-10-B-09-GR-1TO,0.09090909090909091,0.2874797872880344,3.1622776601683786,0.9090909090909091,0.002795122061177107,False,0.16363636363636364,2024-06-17,109,intermittent,full,0.3076923076923077,0.6923076923076923
CA-SC-10-B-09-WR-1TO,0.1,0.3801913393877543,3.801913393877543,0.9181818181818182,0.0043324391948245155,False,0.2,2024-06-17,109,intermittent,full,0.6153846153846154,0.5384615384615384
CA-SC-10-B-10-BE-1TO,12.291666666666666,4.568726725126913,0.3716930217052404,0.0,0.08271819366044288,True,11.054545454545455,2025-08-25,47,smooth,short,13.23076923076923,0.0
CA-SC-10-B-10-BK-1TO,52.28260869565217,17.229478080714966,0.3295451108993299,0.0,0.7691026827012024,True,44.945454545454545,2025-09-08,45,smooth,short,63.61538461538461,0.0
CA-SC-10-B-10-BR-1TO,5.956521739130435,2.603981247337225,0.43716473495442465,0.0,-0.024421831637372812,True,5.109090909090909,2025-09-08,45,smooth,short,5.538461538461538,0.0
CA-SC-10-B-10-DB-1TO,7.911111111111111,3.805389290771837,0.48101830922677713,0.0,0.06205533596837951,True,6.654545454545454,2025-09-15,44,smooth,short,8.0,0.0
CA-SC-10-B-10-DG-1TO,19.170212765957448,8.37503673903957,0.4368776101385791,0.0,0.3533765032377431,True,16.69090909090909,2025-09-01,46,smooth,short,25.23076923076923,0.0
CA-SC-10-B-10-GR-1TO,13.638297872340425,4.874709077691009,0.3574279666949726,0.0,0.17599444958371896,True,11.763636363636364,2025-09-01,46,smooth,short,17.307692307692307,0.0
CA-SC-10-B-10-PK-1TO,0.4,1.088785812478536,2.7219645311963396,0.8272727272727273,0.00793454004463179,False,0.8,2024-06-17,109,intermittent,full,0.07692307692307693,0.9230769230769231
CA-SC-10-B-10-RD-1TO,0.03636363636363636,0.23070140982635487,6.344288770224759,0.9727272727272728,0.0003786939566756084,False,0.07272727272727272,2024-06-17,109,intermittent,full,0.0,1.0
CA-SC-10-B-10-WH-1TO,0.6909090909090909,1.2265654527653038,1.775292102686624,0.6909090909090909,0.019051912629894283,False,1.3818181818181818,2024-06-17,109,intermittent,full,0.6153846153846154,0.6153846153846154
CA-SC-10-B-10-WR-1TO,9.543478260869565,3.455974799495043,0.3621294778514168,0.0,0.13154486586493985,True,8.218181818181819,2025-09-08,45,smooth,short,10.923076923076923,0.0
CA-SC-10-B-102-BE-1TO,0.14545454545454545,0.501567789968499,3.448278556033431,0.9,0.005436963235128372,False,0.2909090909090909,2024-06-17,109,intermittent,full,0.6153846153846154,0.5384615384615384
CA-SC-10-B-102-BK-1TO,0.8454545454545455,1.646960636701125,1.9480179573884273,0.6727272727272727,0.030146743908211794,False,1.690909090909091,2026-04-27,13,smooth,short,2.923076923076923,0.07692307692307693
CA-SC-10-B-102-BR-1TO,0.2,0.5846521887568555,2.9232609437842774,0.8636363636363636,0.006699276424047065,False,0.4,2024-06-17,109,intermittent,full,0.5384615384615384,0.7692307692307693
CA-SC-10-B-102-DB-1TO,0.2727272727272727,0.5863460180580763,2.1499353995462798,0.7909090909090909,0.008718977526316975,False,0.5454545454545454,2024-06-17,109,intermittent,full,0.9230769230769231,0.46153846153846156
CA-SC-10-B-102-DG-1TO,0.39090909090909093,0.8644015748739865,2.2112598427008954,0.7636363636363637,0.014151432500056354,False,0.7818181818181819,2024-06-17,109,intermittent,full,1.3076923076923077,0.3076923076923077
CA-SC-10-B-102-GR-1TO,0.6636363636363637,1.2378667333710753,1.8652786393262777,0.7,0.024962243310867157,False,1.3272727272727274,2026-04-27,13,smooth,short,2.4615384615384617,0.15384615384615385
CA-SC-10-B-102-WR-1TO,0.11818181818181818,0.3984474000147477,3.3714780001247884,0.9090909090909091,0.0038725965331469912,False,0.23636363636363636,2024-06-17,109,intermittent,full,0.23076923076923078,0.7692307692307693
CA-SC-10-B-11-BE-1TO,0.045454545454545456,0.2082988952252655,4.582575694955841,0.9545454545454546,0.0017086310664292316,False,0.09090909090909091,2024-06-17,109,intermittent,full,0.15384615384615385,0.8461538461538461
CA-SC-10-B-11-BK-1TO,0.09090909090909091,0.31753180357405414,3.4928498393145953,0.9181818181818182,0.002046750670603882,False,0.18181818181818182,2024-06-17,109,intermittent,full,0.15384615384615385,0.8461538461538461
CA-SC-10-B-11-BR-1TO,0.01818181818181818,0.13360853142453696,7.348469228349534,0.9818181818181818,0.0005500078894574307,False,0.03636363636363636,2024-06-17,109,intermittent,full,0.07692307692307693,0.9230769230769231
CA-SC-10-B-11-DB-1TO,0.07272727272727272,0.25968830649246727,3.570714214271425,0.9272727272727272,0.0026238081283952845,False,0.14545454545454545,2024-06-17,109,intermittent,full,0.23076923076923078,0.7692307692307693
CA-SC-10-B-11-DG-1TO,0.045454545454545456,0.2082988952252655,4.582575694955841,0.9545454545454546,0.0014110858147555396,False,0.09090909090909091,2024-06-17,109,intermittent,full,0.07692307692307693,0.9230769230769231
CA-SC-10-B-11-GR-1TO,0.03636363636363636,0.18719327529067276,5.147815070493501,0.9636363636363636,0.0016951062822622453,False,0.07272727272727272,2024-06-17,109,intermittent,full,0.3076923076923077,0.6923076923076923
CA-SC-10-B-11-WR-1TO,0.05454545454545454,0.26410616447879914,4.841946348777984,0.9545454545454546,0.001677073236706264,False,0.10909090909090909,2024-06-17,109,intermittent,full,0.07692307692307693,0.9230769230769231
CA-SC-10-B-116-BE-1TO,0.01818181818181818,0.13360853142453696,7.348469228349534,0.9818181818181818,0.0006491896400153282,False,0.03636363636363636,2024-06-17,109,intermittent,full,0.0,1.0
CA-SC-10-B-116-BK-1TO,0.07272727272727272,0.25968830649246727,3.570714214271425,0.9272727272727272,0.0029484029484029483,False,0.14545454545454545,2024-06-17,109,intermittent,full,0.3076923076923077,0.6923076923076923
CA-SC-10-B-116-DB-1TO,0.01818181818181818,0.133608531424537,7.3484692283495345,0.9818181818181818,0.0007754209589071973,False,0.03636363636363636,2024-06-17,109,intermittent,full,0.07692307692307693,0.9230769230769231
CA-SC-10-B-116-DG-1TO,0.045454545454545456,0.2082988952252655,4.582575694955841,0.9545454545454546,0.0016815814980952592,False,0.09090909090909091,2024-06-17,109,intermittent,full,0.07692307692307693,0.9230769230769231
CA-SC-10-B-116-GR-1TO,0.01818181818181818,0.18982375470746454,10.44030650891055,0.990909090909091,0.0007664044361292066,False,0.03636363636363636,2024-06-17,109,intermittent,full,0.15384615384615385,0.9230769230769231
CA-SC-10-B-116-WR-1TO,0.01818181818181818,0.18982375470746454,10.44030650891055,0.990909090909091,0.000838536618353132,False,0.03636363636363636,2024-06-17,109,intermittent,full,0.15384615384615385,0.9230769230769231
CA-SC-10-B-120-BE-1TO,0.2818181818181818,0.5897891484839489,2.0928002042978835,0.7818181818181819,0.010256294659964384,False,0.5636363636363636,2024-06-17,109,intermittent,full,1.2307692307692308,0.23076923076923078
CA-SC-10-B-120-BK-1TO,0.07272727272727272,0.25968830649246727,3.570714214271425,0.9272727272727272,0.002335279399499583,False,0.14545454545454545,2024-06-17,109,intermittent,full,0.15384615384615385,0.8461538461538461
CA-SC-10-B-120-BR-1TO,0.00909090909090909,0.09491187735373227,10.44030650891055,0.990909090909091,0.0004553344002885287,False,0.01818181818181818,2024-06-17,109,intermittent,full,0.07692307692307693,0.9230769230769231
CA-SC-10-B-120-DB-1TO,0.01818181818181818,0.13360853142453696,7.348469228349534,0.9818181818181818,0.0008295200955751413,False,0.03636363636363636,2024-06-17,109,intermittent,full,0.07692307692307693,0.9230769230769231
CA-SC-10-B-120-DG-1TO,0.2636363636363636,0.613147953778809,2.32573361778169,0.8090909090909091,0.00994071636273471,False,0.5272727272727272,2024-06-17,109,intermittent,full,0.9230769230769231,0.3076923076923077
CA-SC-10-B-120-GR-1TO,0.06363636363636363,0.24410402876541004,3.8359204520278727,0.9363636363636364,0.0024660189797804477,False,0.12727272727272726,2024-06-17,109,intermittent,full,0.3076923076923077,0.6923076923076923
CA-SC-10-B-120-WR-1TO,0.03636363636363636,0.18719327529067276,5.147815070493501,0.9636363636363636,0.0013614949394765907,False,0.07272727272727272,2024-06-17,109,intermittent,full,0.07692307692307693,0.9230769230769231
CA-SC-10-B-124-BE-1TO,0.12727272727272726,0.3595221806051852,2.8248171333264556,0.8818181818181818,0.004923021436782905,False,0.2545454545454545,2024-06-17,109,intermittent,full,0.46153846153846156,0.6153846153846154
CA-SC-10-B-124-BK-1TO,11.153846153846153,5.512403084971486,0.4942154489974436,0.0,0.20222672064777317,True,8.018181818181818,2025-10-27,38,smooth,short,11.307692307692308,0.0
CA-SC-10-B-124-BR-1TO,0.37272727272727274,0.7610888242164034,2.041945625946448,0.7636363636363637,0.013736672452268778,False,0.7454545454545455,2024-06-17,109,intermittent,full,1.2307692307692308,0.3076923076923077
CA-SC-10-B-124-DB-1TO,4.153846153846154,2.402332856999325,0.5783393914998375,0.02564102564102564,0.07834008097165993,True,2.981818181818182,2025-10-27,38,smooth,short,5.076923076923077,0.07692307692307693
CA-SC-10-B-124-DG-1TO,2.9743589743589745,1.8185254591279123,0.6114008009136946,0.05128205128205128,0.07955465587044531,True,2.1272727272727274,2026-04-27,13,smooth,short,3.769230769230769,0.0
CA-SC-10-B-124-GR-1TO,0.3090909090909091,0.7476685525437125,2.418927669994364,0.8,0.012235421409733337,False,0.6181818181818182,2024-06-17,109,intermittent,full,1.2307692307692308,0.15384615384615385
CA-SC-10-B-124-RD-1TO,0.02727272727272727,0.16287702606517196,5.972157622389639,0.9727272727272728,0.00046435092306651947,False,0.05454545454545454,2024-06-17,109,intermittent,full,0.0,1.0
CA-SC-10-B-124-WR-1TO,0.4727272727272727,1.006425636588949,2.1289773081689307,0.7727272727272727,0.018447805603768904,False,0.9454545454545454,2024-06-17,109,intermittent,full,1.5384615384615385,0.3076923076923077
CA-SC-10-B-125-BE-1TO,0.07272727272727272,0.3221826390303518,4.430011286667338,0.9454545454545454,0.0028762707661790232,False,0.14545454545454545,2024-06-17,109,intermittent,full,0.23076923076923078,0.8461538461538461
CA-SC-10-B-125-BK-1TO,9.130434782608695,4.1838649473806635,0.4582328275702632,0.0,0.0635214307739747,True,7.7272727272727275,2025-09-08,45,smooth,short,10.0,0.0
CA-SC-10-B-125-BR-1TO,0.39090909090909093,0.7273295432352586,1.8606104594390334,0.7272727272727273,0.011671888736108919,False,0.7818181818181819,2024-06-17,109,intermittent,full,0.9230769230769231,0.38461538461538464
CA-SC-10-B-125-DB-1TO,0.9181818181818182,1.3759744856369858,1.4985860734660241,0.6181818181818182,0.029046728129296935,False,1.8363636363636364,2024-06-17,109,intermittent,full,2.1538461538461537,0.23076923076923078
CA-SC-10-B-125-DG-1TO,5.8478260869565215,3.0500705002853254,0.5215733941008364,0.0,-0.002035152636447716,True,4.963636363636364,2025-09-08,45,smooth,short,6.076923076923077,0.0
CA-SC-10-B-125-GR-1TO,0.5727272727272728,0.976627694104853,1.7052229579608542,0.6818181818181818,0.017640826815138736,False,1.1454545454545455,2024-06-17,109,intermittent,full,1.1538461538461537,0.3076923076923077
CA-SC-10-B-125-PK-1TO,0.00909090909090909,0.09491187735373227,10.44030650891055,0.990909090909091,0.0001217230575028741,False,0.01818181818181818,2024-06-17,109,intermittent,full,0.0,1.0
CA-SC-10-B-125-RD-1TO,0.03636363636363636,0.18719327529067276,5.147815070493501,0.9636363636363636,0.0005049252755674775,False,0.07272727272727272,2024-06-17,109,intermittent,full,0.0,1.0
CA-SC-10-B-125-WH-1TO,0.01818181818181818,0.13360853142453696,7.348469228349534,0.9818181818181818,0.00038771047945359877,False,0.03636363636363636,2024-06-17,109,intermittent,full,0.0,1.0
CA-SC-10-B-125-WR-1TO,0.5636363636363636,1.0403432364305432,1.8457702581832218,0.6909090909090909,0.018060095124315306,False,1.1272727272727272,2024-06-17,109,intermittent,full,1.4615384615384615,0.3076923076923077
CA-SC-10-B-126-BK-1TO,4.2727272727272725,2.711062938950914,0.6345040920948948,0.09090909090909091,0.15374331550802142,True,2.618181818181818,2025-12-08,32,smooth,short,5.461538461538462,0.0
CA-SC-10-B-126-BR-1TO,0.07272727272727272,0.25968830649246727,3.570714214271425,0.9272727272727272,0.0025606924689493497,False,0.14545454545454545,2024-06-17,109,intermittent,full,0.23076923076923078,0.7692307692307693
CA-SC-10-B-126-DB-1TO,0.3,0.8039674348900188,2.679891449633396,0.8090909090909091,0.012321078376124246,False,0.5818181818181818,2024-06-17,109,intermittent,full,1.3846153846153846,0.38461538461538464
CA-SC-10-B-126-DG-1TO,0.8181818181818182,1.701239217756591,2.0792923772580556,0.7272727272727273,0.034208687419696585,False,1.6181818181818182,2026-04-27,13,smooth,short,4.0,0.15384615384615385
CA-SC-10-B-126-GR-1TO,0.23636363636363636,0.5547689564506313,2.3470994311372864,0.8272727272727273,0.009467348916890201,False,0.4727272727272727,2024-06-17,109,intermittent,full,0.6923076923076923,0.5384615384615384
CA-SC-10-B-126-RD-1TO,0.00909090909090909,0.09491187735373227,10.44030650891055,0.990909090909091,0.00011270653472488335,False,0.01818181818181818,2024-06-17,109,intermittent,full,0.0,1.0
CA-SC-10-B-126-WR-1TO,0.13636363636363635,0.39259677966707607,2.8790430508918914,0.8818181818181818,0.005675901088745125,False,0.2727272727272727,2024-06-17,109,intermittent,full,0.5384615384615384,0.5384615384615384
CA-SC-10-B-127-BE-1TO,0.2727272727272727,0.5706310845990986,2.0923139768633616,0.7818181818181819,0.009476365439668191,False,0.5454545454545454,2024-06-17,109,intermittent,full,0.7692307692307693,0.3076923076923077
CA-SC-10-B-127-BK-1TO,23.659574468085108,8.077488012054243,0.3414046192145228,0.0,0.0016188714153561724,True,20.527272727272727,2025-09-01,46,smooth,short,22.46153846153846,0.0
CA-SC-10-B-127-BR-1TO,0.7,1.202648592217875,1.7180694174541071,0.6636363636363637,0.02381714491806235,False,1.4,2026-04-27,13,smooth,short,2.5384615384615383,0.0
CA-SC-10-B-127-DB-1TO,5.851063829787234,3.420704937950876,0.5846295712134224,0.0425531914893617,0.028330249768732718,True,5.072727272727272,2025-09-01,46,smooth,short,6.0,0.0
CA-SC-10-B-127-DG-1TO,6.085106382978723,2.5165814978838204,0.4135640923095789,0.02127659574468085,0.027983348751156416,True,5.254545454545455,2025-09-01,46,smooth,short,6.846153846153846,0.0
CA-SC-10-B-127-GR-1TO,0.6636363636363637,1.162108371783198,1.7511222040568735,0.6818181818181818,0.02161711336023263,False,1.3272727272727274,2026-04-27,13,smooth,short,2.076923076923077,0.15384615384615385
CA-SC-10-B-127-PK-1TO,0.00909090909090909,0.09491187735373227,10.44030650891055,0.990909090909091,0.00011270653472488335,False,0.01818181818181818,2024-06-17,109,intermittent,full,0.0,1.0
CA-SC-10-B-127-RD-1TO,0.06363636363636363,0.3378346213829464,5.3088297645891585,0.9545454545454546,0.00127583797308568,False,0.12727272727272726,2024-06-17,109,intermittent,full,0.0,1.0
CA-SC-10-B-127-WR-1TO,0.6272727272727273,1.227407400018362,1.9567364348118812,0.7,0.02208597254468814,False,1.2545454545454546,2026-04-27,13,smooth,short,2.230769230769231,0.15384615384615385
CA-SC-10-B-128-BE-1TO,0.02727272727272727,0.16287702606517196,5.972157622389639,0.9727272727272728,0.0006987805152942768,False,0.05454545454545454,2024-06-17,109,intermittent,full,0.07692307692307693,0.9230769230769231
CA-SC-10-B-128-BK-1TO,0.38181818181818183,0.8088355061649173,2.1183787066224022,0.7727272727272727,0.013155106733088381,False,0.7636363636363637,2024-06-17,109,intermittent,full,1.1538461538461537,0.38461538461538464
CA-SC-10-B-128-DB-1TO,0.11818181818181818,0.3749380114054779,3.172552404200198,0.9,0.00412505917093073,False,0.23636363636363636,2024-06-17,109,intermittent,full,0.46153846153846156,0.6153846153846154
CA-SC-10-B-128-DG-1TO,0.15454545454545454,0.4509860638113622,2.9181451187794023,0.8727272727272727,0.004702116628722133,False,0.3090909090909091,2024-06-17,109,intermittent,full,0.3076923076923077,0.7692307692307693
CA-SC-10-B-128-WR-1TO,0.03636363636363636,0.18719327529067276,5.147815070493501,0.9636363636363636,0.001172147961138787,False,0.07272727272727272,2024-06-17,109,intermittent,full,0.07692307692307693,0.9230769230769231
CA-SC-10-B-129-BE-1TO,0.08181818181818182,0.3600964058243338,4.401178293408524,0.9363636363636364,0.001888961521989045,False,0.16363636363636364,2024-06-17,109,intermittent,full,0.0,1.0
CA-SC-10-B-129-BK-1TO,3.723404255319149,2.532361841473707,0.680120037424367,0.10638297872340426,-0.0054347826086956,True,3.2,2025-09-01,46,smooth,short,3.6153846153846154,0.07692307692307693
CA-SC-10-B-129-BR-1TO,0.39090909090909093,0.7147212367636712,1.8283566521861354,0.7272727272727273,0.011707954827220882,False,0.7818181818181819,2024-06-17,109,intermittent,full,0.7692307692307693,0.3076923076923077
CA-SC-10-B-129-DB-1TO,0.41818181818181815,0.7790649194774018,1.8629813291850912,0.7181818181818181,0.013786263327547734,False,0.8363636363636363,2024-06-17,109,intermittent,full,1.1538461538461537,0.3076923076923077
CA-SC-10-B-129-DG-1TO,1.1818181818181819,1.9125509770119649,1.6183123651639701,0.5818181818181818,0.03843743660257422,False,2.327272727272727,2026-04-27,13,smooth,short,2.769230769230769,0.07692307692307693
CA-SC-10-B-129-GR-1TO,0.2818181818181818,0.5897891484839489,2.0928002042978835,0.7818181818181819,0.00912021278993756,False,0.5636363636363636,2024-06-17,109,intermittent,full,0.7692307692307693,0.38461538461538464
CA-SC-10-B-129-WR-1TO,0.22727272727272727,0.5503567588241931,2.4215697388264497,0.8272727272727273,0.007443139553231296,False,0.45454545454545453,2024-06-17,109,intermittent,full,0.5384615384615384,0.6923076923076923
CA-SC-10-B-13-BK-1TO,0.045454545454545456,0.24813352843556696,5.458937625582473,0.9636363636363636,0.0013209205869756328,False,0.09090909090909091,2024-06-17,109,intermittent,full,0.0,1.0
CA-SC-10-B-13-DG-1TO,0.00909090909090909,0.09491187735373227,10.44030650891055,0.990909090909091,0.0004733674458445101,False,0.01818181818181818,2024-06-17,109,intermittent,full,0.07692307692307693,0.9230769230769231
CA-SC-10-B-131-BE-1TO,0.17272727272727273,0.4443399785399977,2.5724946125999866,0.8545454545454545,0.006045578522642743,False,0.34545454545454546,2024-06-17,109,intermittent,full,0.46153846153846156,0.6153846153846154
CA-SC-10-B-131-BK-1TO,4.0638297872340425,2.1674993466749015,0.5333637135796878,0.0,0.05608233117483813,True,3.5454545454545454,2025-09-01,46,smooth,short,5.3076923076923075,0.0
CA-SC-10-B-131-BR-1TO,0.4,0.8112840551753857,2.0282101379384643,0.7454545454545455,0.012127223136397448,False,0.8,2024-06-17,109,intermittent,full,0.7692307692307693,0.5384615384615384
CA-SC-10-B-131-DB-1TO,0.4909090909090909,0.8712108036880684,1.7746886741793986,0.7090909090909091,0.01607646011315736,False,0.9818181818181818,2024-06-17,109,intermittent,full,1.3846153846153846,0.23076923076923078
CA-SC-10-B-131-DG-1TO,0.4909090909090909,0.9317183982050151,1.8979448852324383,0.7363636363636363,0.015066609562022406,False,0.9818181818181818,2024-06-17,109,intermittent,full,1.2307692307692308,0.38461538461538464
CA-SC-10-B-131-GR-1TO,0.13636363636363635,0.41510727479384996,3.0441200151549,0.8909090909090909,0.004512769650384329,False,0.2727272727272727,2024-06-17,109,intermittent,full,0.38461538461538464,0.7692307692307693
CA-SC-10-B-131-PK-1TO,0.07272727272727272,0.29260867162601967,4.02336923485777,0.9363636363636364,0.001226247097806731,False,0.14545454545454545,2024-06-17,109,intermittent,full,0.0,1.0
CA-SC-10-B-131-RD-1TO,0.045454545454545456,0.24813352843556696,5.458937625582473,0.9636363636363636,0.0007348466064062397,False,0.09090909090909091,2024-06-17,109,intermittent,full,0.0,1.0
CA-SC-10-B-131-WH-1TO,0.05454545454545454,0.26410616447879914,4.841946348777984,0.9545454545454546,0.0007483713905732257,False,0.10909090909090909,2024-06-17,109,intermittent,full,0.0,1.0
CA-SC-10-B-131-WR-1TO,0.42727272727272725,0.8889124193396098,2.0804333218586613,0.7636363636363637,0.01424159772783626,False,0.8545454545454545,2024-06-17,109,intermittent,full,1.3076923076923077,0.38461538461538464
CA-SC-10-B-132-BE-1TO,0.4909090909090909,0.9976832667868327,2.0323177656768814,0.7363636363636363,0.014498568627008997,False,0.9818181818181818,2024-06-17,109,intermittent,full,0.6923076923076923,0.46153846153846156
CA-SC-10-B-132-BK-1TO,8.191489361702128,3.699558903392952,0.4516344635310876,0.0,0.03815911193339499,True,7.109090909090909,2025-09-01,46,smooth,short,7.461538461538462,0.0
CA-SC-10-B-132-BR-1TO,0.34545454545454546,0.7797011506324206,2.2570296465675335,0.7909090909090909,0.011928859635281654,False,0.6909090909090909,2024-06-17,109,intermittent,full,1.0769230769230769,0.38461538461538464
CA-SC-10-B-132-DB-1TO,3.978723404255319,1.8041248447404319,0.45344314279572356,0.0,0.012835337650323771,True,3.4363636363636365,2025-09-01,46,smooth,short,3.8461538461538463,0.0
CA-SC-10-B-132-DG-1TO,3.6792452830188678,2.4088953461893783,0.6547254017848054,0.03773584905660377,0.032252862441541706,True,3.581818181818182,2025-07-21,52,smooth,medium,3.6153846153846154,0.07692307692307693
CA-SC-10-B-132-GR-1TO,0.44545454545454544,0.8156019933584323,1.8309432503964809,0.7181818181818181,0.013826837680048687,False,0.8181818181818182,2024-06-17,109,intermittent,full,1.0,0.38461538461538464
CA-SC-10-B-132-RD-1TO,0.02727272727272727,0.21144915181114557,7.753135566408671,0.9818181818181818,0.00041926830917656617,False,0.05454545454545454,2024-06-17,109,intermittent,full,0.0,1.0
CA-SC-10-B-132-WH-1TO,0.01818181818181818,0.13360853142453696,7.348469228349534,0.9818181818181818,0.00039672700223158946,False,0.03636363636363636,2024-06-17,109,intermittent,full,0.0,1.0
CA-SC-10-B-132-WR-1TO,0.12727272727272726,0.3595221806051852,2.8248171333264556,0.8818181818181818,0.004382030070103465,False,0.2545454545454545,2024-06-17,109,intermittent,full,0.46153846153846156,0.5384615384615384
CA-SC-10-B-133-BE-1TO,0.07272727272727272,0.25968830649246727,3.570714214271425,0.9272727272727272,0.002677907265063228,False,0.14545454545454545,2024-06-17,109,intermittent,full,0.3076923076923077,0.6923076923076923
CA-SC-10-B-133-BK-1TO,0.33636363636363636,0.7170301467894907,2.1317112472119994,0.7818181818181819,0.011518607848883079,False,0.6727272727272727,2024-06-17,109,intermittent,full,0.9230769230769231,0.38461538461538464
CA-SC-10-B-133-BR-1TO,0.05454545454545454,0.22709083630539637,4.163331998932267,0.9454545454545454,0.0015959245317043482,False,0.10909090909090909,2024-06-17,109,intermittent,full,0.0,1.0
CA-SC-10-B-133-DB-1TO,0.05454545454545454,0.22709083630539637,4.163331998932267,0.9454545454545454,0.001785271510042152,False,0.10909090909090909,2024-06-17,109,intermittent,full,0.07692307692307693,0.9230769230769231
CA-SC-10-B-133-DG-1TO,0.01818181818181818,0.13360853142453696,7.348469228349534,0.9818181818181818,0.0003606609111196269,False,0.03636363636363636,2024-06-17,109,intermittent,full,0.0,1.0
CA-SC-10-B-133-GR-1TO,0.03636363636363636,0.23070140982635487,6.344288770224759,0.9727272727272728,0.0008385366183531323,False,0.07272727272727272,2024-06-17,109,intermittent,full,0.0,1.0
CA-SC-10-B-133-WR-1TO,0.01818181818181818,0.13360853142453696,7.348469228349534,0.9818181818181818,0.0008114870500191601,False,0.03636363636363636,2024-06-17,109,intermittent,full,0.07692307692307693,0.9230769230769231
CA-SC-10-B-134-BK-1TO,0.01818181818181818,0.13360853142453696,7.348469228349534,0.9818181818181818,0.0007483713905732254,False,0.03636363636363636,2024-06-17,109,intermittent,full,0.07692307692307693,0.9230769230769231
CA-SC-10-B-134-BR-1TO,0.00909090909090909,0.09491187735373227,10.44030650891055,0.990909090909091,0.00032008655861866865,False,0.01818181818181818,2024-06-17,109,intermittent,full,0.0,1.0
CA-SC-10-B-135-BE-1TO,0.05454545454545454,0.32575405213034386,5.972157622389638,0.9636363636363636,0.001956585442823975,False,0.10909090909090909,2024-06-17,109,intermittent,full,0.0,1.0
CA-SC-10-B-135-BK-1TO,0.2636363636363636,0.6561218391187685,2.4887380104505015,0.8363636363636363,0.010012848544958637,False,0.5272727272727272,2024-06-17,109,intermittent,full,0.6153846153846154,0.46153846153846156
CA-SC-10-B-135-BR-1TO,0.09090909090909091,0.28747978728803447,3.162277660168379,0.9090909090909091,0.0035344769289723413,False,0.18181818181818182,2024-06-17,109,intermittent,full,0.3076923076923077,0.6923076923076923
CA-SC-10-B-135-DB-1TO,0.08181818181818182,0.33389759404012653,4.080970593823769,0.9363636363636364,0.003160291233685729,False,0.16363636363636364,2024-06-17,109,intermittent,full,0.23076923076923078,0.7692307692307693
CA-SC-10-B-135-DG-1TO,0.03636363636363636,0.18719327529067276,5.147815070493501,0.9636363636363636,0.001118048824470843,False,0.07272727272727272,2024-06-17,109,intermittent,full,0.07692307692307693,0.9230769230769231
CA-SC-10-B-135-GR-1TO,0.09090909090909091,0.2874797872880344,3.1622776601683786,0.9090909090909091,0.0020106845794919197,False,0.12727272727272726,2024-06-17,109,intermittent,full,0.23076923076923078,0.7692307692307693
CA-SC-10-B-135-PK-1TO,0.00909090909090909,0.09491187735373227,10.44030650891055,0.990909090909091,0.00020287176250479005,False,0.01818181818181818,2024-06-17,109,intermittent,full,0.0,1.0
CA-SC-10-B-135-RD-1TO,0.00909090909090909,0.09491187735373227,10.44030650891055,0.990909090909091,0.0001938552397267994,False,0.01818181818181818,2024-06-17,109,intermittent,full,0.0,1.0
CA-SC-10-B-135-WH-1TO,0.00909090909090909,0.09491187735373227,10.44030650891055,0.990909090909091,0.0001938552397267994,False,0.01818181818181818,2024-06-17,109,intermittent,full,0.0,1.0
CA-SC-10-B-135-WR-1TO,0.10909090909090909,0.3654500225862142,3.3499585403736303,0.9090909090909091,0.003606609111196268,False,0.21818181818181817,2024-06-17,109,intermittent,full,0.07692307692307693,0.9230769230769231
CA-SC-10-B-136-BE-1TO,0.01818181818181818,0.18982375470746454,10.44030650891055,0.990909090909091,0.0006942722539052817,False,0.03636363636363636,2024-06-17,109,intermittent,full,0.0,1.0
CA-SC-10-B-136-BK-1TO,0.17272727272727273,0.5019795524464917,2.9061974089007414,0.8727272727272727,0.007271825620449473,False,0.34545454545454546,2024-06-17,109,intermittent,full,0.9230769230769231,0.38461538461538464
CA-SC-10-B-136-BR-1TO,0.06363636363636363,0.27887021182141764,4.382246185765135,0.9454545454545454,0.0024389694114464754,False,0.12727272727272726,2024-06-17,109,intermittent,full,0.3076923076923077,0.7692307692307693
CA-SC-10-B-136-DB-1TO,0.045454545454545456,0.20829889522526548,4.582575694955841,0.9545454545454546,0.0019250276131010072,False,0.09090909090909091,2024-06-17,109,intermittent,full,0.23076923076923078,0.7692307692307693
CA-SC-10-B-136-DG-1TO,0.1,0.3554766326548573,3.554766326548573,0.9181818181818182,0.004503753127606337,False,0.2,2024-06-17,109,intermittent,full,0.6923076923076923,0.46153846153846156
CA-SC-10-B-136-GR-1TO,0.02727272727272727,0.16287702606517196,5.972157622389639,0.9727272727272728,0.0012037057908617541,False,0.05454545454545454,2024-06-17,109,intermittent,full,0.15384615384615385,0.8461538461538461
CA-SC-10-B-136-PK-1TO,0.00909090909090909,0.09491187735373227,10.44030650891055,0.990909090909091,0.0001938552397267994,False,0.01818181818181818,2024-06-17,109,intermittent,full,0.0,1.0
CA-SC-10-B-136-WH-1TO,0.00909090909090909,0.09491187735373227,10.44030650891055,0.990909090909091,0.00020287176250479005,False,0.01818181818181818,2024-06-17,109,intermittent,full,0.0,1.0
CA-SC-10-B-136-WR-1TO,0.07272727272727272,0.25968830649246727,3.570714214271425,0.9272727272727272,0.002984469039514911,False,0.14545454545454545,2024-06-17,109,intermittent,full,0.23076923076923078,0.7692307692307693
CA-SC-10-B-137-BE-1TO,0.08181818181818182,0.30545995666202624,3.733399470313654,0.9272727272727272,0.0036832495548091873,False,0.16363636363636364,2024-06-17,109,intermittent,full,0.5384615384615384,0.5384615384615384
CA-SC-10-B-137-BK-1TO,4.388888888888889,3.617942256703319,0.8243412736792372,0.16666666666666666,0.18902229845626073,True,4.3090909090909095,2025-07-14,53,smooth,medium,7.846153846153846,0.0
CA-SC-10-B-137-BR-1TO,0.08181818181818182,0.3600964058243338,4.401178293408524,0.9363636363636364,0.0035660347586953084,False,0.16363636363636364,2024-06-17,109,intermittent,full,0.46153846153846156,0.6923076923076923
CA-SC-10-B-137-DB-1TO,0.5181818181818182,1.0932172551428871,2.1097175099248697,0.7545454545454545,0.019543313121294772,False,1.0,2024-06-17,109,intermittent,full,1.9230769230769231,0.15384615384615385
CA-SC-10-B-137-DG-1TO,0.7909090909090909,1.595991880507112,2.017920768457268,0.7272727272727273,0.0335189234271803,False,1.5818181818181818,2026-04-27,13,smooth,short,3.923076923076923,0.0
CA-SC-10-B-137-GR-1TO,0.10909090909090909,0.389532459738701,3.570714214271426,0.9181818181818182,0.004273831796767576,False,0.21818181818181817,2024-06-17,109,intermittent,full,0.46153846153846156,0.6923076923076923
CA-SC-10-B-137-WR-1TO,0.12727272727272726,0.4692177418386887,3.6867108287325543,0.9181818181818182,0.005851723282915944,False,0.2545454545454545,2024-06-17,109,intermittent,full,0.6923076923076923,0.5384615384615384
CA-SC-10-B-138-BE-1TO,0.2636363636363636,0.6277995152952562,2.3813085062923514,0.8181818181818182,0.005360322791515453,False,0.5272727272727272,2024-06-17,109,intermittent,full,0.15384615384615385,0.8461538461538461
CA-SC-10-B-138-BK-1TO,16.21276595744681,14.046936775504165,0.86641211082506,0.0,-0.6232654949121181,True,14.145454545454545,2025-09-01,46,smooth,short,7.153846153846154,0.0
CA-SC-10-B-138-BR-1TO,0.43636363636363634,0.9772621563910318,2.2395591083961146,0.7909090909090909,0.00941324978022226,False,0.8727272727272727,2024-06-17,109,intermittent,full,0.46153846153846156,0.6153846153846154
CA-SC-10-B-138-DB-1TO,3.595744680851064,4.113597454773439,1.1440182270671695,0.19148936170212766,-0.1800416281221092,True,3.1272727272727274,2025-09-01,46,intermittent,short,1.1538461538461537,0.23076923076923078
CA-SC-10-B-138-DG-1TO,9.25531914893617,7.033258634929014,0.7599153007854337,0.0,-0.3561517113783534,True,8.018181818181818,2025-09-01,46,smooth,short,4.461538461538462,0.0
CA-SC-10-B-138-GR-1TO,0.5818181818181818,1.281914889968896,2.2032912171340397,0.7454545454545455,0.012785429299190767,False,1.1454545454545455,2024-06-17,109,intermittent,full,0.6153846153846154,0.5384615384615384
CA-SC-10-B-138-RD-1TO,0.07272727272727272,0.3221826390303519,4.430011286667338,0.9454545454545454,0.0012983792800306563,False,0.14545454545454545,2024-06-17,109,intermittent,full,0.0,1.0
CA-SC-10-B-138-WH-1TO,0.00909090909090909,0.09491187735373227,10.44030650891055,0.990909090909091,9.467348916890206e-05,False,0.01818181818181818,2024-06-17,109,intermittent,full,0.0,1.0
CA-SC-10-B-138-WR-1TO,0.509090909090909,1.1579406056793207,2.2745261897272373,0.7636363636363637,0.012839528435858715,False,1.018181818181818,2024-06-17,109,intermittent,full,0.7692307692307693,0.5384615384615384
CA-SC-10-B-139-BE-1TO,0.07272727272727272,0.25968830649246727,3.570714214271425,0.9272727272727272,0.002389378536167527,False,0.14545454545454545,2024-06-17,109,intermittent,full,0.15384615384615385,0.8461538461538461
CA-SC-10-B-139-BK-1TO,0.6909090909090909,1.263080322396975,1.8281425718903588,0.6727272727272727,0.020187994499921102,False,1.3454545454545455,2024-06-17,109,intermittent,full,1.4615384615384615,0.38461538461538464
CA-SC-10-B-139-BR-1TO,0.05454545454545454,0.22709083630539637,4.163331998932267,0.9454545454545454,0.001280346234474675,False,0.10909090909090909,2024-06-17,109,intermittent,full,0.0,1.0
CA-SC-10-B-139-DB-1TO,0.5181818181818182,1.015621781622364,1.9599718592712287,0.7181818181818181,0.015035051732299437,False,1.0363636363636364,2024-06-17,109,intermittent,full,0.8461538461538461,0.38461538461538464
CA-SC-10-B-139-DG-1TO,0.20909090909090908,0.5892283790217746,2.8180487692345744,0.8454545454545455,0.005838198498748957,False,0.4,2024-06-17,109,intermittent,full,0.46153846153846156,0.5384615384615384
CA-SC-10-B-139-GR-1TO,0.03636363636363636,0.18719327529067276,5.147815070493501,0.9636363636363636,0.0008836192322430852,False,0.07272727272727272,2024-06-17,109,intermittent,full,0.0,1.0
CA-SC-10-B-139-WR-1TO,0.03636363636363636,0.18719327529067276,5.147815070493501,0.9636363636363636,0.001172147961138787,False,0.07272727272727272,2024-06-17,109,intermittent,full,0.07692307692307693,0.9230769230769231
CA-SC-10-B-14-BE-1TO,0.10909090909090909,0.38953245973870093,3.570714214271425,0.9181818181818182,0.0038139891350900527,False,0.21818181818181817,2024-06-17,109,intermittent,full,0.3076923076923077,0.7692307692307693
CA-SC-10-B-14-BK-1TO,0.13636363636363635,0.36871454164860445,2.703906638756433,0.8727272727272727,0.004368505285936479,False,0.2545454545454545,2024-06-17,109,intermittent,full,0.38461538461538464,0.6923076923076923
CA-SC-10-B-14-DB-1TO,0.00909090909090909,0.09491187735373227,10.44030650891055,0.990909090909091,0.00032008655861866865,False,0.01818181818181818,2024-06-17,109,intermittent,full,0.0,1.0
CA-SC-10-B-14-DG-1TO,0.09090909090909091,0.3175318035740542,3.492849839314596,0.9181818181818182,0.0030746342672948175,False,0.18181818181818182,2024-06-17,109,intermittent,full,0.3076923076923077,0.7692307692307693
CA-SC-10-B-14-GR-1TO,0.045454545454545456,0.2082988952252655,4.582575694955841,0.9545454545454546,0.0015283006108694182,False,0.09090909090909091,2024-06-17,109,intermittent,full,0.15384615384615385,0.8461538461538461
CA-SC-10-B-14-WR-1TO,0.05454545454545454,0.22709083630539637,4.163331998932267,0.9454545454545454,0.00217298198949575,False,0.10909090909090909,2024-06-17,109,intermittent,full,0.15384615384615385,0.8461538461538461
CA-SC-10-B-140-BE-1TO,0.01818181818181818,0.13360853142453696,7.348469228349534,0.9818181818181818,0.0007393548677952348,False,0.03636363636363636,2024-06-17,109,intermittent,full,0.07692307692307693,0.9230769230769231
CA-SC-10-B-140-BK-1TO,0.09090909090909091,0.34497574474564136,3.7947331922020546,0.9272727272727272,0.0041836665689876686,False,0.18181818181818182,2024-06-17,109,intermittent,full,0.6153846153846154,0.5384615384615384
CA-SC-10-B-140-BR-1TO,0.01818181818181818,0.13360853142453696,7.348469228349534,0.9818181818181818,0.0007483713905732254,False,0.03636363636363636,2024-06-17,109,intermittent,full,0.07692307692307693,0.9230769230769231
CA-SC-10-B-140-DB-1TO,0.045454545454545456,0.24813352843556694,5.458937625582473,0.9636363636363636,0.0022315893875526896,False,0.09090909090909091,2024-06-17,109,intermittent,full,0.38461538461538464,0.6923076923076923
CA-SC-10-B-140-DG-1TO,0.02727272727272727,0.16287702606517196,5.972157622389639,0.9727272727272728,0.0010774744719698848,False,0.05454545454545454,2024-06-17,109,intermittent,full,0.07692307692307693,0.9230769230769231
CA-SC-10-B-140-GR-1TO,0.00909090909090909,0.09491187735373227,10.44030650891055,0.990909090909091,0.0004373013547325474,False,0.01818181818181818,2024-06-17,109,intermittent,full,0.07692307692307693,0.9230769230769231
CA-SC-10-B-141-BE-1TO,0.3090909090909091,0.6707587907526079,2.170101970081967,0.7818181818181819,0.009296034984108378,False,0.6181818181818182,2024-06-17,109,intermittent,full,0.6153846153846154,0.5384615384615384
CA-SC-10-B-141-BK-1TO,4.043478260869565,3.2834004228062,0.8120237604789526,0.043478260869565216,-0.087449892075239,True,3.418181818181818,2025-09-08,45,smooth,short,2.5384615384615383,0.07692307692307693
CA-SC-10-B-141-BR-1TO,0.22727272727272727,0.6695872664843743,2.946183972531247,0.8545454545454545,0.005549669769853256,False,0.45454545454545453,2024-06-17,109,intermittent,full,0.3076923076923077,0.7692307692307693
CA-SC-10-B-141-DB-1TO,0.4090909090909091,0.7896541768446896,1.9302657656203523,0.7272727272727273,0.012375177512792192,False,0.8181818181818182,2024-06-17,109,intermittent,full,0.9230769230769231,0.38461538461538464
CA-SC-10-B-141-DG-1TO,0.5,1.0681334611878288,2.1362669223756576,0.7363636363636363,0.014620291684511866,False,1.0,2024-06-17,109,intermittent,full,1.0769230769230769,0.3076923076923077
CA-SC-10-B-141-GR-1TO,0.15454545454545454,0.43035637740162264,2.7846589125987347,0.8727272727272727,0.004602934878164237,False,0.3090909090909091,2024-06-17,109,intermittent,full,0.38461538461538464,0.6153846153846154
CA-SC-10-B-141-PK-1TO,0.00909090909090909,0.09491187735373227,10.44030650891055,0.990909090909091,0.0001938552397267994,False,0.01818181818181818,2024-06-17,109,intermittent,full,0.0,1.0
CA-SC-10-B-141-WR-1TO,0.19090909090909092,0.5476471084301466,2.8686277108245775,0.8545454545454545,0.005252124518179563,False,0.38181818181818183,2024-06-17,109,intermittent,full,0.46153846153846156,0.6153846153846154
CA-SC-10-B-145-BE-1TO,0.00909090909090909,0.09491187735373227,10.44030650891055,0.990909090909091,0.0004643509230665193,False,0.01818181818181818,2024-06-17,109,intermittent,full,0.07692307692307693,0.9230769230769231
CA-SC-10-B-145-BK-1TO,0.01818181818181818,0.13360853142453696,7.348469228349534,0.9818181818181818,0.0008655861866871039,False,0.03636363636363636,2024-06-17,109,intermittent,full,0.15384615384615385,0.8461538461538461
CA-SC-10-B-145-DB-1TO,0.01818181818181818,0.13360853142453696,7.348469228349534,0.9818181818181818,0.0008746027094650946,False,0.03636363636363636,2024-06-17,109,intermittent,full,0.15384615384615385,0.8461538461538461
CA-SC-10-B-145-DG-1TO,0.05454545454545454,0.2965364805509107,5.436502143433363,0.9636363636363636,0.0025877420372833215,False,0.10909090909090909,2024-06-17,109,intermittent,full,0.46153846153846156,0.6923076923076923
CA-SC-10-B-145-GR-1TO,0.01818181818181818,0.133608531424537,7.3484692283495345,0.9818181818181818,0.0008385366183531322,False,0.03636363636363636,2024-06-17,109,intermittent,full,0.07692307692307693,0.9230769230769231
CA-SC-10-B-145-WR-1TO,0.03636363636363636,0.18719327529067276,5.147815070493501,0.9636363636363636,0.0016319906228163105,False,0.07272727272727272,2024-06-17,109,intermittent,full,0.23076923076923078,0.7692307692307693
CA-SC-10-B-146-BE-1TO,0.00909090909090909,0.09491187735373227,10.44030650891055,0.990909090909091,0.00010369001194689274,False,0.01818181818181818,2024-06-17,109,intermittent,full,0.0,1.0
CA-SC-10-B-146-BK-1TO,0.5545454545454546,0.9003672345353274,1.6236130458833773,0.6818181818181818,0.016216216216216214,False,1.1090909090909091,2024-06-17,109,intermittent,full,1.0769230769230769,0.38461538461538464
CA-SC-10-B-146-BR-1TO,0.07272727272727272,0.25968830649246727,3.570714214271425,0.9272727272727272,0.002046750670603882,False,0.14545454545454545,2024-06-17,109,intermittent,full,0.15384615384615385,0.8461538461538461
CA-SC-10-B-146-DB-1TO,0.12727272727272726,0.3839765833080522,3.016958868848982,0.8909090909090909,0.003534476928972342,False,0.2545454545454545,2024-06-17,109,intermittent,full,0.23076923076923078,0.7692307692307693
CA-SC-10-B-146-DG-1TO,0.5,0.8607607628772881,1.7215215257545762,0.6727272727272727,0.013484209814485046,False,1.0,2024-06-17,109,intermittent,full,0.9230769230769231,0.38461538461538464
CA-SC-10-B-146-GR-1TO,0.1,0.3554766326548573,3.554766326548573,0.9181818181818182,0.0027455311858981587,False,0.2,2024-06-17,109,intermittent,full,0.23076923076923078,0.7692307692307693
CA-SC-10-B-146-WR-1TO,0.03636363636363636,0.18719327529067276,5.147815070493501,0.9636363636363636,0.0017492054189301896,False,0.07272727272727272,2024-06-17,109,intermittent,full,0.3076923076923077,0.6923076923076923
CA-SC-10-B-147-BE-1TO,0.1,0.32891004572955534,3.2891004572955533,0.9090909090909091,0.0024930685481144204,False,0.2,2024-06-17,109,intermittent,full,0.07692307692307693,0.9230769230769231
CA-SC-10-B-147-BK-1TO,5.0638297872340425,4.526067549251704,0.8938032555244961,0.0425531914893617,-0.1399167437557817,True,4.327272727272727,2025-09-01,46,smooth,short,2.3076923076923075,0.07692307692307693
CA-SC-10-B-147-BR-1TO,0.10909090909090909,0.33966439440489826,3.113590282044901,0.9,0.002768072492843135,False,0.21818181818181817,2024-06-17,109,intermittent,full,0.15384615384615385,0.8461538461538461
CA-SC-10-B-147-DB-1TO,0.4909090909090909,0.9219096242972522,1.8779640494944025,0.7272727272727273,0.016040394022045403,False,0.9818181818181818,2024-06-17,109,intermittent,full,1.2307692307692308,0.38461538461538464
CA-SC-10-B-147-DG-1TO,0.7454545454545455,1.637272474887669,2.196341124849312,0.6909090909090909,0.019205193517120123,False,1.490909090909091,2024-06-17,109,intermittent,full,0.9230769230769231,0.3076923076923077
CA-SC-10-B-147-GR-1TO,0.11818181818181818,0.42064492004579185,3.559303169618239,0.9090909090909091,0.003800464350923066,False,0.23636363636363636,2024-06-17,109,intermittent,full,0.3076923076923077,0.7692307692307693
CA-SC-10-B-147-PK-1TO,0.01818181818181818,0.13360853142453696,7.348469228349534,0.9818181818181818,0.0003336113427856549,False,0.03636363636363636,2024-06-17,109,intermittent,full,0.0,1.0
CA-SC-10-B-147-RD-1TO,0.00909090909090909,0.09491187735373227,10.44030650891055,0.990909090909091,8.565696639091142e-05,False,0.01818181818181818,2024-06-17,109,intermittent,full,0.0,1.0
CA-SC-10-B-147-WR-1TO,0.09090909090909091,0.31753180357405414,3.4928498393145953,0.9181818181818182,0.0020738002389378537,False,0.18181818181818182,2024-06-17,109,intermittent,full,0.07692307692307693,0.9230769230769231
CA-SC-10-B-149-BE-1TO,0.07272727272727272,0.25968830649246727,3.570714214271425,0.9272727272727272,0.001956585442823975,False,0.14545454545454545,2024-06-17,109,intermittent,full,0.15384615384615385,0.8461538461538461
CA-SC-10-B-149-BK-1TO,0.990909090909091,1.6039465789418217,1.6186616851706457,0.6181818181818182,0.030813966593783104,False,1.981818181818182,2026-04-27,13,smooth,short,2.1538461538461537,0.07692307692307693
CA-SC-10-B-149-BR-1TO,0.01818181818181818,0.13360853142453696,7.348469228349534,0.9818181818181818,0.00034262786556364547,False,0.03636363636363636,2024-06-17,109,intermittent,full,0.0,1.0
CA-SC-10-B-149-DB-1TO,0.12727272727272726,0.44942571252030084,3.531202026945221,0.9090909090909091,0.0036877578161981827,False,0.2545454545454545,2024-06-17,109,intermittent,full,0.3076923076923077,0.7692307692307693
CA-SC-10-B-149-DG-1TO,3.4893617021276597,2.21092394689614,0.6336184481958449,0.06382978723404255,0.025670675300647563,True,3.018181818181818,2025-09-01,46,smooth,short,4.076923076923077,0.07692307692307693
CA-SC-10-B-149-GR-1TO,0.5727272727272728,1.2095009557596352,2.1118270656120615,0.7272727272727273,0.017803124225142575,False,1.1454545454545455,2024-06-17,109,intermittent,full,1.0769230769230769,0.46153846153846156
CA-SC-10-B-149-PK-1TO,0.00909090909090909,0.09491187735373227,10.44030650891055,0.990909090909091,0.0001938552397267994,False,0.01818181818181818,2024-06-17,109,intermittent,full,0.0,1.0
CA-SC-10-B-149-RD-1TO,0.01818181818181818,0.13360853142453696,7.348469228349534,0.9818181818181818,0.00024344611500574812,False,0.03636363636363636,2024-06-17,109,intermittent,full,0.0,1.0
CA-SC-10-B-149-WR-1TO,0.07272727272727272,0.3492613220417917,4.802343178074636,0.9454545454545454,0.0018754367378220592,False,0.14545454545454545,2024-06-17,109,intermittent,full,0.15384615384615385,0.8461538461538461
CA-SC-10-B-15-BE-1TO,1.209090909090909,1.8833985458857687,1.557698045469433,0.6,0.03882063882063881,False,2.3636363636363638,2026-04-27,13,smooth,short,3.230769230769231,0.0
CA-SC-10-B-15-BK-1TO,3.754385964912281,2.3566308224851906,0.6277007330918498,0.07017543859649122,0.07298418459942957,True,3.8545454545454545,2025-06-23,56,smooth,medium,4.615384615384615,0.0
CA-SC-10-B-15-BR-1TO,0.6363636363636364,0.9508586810903915,1.4942064988563295,0.6272727272727273,0.020332258864368957,False,1.2545454545454546,2024-06-17,109,intermittent,full,1.5384615384615385,0.15384615384615385
CA-SC-10-B-15-DB-1TO,0.5363636363636364,0.9970617991904809,1.858928778151744,0.7181818181818181,0.017712958997362662,False,1.0727272727272728,2024-06-17,109,intermittent,full,1.5384615384615385,0.3076923076923077
CA-SC-10-B-15-DG-1TO,0.5272727272727272,0.9789520455252221,1.8566331897892145,0.7090909090909091,0.017428938529855963,False,1.0545454545454545,2024-06-17,109,intermittent,full,1.5384615384615385,0.23076923076923078
CA-SC-10-B-15-GR-1TO,0.5,0.9219544457292888,1.8439088914585775,0.7,0.01668507540067173,False,0.9636363636363636,2024-06-17,109,intermittent,full,1.6153846153846154,0.15384615384615385
CA-SC-10-B-15-PK-1TO,0.14545454545454545,0.44387474966304374,3.051638903933426,0.8818181818181818,0.005184500597344634,False,0.2909090909090909,2024-06-17,109,intermittent,full,0.3076923076923077,0.8461538461538461
CA-SC-10-B-15-RD-1TO,0.07272727272727272,0.29260867162601967,4.02336923485777,0.9363636363636364,0.0019656019656019656,False,0.14545454545454545,2024-06-17,109,intermittent,full,0.07692307692307693,0.9230769230769231
CA-SC-10-B-15-WH-1TO,0.22727272727272727,0.5335829305756068,2.34776489453267,0.8272727272727273,0.006577553366544191,False,0.45454545454545453,2024-06-17,109,intermittent,full,0.23076923076923078,0.7692307692307693
CA-SC-10-B-15-WR-1TO,0.7,1.156405087879125,1.6520072683987501,0.6454545454545455,0.0229966413452652,False,1.3636363636363635,2024-06-17,109,intermittent,full,2.0,0.23076923076923078
CA-SC-10-B-150-BE-1TO,0.01818181818181818,0.13360853142453696,7.348469228349534,0.9818181818181818,0.0006311565944593469,False,0.03636363636363636,2024-06-17,109,intermittent,full,0.0,1.0
CA-SC-10-B-151-BE-1TO,0.02727272727272727,0.16287702606517196,5.972157622389639,0.9727272727272728,0.00034713612695264084,False,0.05454545454545454,2024-06-17,109,intermittent,full,0.0,1.0
CA-SC-10-B-151-BK-1TO,4.195652173913044,3.4554277732877465,0.8235734589183229,0.06521739130434782,-0.08368794326241133,True,3.581818181818182,2025-09-08,45,smooth,short,2.923076923076923,0.0
CA-SC-10-B-151-BR-1TO,0.42727272727272725,0.8889124193396098,2.0804333218586613,0.7545454545454545,0.012447309695016118,False,0.8545454545454545,2024-06-17,109,intermittent,full,0.7692307692307693,0.46153846153846156
CA-SC-10-B-151-DB-1TO,0.5,0.9885710532241612,1.9771421064483223,0.7636363636363637,0.013078466289475467,False,1.0,2024-06-17,109,intermittent,full,0.9230769230769231,0.6153846153846154
CA-SC-10-B-151-DG-1TO,0.7363636363636363,1.3529581914340867,1.8373506303425868,0.6545454545454545,0.018181818181818184,False,1.4727272727272727,2024-06-17,109,intermittent,full,1.0,0.3076923076923077
CA-SC-10-B-151-GR-1TO,0.24545454545454545,0.6058257120562232,2.468178826895724,0.8272727272727273,0.00667673511710209,False,0.4909090909090909,2024-06-17,109,intermittent,full,0.5384615384615384,0.6923076923076923
CA-SC-10-B-151-RD-1TO,0.03636363636363636,0.23070140982635487,6.344288770224759,0.9727272727272728,0.00046885918445551506,False,0.07272727272727272,2024-06-17,109,intermittent,full,0.0,1.0
CA-SC-10-B-151-WR-1TO,0.22727272727272727,0.5666342560817244,2.4931907267595874,0.8363636363636363,0.0054865541104073216,False,0.45454545454545453,2024-06-17,109,intermittent,full,0.38461538461538464,0.6153846153846154
CA-SC-10-B-152-BK-1TO,0.6,1.3564659966250536,2.2607766610417563,0.7909090909090909,0.02419133061334896,False,1.2,2026-04-27,13,smooth,short,2.3846153846153846,0.07692307692307693
CA-SC-10-B-152-BR-1TO,0.07272727272727272,0.25968830649246727,3.570714214271425,0.9272727272727272,0.0032188986317426677,False,0.14545454545454545,2024-06-17,109,intermittent,full,0.38461538461538464,0.6153846153846154
CA-SC-10-B-152-DB-1TO,0.17272727272727273,0.5197742675971929,3.0092194439837483,0.8818181818181818,0.007289858666005454,False,0.34545454545454546,2024-06-17,109,intermittent,full,0.6923076923076923,0.46153846153846156
CA-SC-10-B-152-DG-1TO,0.4,1.0634420957010735,2.6586052392526835,0.8363636363636363,0.01666253409372675,False,0.8,2024-06-17,109,intermittent,full,1.9230769230769231,0.23076923076923078
CA-SC-10-B-152-GR-1TO,0.05454545454545454,0.22709083630539634,4.163331998932266,0.9454545454545454,0.0025246263778373867,False,0.10909090909090909,2024-06-17,109,intermittent,full,0.38461538461538464,0.6153846153846154
CA-SC-10-B-152-WR-1TO,0.11818181818181818,0.34985238917988837,2.960289446906748,0.8909090909090909,0.00505376101706377,False,0.23636363636363636,2024-06-17,109,intermittent,full,0.46153846153846156,0.5384615384615384
CA-SC-10-B-153-BK-1TO,0.24545454545454545,0.6206501523163013,2.5285746946219683,0.8272727272727273,0.006622635980434146,False,0.4909090909090909,2024-06-17,109,intermittent,full,0.23076923076923078,0.7692307692307693
CA-SC-10-B-153-BR-1TO,0.01818181818181818,0.13360853142453696,7.348469228349534,0.9818181818181818,0.0004959087527894865,False,0.03636363636363636,2024-06-17,109,intermittent,full,0.0,1.0
CA-SC-10-B-153-DB-1TO,0.08181818181818182,0.3600964058243338,4.401178293408524,0.9454545454545454,0.0015823997475373625,False,0.16363636363636364,2024-06-17,109,intermittent,full,0.0,1.0
CA-SC-10-B-153-DG-1TO,0.14545454545454545,0.400825594273611,2.7556759606310757,0.8727272727272727,0.0029393864256249576,False,0.2909090909090909,2024-06-17,109,intermittent,full,0.0,1.0
CA-SC-10-B-153-GR-1TO,0.03636363636363636,0.18719327529067276,5.147815070493501,0.9636363636363636,0.0004778757072335055,False,0.07272727272727272,2024-06-17,109,intermittent,full,0.0,1.0
CA-SC-10-B-153-RD-1TO,0.01818181818181818,0.13360853142453696,7.348469228349534,0.9818181818181818,0.00023442959222775753,False,0.03636363636363636,2024-06-17,109,intermittent,full,0.0,1.0
CA-SC-10-B-153-WR-1TO,0.02727272727272727,0.16287702606517196,5.972157622389639,0.9727272727272728,0.00033811960417465015,False,0.05454545454545454,2024-06-17,109,intermittent,full,0.0,1.0
CA-SC-10-B-156-BE-1TO,0.045454545454545456,0.20829889522526548,4.582575694955841,0.9545454545454546,0.002150440682550774,False,0.09090909090909091,2024-06-17,109,intermittent,full,0.3076923076923077,0.6923076923076923
CA-SC-10-B-156-BK-1TO,0.00909090909090909,0.09491187735373227,10.44030650891055,0.990909090909091,0.0004914004914004913,False,0.01818181818181818,2024-06-17,109,intermittent,full,0.07692307692307693,0.9230769230769231
CA-SC-10-B-156-BR-1TO,0.01818181818181818,0.13360853142453696,7.348469228349534,0.9818181818181818,0.0007393548677952347,False,0.03636363636363636,2024-06-17,109,intermittent,full,0.07692307692307693,0.9230769230769231
CA-SC-10-B-156-DG-1TO,0.01818181818181818,0.13360853142453696,7.348469228349534,0.9818181818181818,0.000784437481685188,False,0.03636363636363636,2024-06-17,109,intermittent,full,0.07692307692307693,0.9230769230769231
CA-SC-10-B-157-BE-1TO,0.13636363636363635,0.39259677966707607,2.8790430508918914,0.8818181818181818,0.006207875932646574,False,0.2727272727272727,2024-06-17,109,intermittent,full,0.7692307692307693,0.38461538461538464
CA-SC-10-B-157-BK-1TO,0.2727272727272727,0.6593259768897726,2.417528581929166,0.8,0.010053422897459594,False,0.509090909090909,2024-06-17,109,intermittent,full,0.9230769230769231,0.46153846153846156
CA-SC-10-B-157-DB-1TO,0.10909090909090909,0.3396643944048982,3.1135902820449,0.9,0.004264815273989586,False,0.21818181818181817,2024-06-17,109,intermittent,full,0.5384615384615384,0.5384615384615384
CA-SC-10-B-157-DG-1TO,0.35454545454545455,0.8695491374725978,2.452574490307327,0.7909090909090909,0.013889953339494623,False,0.7090909090909091,2024-06-17,109,intermittent,full,1.4615384615384615,0.23076923076923078
CA-SC-10-B-157-GR-1TO,0.06363636363636363,0.24410402876541004,3.8359204520278727,0.9363636363636364,0.002484052025336429,False,0.12727272727272726,2024-06-17,109,intermittent,full,0.15384615384615385,0.8461538461538461
CA-SC-10-B-157-WR-1TO,0.045454545454545456,0.2082988952252655,4.582575694955841,0.9545454545454546,0.0015463336564253995,False,0.09090909090909091,2024-06-17,109,intermittent,full,0.07692307692307693,0.9230769230769231
CA-SC-10-B-158-BE-1TO,0.02727272727272727,0.21144915181114557,7.753135566408671,0.9818181818181818,0.001050424903635913,False,0.05454545454545454,2024-06-17,109,intermittent,full,0.0,1.0
CA-SC-10-B-158-DB-1TO,0.03636363636363636,0.18719327529067276,5.147815070493501,0.9636363636363636,0.0013614949394765905,False,0.07272727272727272,2024-06-17,109,intermittent,full,0.07692307692307693,0.9230769230769231
CA-SC-10-B-159-BE-1TO,0.045454545454545456,0.2082988952252655,4.582575694955841,0.9545454545454546,0.0015463336564253995,False,0.09090909090909091,2024-06-17,109,intermittent,full,0.15384615384615385,0.8461538461538461
CA-SC-10-B-159-BK-1TO,3.4680851063829787,2.2107191843166873,0.6374466359686154,0.0425531914893617,0.04787234042553192,True,2.981818181818182,2025-09-01,46,smooth,short,4.076923076923077,0.0
CA-SC-10-B-159-BR-1TO,0.23636363636363636,0.5381326758890452,2.276715167222884,0.8181818181818182,0.008331267046863376,False,0.4727272727272727,2024-06-17,109,intermittent,full,0.6923076923076923,0.5384615384615384
CA-SC-10-B-159-DB-1TO,0.2636363636363636,0.5827407458377217,2.21039593248791,0.8,0.00803823005657868,False,0.5272727272727272,2024-06-17,109,intermittent,full,0.46153846153846156,0.5384615384615384
CA-SC-10-B-159-DG-1TO,0.3,0.6259538176400731,2.0865127254669105,0.7818181818181819,0.010418592069968218,False,0.6,2024-06-17,109,intermittent,full,0.9230769230769231,0.3076923076923077
CA-SC-10-B-159-GR-1TO,0.06363636363636363,0.27887021182141764,4.382246185765135,0.9454545454545454,0.0011946892680837638,False,0.12727272727272726,2024-06-17,109,intermittent,full,0.0,1.0
CA-SC-10-B-159-PK-1TO,0.03636363636363636,0.18719327529067276,5.147815070493501,0.9636363636363636,0.0005590244122354215,False,0.07272727272727272,2024-06-17,109,intermittent,full,0.0,1.0
CA-SC-10-B-159-RD-1TO,0.00909090909090909,0.09491187735373227,10.44030650891055,0.990909090909091,0.00015778914861483672,False,0.01818181818181818,2024-06-17,109,intermittent,full,0.0,1.0
CA-SC-10-B-159-WR-1TO,0.2727272727272727,0.6311474530076284,2.3142073276946378,0.8181818181818182,0.008836192322430853,False,0.5454545454545454,2024-06-17,109,intermittent,full,0.46153846153846156,0.6153846153846154
CA-SC-10-B-16-BE-1TO,3.0625,1.8529958850466992,0.6050598808315752,0.10416666666666667,0.02643291359096826,True,2.709090909090909,2025-08-25,47,smooth,short,3.1538461538461537,0.07692307692307693
CA-SC-10-B-16-BK-1TO,6.78,3.5793295461580508,0.5279247118227214,0.0,0.07418967587034819,True,6.290909090909091,2025-08-11,49,smooth,short,7.615384615384615,0.0
CA-SC-10-B-16-BR-1TO,0.4727272727272727,0.8389288723679512,1.7746572300091277,0.7181818181818181,0.014363320785339135,False,0.9454545454545454,2024-06-17,109,intermittent,full,0.8461538461538461,0.5384615384615384
CA-SC-10-B-16-DB-1TO,0.7454545454545455,1.2390345481746052,1.6621195158439825,0.6090909090909091,0.024921668958366207,False,1.4727272727272727,2026-04-27,13,smooth,short,2.3076923076923075,0.07692307692307693
CA-SC-10-B-16-DG-1TO,0.8727272727272727,1.3080804180803598,1.498842145717079,0.6272727272727273,0.02777990667898925,False,1.7454545454545454,2026-04-27,13,smooth,short,2.3076923076923075,0.07692307692307693
CA-SC-10-B-16-GR-1TO,0.5272727272727272,0.8708312738056762,1.651576553769386,0.6727272727272727,0.016319906228163105,False,1.018181818181818,2024-06-17,109,intermittent,full,1.2307692307692308,0.3076923076923077
CA-SC-10-B-16-WH-1TO,0.1,0.4253340932832577,4.253340932832577,0.9363636363636364,0.002033225886436896,False,0.2,2024-06-17,109,intermittent,full,0.0,1.0
CA-SC-10-B-16-WR-1TO,0.5454545454545454,0.920833255425498,1.688194301613413,0.6727272727272727,0.01705926109595834,False,1.0727272727272728,2024-06-17,109,intermittent,full,0.8461538461538461,0.46153846153846156
CA-SC-10-B-162-BE-1TO,0.23636363636363636,0.5381326758890452,2.276715167222884,0.8090909090909091,0.00728535040461646,False,0.41818181818181815,2024-06-17,109,intermittent,full,0.6153846153846154,0.5384615384615384
CA-SC-10-B-162-BK-1TO,3.5434782608695654,3.0339135419392216,0.8561964596883692,0.15217391304347827,-0.0968855997533148,True,3.036363636363636,2025-09-08,45,smooth,short,2.4615384615384617,0.0
CA-SC-10-B-162-BR-1TO,0.16363636363636364,0.4959338798903948,3.0307070437746346,0.8818181818181818,0.004012352636205848,False,0.32727272727272727,2024-06-17,109,intermittent,full,0.15384615384615385,0.9230769230769231
CA-SC-10-B-162-DB-1TO,0.5,1.0067950951590714,2.013590190318143,0.7181818181818181,0.01399815161283051,False,1.0,2024-06-17,109,intermittent,full,1.0,0.15384615384615385
CA-SC-10-B-162-DG-1TO,0.8545454545454545,1.661523745549486,1.944336297983441,0.7181818181818181,0.019971597953249334,False,1.709090909090909,2024-06-17,109,intermittent,full,0.7692307692307693,0.46153846153846156
CA-SC-10-B-162-GR-1TO,0.2,0.44312936752559784,2.215646837627989,0.8181818181818182,0.0014065775533665444,False,0.2545454545454545,2024-06-17,109,intermittent,full,0.07692307692307693,0.9230769230769231
CA-SC-10-B-162-WR-1TO,0.07272727272727272,0.25968830649246727,3.570714214271425,0.9272727272727272,0.0029934855622929016,False,0.14545454545454545,2024-06-17,109,intermittent,full,0.38461538461538464,0.6153846153846154
CA-SC-10-B-164-BK-1TO,0.01818181818181818,0.13360853142453696,7.348469228349534,0.9818181818181818,1.8033045555981508e-05,False,0.01818181818181818,2024-06-17,109,intermittent,full,0.0,1.0
CA-SC-10-B-165-BK-1TO,0.07272727272727272,0.29260867162601967,4.02336923485777,0.9363636363636364,0.0032008655861866867,False,0.14545454545454545,2024-06-17,109,intermittent,full,0.38461538461538464,0.6923076923076923
CA-SC-10-B-165-BR-1TO,0.02727272727272727,0.16287702606517196,5.972157622389639,0.9727272727272728,0.0012397718819737167,False,0.05454545454545454,2024-06-17,109,intermittent,full,0.23076923076923078,0.7692307692307693
CA-SC-10-B-165-DB-1TO,0.045454545454545456,0.20829889522526548,4.582575694955841,0.9545454545454546,0.0018979780447670356,False,0.09090909090909091,2024-06-17,109,intermittent,full,0.23076923076923078,0.7692307692307693
CA-SC-10-B-165-DG-1TO,0.06363636363636363,0.2788702118214176,4.382246185765134,0.9454545454545454,0.00303405991479386,False,0.12727272727272726,2024-06-17,109,intermittent,full,0.46153846153846156,0.6153846153846154
CA-SC-10-B-165-GR-1TO,0.1,0.3554766326548573,3.554766326548573,0.9181818181818182,0.004711133151500123,False,0.2,2024-06-17,109,intermittent,full,0.7692307692307693,0.38461538461538464
CA-SC-10-B-165-WR-1TO,0.00909090909090909,0.09491187735373227,10.44030650891055,0.990909090909091,0.0004643509230665193,False,0.01818181818181818,2024-06-17,109,intermittent,full,0.07692307692307693,0.9230769230769231
CA-SC-10-B-166-BK-1TO,0.03636363636363636,0.18719327529067276,5.147815070493501,0.9636363636363636,0.0017582219417081799,False,0.07272727272727272,2024-06-17,109,intermittent,full,0.3076923076923077,0.6923076923076923
CA-SC-10-B-166-DB-1TO,0.03636363636363636,0.23070140982635487,6.344288770224759,0.9727272727272728,0.0016860897594842548,False,0.07272727272727272,2024-06-17,109,intermittent,full,0.3076923076923077,0.7692307692307693
CA-SC-10-B-166-DG-1TO,0.09090909090909091,0.3941724252487055,4.33589667773576,0.9454545454545454,0.004562360525663278,False,0.18181818181818182,2024-06-17,109,intermittent,full,0.7692307692307693,0.5384615384615384
CA-SC-10-B-166-GR-1TO,0.01818181818181818,0.133608531424537,7.3484692283495345,0.9818181818181818,0.000892635755021076,False,0.03636363636363636,2024-06-17,109,intermittent,full,0.15384615384615385,0.8461538461538461
CA-SC-10-B-167-BK-1TO,0.00909090909090909,0.09491187735373227,10.44030650891055,0.990909090909091,0.0004012352636205847,False,0.01818181818181818,2024-06-17,109,intermittent,full,0.07692307692307693,0.9230769230769231
CA-SC-10-B-167-WR-1TO,0.00909090909090909,0.09491187735373227,10.44030650891055,0.990909090909091,0.000392218740842594,False,0.01818181818181818,2024-06-17,109,intermittent,full,0.07692307692307693,0.9230769230769231
CA-SC-10-B-168-BK-1TO,0.2909090909090909,2.848749181803559,9.792575312449735,0.9727272727272728,0.004598426616775243,False,0.5818181818181818,2024-06-17,109,intermittent,full,0.07692307692307693,0.9230769230769231
CA-SC-10-B-168-BR-1TO,0.045454545454545456,0.24813352843556696,5.458937625582473,0.9636363636363636,0.0015373171336474092,False,0.09090909090909091,2024-06-17,109,intermittent,full,0.07692307692307693,0.9230769230769231
CA-SC-10-B-168-DG-1TO,0.00909090909090909,0.09491187735373227,10.44030650891055,0.990909090909091,0.0002389378536167527,False,0.01818181818181818,2024-06-17,109,intermittent,full,0.0,1.0
CA-SC-10-B-168-GR-1TO,0.045454545454545456,0.2082988952252655,4.582575694955841,0.9545454545454546,0.0010955075175258662,False,0.09090909090909091,2024-06-17,109,intermittent,full,0.0,1.0
CA-SC-10-B-168-WH-1TO,0.00909090909090909,0.09491187735373227,10.44030650891055,0.990909090909091,0.00010369001194689274,False,0.01818181818181818,2024-06-17,109,intermittent,full,0.0,1.0
CA-SC-10-B-169-BE-1TO,0.00909090909090909,0.09491187735373227,10.44030650891055,0.990909090909091,0.0002659874219507247,False,0.01818181818181818,2024-06-17,109,intermittent,full,0.0,1.0
CA-SC-10-B-169-BK-1TO,0.09090909090909091,0.31753180357405414,3.4928498393145953,0.9181818181818182,0.002795122061177106,False,0.18181818181818182,2024-06-17,109,intermittent,full,0.07692307692307693,0.9230769230769231
CA-SC-10-B-169-WR-1TO,0.01818181818181818,0.13360853142453696,7.348469228349534,0.9818181818181818,0.0003245948200076641,False,0.03636363636363636,2024-06-17,109,intermittent,full,0.0,1.0
CA-SC-10-B-17-BE-1TO,0.01818181818181818,0.13360853142453696,7.348469228349534,0.9818181818181818,0.0006401731172373373,False,0.03636363636363636,2024-06-17,109,intermittent,full,0.0,1.0
CA-SC-10-B-17-BK-1TO,0.2818181818181818,0.5897891484839489,2.0928002042978835,0.7909090909090909,0.00912922931271555,False,0.5636363636363636,2024-06-17,109,intermittent,full,0.6153846153846154,0.5384615384615384
CA-SC-10-B-17-DG-1TO,0.08181818181818182,0.3338975940401265,4.080970593823768,0.9363636363636364,0.002664382480896242,False,0.16363636363636364,2024-06-17,109,intermittent,full,0.3076923076923077,0.7692307692307693
CA-SC-10-B-17-GR-1TO,0.02727272727272727,0.21144915181114557,7.753135566408671,0.9818181818181818,0.000635664855848342,False,0.05454545454545454,2024-06-17,109,intermittent,full,0.0,1.0
CA-SC-10-B-170-BK-1TO,0.13636363636363635,0.43645832306028376,3.200694369108748,0.9,0.004233257444266619,False,0.2727272727272727,2024-06-17,109,intermittent,full,0.3076923076923077,0.7692307692307693
CA-SC-10-B-170-BR-1TO,0.01818181818181818,0.13360853142453696,7.348469228349534,0.9818181818181818,0.0007393548677952348,False,0.03636363636363636,2024-06-17,109,intermittent,full,0.07692307692307693,0.9230769230769231
CA-SC-10-B-170-DG-1TO,0.03636363636363636,0.18719327529067276,5.147815070493501,0.9636363636363636,0.0015328088722584132,False,0.07272727272727272,2024-06-17,109,intermittent,full,0.15384615384615385,0.8461538461538461
CA-SC-10-B-170-GR-1TO,0.03636363636363636,0.18719327529067276,5.147815070493501,0.9636363636363636,0.0013885445078105627,False,0.07272727272727272,2024-06-17,109,intermittent,full,0.15384615384615385,0.8461538461538461
CA-SC-10-B-170-PK-1TO,0.00909090909090909,0.09491187735373227,10.44030650891055,0.990909090909091,0.00013975610305885536,False,0.01818181818181818,2024-06-17,109,intermittent,full,0.0,1.0
CA-SC-10-B-170-RD-1TO,0.00909090909090909,0.09491187735373227,10.44030650891055,0.990909090909091,8.565696639091142e-05,False,0.01818181818181818,2024-06-17,109,intermittent,full,0.0,1.0
CA-SC-10-B-170-WR-1TO,0.07272727272727272,0.2926086716260196,4.023369234857769,0.9363636363636364,0.002389378536167527,False,0.14545454545454545,2024-06-17,109,intermittent,full,0.15384615384615385,0.8461538461538461
CA-SC-10-B-171-BE-1TO,0.045454545454545456,0.24813352843556696,5.458937625582473,0.9636363636363636,0.0015102675653134365,False,0.09090909090909091,2024-06-17,109,intermittent,full,0.07692307692307693,0.9230769230769231
CA-SC-10-B-171-BK-1TO,0.03636363636363636,0.23070140982635487,6.344288770224759,0.9727272727272728,0.0011631314383607962,False,0.07272727272727272,2024-06-17,109,intermittent,full,0.07692307692307693,0.9230769230769231
CA-SC-10-B-171-BR-1TO,0.00909090909090909,0.09491187735373227,10.44030650891055,0.990909090909091,0.0003020535130626874,False,0.01818181818181818,2024-06-17,109,intermittent,full,0.0,1.0
CA-SC-10-B-171-DB-1TO,0.01818181818181818,0.13360853142453696,7.348469228349534,0.9818181818181818,0.0005860739805693935,False,0.03636363636363636,2024-06-17,109,intermittent,full,0.0,1.0
CA-SC-10-B-171-DG-1TO,0.01818181818181818,0.13360853142453696,7.348469228349534,0.9818181818181818,0.0007123052994612627,False,0.03636363636363636,2024-06-17,109,intermittent,full,0.07692307692307693,0.9230769230769231
CA-SC-10-B-172-DB-1TO,0.01818181818181818,0.13360853142453696,7.348469228349534,0.9818181818181818,0.0009196853233550481,False,0.03636363636363636,2024-06-17,109,intermittent,full,0.15384615384615385,0.8461538461538461
CA-SC-10-B-175-BR-1TO,0.01818181818181818,0.133608531424537,7.3484692283495345,0.9818181818181818,0.0008836192322430853,False,0.03636363636363636,2024-06-17,109,intermittent,full,0.15384615384615385,0.8461538461538461
CA-SC-10-B-175-DG-1TO,0.03636363636363636,0.18719327529067276,5.147815070493501,0.9636363636363636,0.0014696932128124788,False,0.07272727272727272,2024-06-17,109,intermittent,full,0.23076923076923078,0.7692307692307693
CA-SC-10-B-176-BE-1TO,0.02727272727272727,0.2114491518111456,7.753135566408672,0.9818181818181818,0.0007438631291842298,False,0.05454545454545454,2024-06-17,109,intermittent,full,0.0,1.0
CA-SC-10-B-176-BK-1TO,10.826086956521738,5.600094517160779,0.5172778068060158,0.021739130434782608,0.19118100524205978,True,9.2,2025-09-08,45,smooth,short,12.538461538461538,0.0
CA-SC-10-B-176-BR-1TO,0.3,0.6259538176400731,2.0865127254669105,0.7818181818181819,0.008948898857155736,False,0.6,2024-06-17,109,intermittent,full,0.5384615384615384,0.5384615384615384
CA-SC-10-B-176-DB-1TO,0.9454545454545454,1.4822364161591868,1.567750055552986,0.6181818181818182,0.03166602799630322,False,1.8909090909090909,2026-04-27,13,smooth,short,2.1538461538461537,0.07692307692307693
CA-SC-10-B-176-DG-1TO,3.765957446808511,2.326651927057115,0.6178115286535842,0.0425531914893617,0.06695189639222947,True,3.2545454545454544,2025-09-01,46,smooth,short,4.538461538461538,0.0
CA-SC-10-B-176-GR-1TO,0.14545454545454545,0.400825594273611,2.7556759606310757,0.8727272727272727,0.0044812118206613615,False,0.2909090909090909,2024-06-17,109,intermittent,full,0.38461538461538464,0.6153846153846154
CA-SC-10-B-176-PK-1TO,0.00909090909090909,0.09491187735373227,10.44030650891055,0.990909090909091,0.0001938552397267994,False,0.01818181818181818,2024-06-17,109,intermittent,full,0.0,1.0
CA-SC-10-B-176-RD-1TO,0.00909090909090909,0.09491187735373227,10.44030650891055,0.990909090909091,8.565696639091142e-05,False,0.01818181818181818,2024-06-17,109,intermittent,full,0.0,1.0
CA-SC-10-B-176-WH-1TO,0.01818181818181818,0.13360853142453696,7.348469228349534,0.9818181818181818,0.00021639654667177617,False,0.03636363636363636,2024-06-17,109,intermittent,full,0.0,1.0
CA-SC-10-B-176-WR-1TO,0.5909090909090909,1.1061436249458136,1.8719353652929154,0.6909090909090909,0.019480197461848838,False,1.1818181818181819,2024-06-17,109,intermittent,full,1.4615384615384615,0.23076923076923078
CA-SC-10-B-177-BE-1TO,0.8454545454545455,1.2074493299089284,1.4281658740858292,0.5909090909090909,0.026134391272005956,False,1.690909090909091,2024-06-17,109,intermittent,full,1.6923076923076923,0.07692307692307693
CA-SC-10-B-177-BK-1TO,11.347826086956522,4.792282706077725,0.42230843770033594,0.0,-0.03478260869565206,True,9.618181818181819,2025-09-08,45,smooth,short,8.923076923076923,0.0
CA-SC-10-B-177-BR-1TO,0.2636363636363636,0.598137605439854,2.268797813737377,0.8,0.008065279624912651,False,0.5272727272727272,2024-06-17,109,intermittent,full,0.6923076923076923,0.5384615384615384
CA-SC-10-B-177-DB-1TO,0.4909090909090909,0.8500850710953426,1.7316547744534756,0.7,0.014507585149786987,False,0.9818181818181818,2024-06-17,109,intermittent,full,0.8461538461538461,0.5384615384615384
CA-SC-10-B-177-DG-1TO,5.413043478260869,2.2513386062182583,0.41590994331742925,0.0,0.009065679925994455,True,4.6,2025-09-08,45,smooth,short,4.846153846153846,0.0
CA-SC-10-B-177-GR-1TO,0.8818181818181818,1.4380025172681103,1.6307245041184757,0.5818181818181818,0.026765547866465306,False,1.7636363636363637,2026-04-27,13,smooth,short,2.076923076923077,0.07692307692307693
CA-SC-10-B-177-PK-1TO,0.05454545454545454,0.26410616447879914,4.841946348777984,0.9545454545454546,0.0009196853233550482,False,0.10909090909090909,2024-06-17,109,intermittent,full,0.0,1.0
CA-SC-10-B-177-RD-1TO,0.00909090909090909,0.09491187735373227,10.44030650891055,0.990909090909091,7.664044361292078e-05,False,0.01818181818181818,2024-06-17,109,intermittent,full,0.0,1.0
CA-SC-10-B-177-WH-1TO,0.11818181818181818,0.3984474000147477,3.3714780001247884,0.9,0.002592250298672318,False,0.23636363636363636,2024-06-17,109,intermittent,full,0.0,1.0
CA-SC-10-B-177-WR-1TO,0.4636363636363636,0.870499049420114,1.8775469693375009,0.7181818181818181,0.015152266528413316,False,0.9272727272727272,2024-06-17,109,intermittent,full,1.0769230769230769,0.46153846153846156
CA-SC-10-B-179-BK-1TO,0.01818181818181818,0.13360853142453696,7.348469228349534,0.9818181818181818,0.0006852557311272907,False,0.03636363636363636,2024-06-17,109,intermittent,full,0.0,1.0
CA-SC-10-B-179-DB-1TO,0.05454545454545454,0.32575405213034386,5.972157622389638,0.9636363636363636,0.002290196785609629,False,0.10909090909090909,2024-06-17,109,intermittent,full,0.15384615384615385,0.8461538461538461
CA-SC-10-B-179-DG-1TO,0.02727272727272727,0.2114491518111456,7.753135566408672,0.9818181818181818,0.0014291188603115209,False,0.05454545454545454,2024-06-17,109,intermittent,full,0.23076923076923078,0.8461538461538461
CA-SC-10-B-179-WR-1TO,0.01818181818181818,0.13360853142453696,7.348469228349534,0.9818181818181818,0.0008565696639091134,False,0.03636363636363636,2024-06-17,109,intermittent,full,0.15384615384615385,0.8461538461538461
CA-SC-10-B-18-BK-1TO,0.00909090909090909,0.09491187735373227,10.44030650891055,0.990909090909091,0.00032910308139665935,False,0.01818181818181818,2024-06-17,109,intermittent,full,0.0,1.0
CA-SC-10-B-18-GR-1TO,0.00909090909090909,0.09491187735373227,10.44030650891055,0.990909090909091,0.00028402046750670604,False,0.01818181818181818,2024-06-17,109,intermittent,full,0.0,1.0
CA-SC-10-B-180-BR-1TO,0.00909090909090909,0.09491187735373227,10.44030650891055,0.990909090909091,0.000311070035840678,False,0.01818181818181818,2024-06-17,109,intermittent,full,0.0,1.0
CA-SC-10-B-180-DG-1TO,0.00909090909090909,0.09491187735373227,10.44030650891055,0.990909090909091,0.000311070035840678,False,0.01818181818181818,2024-06-17,109,intermittent,full,0.0,1.0
CA-SC-10-B-181-BK-1TO,0.01818181818181818,0.13360853142453696,7.348469228349534,0.9818181818181818,0.00036066091111962675,False,0.03636363636363636,2024-06-17,109,intermittent,full,0.0,1.0
CA-SC-10-B-181-WR-1TO,0.01818181818181818,0.13360853142453696,7.348469228349534,0.9818181818181818,0.0006942722539052814,False,0.03636363636363636,2024-06-17,109,intermittent,full,0.07692307692307693,0.9230769230769231
CA-SC-10-B-183-BE-1TO,0.00909090909090909,0.09491187735373227,10.44030650891055,0.990909090909091,0.0004733674458445101,False,0.01818181818181818,2024-06-17,109,intermittent,full,0.07692307692307693,0.9230769230769231
CA-SC-10-B-183-BK-1TO,0.6545454545454545,1.371371998046042,2.095151663681453,0.7363636363636363,0.025985618646169103,False,1.309090909090909,2026-04-27,13,smooth,short,2.4615384615384617,0.07692307692307693
CA-SC-10-B-183-BR-1TO,0.03636363636363636,0.18719327529067276,5.147815070493501,0.9636363636363636,0.0014155940761445345,False,0.07272727272727272,2024-06-17,109,intermittent,full,0.07692307692307693,0.9230769230769231
CA-SC-10-B-183-DB-1TO,0.16363636363636364,0.4578064840732426,2.7977062915587045,0.8727272727272727,0.006834524265716925,False,0.32727272727272727,2024-06-17,109,intermittent,full,0.7692307692307693,0.46153846153846156
CA-SC-10-B-183-DG-1TO,0.2727272727272727,0.6994685113335034,2.5647178748895127,0.8363636363636363,0.009981290715235671,False,0.5454545454545454,2024-06-17,109,intermittent,full,0.8461538461538461,0.38461538461538464
CA-SC-10-B-183-GR-1TO,0.06363636363636363,0.3378346213829463,5.308829764589157,0.9545454545454546,0.0027455311858981583,False,0.12727272727272726,2024-06-17,109,intermittent,full,0.3076923076923077,0.8461538461538461
CA-SC-10-B-183-WR-1TO,0.05454545454545454,0.22709083630539637,4.163331998932267,0.9454545454545454,0.0018574036922660772,False,0.10909090909090909,2024-06-17,109,intermittent,full,0.07692307692307693,0.9230769230769231
CA-SC-10-B-184-BE-1TO,0.00909090909090909,0.09491187735373227,10.44030650891055,0.990909090909091,8.565696639091142e-05,False,0.01818181818181818,2024-06-17,109,intermittent,full,0.0,1.0
CA-SC-10-B-184-BK-1TO,0.3181818181818182,0.7126368217187641,2.23971572540183,0.8090909090909091,0.007596420440457137,False,0.6363636363636364,2024-06-17,109,intermittent,full,0.15384615384615385,0.9230769230769231
CA-SC-10-B-184-BR-1TO,0.01818181818181818,0.13360853142453696,7.348469228349534,0.9818181818181818,0.00030656177445168275,False,0.03636363636363636,2024-06-17,109,intermittent,full,0.0,1.0
CA-SC-10-B-184-DB-1TO,0.03636363636363636,0.18719327529067276,5.147815070493501,0.9636363636363636,0.0008295200955751415,False,0.07272727272727272,2024-06-17,109,intermittent,full,0.0,1.0
CA-SC-10-B-184-DG-1TO,0.09090909090909091,0.3175318035740542,3.492849839314596,0.9181818181818182,0.0024074115817235087,False,0.18181818181818182,2024-06-17,109,intermittent,full,0.07692307692307693,0.9230769230769231
CA-SC-10-B-184-GR-1TO,0.42727272727272725,1.115666053889627,2.611133317614021,0.8,0.011437459143881163,False,0.8363636363636363,2024-06-17,109,intermittent,full,0.23076923076923078,0.7692307692307693
CA-SC-10-B-184-PK-1TO,0.03636363636363636,0.18719327529067276,5.147815070493501,0.9636363636363636,0.0007664044361292069,False,0.07272727272727272,2024-06-17,109,intermittent,full,0.0,1.0
CA-SC-10-B-184-WH-1TO,0.00909090909090909,0.09491187735373227,10.44030650891055,0.990909090909091,0.00021188828528278066,False,0.01818181818181818,2024-06-17,109,intermittent,full,0.0,1.0
CA-SC-10-B-184-WR-1TO,0.03636363636363636,0.23070140982635487,6.344288770224759,0.9727272727272728,0.0009106688005770577,False,0.07272727272727272,2024-06-17,109,intermittent,full,0.0,1.0
CA-SC-10-B-185-BK-1TO,0.07272727272727272,0.29260867162601967,4.02336923485777,0.9363636363636364,0.003372179518968509,False,0.14545454545454545,2024-06-17,109,intermittent,full,0.46153846153846156,0.6153846153846154
CA-SC-10-B-185-DG-1TO,0.03636363636363636,0.18719327529067276,5.147815070493501,0.9636363636363636,0.0017852715100421521,False,0.07272727272727272,2024-06-17,109,intermittent,full,0.3076923076923077,0.6923076923076923
CA-SC-10-B-185-GR-1TO,0.08181818181818182,0.3600964058243338,4.401178293408524,0.9363636363636364,0.0034848860536933935,False,0.16363636363636364,2024-06-17,109,intermittent,full,0.46153846153846156,0.6923076923076923
CA-SC-10-B-186-BK-1TO,0.01818181818181818,0.13360853142453696,7.348469228349534,0.9818181818181818,0.0009016522777990667,False,0.03636363636363636,2024-06-17,109,intermittent,full,0.15384615384615385,0.8461538461538461
CA-SC-10-B-186-BR-1TO,0.00909090909090909,0.09491187735373227,10.44030650891055,0.990909090909091,0.0004733674458445101,False,0.01818181818181818,2024-06-17,109,intermittent,full,0.07692307692307693,0.9230769230769231
CA-SC-10-B-186-DG-1TO,0.02727272727272727,0.162877026065172,5.9721576223896395,0.9727272727272728,0.0011856727453057726,False,0.05454545454545454,2024-06-17,109,intermittent,full,0.07692307692307693,0.9230769230769231
CA-SC-10-B-186-GR-1TO,0.06363636363636363,0.2788702118214176,4.382246185765134,0.9454545454545454,0.002727498140342177,False,0.12727272727272726,2024-06-17,109,intermittent,full,0.3076923076923077,0.6923076923076923
CA-SC-10-B-186-WR-1TO,0.01818181818181818,0.13360853142453696,7.348469228349534,0.9818181818181818,0.0006311565944593469,False,0.03636363636363636,2024-06-17,109,intermittent,full,0.0,1.0
CA-SC-10-B-187-BE-1TO,0.01818181818181818,0.13360853142453696,7.348469228349534,0.9818181818181818,0.0006672226855713093,False,0.03636363636363636,2024-06-17,109,intermittent,full,0.0,1.0
CA-SC-10-B-187-BK-1TO,0.08181818181818182,0.3054599566620262,3.7333994703136533,0.9272727272727272,0.003647183463697225,False,0.16363636363636364,2024-06-17,109,intermittent,full,0.5384615384615384,0.5384615384615384
CA-SC-10-B-187-DB-1TO,0.01818181818181818,0.13360853142453696,7.348469228349534,0.9818181818181818,0.0007934540044631786,False,0.03636363636363636,2024-06-17,109,intermittent,full,0.07692307692307693,0.9230769230769231
CA-SC-10-B-187-DG-1TO,0.09090909090909091,0.3703917961356975,4.0743097574926725,0.9363636363636364,0.003732840430088136,False,0.18181818181818182,2024-06-17,109,intermittent,full,0.3076923076923077,0.8461538461538461
CA-SC-10-B-187-GR-1TO,0.06363636363636363,0.2788702118214176,4.382246185765134,0.9454545454545454,0.002808646845344093,False,0.12727272727272726,2024-06-17,109,intermittent,full,0.3076923076923077,0.7692307692307693
CA-SC-10-B-188-BE-1TO,0.12727272727272726,0.35952218060518515,2.824817133326455,0.8818181818181818,0.0038590717489800056,False,0.2545454545454545,2024-06-17,109,intermittent,full,0.23076923076923078,0.7692307692307693
CA-SC-10-B-188-BK-1TO,3.0,2.042109880970524,0.6807032936568413,0.06382978723404255,-0.005203515263644771,True,2.5636363636363635,2025-09-01,46,smooth,short,2.923076923076923,0.0
CA-SC-10-B-188-BR-1TO,0.1,0.3554766326548573,3.554766326548573,0.9181818181818182,0.0023848702747785323,False,0.2,2024-06-17,109,intermittent,full,0.0,1.0
CA-SC-10-B-188-DB-1TO,0.16363636363636364,0.4578064840732426,2.7977062915587045,0.8636363636363636,0.004535310957329309,False,0.32727272727272727,2024-06-17,109,intermittent,full,0.07692307692307693,0.9230769230769231
CA-SC-10-B-188-DG-1TO,0.5454545454545454,1.0671658611512136,1.9564707454438917,0.6909090909090909,0.017221558505962176,False,1.0909090909090908,2024-06-17,109,intermittent,full,1.1538461538461537,0.23076923076923078
CA-SC-10-B-188-GR-1TO,0.08181818181818182,0.33389759404012653,4.080970593823769,0.9363636363636364,0.0020783085003268486,False,0.16363636363636364,2024-06-17,109,intermittent,full,0.07692307692307693,0.9230769230769231
CA-SC-10-B-188-PK-1TO,0.00909090909090909,0.09491187735373227,10.44030650891055,0.990909090909091,0.00020287176250479005,False,0.01818181818181818,2024-06-17,109,intermittent,full,0.0,1.0
CA-SC-10-B-188-WH-1TO,0.00909090909090909,0.09491187735373227,10.44030650891055,0.990909090909091,0.00017582219417081808,False,0.01818181818181818,2024-06-17,109,intermittent,full,0.0,1.0
CA-SC-10-B-188-WR-1TO,0.02727272727272727,0.16287702606517196,5.972157622389639,0.9727272727272728,0.0009873092441899784,False,0.05454545454545454,2024-06-17,109,intermittent,full,0.0,1.0
CA-SC-10-B-189-BE-1TO,0.00909090909090909,0.09491187735373227,10.44030650891055,0.990909090909091,0.0004282848319545567,False,0.01818181818181818,2024-06-17,109,intermittent,full,0.07692307692307693,0.9230769230769231
CA-SC-10-B-189-BK-1TO,0.17272727272727273,0.5369796154771767,3.1088293527626014,0.8818181818181818,0.007939048306020782,False,0.34545454545454546,2024-06-17,109,intermittent,full,1.0,0.3076923076923077
CA-SC-10-B-189-BR-1TO,0.00909090909090909,0.09491187735373227,10.44030650891055,0.990909090909091,0.00034713612695264084,False,0.01818181818181818,2024-06-17,109,intermittent,full,0.0,1.0
CA-SC-10-B-189-DG-1TO,0.05454545454545454,0.22709083630539634,4.163331998932266,0.9454545454545454,0.002398395058945518,False,0.10909090909090909,2024-06-17,109,intermittent,full,0.3076923076923077,0.6923076923076923
CA-SC-10-B-189-GR-1TO,0.00909090909090909,0.09491187735373227,10.44030650891055,0.990909090909091,0.00035615264973063137,False,0.01818181818181818,2024-06-17,109,intermittent,full,0.0,1.0
CA-SC-10-B-189-WR-1TO,0.02727272727272727,0.162877026065172,5.9721576223896395,0.9727272727272728,0.0013750197236435768,False,0.05454545454545454,2024-06-17,109,intermittent,full,0.23076923076923078,0.7692307692307693
CA-SC-10-B-19-BE-1TO,0.02727272727272727,0.162877026065172,5.9721576223896395,0.9727272727272728,0.0008430448797421274,False,0.05454545454545454,2024-06-17,109,intermittent,full,0.07692307692307693,0.9230769230769231
CA-SC-10-B-19-BK-1TO,0.19090909090909092,0.4766446083243029,2.496709853127301,0.8454545454545455,0.005585735860965219,False,0.38181818181818183,2024-06-17,109,intermittent,full,0.46153846153846156,0.6153846153846154
CA-SC-10-B-19-BR-1TO,0.00909090909090909,0.09491187735373227,10.44030650891055,0.990909090909091,0.00014877262583684608,False,0.01818181818181818,2024-06-17,109,intermittent,full,0.0,1.0
CA-SC-10-B-19-DG-1TO,0.045454545454545456,0.2082988952252655,4.582575694955841,0.9545454545454546,0.0010053422897459596,False,0.09090909090909091,2024-06-17,109,intermittent,full,0.0,1.0
CA-SC-10-B-19-GR-1TO,0.16363636363636364,0.4959338798903947,3.0307070437746346,0.8727272727272727,0.006140252011811644,False,0.32727272727272727,2024-06-17,109,intermittent,full,0.6153846153846154,0.5384615384615384
CA-SC-10-B-19-WR-1TO,0.03636363636363636,0.23070140982635487,6.344288770224759,0.9727272727272728,0.0005950905033473842,False,0.07272727272727272,2024-06-17,109,intermittent,full,0.0,1.0
CA-SC-10-B-190-BK-1TO,0.06363636363636363,0.24410402876541004,3.8359204520278727,0.9363636363636364,0.0028627459820120367,False,0.12727272727272726,2024-06-17,109,intermittent,full,0.46153846153846156,0.5384615384615384
CA-SC-10-B-190-WR-1TO,0.01818181818181818,0.13360853142453696,7.348469228349534,0.9818181818181818,0.0008114870500191601,False,0.03636363636363636,2024-06-17,109,intermittent,full,0.07692307692307693,0.9230769230769231
CA-SC-10-B-191-BE-1TO,0.00909090909090909,0.09491187735373227,10.44030650891055,0.990909090909091,0.00024795437639474344,False,0.01818181818181818,2024-06-17,109,intermittent,full,0.0,1.0
CA-SC-10-B-191-BK-1TO,0.4090909090909091,0.8559466268986481,2.092313976863362,0.7636363636363637,0.012771904515023781,False,0.8181818181818182,2024-06-17,109,intermittent,full,1.1538461538461537,0.3076923076923077
CA-SC-10-B-191-BR-1TO,0.07272727272727272,0.3221826390303519,4.430011286667338,0.9454545454545454,0.002677907265063228,False,0.14545454545454545,2024-06-17,109,intermittent,full,0.38461538461538464,0.7692307692307693
CA-SC-10-B-191-DB-1TO,0.16363636363636364,0.4959338798903947,3.0307070437746346,0.8818181818181818,0.005959921556251831,False,0.32727272727272727,2024-06-17,109,intermittent,full,0.6923076923076923,0.5384615384615384
CA-SC-10-B-191-DG-1TO,0.20909090909090908,0.5062420288118493,2.421157529100149,0.8272727272727273,0.006198859409868584,False,0.41818181818181815,2024-06-17,109,intermittent,full,0.6153846153846154,0.46153846153846156
CA-SC-10-B-191-GR-1TO,0.10909090909090909,0.3895324597387009,3.5707142142714248,0.9181818181818182,0.0040303856817618285,False,0.21818181818181817,2024-06-17,109,intermittent,full,0.5384615384615384,0.6923076923076923
CA-SC-10-B-191-PK-1TO,0.00909090909090909,0.09491187735373227,10.44030650891055,0.990909090909091,0.0001217230575028741,False,0.01818181818181818,2024-06-17,109,intermittent,full,0.0,1.0
CA-SC-10-B-191-WR-1TO,0.13636363636363635,0.39259677966707607,2.8790430508918914,0.8818181818181818,0.004891463607059938,False,0.2727272727272727,2024-06-17,109,intermittent,full,0.5384615384615384,0.5384615384615384
CA-SC-10-B-194-BE-1TO,0.23636363636363636,0.5866278474509702,2.481887046907951,0.8181818181818182,0.005085318846786738,False,0.4727272727272727,2024-06-17,109,intermittent,full,0.15384615384615385,0.8461538461538461
CA-SC-10-B-194-BK-1TO,0.34545454545454546,0.9089090727236356,2.6310525789368397,0.8272727272727273,0.006356648558483423,False,0.6909090909090909,2024-06-17,109,intermittent,full,0.15384615384615385,0.8461538461538461
CA-SC-10-B-194-BR-1TO,0.11818181818181818,0.4811315862690633,4.07111342227669,0.9181818181818182,0.0020873250231048398,False,0.23636363636363636,2024-06-17,109,intermittent,full,0.0,1.0
CA-SC-10-B-194-DB-1TO,0.11818181818181818,0.4417283859365942,3.7377017271557973,0.9181818181818182,0.002664382480896243,False,0.23636363636363636,2024-06-17,109,intermittent,full,0.0,1.0
CA-SC-10-B-194-DG-1TO,0.2636363636363636,0.6964490809198113,2.6417034103854915,0.8545454545454545,0.004188174830376667,False,0.5272727272727272,2024-06-17,109,intermittent,full,0.0,1.0
CA-SC-10-B-194-GR-1TO,0.06363636363636363,0.24410402876541004,3.8359204520278727,0.9363636363636364,0.0009692761986339972,False,0.12727272727272726,2024-06-17,109,intermittent,full,0.0,1.0
CA-SC-10-B-194-WR-1TO,0.00909090909090909,0.09491187735373227,10.44030650891055,0.990909090909091,2.2541306944976733e-05,False,0.01818181818181818,2024-06-17,109,intermittent,full,0.0,1.0
CA-SC-10-B-196-BK-1TO,0.1,0.3554766326548573,3.554766326548573,0.9181818181818182,0.004756215765390076,False,0.2,2024-06-17,109,intermittent,full,0.6923076923076923,0.46153846153846156
CA-SC-10-B-196-BR-1TO,0.05454545454545454,0.2641061644787991,4.8419463487779835,0.9545454545454546,0.0025877420372833215,False,0.10909090909090909,2024-06-17,109,intermittent,full,0.3076923076923077,0.7692307692307693
CA-SC-10-B-196-DB-1TO,0.11818181818181818,0.42064492004579185,3.559303169618239,0.9090909090909091,0.005540653247075266,False,0.23636363636363636,2024-06-17,109,intermittent,full,0.8461538461538461,0.38461538461538464
CA-SC-10-B-196-DG-1TO,0.00909090909090909,0.09491187735373227,10.44030650891055,0.990909090909091,0.0004914004914004913,False,0.01818181818181818,2024-06-17,109,intermittent,full,0.07692307692307693,0.9230769230769231
CA-SC-10-B-199-BE-1TO,0.00909090909090909,0.09491187735373227,10.44030650891055,0.990909090909091,8.565696639091142e-05,False,0.01818181818181818,2024-06-17,109,intermittent,full,0.0,1.0
CA-SC-10-B-199-BK-1TO,0.2636363636363636,0.6561218391187685,2.4887380104505015,0.8181818181818182,0.008416924013254288,False,0.5272727272727272,2024-06-17,109,intermittent,full,0.6923076923076923,0.6153846153846154
CA-SC-10-B-199-BR-1TO,0.00909090909090909,0.09491187735373227,10.44030650891055,0.990909090909091,0.00032910308139665935,False,0.01818181818181818,2024-06-17,109,intermittent,full,0.0,1.0
CA-SC-10-B-199-DG-1TO,0.00909090909090909,0.09491187735373227,10.44030650891055,0.990909090909091,0.000419268309176566,False,0.01818181818181818,2024-06-17,109,intermittent,full,0.07692307692307693,0.9230769230769231
CA-SC-10-B-199-GR-1TO,0.00909090909090909,0.09491187735373227,10.44030650891055,0.990909090909091,0.00021188828528278066,False,0.01818181818181818,2024-06-17,109,intermittent,full,0.0,1.0
CA-SC-10-B-199-WR-1TO,0.09090909090909091,0.2874797872880344,3.1622776601683786,0.9090909090909091,0.0031377499267407523,False,0.18181818181818182,2024-06-17,109,intermittent,full,0.3076923076923077,0.6923076923076923
CA-SC-10-B-20-BE-1TO,0.9454545454545454,1.571544484294257,1.6622105122343103,0.6090909090909091,0.0317832427924171,False,1.8909090909090909,2026-04-27,13,smooth,short,2.769230769230769,0.07692307692307693
CA-SC-10-B-20-BK-1TO,0.6272727272727273,1.1509607916005014,1.8348650300877556,0.7,0.020958907197439303,False,1.2545454545454546,2024-06-17,109,intermittent,full,1.7692307692307692,0.23076923076923078
CA-SC-10-B-20-BR-1TO,0.20909090909090908,0.48795406910253253,2.333693373968634,0.8272727272727273,0.007614453486013118,False,0.41818181818181815,2024-06-17,109,intermittent,full,0.6923076923076923,0.46153846153846156
CA-SC-10-B-20-DB-1TO,0.2,0.6,2.9999999999999996,0.8727272727272727,0.007510763474066226,False,0.4,2024-06-17,109,intermittent,full,1.0,0.46153846153846156
CA-SC-10-B-20-DG-1TO,0.41818181818181815,0.8133188816852742,1.9448929779430473,0.7272727272727273,0.013813312895881705,False,0.8363636363636363,2024-06-17,109,intermittent,full,1.1538461538461537,0.23076923076923078
CA-SC-10-B-20-GR-1TO,0.4090909090909091,0.7543263646875997,1.843908891458577,0.7181818181818181,0.013096499335031445,False,0.8181818181818182,2024-06-17,109,intermittent,full,0.9230769230769231,0.38461538461538464
CA-SC-10-B-20-WR-1TO,0.08181818181818182,0.27408751693966066,3.3499585403736303,0.9181818181818182,0.00277258075423213,False,0.16363636363636364,2024-06-17,109,intermittent,full,0.15384615384615385,0.8461538461538461
CA-SC-10-B-201-BE-1TO,0.23636363636363636,0.5209654102507056,2.2040844279837546,0.8090909090909091,0.005229583211234588,False,0.43636363636363634,2024-06-17,109,intermittent,full,0.23076923076923078,0.7692307692307693
CA-SC-10-B-201-BK-1TO,3.891304347826087,2.5811040852078686,0.6633004911707372,0.06521739130434782,-0.045328399629972246,True,3.290909090909091,2025-09-08,45,intermittent,short,1.6923076923076923,0.15384615384615385
CA-SC-10-B-201-BR-1TO,0.08181818181818182,0.27408751693966066,3.3499585403736303,0.9181818181818182,0.002420936365890495,False,0.16363636363636364,2024-06-17,109,intermittent,full,0.07692307692307693,0.9230769230769231
CA-SC-10-B-201-DB-1TO,0.14545454545454545,0.4228983036222912,2.907425837403252,0.8818181818181818,0.004436129206771409,False,0.2909090909090909,2024-06-17,109,intermittent,full,0.15384615384615385,0.8461538461538461
CA-SC-10-B-201-DG-1TO,0.7818181818181819,1.3030162085213755,1.6666486388064103,0.6272727272727273,0.024083132340013073,False,1.5454545454545454,2024-06-17,109,intermittent,full,1.5384615384615385,0.23076923076923078
CA-SC-10-B-201-GR-1TO,4.717391304347826,2.1635623148777503,0.4586353294210899,0.043478260869565216,0.0312673450508788,True,3.981818181818182,2025-09-08,45,smooth,short,4.538461538461538,0.07692307692307693
CA-SC-10-B-201-PK-1TO,0.00909090909090909,0.09491187735373227,10.44030650891055,0.990909090909091,0.0001938552397267994,False,0.01818181818181818,2024-06-17,109,intermittent,full,0.0,1.0
CA-SC-10-B-201-WH-1TO,0.2727272727272727,0.7249964377227959,2.658320271650252,0.8545454545454545,0.006681243378491085,False,0.5454545454545454,2024-06-17,109,intermittent,full,0.0,1.0
CA-SC-10-B-201-WR-1TO,0.16363636363636364,0.41620084153671255,2.5434495871687988,0.8545454545454545,0.0051935171201226244,False,0.3090909090909091,2024-06-17,109,intermittent,full,0.3076923076923077,0.6923076923076923
CA-SC-10-B-205-BK-1TO,0.2636363636363636,0.870499049420114,3.3018929460762947,0.8818181818181818,0.0034217703942474595,False,0.5272727272727272,2024-06-17,109,intermittent,full,0.0,1.0
CA-SC-10-B-205-BR-1TO,0.00909090909090909,0.09491187735373227,10.44030650891055,0.990909090909091,0.00011270653472488335,False,0.01818181818181818,2024-06-17,109,intermittent,full,0.0,1.0
CA-SC-10-B-205-DB-1TO,0.05454545454545454,0.26410616447879914,4.841946348777984,0.9545454545454546,0.0006852557311272913,False,0.10909090909090909,2024-06-17,109,intermittent,full,0.0,1.0
CA-SC-10-B-205-DG-1TO,0.15454545454545454,0.48964483670891745,3.1682901198812305,0.8909090909090909,0.001997159795324934,False,0.3090909090909091,2024-06-17,109,intermittent,full,0.0,1.0
CA-SC-10-B-205-GR-1TO,0.01818181818181818,0.13360853142453696,7.348469228349534,0.9818181818181818,0.0003065617744516828,False,0.03636363636363636,2024-06-17,109,intermittent,full,0.0,1.0
CA-SC-10-B-205-RD-1TO,0.02727272727272727,0.162877026065172,5.9721576223896395,0.9727272727272728,0.00034713612695264084,False,0.05454545454545454,2024-06-17,109,intermittent,full,0.0,1.0
CA-SC-10-B-205-WH-1TO,0.00909090909090909,0.09491187735373227,10.44030650891055,0.990909090909091,0.00017582219417081808,False,0.01818181818181818,2024-06-17,109,intermittent,full,0.0,1.0
CA-SC-10-B-205-WR-1TO,0.03636363636363636,0.23070140982635487,6.344288770224759,0.9727272727272728,0.00045984266167752426,False,0.07272727272727272,2024-06-17,109,intermittent,full,0.0,1.0
CA-SC-10-B-208-BE-1TO,0.00909090909090909,0.09491187735373227,10.44030650891055,0.990909090909091,0.0003832022180646033,False,0.01818181818181818,2024-06-17,109,intermittent,full,0.07692307692307693,0.9230769230769231
CA-SC-10-B-208-DB-1TO,0.01818181818181818,0.133608531424537,7.3484692283495345,0.9818181818181818,0.000892635755021076,False,0.03636363636363636,2024-06-17,109,intermittent,full,0.15384615384615385,0.8461538461538461
CA-SC-10-B-208-GR-1TO,0.00909090909090909,0.09491187735373227,10.44030650891055,0.990909090909091,0.0003651691725086221,False,0.01818181818181818,2024-06-17,109,intermittent,full,0.0,1.0
CA-SC-10-B-21-BE-1TO,0.09090909090909091,0.37039179613569745,4.074309757492672,0.9272727272727272,0.0025967585600613122,False,0.18181818181818182,2024-06-17,109,intermittent,full,0.23076923076923078,0.7692307692307693
CA-SC-10-B-21-BK-1TO,0.17272727272727273,0.4643488286953503,2.6883353240257124,0.8545454545454545,0.005450488019295358,False,0.32727272727272727,2024-06-17,109,intermittent,full,0.38461538461538464,0.7692307692307693
CA-SC-10-B-21-BR-1TO,0.01818181818181818,0.13360853142453696,7.348469228349534,0.9818181818181818,0.0005680409350134121,False,0.03636363636363636,2024-06-17,109,intermittent,full,0.0,1.0
CA-SC-10-B-21-GR-1TO,0.10909090909090909,0.31175323999058624,2.8577380332470406,0.8909090909090909,0.003525460406194351,False,0.21818181818181817,2024-06-17,109,intermittent,full,0.38461538461538464,0.6153846153846154
CA-SC-10-B-210-BK-1TO,0.00909090909090909,0.09491187735373227,10.44030650891055,0.990909090909091,0.0004914004914004913,False,0.01818181818181818,2024-06-17,109,intermittent,full,0.07692307692307693,0.9230769230769231
CA-SC-10-B-210-BR-1TO,0.00909090909090909,0.09491187735373227,10.44030650891055,0.990909090909091,0.0004733674458445101,False,0.01818181818181818,2024-06-17,109,intermittent,full,0.07692307692307693,0.9230769230769231
CA-SC-10-B-213-BE-1TO,0.00909090909090909,0.09491187735373227,10.44030650891055,0.990909090909091,0.00018483871694880875,False,0.01818181818181818,2024-06-17,109,intermittent,full,0.0,1.0
CA-SC-10-B-213-BK-1TO,0.07272727272727272,0.3221826390303518,4.430011286667338,0.9454545454545454,0.002046750670603882,False,0.14545454545454545,2024-06-17,109,intermittent,full,0.23076923076923078,0.8461538461538461
CA-SC-10-B-213-BR-1TO,0.00909090909090909,0.09491187735373227,10.44030650891055,0.990909090909091,0.0004914004914004913,False,0.01818181818181818,2024-06-17,109,intermittent,full,0.07692307692307693,0.9230769230769231
CA-SC-10-B-213-DB-1TO,0.045454545454545456,0.3129438996010638,6.884765791223403,0.9727272727272728,0.00169059802087325,False,0.09090909090909091,2024-06-17,109,intermittent,full,0.23076923076923078,0.9230769230769231
CA-SC-10-B-213-DG-1TO,0.00909090909090909,0.09491187735373227,10.44030650891055,0.990909090909091,0.0004733674458445101,False,0.01818181818181818,2024-06-17,109,intermittent,full,0.07692307692307693,0.9230769230769231
CA-SC-10-B-213-WR-1TO,0.01818181818181818,0.13360853142453696,7.348469228349534,0.9818181818181818,0.0002524626377837388,False,0.03636363636363636,2024-06-17,109,intermittent,full,0.0,1.0
CA-SC-10-B-214-BE-1TO,0.4,0.8759410523960658,2.1898526309901643,0.7545454545454545,0.011775578748055814,False,0.7818181818181819,2024-06-17,109,intermittent,full,0.9230769230769231,0.38461538461538464
CA-SC-10-B-214-BK-1TO,0.5363636363636364,0.9970617991904809,1.858928778151744,0.7181818181818181,0.01597277010121047,False,1.0727272727272728,2024-06-17,109,intermittent,full,1.0,0.38461538461538464
CA-SC-10-B-214-BR-1TO,0.045454545454545456,0.2082988952252655,4.582575694955841,0.9545454545454546,0.0015463336564253995,False,0.09090909090909091,2024-06-17,109,intermittent,full,0.07692307692307693,0.9230769230769231
CA-SC-10-B-214-DB-1TO,0.1,0.32891004572955534,3.2891004572955533,0.9090909090909091,0.002844712936456056,False,0.2,2024-06-17,109,intermittent,full,0.23076923076923078,0.7692307692307693
CA-SC-10-B-214-DG-1TO,0.5363636363636364,1.041653167956614,1.9420652283936868,0.7181818181818181,0.016333431012330094,False,1.0727272727272728,2024-06-17,109,intermittent,full,1.0,0.3076923076923077
CA-SC-10-B-214-GR-1TO,0.5181818181818182,0.9217751469244565,1.7788643186261441,0.7,0.014881770845073597,False,1.018181818181818,2024-06-17,109,intermittent,full,1.1538461538461537,0.3076923076923077
CA-SC-10-B-214-WR-1TO,0.045454545454545456,0.2082988952252655,4.582575694955841,0.9545454545454546,0.0013028875414196517,False,0.09090909090909091,2024-06-17,109,intermittent,full,0.07692307692307693,0.9230769230769231
CA-SC-10-B-215-BE-1TO,0.34545454545454546,0.7062881672565465,2.0445183789005292,0.7545454545454545,0.011045240403038569,False,0.6727272727272727,2024-06-17,109,intermittent,full,1.0,0.3076923076923077
CA-SC-10-B-215-BK-1TO,0.8636363636363636,1.3913843513649062,1.6110766173698914,0.6090909090909091,0.029470504699862496,False,1.7272727272727273,2026-04-27,13,smooth,short,2.3076923076923075,0.07692307692307693
CA-SC-10-B-215-BR-1TO,0.00909090909090909,0.09491187735373227,10.44030650891055,0.990909090909091,0.0002209048080607714,False,0.01818181818181818,2024-06-17,109,intermittent,full,0.0,1.0
CA-SC-10-B-215-DB-1TO,0.1,0.3,2.9999999999999996,0.9,0.002952911209791944,False,0.2,2024-06-17,109,intermittent,full,0.23076923076923078,0.7692307692307693
CA-SC-10-B-215-DG-1TO,0.43636363636363634,0.7690285811838764,1.76235716521305,0.7181818181818181,0.014083808579221426,False,0.8727272727272727,2024-06-17,109,intermittent,full,1.0,0.46153846153846156
CA-SC-10-B-215-GR-1TO,0.5727272727272728,1.0656546507714137,1.860666850553262,0.6818181818181818,0.01906543741406127,False,1.1454545454545455,2024-06-17,109,intermittent,full,1.7692307692307692,0.23076923076923078
CA-SC-10-B-215-PK-1TO,0.01818181818181818,0.13360853142453696,7.348469228349534,0.9818181818181818,0.00033361134278565483,False,0.03636363636363636,2024-06-17,109,intermittent,full,0.0,1.0
CA-SC-10-B-215-RD-1TO,0.00909090909090909,0.09491187735373227,10.44030650891055,0.990909090909091,0.00013975610305885536,False,0.01818181818181818,2024-06-17,109,intermittent,full,0.0,1.0
CA-SC-10-B-215-WR-1TO,0.11818181818181818,0.34985238917988837,2.960289446906748,0.8909090909090909,0.003791447828145076,False,0.23636363636363636,2024-06-17,109,intermittent,full,0.15384615384615385,0.8461538461538461
CA-SC-10-B-218-BE-1TO,0.17272727272727273,0.5019795524464917,2.9061974089007414,0.8727272727272727,0.0054865541104073216,False,0.34545454545454546,2024-06-17,109,intermittent,full,0.5384615384615384,0.6923076923076923
CA-SC-10-B-218-BK-1TO,0.7545454545454545,1.4534370777033916,1.9262419102093142,0.6636363636363637,0.02003020535130627,False,1.490909090909091,2024-06-17,109,intermittent,full,1.2307692307692308,0.23076923076923078
CA-SC-10-B-218-BR-1TO,0.01818181818181818,0.13360853142453696,7.348469228349534,0.9818181818181818,0.0005770574577914027,False,0.03636363636363636,2024-06-17,109,intermittent,full,0.0,1.0
CA-SC-10-B-218-DB-1TO,0.045454545454545456,0.2082988952252655,4.582575694955841,0.9545454545454546,0.0010323918580799312,False,0.09090909090909091,2024-06-17,109,intermittent,full,0.0,1.0
CA-SC-10-B-218-DG-1TO,0.2636363636363636,0.5827407458377217,2.21039593248791,0.8,0.008380857922142326,False,0.5272727272727272,2024-06-17,109,intermittent,full,0.6923076923076923,0.5384615384615384
CA-SC-10-B-218-GR-1TO,0.3,0.5648813230147631,1.8829377433825438,0.7454545454545455,0.008489056195478214,False,0.6,2024-06-17,109,intermittent,full,0.6923076923076923,0.38461538461538464
CA-SC-10-B-218-PK-1TO,0.03636363636363636,0.18719327529067276,5.147815070493501,0.9636363636363636,0.0005770574577914029,False,0.07272727272727272,2024-06-17,109,intermittent,full,0.0,1.0
CA-SC-10-B-218-RD-1TO,0.00909090909090909,0.09491187735373227,10.44030650891055,0.990909090909091,0.00018483871694880875,False,0.01818181818181818,2024-06-17,109,intermittent,full,0.0,1.0
CA-SC-10-B-218-WH-1TO,0.00909090909090909,0.09491187735373227,10.44030650891055,0.990909090909091,0.00018483871694880875,False,0.01818181818181818,2024-06-17,109,intermittent,full,0.0,1.0
CA-SC-10-B-218-WR-1TO,0.17272727272727273,0.5536505446758222,3.205345258649497,0.8818181818181818,0.004206207875932646,False,0.34545454545454546,2024-06-17,109,intermittent,full,0.23076923076923078,0.8461538461538461
CA-SC-10-B-22-BE-1TO,0.7181818181818181,1.1994833598589485,1.6701667036010677,0.6636363636363637,0.020904808060771364,False,1.4363636363636363,2024-06-17,109,intermittent,full,1.1538461538461537,0.38461538461538464
CA-SC-10-B-22-BK-1TO,3.760869565217391,2.158751477013625,0.574003282905357,0.021739130434782608,0.017452975639839677,True,3.2,2025-09-08,45,smooth,short,4.153846153846154,0.07692307692307693
CA-SC-10-B-22-BR-1TO,0.19090909090909092,0.47664460832430294,2.496709853127301,0.8454545454545455,0.005342289745959471,False,0.38181818181818183,2024-06-17,109,intermittent,full,0.38461538461538464,0.7692307692307693
CA-SC-10-B-22-DB-1TO,0.3090909090909091,0.7102554539863495,2.2978852923087776,0.7909090909090909,0.010837860379144785,False,0.6181818181818182,2024-06-17,109,intermittent,full,1.0769230769230769,0.38461538461538464
CA-SC-10-B-22-DG-1TO,0.8363636363636363,1.3178996563214633,1.5757495890800106,0.6090909090909091,0.026743006559520322,False,1.6545454545454545,2026-04-27,13,smooth,short,2.076923076923077,0.07692307692307693
CA-SC-10-B-22-GR-1TO,0.7,1.0917042556563483,1.5595775080804977,0.6454545454545455,0.02274417870748146,False,1.4,2024-06-17,109,intermittent,full,1.9230769230769231,0.07692307692307693
CA-SC-10-B-22-PK-1TO,0.01818181818181818,0.13360853142453696,7.348469228349534,0.9818181818181818,0.0003967270022315895,False,0.03636363636363636,2024-06-17,109,intermittent,full,0.0,1.0
CA-SC-10-B-22-WR-1TO,0.18181818181818182,0.47062469474708307,2.588435821108957,0.8454545454545455,0.0066902599012690755,False,0.36363636363636365,2024-06-17,109,intermittent,full,0.6153846153846154,0.6153846153846154
CA-SC-10-B-221-BE-1TO,0.00909090909090909,0.09491187735373227,10.44030650891055,0.990909090909091,0.00011270653472488335,False,0.01818181818181818,2024-06-17,109,intermittent,full,0.0,1.0
CA-SC-10-B-221-BK-1TO,0.06363636363636363,0.2788702118214176,4.382246185765134,0.9454545454545454,0.0016905980208732504,False,0.12727272727272726,2024-06-17,109,intermittent,full,0.15384615384615385,0.8461538461538461
CA-SC-10-B-221-BR-1TO,0.07272727272727272,0.29260867162601967,4.02336923485777,0.9363636363636364,0.002795122061177107,False,0.14545454545454545,2024-06-17,109,intermittent,full,0.3076923076923077,0.7692307692307693
CA-SC-10-B-221-DB-1TO,0.045454545454545456,0.20829889522526548,4.582575694955841,0.9545454545454546,0.0017717467258751662,False,0.09090909090909091,2024-06-17,109,intermittent,full,0.23076923076923078,0.7692307692307693
CA-SC-10-B-221-DG-1TO,0.00909090909090909,0.09491187735373227,10.44030650891055,0.990909090909091,0.00021188828528278066,False,0.01818181818181818,2024-06-17,109,intermittent,full,0.0,1.0
CA-SC-10-B-221-GR-1TO,0.03636363636363636,0.18719327529067276,5.147815070493501,0.9636363636363636,0.0008926357550210763,False,0.07272727272727272,2024-06-17,109,intermittent,full,0.0,1.0
CA-SC-10-B-221-PK-1TO,0.00909090909090909,0.09491187735373227,10.44030650891055,0.990909090909091,0.00020287176250479005,False,0.01818181818181818,2024-06-17,109,intermittent,full,0.0,1.0
CA-SC-10-B-221-WH-1TO,0.01818181818181818,0.13360853142453696,7.348469228349534,0.9818181818181818,0.0004057435250095801,False,0.03636363636363636,2024-06-17,109,intermittent,full,0.0,1.0
CA-SC-10-B-221-WR-1TO,0.01818181818181818,0.13360853142453696,7.348469228349534,0.9818181818181818,0.0004508261388995334,False,0.03636363636363636,2024-06-17,109,intermittent,full,0.0,1.0
CA-SC-10-B-222-BE-1TO,0.045454545454545456,0.20829889522526548,4.582575694955841,0.9545454545454546,0.0019250276131010074,False,0.09090909090909091,2024-06-17,109,intermittent,full,0.23076923076923078,0.7692307692307693
CA-SC-10-B-222-BK-1TO,0.23636363636363636,0.4848106045808504,2.0511217886112902,0.7909090909090909,0.007871424385185854,False,0.4727272727272727,2024-06-17,109,intermittent,full,0.7692307692307693,0.38461538461538464
CA-SC-10-B-222-BR-1TO,0.045454545454545456,0.24813352843556696,5.458937625582473,0.9636363636363636,0.0016905980208732497,False,0.09090909090909091,2024-06-17,109,intermittent,full,0.15384615384615385,0.9230769230769231
CA-SC-10-B-222-DB-1TO,0.05454545454545454,0.26410616447879914,4.841946348777984,0.9545454545454546,0.0019656019656019656,False,0.10909090909090909,2024-06-17,109,intermittent,full,0.23076923076923078,0.7692307692307693
CA-SC-10-B-222-DG-1TO,0.1,0.3554766326548573,3.554766326548573,0.9181818181818182,0.0033225886436895617,False,0.2,2024-06-17,109,intermittent,full,0.23076923076923078,0.7692307692307693
CA-SC-10-B-222-GR-1TO,0.24545454545454545,0.6492844122061489,2.645232790469495,0.8454545454545455,0.00990465027162275,False,0.4909090909090909,2024-06-17,109,intermittent,full,1.1538461538461537,0.38461538461538464
CA-SC-10-B-222-WH-1TO,0.045454545454545456,0.2082988952252655,4.582575694955841,0.9545454545454546,0.0010143588125239502,False,0.09090909090909091,2024-06-17,109,intermittent,full,0.0,1.0
CA-SC-10-B-222-WR-1TO,0.03636363636363636,0.18719327529067276,5.147815070493501,0.9636363636363636,0.0012803462344746748,False,0.07272727272727272,2024-06-17,109,intermittent,full,0.07692307692307693,0.9230769230769231
CA-SC-10-B-24-BE-1TO,0.2636363636363636,0.6832711790586746,2.591718265394973,0.8090909090909091,0.00788494916935284,False,0.5272727272727272,2024-06-17,109,intermittent,full,0.3076923076923077,0.6923076923076923
CA-SC-10-B-24-BK-1TO,0.6,1.0198039027185568,1.6996731711975948,0.7,0.018033045555981335,False,1.1636363636363636,2024-06-17,109,intermittent,full,1.3846153846153846,0.38461538461538464
CA-SC-10-B-24-BR-1TO,0.08181818181818182,0.3054599566620262,3.7333994703136533,0.9272727272727272,0.0031963573247976917,False,0.16363636363636364,2024-06-17,109,intermittent,full,0.38461538461538464,0.6923076923076923
CA-SC-10-B-24-DB-1TO,0.15454545454545454,0.4086866689634367,2.644443152116355,0.8636363636363636,0.005098843630953724,False,0.3090909090909091,2024-06-17,109,intermittent,full,0.38461538461538464,0.6153846153846154
CA-SC-10-B-24-DG-1TO,0.18181818181818182,0.5253884827927232,2.8896366553599777,0.8545454545454545,0.005689425872912111,False,0.36363636363636365,2024-06-17,109,intermittent,full,0.15384615384615385,0.8461538461538461
CA-SC-10-B-24-GR-1TO,0.10909090909090909,0.33966439440489826,3.113590282044901,0.9,0.004039402204539819,False,0.21818181818181817,2024-06-17,109,intermittent,full,0.38461538461538464,0.6923076923076923
CA-SC-10-B-24-PK-1TO,0.02727272727272727,0.16287702606517196,5.972157622389639,0.9727272727272728,0.00039221874084259425,False,0.05454545454545454,2024-06-17,109,intermittent,full,0.0,1.0
CA-SC-10-B-24-RD-1TO,0.00909090909090909,0.09491187735373227,10.44030650891055,0.990909090909091,0.00016680567139282736,False,0.01818181818181818,2024-06-17,109,intermittent,full,0.0,1.0
CA-SC-10-B-24-WR-1TO,0.17272727272727273,0.519774267597193,3.009219443983749,0.8818181818181818,0.00573901674819106,False,0.34545454545454546,2024-06-17,109,intermittent,full,0.38461538461538464,0.7692307692307693
CA-SC-10-B-25-BE-1TO,0.38181818181818183,0.7505369978381925,1.965692137195266,0.7545454545454545,0.01255099970696301,False,0.7636363636363637,2024-06-17,109,intermittent,full,1.0769230769230769,0.23076923076923078
CA-SC-10-B-25-BK-1TO,0.2909090909090909,0.6653154350375269,2.287021807941499,0.8,0.010369001194689267,False,0.5636363636363636,2024-06-17,109,intermittent,full,1.0,0.46153846153846156
CA-SC-10-B-25-BR-1TO,0.10909090909090909,0.31175323999058624,2.8577380332470406,0.8909090909090909,0.003534476928972342,False,0.21818181818181817,2024-06-17,109,intermittent,full,0.23076923076923078,0.7692307692307693
CA-SC-10-B-25-DB-1TO,0.03636363636363636,0.23070140982635487,6.344288770224759,0.9727272727272728,0.0014877262583684596,False,0.07272727272727272,2024-06-17,109,intermittent,full,0.15384615384615385,0.9230769230769231
CA-SC-10-B-25-DG-1TO,0.15454545454545454,0.40868666896343664,2.644443152116355,0.8636363636363636,0.0046660505376101705,False,0.3090909090909091,2024-06-17,109,intermittent,full,0.38461538461538464,0.6923076923076923
CA-SC-10-B-25-GR-1TO,0.16363636363636364,0.3937528695946857,2.4062675364119683,0.8454545454545455,0.005292698870680523,False,0.32727272727272727,2024-06-17,109,intermittent,full,0.38461538461538464,0.6153846153846154
CA-SC-10-B-25-RD-1TO,0.03636363636363636,0.18719327529067276,5.147815070493501,0.9636363636363636,0.001172147961138787,False,0.07272727272727272,2024-06-17,109,intermittent,full,0.07692307692307693,0.9230769230769231
CA-SC-10-B-25-WH-1TO,0.02727272727272727,0.162877026065172,5.9721576223896395,0.9727272727272728,0.0007799292202961927,False,0.05454545454545454,2024-06-17,109,intermittent,full,0.07692307692307693,0.9230769230769231
CA-SC-10-B-25-WR-1TO,0.1,0.3,2.9999999999999996,0.9,0.003268489507021617,False,0.2,2024-06-17,109,intermittent,full,0.23076923076923078,0.7692307692307693
CA-SC-10-B-26-BE-1TO,0.990909090909091,1.5695711895317983,1.5839709252155763,0.5909090909090909,0.03160742059824628,False,1.9636363636363636,2026-04-27,13,smooth,short,2.5384615384615383,0.07692307692307693
CA-SC-10-B-26-BK-1TO,2.5555555555555554,1.8803729601161048,0.735798114828041,0.15555555555555556,0.03662714097496708,True,2.1272727272727274,2026-04-27,13,smooth,short,2.923076923076923,0.07692307692307693
CA-SC-10-B-26-BR-1TO,0.03636363636363636,0.18719327529067276,5.147815070493501,0.9636363636363636,0.0011360818700268242,False,0.07272727272727272,2024-06-17,109,intermittent,full,0.0,1.0
CA-SC-10-B-26-DB-1TO,0.03636363636363636,0.18719327529067276,5.147815070493501,0.9636363636363636,0.0011450983928048147,False,0.07272727272727272,2024-06-17,109,intermittent,full,0.07692307692307693,0.9230769230769231
CA-SC-10-B-26-DG-1TO,0.41818181818181815,0.8244206580912462,1.971440704131241,0.7454545454545455,0.0145887338547889,False,0.8363636363636363,2024-06-17,109,intermittent,full,1.3846153846153846,0.3076923076923077
CA-SC-10-B-26-GR-1TO,0.34545454545454546,0.7797011506324206,2.2570296465675335,0.7909090909090909,0.012884611049748664,False,0.6909090909090909,2024-06-17,109,intermittent,full,1.1538461538461537,0.3076923076923077
CA-SC-10-B-26-WR-1TO,0.18181818181818182,0.4508944279140815,2.4799193535274484,0.8454545454545455,0.006077136352365709,False,0.36363636363636365,2024-06-17,109,intermittent,full,0.6153846153846154,0.46153846153846156
CA-SC-10-B-27-BE-1TO,0.02727272727272727,0.16287702606517196,5.972157622389639,0.9727272727272728,0.0012307553591957262,False,0.05454545454545454,2024-06-17,109,intermittent,full,0.23076923076923078,0.7692307692307693
CA-SC-10-B-27-BK-1TO,0.17272727272727273,0.44433997853999774,2.572494612599987,0.8545454545454545,0.005170975813177648,False,0.34545454545454546,2024-06-17,109,intermittent,full,0.3076923076923077,0.7692307692307693
CA-SC-10-B-27-BR-1TO,0.00909090909090909,0.09491187735373227,10.44030650891055,0.990909090909091,0.0001938552397267994,False,0.01818181818181818,2024-06-17,109,intermittent,full,0.0,1.0
CA-SC-10-B-27-DB-1TO,0.01818181818181818,0.13360853142453696,7.348469228349534,0.9818181818181818,0.0007934540044631786,False,0.03636363636363636,2024-06-17,109,intermittent,full,0.07692307692307693,0.9230769230769231
CA-SC-10-B-27-DG-1TO,0.15454545454545454,0.4086866689634367,2.644443152116355,0.8636363636363636,0.004990645357617835,False,0.3090909090909091,2024-06-17,109,intermittent,full,0.3076923076923077,0.6923076923076923
CA-SC-10-B-27-GR-1TO,0.09090909090909091,0.2874797872880344,3.1622776601683786,0.9090909090909091,0.00229019678560963,False,0.16363636363636364,2024-06-17,109,intermittent,full,0.15384615384615385,0.8461538461538461
CA-SC-10-B-28-BE-1TO,10.23404255319149,3.8878576168955905,0.37989461121433005,0.0,0.10453283996299732,True,8.854545454545455,2025-09-01,46,smooth,short,11.615384615384615,0.0
CA-SC-10-B-28-BK-1TO,20.804347826086957,8.394147975038509,0.4034804669297507,0.0,0.30977489978415057,True,17.8,2025-09-08,45,smooth,short,25.692307692307693,0.0
CA-SC-10-B-28-BR-1TO,1.0909090909090908,1.5985530647515103,1.4653403093555513,0.5727272727272728,0.03608412415751865,False,2.1454545454545455,2026-04-27,13,smooth,short,3.230769230769231,0.0
CA-SC-10-B-28-DB-1TO,3.488888888888889,1.973403402159407,0.5656251789628873,0.06666666666666667,0.056258234519104104,True,2.909090909090909,2025-09-15,44,smooth,short,3.8461538461538463,0.0
CA-SC-10-B-28-DG-1TO,7.914893617021277,3.5480278443703543,0.4482723351758243,0.0,0.13147548566142472,True,6.872727272727273,2025-09-01,46,smooth,short,10.461538461538462,0.0
CA-SC-10-B-28-GR-1TO,7.1063829787234045,3.46553881201504,0.48766564121169725,0.0,0.07481498612395934,True,6.163636363636364,2025-09-01,46,smooth,short,7.615384615384615,0.0
CA-SC-10-B-28-PK-1TO,0.18181818181818182,0.7997933617426464,4.398863489584555,0.9181818181818182,0.003597592588418278,False,0.36363636363636365,2024-06-17,109,intermittent,full,0.0,1.0
CA-SC-10-B-28-RD-1TO,0.2636363636363636,0.7707997349538713,2.92372313258365,0.8727272727272727,0.00476523228816807,False,0.5272727272727272,2024-06-17,109,intermittent,full,0.0,1.0
CA-SC-10-B-28-WH-1TO,0.22727272727272727,0.7091491817547779,3.120256399721023,0.8818181818181818,0.0036021008498072727,False,0.45454545454545453,2024-06-17,109,intermittent,full,0.0,1.0
CA-SC-10-B-28-WR-1TO,6.2272727272727275,2.609977676355562,0.419120502772426,0.0,0.06849894291754763,True,5.127272727272727,2025-09-22,43,smooth,short,6.846153846153846,0.0
CA-SC-10-B-29-BE-1TO,0.07272727272727272,0.3221826390303519,4.430011286667338,0.9454545454545454,0.002533642900615377,False,0.14545454545454545,2024-06-17,109,intermittent,full,0.15384615384615385,0.9230769230769231
CA-SC-10-B-29-BK-1TO,0.06363636363636363,0.36374998224986466,5.716071149640731,0.9636363636363636,0.0028537294592340464,False,0.12727272727272726,2024-06-17,109,intermittent,full,0.3076923076923077,0.8461538461538461
CA-SC-10-B-29-BR-1TO,0.01818181818181818,0.13360853142453696,7.348469228349534,0.9818181818181818,0.0001893469783378041,False,0.03636363636363636,2024-06-17,109,intermittent,full,0.0,1.0
CA-SC-10-B-29-DG-1TO,0.03636363636363636,0.18719327529067276,5.147815070493501,0.9636363636363636,0.0014246105989225255,False,0.07272727272727272,2024-06-17,109,intermittent,full,0.15384615384615385,0.8461538461538461
CA-SC-10-B-29-GR-1TO,0.05454545454545454,0.22709083630539637,4.163331998932267,0.9454545454545454,0.0013164123255866378,False,0.10909090909090909,2024-06-17,109,intermittent,full,0.0,1.0
CA-SC-10-B-29-WR-1TO,0.00909090909090909,0.09491187735373227,10.44030650891055,0.990909090909091,0.0004012352636205847,False,0.01818181818181818,2024-06-17,109,intermittent,full,0.07692307692307693,0.9230769230769231
CA-SC-10-B-30-BE-1TO,0.2636363636363636,0.6561218391187685,2.4887380104505015,0.8181818181818182,0.008101345716024616,False,0.5272727272727272,2024-06-17,109,intermittent,full,0.6923076923076923,0.46153846153846156
CA-SC-10-B-30-BK-1TO,1.1727272727272726,1.8530519833217205,1.5801218462433277,0.6454545454545455,0.04237314879516714,False,2.327272727272727,2026-04-27,13,smooth,short,4.153846153846154,0.07692307692307693
CA-SC-10-B-30-BR-1TO,0.44545454545454544,0.8375979034918154,1.8803218241653,0.7454545454545455,0.015395712643419062,False,0.8909090909090909,2024-06-17,109,intermittent,full,1.4615384615384615,0.23076923076923078
CA-SC-10-B-30-DB-1TO,0.5818181818181818,1.1231596517440365,1.9304306514350629,0.6909090909090909,0.020350291909924937,False,1.1454545454545455,2026-04-27,13,smooth,short,2.076923076923077,0.15384615384615385
CA-SC-10-B-30-DG-1TO,0.5727272727272728,1.131845563743256,1.976238285900923,0.7,0.019949056646304354,False,1.1454545454545455,2026-04-27,13,smooth,short,2.230769230769231,0.15384615384615385
CA-SC-10-B-30-GR-1TO,0.16363636363636364,0.4578064840732426,2.7977062915587045,0.8727272727272727,0.0059779546018078125,False,0.32727272727272727,2024-06-17,109,intermittent,full,0.46153846153846156,0.6153846153846154
CA-SC-10-B-30-PK-1TO,0.19090909090909092,0.6395375395258747,3.349958540373629,0.8818181818181818,0.005946396772084845,False,0.38181818181818183,2024-06-17,109,intermittent,full,0.0,1.0
CA-SC-10-B-30-WH-1TO,0.00909090909090909,0.09491187735373227,10.44030650891055,0.990909090909091,7.664044361292078e-05,False,0.01818181818181818,2024-06-17,109,intermittent,full,0.0,1.0
CA-SC-10-B-30-WR-1TO,0.3090909090909091,0.6841777353537012,2.2135162026149158,0.7818181818181819,0.011595248292495999,False,0.6181818181818182,2024-06-17,109,intermittent,full,1.3076923076923077,0.3076923076923077
CA-SC-10-B-31-BE-1TO,0.08181818181818182,0.3054599566620262,3.7333994703136533,0.9272727272727272,0.0027455311858981587,False,0.16363636363636364,2024-06-17,109,intermittent,full,0.15384615384615385,0.8461538461538461
CA-SC-10-B-31-BK-1TO,0.10909090909090909,0.3654500225862142,3.3499585403736303,0.9090909090909091,0.003868088271757996,False,0.21818181818181817,2024-06-17,109,intermittent,full,0.38461538461538464,0.6923076923076923
CA-SC-10-B-31-DB-1TO,0.00909090909090909,0.09491187735373227,10.44030650891055,0.990909090909091,0.00032008655861866865,False,0.01818181818181818,2024-06-17,109,intermittent,full,0.0,1.0
CA-SC-10-B-31-DG-1TO,0.03636363636363636,0.18719327529067276,5.147815070493501,0.9636363636363636,0.0014787097355904695,False,0.07272727272727272,2024-06-17,109,intermittent,full,0.15384615384615385,0.8461538461538461
CA-SC-10-B-31-GR-1TO,0.00909090909090909,0.09491187735373227,10.44030650891055,0.990909090909091,0.00027500394472871535,False,0.01818181818181818,2024-06-17,109,intermittent,full,0.0,1.0
CA-SC-10-B-32-BE-1TO,10.212765957446809,4.262334642516769,0.41735360041310027,0.0,0.11262719703977796,True,8.89090909090909,2025-09-01,46,smooth,short,12.307692307692308,0.0
CA-SC-10-B-32-BK-1TO,40.82608695652174,14.860663493623003,0.3639992123038648,0.0,0.6670366944187484,True,34.836363636363636,2025-09-08,45,smooth,short,51.0,0.0
CA-SC-10-B-32-BR-1TO,4.51063829787234,2.2396080624580033,0.4965168817713498,0.0,0.023936170212765936,True,3.9454545454545453,2025-09-01,46,smooth,short,4.923076923076923,0.0
CA-SC-10-B-32-DB-1TO,6.434782608695652,3.033524094349984,0.47142604168952457,0.0,0.09608387295713848,True,5.454545454545454,2025-09-08,45,smooth,short,7.6923076923076925,0.0
CA-SC-10-B-32-DG-1TO,15.282608695652174,5.825965281013659,0.3812153668942081,0.0,0.24316990440949743,True,13.090909090909092,2025-09-08,45,smooth,short,19.153846153846153,0.0
CA-SC-10-B-32-GR-1TO,7.647058823529412,4.355854880690797,0.569611792090335,0.0196078431372549,0.20778280542986416,True,7.218181818181818,2025-08-04,50,smooth,medium,10.923076923076923,0.0
CA-SC-10-B-32-PK-1TO,0.44545454545454544,1.2179443459173602,2.734160776549176,0.8181818181818182,0.010499740774970134,False,0.8909090909090909,2024-06-17,109,intermittent,full,0.0,1.0
CA-SC-10-B-32-RD-1TO,0.16363636363636364,0.531332334407362,3.2470309324894346,0.8909090909090909,0.0028943038117350047,False,0.32727272727272727,2024-06-17,109,intermittent,full,0.0,1.0
CA-SC-10-B-32-WH-1TO,0.20909090909090908,0.5735924201580855,2.743268096408235,0.8545454545454545,0.0036832495548091886,False,0.4,2024-06-17,109,intermittent,full,0.0,1.0
CA-SC-10-B-32-WR-1TO,6.8936170212765955,3.428504062801508,0.4973447251594781,0.0,0.11470860314523593,True,5.963636363636364,2025-09-01,46,smooth,short,7.923076923076923,0.0
CA-SC-10-B-34-BE-1TO,0.05454545454545454,0.22709083630539637,4.163331998932267,0.9454545454545454,0.002001668056713928,False,0.10909090909090909,2024-06-17,109,intermittent,full,0.15384615384615385,0.8461538461538461
CA-SC-10-B-34-BK-1TO,0.2,0.5009082659620331,2.504541329810165,0.8363636363636363,0.00622140071681356,False,0.4,2024-06-17,109,intermittent,full,0.3076923076923077,0.6923076923076923
CA-SC-10-B-34-BR-1TO,0.01818181818181818,0.13360853142453696,7.348469228349534,0.9818181818181818,0.0005319748439014493,False,0.03636363636363636,2024-06-17,109,intermittent,full,0.07692307692307693,0.9230769230769231
CA-SC-10-B-34-DG-1TO,0.00909090909090909,0.09491187735373227,10.44030650891055,0.990909090909091,0.00033811960417465,False,0.01818181818181818,2024-06-17,109,intermittent,full,0.0,1.0
CA-SC-10-B-34-GR-1TO,0.01818181818181818,0.13360853142453696,7.348469228349534,0.9818181818181818,0.0006131235489033656,False,0.03636363636363636,2024-06-17,109,intermittent,full,0.0,1.0
CA-SC-10-B-34-WR-1TO,0.14545454545454545,0.42289830362229114,2.9074258374032516,0.8818181818181818,0.00513941798345468,False,0.2909090909090909,2024-06-17,109,intermittent,full,0.38461538461538464,0.6153846153846154
CA-SC-10-B-35-BK-1TO,0.00909090909090909,0.09491187735373227,10.44030650891055,0.990909090909091,0.0004914004914004913,False,0.01818181818181818,2024-06-17,109,intermittent,full,0.07692307692307693,0.9230769230769231
CA-SC-10-B-36-BE-1TO,3.130434782608696,1.940514226471426,0.6198864890117055,0.08695652173913043,0.05007708911501692,True,2.6363636363636362,2025-09-08,45,smooth,short,4.384615384615385,0.0
CA-SC-10-B-36-BK-1TO,4.314814814814815,2.544595391500815,0.5897345542534078,0.05555555555555555,0.052182199352010614,True,4.254545454545455,2025-07-14,53,smooth,medium,4.615384615384615,0.0
CA-SC-10-B-36-BR-1TO,0.41818181818181815,0.8674080321364774,2.0742365985872286,0.7454545454545455,0.01417397380700133,False,0.8181818181818182,2024-06-17,109,intermittent,full,1.3846153846153846,0.3076923076923077
CA-SC-10-B-36-DB-1TO,0.32727272727272727,0.6756692427658926,2.0645449084513383,0.7727272727272727,0.010387034240245249,False,0.6545454545454545,2024-06-17,109,intermittent,full,0.6923076923076923,0.46153846153846156
CA-SC-10-B-36-DG-1TO,0.5909090909090909,0.9562754885059824,1.6183123651639701,0.6636363636363637,0.018317066023488045,False,1.1818181818181819,2024-06-17,109,intermittent,full,1.3076923076923077,0.15384615384615385
CA-SC-10-B-36-GR-1TO,0.7636363636363637,1.2643882655064516,1.6557465381632104,0.6,0.024227396704460925,False,1.490909090909091,2026-04-27,13,smooth,short,2.1538461538461537,0.15384615384615385
CA-SC-10-B-36-PK-1TO,0.1,0.38019133938775423,3.801913393877542,0.9272727272727272,0.003322588643689561,False,0.2,2024-06-17,109,intermittent,full,0.3076923076923077,0.7692307692307693
CA-SC-10-B-36-WH-1TO,0.03636363636363636,0.18719327529067276,5.147815070493501,0.9636363636363636,0.0004508261388995336,False,0.07272727272727272,2024-06-17,109,intermittent,full,0.0,1.0
CA-SC-10-B-36-WR-1TO,0.6545454545454545,1.1154808472856703,1.704206850019774,0.6363636363636364,0.021423258120505825,False,1.309090909090909,2026-04-27,13,smooth,short,2.0,0.07692307692307693
CA-SC-10-B-37-BE-1TO,0.8909090909090909,1.343979535460097,1.5085484581694966,0.5818181818181818,0.0271487500845299,False,1.7272727272727273,2026-04-27,13,smooth,short,2.3846153846153846,0.0
CA-SC-10-B-37-BK-1TO,18.02127659574468,6.609114794759076,0.36673954587210933,0.0,0.1400323774283072,True,15.818181818181818,2025-09-01,46,smooth,short,19.23076923076923,0.0
CA-SC-10-B-37-BR-1TO,0.6909090909090909,1.1098358154204981,1.6063413117928262,0.6363636363636364,0.022009332101075224,False,1.3818181818181818,2024-06-17,109,intermittent,full,1.6923076923076923,0.15384615384615385
CA-SC-10-B-37-DB-1TO,1.4545454545454546,2.0786200126585888,1.4290512587027797,0.5454545454545454,0.04484818429772559,False,2.8363636363636364,2026-04-27,13,smooth,short,3.3846153846153846,0.07692307692307693
CA-SC-10-B-37-DG-1TO,10.788461538461538,5.745689148133777,0.5325772472423466,0.0,0.2622300008537522,True,10.345454545454546,2025-07-28,51,smooth,medium,15.23076923076923,0.0
CA-SC-10-B-37-GR-1TO,1.5363636363636364,2.1091888691983973,1.3728448261054658,0.5272727272727272,0.04803552509974528,False,2.981818181818182,2026-04-27,13,smooth,short,4.153846153846154,0.0
CA-SC-10-B-37-PK-1TO,0.08181818181818182,0.33389759404012653,4.080970593823769,0.9363636363636364,0.002141424159772784,False,0.16363636363636364,2024-06-17,109,intermittent,full,0.07692307692307693,0.9230769230769231
CA-SC-10-B-37-RD-1TO,0.06363636363636363,0.24410402876541004,3.8359204520278727,0.9363636363636364,0.0014381353830895116,False,0.12727272727272726,2024-06-17,109,intermittent,full,0.0,1.0
CA-SC-10-B-37-WH-1TO,0.05454545454545454,0.22709083630539637,4.163331998932267,0.9454545454545454,0.000982800982800983,False,0.10909090909090909,2024-06-17,109,intermittent,full,0.0,1.0
CA-SC-10-B-37-WR-1TO,0.8454545454545455,1.4345500633639525,1.6967796448390837,0.6636363636363637,0.029362306426526603,False,1.690909090909091,2026-04-27,13,smooth,short,2.5384615384615383,0.15384615384615385
CA-SC-10-B-38-BE-1TO,0.43636363636363634,0.69448833653761,1.591535771232023,0.6818181818181818,0.01386741203254965,False,0.8727272727272727,2024-06-17,109,intermittent,full,1.0,0.23076923076923078
CA-SC-10-B-38-BK-1TO,3.9555555555555557,2.118233599074218,0.5355084941479764,0.044444444444444446,0.05718050065876157,True,3.309090909090909,2025-09-15,44,smooth,short,4.846153846153846,0.0
CA-SC-10-B-38-BR-1TO,0.2727272727272727,0.5863460180580763,2.1499353995462798,0.7909090909090909,0.008845208845208844,False,0.5454545454545454,2024-06-17,109,intermittent,full,0.6923076923076923,0.38461538461538464
CA-SC-10-B-38-DB-1TO,0.5363636363636364,0.9503805240512181,1.7718958922988812,0.7181818181818181,0.017911322498478457,False,1.0727272727272728,2024-06-17,109,intermittent,full,1.1538461538461537,0.3076923076923077
CA-SC-10-B-38-DG-1TO,0.7090909090909091,1.3027624812852987,1.8372291402741392,0.7,0.024984784617812138,False,1.4181818181818182,2024-06-17,109,intermittent,full,2.0,0.23076923076923078
CA-SC-10-B-38-GR-1TO,0.2727272727272727,0.6863485850246136,2.5166114784235836,0.8272727272727273,0.009566530667448099,False,0.5454545454545454,2024-06-17,109,intermittent,full,0.9230769230769231,0.46153846153846156
CA-SC-10-B-38-WH-1TO,0.00909090909090909,0.09491187735373227,10.44030650891055,0.990909090909091,0.0002389378536167527,False,0.01818181818181818,2024-06-17,109,intermittent,full,0.0,1.0
CA-SC-10-B-38-WR-1TO,0.34545454545454546,0.624301262305069,1.807187864567305,0.7272727272727273,0.011135405630818475,False,0.6909090909090909,2024-06-17,109,intermittent,full,0.8461538461538461,0.23076923076923078
CA-SC-10-B-39-BE-1TO,0.06363636363636363,0.24410402876541004,3.8359204520278727,0.9363636363636364,0.0021324076369947935,False,0.12727272727272726,2024-06-17,109,intermittent,full,0.15384615384615385,0.8461538461538461
CA-SC-10-B-39-BK-1TO,4.171052631578948,3.241946125622763,0.7772489133985172,0.11842105263157894,0.07369788106630214,True,5.345454545454546,2025-02-10,75,smooth,medium,4.846153846153846,0.0
CA-SC-10-B-39-BR-1TO,0.16363636363636364,0.39375286959468575,2.4062675364119683,0.8454545454545455,0.004914004914004914,False,0.32727272727272727,2024-06-17,109,intermittent,full,0.6153846153846154,0.38461538461538464
CA-SC-10-B-39-DB-1TO,0.5727272727272728,1.1477970275832419,2.004090048161216,0.7181818181818181,0.015675224849536772,False,1.1272727272727272,2024-06-17,109,intermittent,full,0.7692307692307693,0.5384615384615384
CA-SC-10-B-39-DG-1TO,0.9272727272727272,1.576584864417626,1.7002385792739103,0.6636363636363637,0.025724139485607374,False,1.8545454545454545,2024-06-17,109,intermittent,full,1.3846153846153846,0.3076923076923077
CA-SC-10-B-39-GR-1TO,0.37272727272727274,0.7243692040676859,1.9434295718889134,0.7454545454545455,0.007316908234339428,False,0.6,2024-06-17,109,intermittent,full,0.46153846153846156,0.6923076923076923
CA-SC-10-B-39-RD-1TO,0.02727272727272727,0.16287702606517196,5.972157622389639,0.9727272727272728,0.00041926830917656617,False,0.05454545454545454,2024-06-17,109,intermittent,full,0.0,1.0
CA-SC-10-B-39-WH-1TO,0.01818181818181818,0.13360853142453696,7.348469228349534,0.9818181818181818,0.00054099136667944,False,0.03636363636363636,2024-06-17,109,intermittent,full,0.07692307692307693,0.9230769230769231
CA-SC-10-B-39-WR-1TO,0.07272727272727272,0.29260867162601967,4.02336923485777,0.9363636363636364,0.0017311723733742083,False,0.14545454545454545,2024-06-17,109,intermittent,full,0.0,1.0
CA-SC-10-B-40-BE-1TO,0.045454545454545456,0.2082988952252655,4.582575694955841,0.9545454545454546,0.00044631787751053814,False,0.07272727272727272,2024-06-17,109,intermittent,full,0.07692307692307693,0.9230769230769231
CA-SC-10-B-40-BK-1TO,1.009090909090909,1.4428220739890567,1.4298236769260924,0.5545454545454546,0.003584067804251292,False,1.1818181818181819,2024-06-17,109,intermittent,full,0.15384615384615385,0.8461538461538461
CA-SC-10-B-40-BR-1TO,0.02727272727272727,0.16287702606517196,5.972157622389639,0.9727272727272728,0.0003471361269526407,False,0.03636363636363636,2024-06-17,109,intermittent,full,0.0,1.0
CA-SC-10-B-40-DB-1TO,0.01818181818181818,0.13360853142453696,7.348469228349534,0.9818181818181818,0.0004508261388995334,False,0.03636363636363636,2024-06-17,109,intermittent,full,0.0,1.0
CA-SC-10-B-40-DG-1TO,0.12727272727272726,0.4069641688290798,3.1975756122284844,0.9,0.0018664202150440684,False,0.23636363636363636,2024-06-17,109,intermittent,full,0.07692307692307693,0.9230769230769231
CA-SC-10-B-40-GR-1TO,0.32727272727272727,0.7020630755021027,2.1451927307008694,0.7545454545454545,-0.0002344295922277565,False,0.2727272727272727,2024-06-17,109,intermittent,full,0.07692307692307693,0.9230769230769231
CA-SC-10-B-42-BE-1TO,0.4909090909090909,0.9792896734178349,1.994849334740034,0.7454545454545455,0.015246940017582217,False,0.9636363636363636,2024-06-17,109,intermittent,full,1.0769230769230769,0.46153846153846156
CA-SC-10-B-42-BK-1TO,0.7545454545454545,1.229828987641361,1.6298938390427677,0.6454545454545455,0.026134391272005952,False,1.509090909090909,2026-04-27,13,smooth,short,2.230769230769231,0.0
CA-SC-10-B-42-BR-1TO,0.16363636363636364,0.4959338798903947,3.0307070437746346,0.8727272727272727,0.00513040146067669,False,0.32727272727272727,2024-06-17,109,intermittent,full,0.46153846153846156,0.5384615384615384
CA-SC-10-B-42-DB-1TO,0.15454545454545454,0.4509860638113622,2.9181451187794023,0.8818181818181818,0.0049275296981719,False,0.3090909090909091,2024-06-17,109,intermittent,full,0.15384615384615385,0.8461538461538461
CA-SC-10-B-42-DG-1TO,0.2909090909090909,0.622976061782248,2.1414802123764773,0.7818181818181819,0.008610779252981088,False,0.5818181818181818,2024-06-17,109,intermittent,full,0.6923076923076923,0.5384615384615384
CA-SC-10-B-42-GR-1TO,0.19090909090909092,0.41550526843732505,2.176456168005036,0.8181818181818182,0.006595586412100173,False,0.36363636363636365,2024-06-17,109,intermittent,full,0.6923076923076923,0.38461538461538464
CA-SC-10-B-42-PK-1TO,0.01818181818181818,0.13360853142453696,7.348469228349534,0.9818181818181818,0.0002795122061177107,False,0.03636363636363636,2024-06-17,109,intermittent,full,0.0,1.0
CA-SC-10-B-42-WH-1TO,0.06363636363636363,0.27887021182141764,4.382246185765135,0.9454545454545454,0.0014832179969794651,False,0.12727272727272726,2024-06-17,109,intermittent,full,0.0,1.0
CA-SC-10-B-42-WR-1TO,0.1,0.30000000000000004,3.0000000000000004,0.9,0.0034037373486914767,False,0.2,2024-06-17,109,intermittent,full,0.23076923076923078,0.7692307692307693
CA-SC-10-B-43-BE-1TO,0.01818181818181818,0.13360853142453696,7.348469228349534,0.9818181818181818,0.00045984266167752394,False,0.03636363636363636,2024-06-17,109,intermittent,full,0.07692307692307693,0.9230769230769231
CA-SC-10-B-43-BK-1TO,0.15454545454545454,0.5078719172168517,3.2862300525796284,0.8818181818181818,0.00532425670040349,False,0.2727272727272727,2024-06-17,109,intermittent,full,0.5384615384615384,0.6923076923076923
CA-SC-10-B-43-DB-1TO,0.00909090909090909,0.09491187735373227,10.44030650891055,0.990909090909091,0.0004823839686225006,False,0.01818181818181818,2024-06-17,109,intermittent,full,0.07692307692307693,0.9230769230769231
CA-SC-10-B-43-GR-1TO,0.06363636363636363,0.27887021182141764,4.382246185765135,0.9454545454545454,0.0018979780447670352,False,0.10909090909090909,2024-06-17,109,intermittent,full,0.15384615384615385,0.8461538461538461
CA-SC-10-B-43-WR-1TO,0.045454545454545456,0.2082988952252655,4.582575694955841,0.9545454545454546,0.0016455154069832966,False,0.09090909090909091,2024-06-17,109,intermittent,full,0.15384615384615385,0.8461538461538461
CA-SC-10-B-44-BE-1TO,6.808510638297872,4.344907989978175,0.6381583610280445,0.0,0.07273358001850144,True,5.909090909090909,2025-09-01,46,smooth,short,5.538461538461538,0.0
CA-SC-10-B-44-BK-1TO,23.065217391304348,8.837671771685423,0.3831601333624218,0.0,0.14757940178846768,True,19.836363636363636,2025-09-08,45,smooth,short,21.46153846153846,0.0
CA-SC-10-B-44-BR-1TO,2.63265306122449,2.163650331542624,0.8218516763223921,0.08163265306122448,0.012959183673469404,True,2.4,2026-04-27,13,smooth,short,2.3846153846153846,0.15384615384615385
CA-SC-10-B-44-DB-1TO,6.3125,3.3488570811547036,0.5305120128561907,0.0,0.047492401215805384,True,5.618181818181818,2025-08-25,47,smooth,short,5.538461538461538,0.0
CA-SC-10-B-44-DG-1TO,15.25531914893617,6.618697194895565,0.4338616013390398,0.0,0.19160499537465334,True,13.2,2025-09-01,46,smooth,short,17.23076923076923,0.0
CA-SC-10-B-44-GR-1TO,5.75,2.6295955444274557,0.45732096424825314,0.0,0.08717406624383377,True,4.672727272727273,2025-09-22,43,smooth,short,6.6923076923076925,0.0
CA-SC-10-B-44-RD-1TO,0.17272727272727273,0.40134072826625666,2.3235515846993806,0.8363636363636363,0.0048914636070599374,False,0.34545454545454546,2024-06-17,109,intermittent,full,0.3076923076923077,0.6923076923076923
CA-SC-10-B-44-WH-1TO,0.045454545454545456,0.2082988952252655,4.582575694955841,0.9545454545454546,0.0013389536325316143,False,0.09090909090909091,2024-06-17,109,intermittent,full,0.0,1.0
CA-SC-10-B-44-WR-1TO,0.7545454545454545,1.1846469641847168,1.5700140489195042,0.6363636363636364,0.02532290422198679,False,1.509090909090909,2024-06-17,109,intermittent,full,1.8461538461538463,0.15384615384615385
CA-SC-10-B-45-BE-1TO,0.045454545454545456,0.20829889522526554,4.582575694955842,0.9545454545454546,0.0003200865586186688,False,0.05454545454545454,2024-06-17,109,intermittent,full,0.0,1.0
CA-SC-10-B-45-BK-1TO,0.33636363636363636,0.8557534981446332,2.544132021511072,0.8,0.00424227396704461,False,0.6,2024-06-17,109,intermittent,full,0.07692307692307693,0.9230769230769231
CA-SC-10-B-45-BR-1TO,0.02727272727272727,0.16287702606517196,5.972157622389639,0.9727272727272728,0.0002659874219507249,False,0.05454545454545454,2024-06-17,109,intermittent,full,0.0,1.0
CA-SC-10-B-45-DB-1TO,0.08181818181818182,0.3845142905919383,4.699619107234802,0.9545454545454546,0.0008520614025201184,False,0.16363636363636364,2024-06-17,109,intermittent,full,0.0,1.0
CA-SC-10-B-45-DG-1TO,0.11818181818181818,0.4206449200457917,3.5593031696182376,0.9181818181818182,0.0015373171336474092,False,0.23636363636363636,2024-06-17,109,intermittent,full,0.0,1.0
CA-SC-10-B-45-GR-1TO,0.00909090909090909,0.09491187735373227,10.44030650891055,0.990909090909091,-4.0574352500958003e-05,False,0.0,2024-06-17,109,intermittent,full,0.0,1.0
CA-SC-10-B-45-WH-1TO,0.00909090909090909,0.09491187735373227,10.44030650891055,0.990909090909091,0.00014877262583684608,False,0.01818181818181818,2024-06-17,109,intermittent,full,0.0,1.0
CA-SC-10-B-45-WR-1TO,0.00909090909090909,0.09491187735373227,10.44030650891055,0.990909090909091,6.762392083492998e-05,False,0.01818181818181818,2024-06-17,109,intermittent,full,0.0,1.0
CA-SC-10-B-46-BE-1TO,0.44545454545454544,0.826673109367945,1.8557967761321215,0.7,0.013096499335031446,False,0.8545454545454545,2024-06-17,109,intermittent,full,0.9230769230769231,0.38461538461538464
CA-SC-10-B-46-BK-1TO,0.9363636363636364,1.5031921955822896,1.6053508884859402,0.6363636363636364,0.02900164551540698,False,1.8727272727272728,2026-04-27,13,smooth,short,2.0,0.07692307692307693
CA-SC-10-B-46-BR-1TO,0.045454545454545456,0.20829889522526548,4.582575694955841,0.9545454545454546,0.0014471519058675021,False,0.09090909090909091,2024-06-17,109,intermittent,full,0.07692307692307693,0.9230769230769231
CA-SC-10-B-46-DB-1TO,0.06363636363636363,0.2788702118214176,4.382246185765134,0.9454545454545454,0.002249622433108671,False,0.12727272727272726,2024-06-17,109,intermittent,full,0.3076923076923077,0.7692307692307693
CA-SC-10-B-46-DG-1TO,0.4,0.9742129690631864,2.4355324226579658,0.7909090909090909,0.013028875414196516,False,0.8,2024-06-17,109,intermittent,full,1.1538461538461537,0.5384615384615384
CA-SC-10-B-46-GR-1TO,0.3,0.668104510060841,2.2270150335361367,0.7818181818181819,0.009931699839956721,False,0.5818181818181818,2024-06-17,109,intermittent,full,1.0769230769230769,0.46153846153846156
CA-SC-10-B-46-PK-1TO,0.00909090909090909,0.09491187735373227,10.44030650891055,0.990909090909091,9.467348916890206e-05,False,0.01818181818181818,2024-06-17,109,intermittent,full,0.0,1.0
CA-SC-10-B-46-WR-1TO,0.045454545454545456,0.20829889522526548,4.582575694955841,0.9545454545454546,0.002069291977548858,False,0.09090909090909091,2024-06-17,109,intermittent,full,0.23076923076923078,0.7692307692307693
CA-SC-10-B-47-BE-1TO,5.6521739130434785,2.486637255274575,0.43994351439473245,0.0,0.06845513413506013,True,4.836363636363636,2025-09-08,45,smooth,short,7.3076923076923075,0.0
CA-SC-10-B-47-BK-1TO,6.826086956521739,3.3054917928257757,0.48424402060504995,0.0,0.103854455750848,True,5.8,2025-09-08,45,smooth,short,7.923076923076923,0.0
CA-SC-10-B-47-BR-1TO,0.3181818181818182,0.6732798713194735,2.1160224527183455,0.7727272727272727,0.010103013772738544,False,0.6363636363636364,2024-06-17,109,intermittent,full,0.7692307692307693,0.46153846153846156
CA-SC-10-B-47-DB-1TO,0.35454545454545455,0.7814481153760583,2.204084427983754,0.7909090909090909,0.011897301805558685,False,0.7090909090909091,2024-06-17,109,intermittent,full,0.5384615384615384,0.6153846153846154
CA-SC-10-B-47-DG-1TO,0.7909090909090909,1.3354975548492272,1.6885601268208619,0.6454545454545455,0.026161440840339927,False,1.5636363636363637,2026-04-27,13,smooth,short,2.076923076923077,0.15384615384615385
CA-SC-10-B-47-GR-1TO,0.7181818181818181,1.0798301060126263,1.5035609071061886,0.6272727272727273,0.02274417870748146,False,1.4363636363636363,2024-06-17,109,intermittent,full,1.6153846153846154,0.15384615384615385
CA-SC-10-B-47-PK-1TO,0.02727272727272727,0.16287702606517196,5.972157622389639,0.9727272727272728,0.00041926830917656617,False,0.05454545454545454,2024-06-17,109,intermittent,full,0.0,1.0
CA-SC-10-B-47-RD-1TO,0.09090909090909091,0.3703917961356975,4.0743097574926725,0.9363636363636364,0.002542659423393369,False,0.18181818181818182,2024-06-17,109,intermittent,full,0.15384615384615385,0.9230769230769231
CA-SC-10-B-47-WH-1TO,0.05454545454545454,0.26410616447879914,4.841946348777984,0.9545454545454546,0.000901652277799067,False,0.10909090909090909,2024-06-17,109,intermittent,full,0.0,1.0
CA-SC-10-B-47-WR-1TO,2.5,1.7662290953869217,0.7064916381547687,0.13043478260869565,0.03780450200431701,True,2.1454545454545455,2026-04-27,13,smooth,short,2.6923076923076925,0.0
CA-SC-10-B-48-BE-1TO,0.41818181818181815,0.8244206580912461,1.9714407041312407,0.7272727272727273,0.015174807835358293,False,0.8181818181818182,2024-06-17,109,intermittent,full,1.6923076923076923,0.15384615384615385
CA-SC-10-B-48-BK-1TO,3.152173913043478,1.793313562925247,0.5689132682383543,0.06521739130434782,0.025840271353684875,True,2.672727272727273,2025-09-08,45,smooth,short,3.0,0.07692307692307693
CA-SC-10-B-48-BR-1TO,0.2636363636363636,0.6964490809198112,2.641703410385491,0.8363636363636363,0.01017514595496247,False,0.5272727272727272,2024-06-17,109,intermittent,full,1.1538461538461537,0.3076923076923077
CA-SC-10-B-48-DB-1TO,0.4,0.9263810329350545,2.315952582337636,0.7818181818181819,0.013317404143092215,False,0.8,2024-06-17,109,intermittent,full,0.9230769230769231,0.3076923076923077
CA-SC-10-B-48-DG-1TO,0.5909090909090909,1.1622505953024898,1.966885622819598,0.7272727272727273,0.020589229763541692,False,1.1818181818181819,2024-06-17,109,intermittent,full,1.8461538461538463,0.38461538461538464
CA-SC-10-B-48-GR-1TO,0.19090909090909092,0.45717421675200576,2.3947220877486015,0.8363636363636363,0.006523454229876249,False,0.38181818181818183,2024-06-17,109,intermittent,full,0.5384615384615384,0.6153846153846154
CA-SC-10-B-48-WH-1TO,0.08181818181818182,0.27408751693966066,3.3499585403736303,0.9181818181818182,0.002808646845344093,False,0.16363636363636364,2024-06-17,109,intermittent,full,0.23076923076923078,0.7692307692307693
CA-SC-10-B-48-WR-1TO,0.2818181818181818,0.6485202482549749,2.3012008809047497,0.8090909090909091,0.009877600703288776,False,0.5636363636363636,2024-06-17,109,intermittent,full,0.7692307692307693,0.5384615384615384
CA-SC-10-B-51-DG-1TO,0.00909090909090909,0.09491187735373227,10.44030650891055,0.990909090909091,0.00032910308139665935,False,0.01818181818181818,2024-06-17,109,intermittent,full,0.0,1.0
CA-SC-10-B-52-BK-1TO,0.00909090909090909,0.09491187735373227,10.44030650891055,0.990909090909091,0.00020287176250479005,False,0.01818181818181818,2024-06-17,109,intermittent,full,0.0,1.0
CA-SC-10-B-53-BE-1TO,0.9454545454545454,1.4449684717313112,1.5283320374081175,0.5818181818181818,0.031097987061289814,False,1.8909090909090909,2026-04-27,13,smooth,short,2.5384615384615383,0.0
CA-SC-10-B-53-BK-1TO,3.9583333333333335,2.0611317010052725,0.5207069560434373,0.0,-0.00010855405992187366,True,3.5272727272727273,2025-08-25,47,smooth,short,3.769230769230769,0.0
CA-SC-10-B-53-BR-1TO,0.2727272727272727,0.6453905217926854,2.366431913239847,0.8181818181818182,0.008123887022969593,False,0.5454545454545454,2024-06-17,109,intermittent,full,0.6153846153846154,0.5384615384615384
CA-SC-10-B-53-DB-1TO,0.44545454545454544,0.869549137472598,1.952049084122159,0.7181818181818181,0.013772738543380748,False,0.8909090909090909,2024-06-17,109,intermittent,full,1.0769230769230769,0.23076923076923078
CA-SC-10-B-53-DG-1TO,0.8090909090909091,1.2612796859860194,1.55888500515126,0.6090909090909091,0.02599914343033609,False,1.6,2026-04-27,13,smooth,short,2.230769230769231,0.07692307692307693
CA-SC-10-B-53-GR-1TO,0.6090909090909091,0.9543722786633062,1.5668798604919951,0.6454545454545455,0.01897527218628136,False,1.2,2024-06-17,109,intermittent,full,1.7692307692307692,0.07692307692307693
CA-SC-10-B-53-PK-1TO,0.00909090909090909,0.09491187735373227,10.44030650891055,0.990909090909091,0.0001938552397267994,False,0.01818181818181818,2024-06-17,109,intermittent,full,0.0,1.0
CA-SC-10-B-53-WR-1TO,0.2727272727272727,0.5863460180580763,2.1499353995462798,0.7909090909090909,0.00959358023578207,False,0.5454545454545454,2024-06-17,109,intermittent,full,0.9230769230769231,0.3076923076923077
CA-SC-10-B-54-BE-1TO,0.01818181818181818,0.13360853142453696,7.348469228349534,0.9818181818181818,0.0008565696639091134,False,0.03636363636363636,2024-06-17,109,intermittent,full,0.15384615384615385,0.8461538461538461
CA-SC-10-B-54-BK-1TO,0.03636363636363636,0.18719327529067276,5.147815070493501,0.9636363636363636,0.0009196853233550481,False,0.07272727272727272,2024-06-17,109,intermittent,full,0.0,1.0
CA-SC-10-B-54-BR-1TO,0.00909090909090909,0.09491187735373227,10.44030650891055,0.990909090909091,0.00032910308139665935,False,0.01818181818181818,2024-06-17,109,intermittent,full,0.0,1.0
CA-SC-10-B-55-BK-1TO,0.01818181818181818,0.13360853142453696,7.348469228349534,0.9818181818181818,0.00031557829722967344,False,0.03636363636363636,2024-06-17,109,intermittent,full,0.0,1.0
CA-SC-10-B-56-BE-1TO,1.190909090909091,1.739882203669153,1.4609697893405102,0.5909090909090909,0.037612424768388074,False,2.3636363636363638,2026-04-27,13,smooth,short,3.076923076923077,0.0
CA-SC-10-B-56-BK-1TO,6.48936170212766,3.1411634951422256,0.48404814515306427,0.02127659574468085,0.020814061054579044,True,5.672727272727273,2025-09-01,46,smooth,short,7.0,0.0
CA-SC-10-B-56-BR-1TO,0.5,0.9317627477967866,1.8635254955935732,0.7272727272727273,0.012375177512792192,False,0.9818181818181818,2024-06-17,109,intermittent,full,0.6923076923076923,0.5384615384615384
CA-SC-10-B-56-DB-1TO,0.6272727272727273,1.1430349625535672,1.8222296504477156,0.6909090909090909,0.020760543696323512,False,1.2545454545454546,2024-06-17,109,intermittent,full,1.6153846153846154,0.3076923076923077
CA-SC-10-B-56-DG-1TO,0.6272727272727273,1.1025515111371187,1.757690814856276,0.6727272727272727,0.019678560962964633,False,1.2545454545454546,2024-06-17,109,intermittent,full,1.6923076923076923,0.38461538461538464
CA-SC-10-B-56-GR-1TO,0.5909090909090909,1.1061436249458136,1.8719353652929154,0.6909090909090909,0.020769560219101504,False,1.1818181818181819,2024-06-17,109,intermittent,full,2.076923076923077,0.23076923076923078
CA-SC-10-B-56-PK-1TO,0.045454545454545456,0.24813352843556696,5.458937625582473,0.9636363636363636,0.0009782927214119876,False,0.09090909090909091,2024-06-17,109,intermittent,full,0.0,1.0
CA-SC-10-B-56-RD-1TO,0.03636363636363636,0.18719327529067276,5.147815070493501,0.9636363636363636,0.0007844374816851881,False,0.07272727272727272,2024-06-17,109,intermittent,full,0.0,1.0
CA-SC-10-B-56-WH-1TO,0.24545454545454545,0.5078719172168518,2.06910781088347,0.7909090909090909,0.005811148930414986,False,0.4909090909090909,2024-06-17,109,intermittent,full,0.15384615384615385,0.8461538461538461
CA-SC-10-B-56-WR-1TO,0.4909090909090909,0.9219096242972522,1.8779640494944025,0.7181818181818181,0.017041228050402358,False,0.9818181818181818,2024-06-17,109,intermittent,full,1.6153846153846154,0.07692307692307693
CA-SC-10-B-57-BK-1TO,0.01818181818181818,0.13360853142453696,7.348469228349534,0.9818181818181818,0.0006762392083493001,False,0.03636363636363636,2024-06-17,109,intermittent,full,0.07692307692307693,0.9230769230769231
CA-SC-10-B-61-DG-1TO,0.00909090909090909,0.09491187735373227,10.44030650891055,0.990909090909091,9.467348916890206e-05,False,0.01818181818181818,2024-06-17,109,intermittent,full,0.0,1.0
CA-SC-10-B-62-BE-1TO,0.045454545454545456,0.20829889522526548,4.582575694955841,0.9545454545454546,0.001402069291977549,False,0.09090909090909091,2024-06-17,109,intermittent,full,0.15384615384615385,0.8461538461538461
CA-SC-10-B-62-BK-1TO,0.02727272727272727,0.16287702606517196,5.972157622389639,0.9727272727272728,0.0011856727453057726,False,0.05454545454545454,2024-06-17,109,intermittent,full,0.15384615384615385,0.8461538461538461
CA-SC-10-B-62-DB-1TO,0.00909090909090909,0.09491187735373227,10.44030650891055,0.990909090909091,0.00035615264973063137,False,0.01818181818181818,2024-06-17,109,intermittent,full,0.0,1.0
CA-SC-10-B-62-DG-1TO,0.08181818181818182,0.27408751693966066,3.3499585403736303,0.9181818181818182,0.003232423415909654,False,0.16363636363636364,2024-06-17,109,intermittent,full,0.3076923076923077,0.6923076923076923
CA-SC-10-B-62-GR-1TO,0.03636363636363636,0.18719327529067276,5.147815070493501,0.9636363636363636,0.0006221400716813559,False,0.07272727272727272,2024-06-17,109,intermittent,full,0.0,1.0
CA-SC-10-B-62-WR-1TO,0.00909090909090909,0.09491187735373227,10.44030650891055,0.990909090909091,0.000419268309176566,False,0.01818181818181818,2024-06-17,109,intermittent,full,0.07692307692307693,0.9230769230769231
CA-SC-10-B-64-BK-1TO,0.07272727272727272,0.29260867162601967,4.02336923485777,0.9363636363636364,0.0030115186078488827,False,0.14545454545454545,2024-06-17,109,intermittent,full,0.38461538461538464,0.6923076923076923
CA-SC-10-B-64-DB-1TO,0.00909090909090909,0.09491187735373227,10.44030650891055,0.990909090909091,0.000311070035840678,False,0.01818181818181818,2024-06-17,109,intermittent,full,0.0,1.0
CA-SC-10-B-64-GR-1TO,0.06363636363636363,0.24410402876541004,3.8359204520278727,0.9363636363636364,0.002267655478664653,False,0.10909090909090909,2024-06-17,109,intermittent,full,0.3076923076923077,0.6923076923076923
CA-SC-10-B-65-BE-1TO,0.01818181818181818,0.13360853142453696,7.348469228349534,0.9818181818181818,0.0005139417983454681,False,0.03636363636363636,2024-06-17,109,intermittent,full,0.0,1.0
CA-SC-10-B-65-BK-1TO,0.09090909090909091,0.2874797872880344,3.1622776601683786,0.9090909090909091,0.002957419471180939,False,0.18181818181818182,2024-06-17,109,intermittent,full,0.3076923076923077,0.6923076923076923
CA-SC-10-B-65-DG-1TO,0.02727272727272727,0.16287702606517196,5.972157622389639,0.9727272727272728,0.0012037057908617541,False,0.05454545454545454,2024-06-17,109,intermittent,full,0.15384615384615385,0.8461538461538461
CA-SC-10-B-66-BE-1TO,0.14545454545454545,0.42289830362229114,2.9074258374032516,0.8818181818181818,0.0053738475756824385,False,0.2909090909090909,2024-06-17,109,intermittent,full,0.5384615384615384,0.5384615384615384
CA-SC-10-B-66-BK-1TO,0.02727272727272727,0.16287702606517196,5.972157622389639,0.9727272727272728,0.0011946892680837638,False,0.05454545454545454,2024-06-17,109,intermittent,full,0.15384615384615385,0.8461538461538461
CA-SC-10-B-66-DB-1TO,0.00909090909090909,0.09491187735373227,10.44030650891055,0.990909090909091,0.00034713612695264084,False,0.01818181818181818,2024-06-17,109,intermittent,full,0.0,1.0
CA-SC-10-B-66-DG-1TO,0.07272727272727272,0.29260867162601967,4.02336923485777,0.9363636363636364,0.002389378536167527,False,0.14545454545454545,2024-06-17,109,intermittent,full,0.23076923076923078,0.7692307692307693
CA-SC-10-B-66-GR-1TO,0.045454545454545456,0.20829889522526548,4.582575694955841,0.9545454545454546,0.001717647589207222,False,0.09090909090909091,2024-06-17,109,intermittent,full,0.15384615384615385,0.8461538461538461
CA-SC-10-B-67-BE-1TO,0.15454545454545454,0.43035637740162264,2.7846589125987347,0.8727272727272727,0.00506277753984176,False,0.3090909090909091,2024-06-17,109,intermittent,full,0.3076923076923077,0.7692307692307693
CA-SC-10-B-67-BK-1TO,3.0217391304347827,2.2792936590358384,0.754298620975889,0.06521739130434782,0.009559050262102972,True,2.5636363636363635,2025-09-08,45,smooth,short,2.769230769230769,0.15384615384615385
CA-SC-10-B-67-BR-1TO,0.2545454545454545,0.5789703028396602,2.274526189727237,0.8090909090909091,0.008746027094650947,False,0.509090909090909,2024-06-17,109,intermittent,full,0.6923076923076923,0.5384615384615384
CA-SC-10-B-67-DB-1TO,0.3090909090909091,0.7716034608699253,2.4963641381085817,0.7909090909090909,0.010441133376913193,False,0.6181818181818182,2024-06-17,109,intermittent,full,0.6153846153846154,0.5384615384615384
CA-SC-10-B-67-DG-1TO,0.4090909090909091,0.8452590194238422,2.0661887141471698,0.7363636363636363,0.010860401686089764,False,0.8181818181818182,2024-06-17,109,intermittent,full,0.7692307692307693,0.38461538461538464
CA-SC-10-B-67-GR-1TO,0.12727272727272726,0.3595221806051852,2.8248171333264556,0.8818181818181818,0.003300047336744584,False,0.23636363636363636,2024-06-17,109,intermittent,full,0.15384615384615385,0.8461538461538461
CA-SC-10-B-67-RD-1TO,0.09090909090909091,0.3175318035740542,3.492849839314596,0.9181818181818182,0.0012893627572526662,False,0.18181818181818182,2024-06-17,109,intermittent,full,0.0,1.0
CA-SC-10-B-67-WR-1TO,0.20909090909090908,0.48795406910253253,2.333693373968634,0.8272727272727273,0.007316908234339428,False,0.41818181818181815,2024-06-17,109,intermittent,full,0.5384615384615384,0.5384615384615384
CA-SC-10-B-68-BE-1TO,0.09090909090909091,0.3175318035740542,3.492849839314596,0.9181818181818182,0.0033721795189685095,False,0.18181818181818182,2024-06-17,109,intermittent,full,0.23076923076923078,0.7692307692307693
CA-SC-10-B-68-BK-1TO,0.7909090909090909,1.3286729849087948,1.6799313602295107,0.6545454545454545,0.027189324437030857,False,1.5636363636363637,2026-04-27,13,smooth,short,2.3076923076923075,0.0
CA-SC-10-B-68-DB-1TO,0.06363636363636363,0.27887021182141764,4.382246185765135,0.9454545454545454,0.0019881432725469424,False,0.12727272727272726,2024-06-17,109,intermittent,full,0.07692307692307693,0.9230769230769231
CA-SC-10-B-68-DG-1TO,0.1,0.30000000000000004,3.0000000000000004,0.9,0.003818497396479048,False,0.2,2024-06-17,109,intermittent,full,0.38461538461538464,0.6153846153846154
CA-SC-10-B-68-GR-1TO,0.00909090909090909,0.09491187735373227,10.44030650891055,0.990909090909091,0.0004914004914004913,False,0.01818181818181818,2024-06-17,109,intermittent,full,0.07692307692307693,0.9230769230769231
CA-SC-10-B-68-WR-1TO,0.2909090909090909,0.6788419891852535,2.333519337824309,0.8090909090909091,0.011027207357482588,False,0.5818181818181818,2024-06-17,109,intermittent,full,0.8461538461538461,0.38461538461538464
CA-SC-10-B-70-BE-1TO,0.045454545454545456,0.24813352843556696,5.458937625582473,0.9636363636363636,0.0014020692919775493,False,0.09090909090909091,2024-06-17,109,intermittent,full,0.07692307692307693,0.9230769230769231
CA-SC-10-B-70-BK-1TO,0.3090909090909091,0.7354090333147886,2.3792645195478452,0.8,0.011189504767486418,False,0.6181818181818182,2024-06-17,109,intermittent,full,0.7692307692307693,0.46153846153846156
CA-SC-10-B-70-BR-1TO,0.05454545454545454,0.22709083630539634,4.163331998932266,0.9454545454545454,0.0018664202150440678,False,0.10909090909090909,2024-06-17,109,intermittent,full,0.15384615384615385,0.8461538461538461
CA-SC-10-B-70-DG-1TO,0.02727272727272727,0.162877026065172,5.9721576223896395,0.9727272727272728,0.0009873092441899782,False,0.05454545454545454,2024-06-17,109,intermittent,full,0.15384615384615385,0.8461538461538461
CA-SC-10-B-70-GR-1TO,0.01818181818181818,0.133608531424537,7.3484692283495345,0.9818181818181818,0.0008475531411311228,False,0.03636363636363636,2024-06-17,109,intermittent,full,0.07692307692307693,0.9230769230769231
CA-SC-10-B-70-WH-1TO,0.00909090909090909,0.09491187735373227,10.44030650891055,0.990909090909091,0.0003832022180646033,False,0.01818181818181818,2024-06-17,109,intermittent,full,0.07692307692307693,0.9230769230769231
CA-SC-10-B-71-BE-1TO,0.3090909090909091,0.7354090333147886,2.3792645195478452,0.8090909090909091,0.010756711674142867,False,0.6181818181818182,2024-06-17,109,intermittent,full,0.8461538461538461,0.3076923076923077
CA-SC-10-B-71-BK-1TO,3.0,2.19683566898431,0.7322785563281032,0.06521739130434782,0.05217391304347827,True,2.5454545454545454,2025-09-08,45,smooth,short,3.4615384615384617,0.0
CA-SC-10-B-71-BR-1TO,0.10909090909090909,0.33966439440489826,3.113590282044901,0.9,0.0030746342672948184,False,0.21818181818181817,2024-06-17,109,intermittent,full,0.07692307692307693,0.9230769230769231
CA-SC-10-B-71-DB-1TO,0.2636363636363636,0.5827407458377216,2.2103959324879097,0.7909090909090909,0.0097603859071749,False,0.509090909090909,2024-06-17,109,intermittent,full,1.0,0.38461538461538464
CA-SC-10-B-71-DG-1TO,0.2545454545454545,0.7190443612103704,2.8248171333264556,0.8545454545454545,0.009467348916890203,False,0.509090909090909,2024-06-17,109,intermittent,full,0.6923076923076923,0.5384615384615384
CA-SC-10-B-71-GR-1TO,0.32727272727272727,0.714894663685,2.1844003612597223,0.7818181818181819,0.01131573608637829,False,0.6545454545454545,2024-06-17,109,intermittent,full,0.9230769230769231,0.46153846153846156
CA-SC-10-B-71-WH-1TO,0.11818181818181818,0.42064492004579174,3.559303169618238,0.9090909090909091,0.0024479859342244666,False,0.23636363636363636,2024-06-17,109,intermittent,full,0.0,1.0
CA-SC-10-B-71-WR-1TO,0.11818181818181818,0.3749380114054779,3.172552404200198,0.9,0.003683249554809188,False,0.23636363636363636,2024-06-17,109,intermittent,full,0.23076923076923078,0.7692307692307693
CA-SC-10-B-72-BE-1TO,0.00909090909090909,0.09491187735373227,10.44030650891055,0.990909090909091,0.00027500394472871535,False,0.01818181818181818,2024-06-17,109,intermittent,full,0.0,1.0
CA-SC-10-B-72-BK-1TO,0.2545454545454545,0.5944648263371567,2.3353975320388303,0.8272727272727273,0.009521448053558148,False,0.509090909090909,2024-06-17,109,intermittent,full,0.8461538461538461,0.46153846153846156
CA-SC-10-B-72-DB-1TO,0.08181818181818182,0.3338975940401265,4.080970593823768,0.9363636363636364,0.003232423415909654,False,0.16363636363636364,2024-06-17,109,intermittent,full,0.38461538461538464,0.6923076923076923
CA-SC-10-B-72-DG-1TO,0.1,0.32891004572955534,3.2891004572955533,0.9090909090909091,0.0034307869170254494,False,0.2,2024-06-17,109,intermittent,full,0.23076923076923078,0.8461538461538461
CA-SC-10-B-72-GR-1TO,0.1,0.32891004572955534,3.2891004572955533,0.9090909090909091,0.0034037373486914767,False,0.2,2024-06-17,109,intermittent,full,0.38461538461538464,0.6923076923076923
CA-SC-10-B-72-WR-1TO,0.03636363636363636,0.23070140982635487,6.344288770224759,0.9727272727272728,0.0012442801433627123,False,0.07272727272727272,2024-06-17,109,intermittent,full,0.15384615384615385,0.9230769230769231
CA-SC-10-B-73-BE-1TO,0.33636363636363636,0.9073164500304554,2.6974272838743265,0.8090909090909091,0.0111128643238735,False,0.6727272727272727,2024-06-17,109,intermittent,full,0.6153846153846154,0.6153846153846154
CA-SC-10-B-73-BK-1TO,0.32727272727272727,0.7640691414345707,2.334655709938966,0.8,0.012523950138629036,False,0.6545454545454545,2024-06-17,109,intermittent,full,1.2307692307692308,0.38461538461538464
CA-SC-10-B-73-BR-1TO,0.03636363636363636,0.18719327529067276,5.147815070493501,0.9636363636363636,0.0013795279850325722,False,0.07272727272727272,2024-06-17,109,intermittent,full,0.15384615384615385,0.8461538461538461
CA-SC-10-B-73-DB-1TO,0.03636363636363636,0.23070140982635487,6.344288770224759,0.9727272727272728,0.0013434618939206094,False,0.07272727272727272,2024-06-17,109,intermittent,full,0.0,1.0
CA-SC-10-B-73-DG-1TO,0.045454545454545456,0.20829889522526548,4.582575694955841,0.9545454545454546,0.0021324076369947926,False,0.09090909090909091,2024-06-17,109,intermittent,full,0.3076923076923077,0.6923076923076923
CA-SC-10-B-73-GR-1TO,0.00909090909090909,0.09491187735373227,10.44030650891055,0.990909090909091,0.00011270653472488335,False,0.01818181818181818,2024-06-17,109,intermittent,full,0.0,1.0
CA-SC-10-B-73-WR-1TO,0.00909090909090909,0.09491187735373227,10.44030650891055,0.990909090909091,0.00041025178639857526,False,0.01818181818181818,2024-06-17,109,intermittent,full,0.07692307692307693,0.9230769230769231
CA-SC-10-B-75-BE-1TO,0.7181818181818181,1.2730194469829177,1.7725587236471008,0.7,0.022699096093591508,False,1.4363636363636363,2024-06-17,109,intermittent,full,1.4615384615384615,0.15384615384615385
CA-SC-10-B-75-BK-1TO,0.6363636363636364,1.0507769655854466,1.6512209459199876,0.6545454545454545,0.02003471361269526,False,1.2727272727272727,2024-06-17,109,intermittent,full,1.2307692307692308,0.38461538461538464
CA-SC-10-B-75-BR-1TO,0.24545454545454545,0.7284649319114774,2.9678200929726857,0.8545454545454545,0.008957915379933727,False,0.4909090909090909,2024-06-17,109,intermittent,full,0.7692307692307693,0.46153846153846156
CA-SC-10-B-75-DB-1TO,0.38181818181818183,0.9043512811233374,2.3685390696087407,0.7909090909090909,0.012587065798074969,False,0.7636363636363637,2024-06-17,109,intermittent,full,0.6923076923076923,0.6153846153846154
CA-SC-10-B-75-DG-1TO,0.6272727272727273,1.0605238063342344,1.6906901260400837,0.6636363636363637,0.02074251065076753,False,1.2545454545454546,2024-06-17,109,intermittent,full,1.4615384615384615,0.3076923076923077
CA-SC-10-B-75-GR-1TO,0.35454545454545455,0.8375979034918154,2.3624556252333253,0.7818181818181819,0.012393210558348172,False,0.7090909090909091,2024-06-17,109,intermittent,full,0.9230769230769231,0.46153846153846156
CA-SC-10-B-75-WR-1TO,0.03636363636363636,0.18719327529067276,5.147815070493501,0.9636363636363636,0.0013524784166986,False,0.07272727272727272,2024-06-17,109,intermittent,full,0.07692307692307693,0.9230769230769231
CA-SC-10-B-76-BE-1TO,0.11818181818181818,0.32282328917390374,2.731581677625339,0.8818181818181818,0.003241439938687645,False,0.21818181818181817,2024-06-17,109,intermittent,full,0.07692307692307693,0.9230769230769231
CA-SC-10-B-76-BK-1TO,4.571428571428571,2.6916348116309674,0.5887951150442742,0.017857142857142856,0.04381408065618593,True,4.6,2025-06-30,55,smooth,medium,4.6923076923076925,0.0
CA-SC-10-B-76-BR-1TO,0.16363636363636364,0.4162008415367126,2.543449587168799,0.8545454545454545,0.004679575321777157,False,0.32727272727272727,2024-06-17,109,intermittent,full,0.46153846153846156,0.6153846153846154
CA-SC-10-B-76-DB-1TO,0.5636363636363636,0.9679150293968121,1.7172686005427311,0.6727272727272727,0.017528120280413853,False,1.1090909090909091,2024-06-17,109,intermittent,full,1.2307692307692308,0.23076923076923078
CA-SC-10-B-76-DG-1TO,3.981132075471698,2.0419244163726313,0.5129004458187179,0.03773584905660377,0.04152556039348494,True,3.8545454545454545,2025-07-21,52,smooth,medium,4.461538461538462,0.0
CA-SC-10-B-76-GR-1TO,0.41818181818181815,0.8353749096480104,1.997635653506112,0.7181818181818181,0.011811644839167777,False,0.7818181818181819,2024-06-17,109,intermittent,full,1.0,0.38461538461538464
CA-SC-10-B-76-RD-1TO,0.01818181818181818,0.13360853142453696,7.348469228349534,0.9818181818181818,0.00021639654667177617,False,0.03636363636363636,2024-06-17,109,intermittent,full,0.0,1.0
CA-SC-10-B-76-WR-1TO,0.2636363636363636,0.5165844598245589,1.959458295886258,0.7727272727272727,0.007316908234339426,False,0.4909090909090909,2024-06-17,109,intermittent,full,0.6923076923076923,0.46153846153846156
CA-SC-10-B-77-BE-1TO,0.14545454545454545,0.4228983036222912,2.907425837403252,0.8818181818181818,0.005229583211234588,False,0.2909090909090909,2024-06-17,109,intermittent,full,0.46153846153846156,0.6923076923076923
CA-SC-10-B-77-BK-1TO,0.5363636363636364,0.9879020261256379,1.8418512351494944,0.6909090909090909,0.016730158014561684,False,1.0727272727272728,2024-06-17,109,intermittent,full,1.3846153846153846,0.15384615384615385
CA-SC-10-B-77-BR-1TO,0.00909090909090909,0.09491187735373227,10.44030650891055,0.990909090909091,0.0002389378536167527,False,0.01818181818181818,2024-06-17,109,intermittent,full,0.0,1.0
CA-SC-10-B-77-DB-1TO,0.11818181818181818,0.34985238917988837,2.960289446906748,0.8909090909090909,0.003647183463697225,False,0.23636363636363636,2024-06-17,109,intermittent,full,0.15384615384615385,0.8461538461538461
CA-SC-10-B-77-DG-1TO,0.6363636363636364,1.024493424507695,1.6099182385120923,0.6454545454545455,0.020395374523814895,False,1.2727272727272727,2024-06-17,109,intermittent,full,1.4615384615384615,0.07692307692307693
CA-SC-10-B-77-GR-1TO,0.11818181818181818,0.32282328917390374,2.731581677625339,0.8818181818181818,0.0041430922164867115,False,0.23636363636363636,2024-06-17,109,intermittent,full,0.38461538461538464,0.6153846153846154
CA-SC-10-B-77-RD-1TO,0.00909090909090909,0.09491187735373227,10.44030650891055,0.990909090909091,0.0003020535130626874,False,0.01818181818181818,2024-06-17,109,intermittent,full,0.0,1.0
CA-SC-10-B-77-WR-1TO,0.00909090909090909,0.09491187735373227,10.44030650891055,0.990909090909091,0.0004282848319545567,False,0.01818181818181818,2024-06-17,109,intermittent,full,0.07692307692307693,0.9230769230769231
CA-SC-10-B-78-BE-1TO,0.13636363636363635,0.39259677966707607,2.8790430508918914,0.8818181818181818,0.0040258774203728335,False,0.2727272727272727,2024-06-17,109,intermittent,full,0.23076923076923078,0.7692307692307693
CA-SC-10-B-78-BK-1TO,0.19090909090909092,0.45717421675200576,2.3947220877486015,0.8363636363636363,0.006397222910984378,False,0.38181818181818183,2024-06-17,109,intermittent,full,0.46153846153846156,0.6153846153846154
CA-SC-10-B-78-BR-1TO,0.045454545454545456,0.20829889522526548,4.582575694955841,0.9545454545454546,0.0017897797714311475,False,0.09090909090909091,2024-06-17,109,intermittent,full,0.15384615384615385,0.8461538461538461
CA-SC-10-B-78-DB-1TO,0.045454545454545456,0.24813352843556696,5.458937625582473,0.9636363636363636,0.0013930527691995585,False,0.09090909090909091,2024-06-17,109,intermittent,full,0.07692307692307693,0.9230769230769231
CA-SC-10-B-78-DG-1TO,0.07272727272727272,0.29260867162601967,4.02336923485777,0.9363636363636364,0.002362328967833555,False,0.14545454545454545,2024-06-17,109,intermittent,full,0.15384615384615385,0.8461538461538461
CA-SC-10-B-78-GR-1TO,0.08181818181818182,0.27408751693966066,3.3499585403736303,0.9181818181818182,0.003097175574239795,False,0.16363636363636364,2024-06-17,109,intermittent,full,0.3076923076923077,0.6923076923076923
CA-SC-10-B-78-WR-1TO,0.00909090909090909,0.09491187735373227,10.44030650891055,0.990909090909091,0.00032008655861866865,False,0.01818181818181818,2024-06-17,109,intermittent,full,0.0,1.0
CA-SC-10-B-79-BE-1TO,0.14545454545454545,0.44387474966304374,3.051638903933426,0.8818181818181818,0.005184500597344634,False,0.2909090909090909,2024-06-17,109,intermittent,full,0.3076923076923077,0.6923076923076923
CA-SC-10-B-79-BK-1TO,0.2545454545454545,0.5630495478982552,2.2119803667431457,0.7909090909090909,0.00794355656740978,False,0.509090909090909,2024-06-17,109,intermittent,full,0.38461538461538464,0.6153846153846154
CA-SC-10-B-79-BR-1TO,0.045454545454545456,0.2082988952252655,4.582575694955841,0.9545454545454546,0.0014651849514234836,False,0.09090909090909091,2024-06-17,109,intermittent,full,0.0,1.0
CA-SC-10-B-79-DB-1TO,0.17272727272727273,0.4443399785399977,2.5724946125999866,0.8545454545454545,0.005513603678741293,False,0.34545454545454546,2024-06-17,109,intermittent,full,0.3076923076923077,0.6923076923076923
CA-SC-10-B-79-DG-1TO,0.02727272727272727,0.16287702606517196,5.972157622389639,0.9727272727272728,0.0009963257669679685,False,0.05454545454545454,2024-06-17,109,intermittent,full,0.07692307692307693,0.9230769230769231
CA-SC-10-B-79-GR-1TO,0.17272727272727273,0.4835304053444437,2.7993865572573053,0.8727272727272727,0.005946396772084845,False,0.34545454545454546,2024-06-17,109,intermittent,full,0.46153846153846156,0.6153846153846154
CA-SC-10-B-79-WR-1TO,0.06363636363636363,0.24410402876541004,3.8359204520278727,0.9363636363636364,0.0023217546153325975,False,0.12727272727272726,2024-06-17,109,intermittent,full,0.15384615384615385,0.8461538461538461
CA-SC-10-B-80-BK-1TO,0.07272727272727272,0.25968830649246727,3.570714214271425,0.9272727272727272,0.0028582377206230413,False,0.14545454545454545,2024-06-17,109,intermittent,full,0.38461538461538464,0.6153846153846154
CA-SC-10-B-80-BR-1TO,0.03636363636363636,0.18719327529067276,5.147815070493501,0.9636363636363636,0.001848387169488087,False,0.07272727272727272,2024-06-17,109,intermittent,full,0.3076923076923077,0.6923076923076923
CA-SC-10-B-80-DB-1TO,0.02727272727272727,0.16287702606517196,5.972157622389639,0.9727272727272728,0.0009151770619660528,False,0.05454545454545454,2024-06-17,109,intermittent,full,0.07692307692307693,0.9230769230769231
CA-SC-10-B-80-DG-1TO,0.15454545454545454,0.4707124896727133,3.0457866978822623,0.8818181818181818,0.006117710704866669,False,0.3090909090909091,2024-06-17,109,intermittent,full,0.6923076923076923,0.5384615384615384
CA-SC-10-B-80-GR-1TO,0.10909090909090909,0.4737750625743777,4.342938073598463,0.9272727272727272,0.004174650046209679,False,0.21818181818181817,2024-06-17,109,intermittent,full,0.46153846153846156,0.7692307692307693
CA-SC-10-B-80-WH-1TO,0.1,0.40339468604243256,4.033946860424325,0.9272727272727272,0.004161125262042692,False,0.2,2024-06-17,109,intermittent,full,0.38461538461538464,0.7692307692307693
CA-SC-10-B-80-WR-1TO,0.12727272727272726,0.3332782323604247,2.618614682831909,0.8727272727272727,0.004932037959560895,False,0.2545454545454545,2024-06-17,109,intermittent,full,0.46153846153846156,0.5384615384615384
CA-SC-10-B-81-BK-1TO,0.06363636363636363,0.24410402876541004,3.8359204520278727,0.9363636363636364,0.002159457205328765,False,0.12727272727272726,2024-06-17,109,intermittent,full,0.23076923076923078,0.7692307692307693
CA-SC-10-B-81-BR-1TO,0.00909090909090909,0.09491187735373227,10.44030650891055,0.990909090909091,0.0004012352636205847,False,0.01818181818181818,2024-06-17,109,intermittent,full,0.07692307692307693,0.9230769230769231
CA-SC-10-B-81-DG-1TO,0.01818181818181818,0.133608531424537,7.3484692283495345,0.9818181818181818,0.0009106688005770573,False,0.03636363636363636,2024-06-17,109,intermittent,full,0.15384615384615385,0.8461538461538461
CA-SC-10-B-81-GR-1TO,0.00909090909090909,0.09491187735373227,10.44030650891055,0.990909090909091,0.0004733674458445101,False,0.01818181818181818,2024-06-17,109,intermittent,full,0.07692307692307693,0.9230769230769231
CA-SC-10-B-82-BE-1TO,0.02727272727272727,0.16287702606517196,5.972157622389639,0.9727272727272728,0.0010684579491918944,False,0.05454545454545454,2024-06-17,109,intermittent,full,0.15384615384615385,0.8461538461538461
CA-SC-10-B-82-BK-1TO,0.045454545454545456,0.2082988952252655,4.582575694955841,0.9545454545454546,0.001780763248653157,False,0.09090909090909091,2024-06-17,109,intermittent,full,0.15384615384615385,0.8461538461538461
CA-SC-10-B-82-DB-1TO,0.00909090909090909,0.09491187735373227,10.44030650891055,0.990909090909091,0.00044631787751053814,False,0.01818181818181818,2024-06-17,109,intermittent,full,0.07692307692307693,0.9230769230769231
CA-SC-10-B-82-DG-1TO,0.03636363636363636,0.23070140982635487,6.344288770224759,0.9727272727272728,0.0014787097355904695,False,0.07272727272727272,2024-06-17,109,intermittent,full,0.07692307692307693,0.9230769230769231
CA-SC-10-B-82-GR-1TO,0.05454545454545454,0.2641061644787991,4.8419463487779835,0.9545454545454546,0.0025065933322814056,False,0.10909090909090909,2024-06-17,109,intermittent,full,0.38461538461538464,0.6923076923076923
CA-SC-10-B-83-BE-1TO,0.09090909090909091,0.34497574474564136,3.7947331922020546,0.9272727272727272,0.003318080382300566,False,0.18181818181818182,2024-06-17,109,intermittent,full,0.23076923076923078,0.7692307692307693
CA-SC-10-B-83-BK-1TO,0.00909090909090909,0.09491187735373227,10.44030650891055,0.990909090909091,0.0004012352636205847,False,0.01818181818181818,2024-06-17,109,intermittent,full,0.07692307692307693,0.9230769230769231
CA-SC-10-B-83-BR-1TO,0.11818181818181818,0.3749380114054779,3.172552404200198,0.9,0.004675067060388163,False,0.23636363636363636,2024-06-17,109,intermittent,full,0.46153846153846156,0.6153846153846154
CA-SC-10-B-83-WR-1TO,0.01818181818181818,0.13360853142453696,7.348469228349534,0.9818181818181818,0.0008295200955751413,False,0.03636363636363636,2024-06-17,109,intermittent,full,0.15384615384615385,0.8461538461538461
CA-SC-10-B-84-BE-1TO,0.05454545454545454,0.32575405213034386,5.972157622389638,0.9636363636363636,0.0011000157789148612,False,0.10909090909090909,2024-06-17,109,intermittent,full,0.0,1.0
CA-SC-10-B-84-BK-1TO,0.23636363636363636,0.5709206715675483,2.415433610478089,0.8272727272727273,0.006230417239591553,False,0.4727272727272727,2024-06-17,109,intermittent,full,0.38461538461538464,0.6153846153846154
CA-SC-10-B-84-BR-1TO,0.02727272727272727,0.162877026065172,5.9721576223896395,0.9727272727272728,0.0009151770619660528,False,0.05454545454545454,2024-06-17,109,intermittent,full,0.07692307692307693,0.9230769230769231
CA-SC-10-B-84-GR-1TO,0.00909090909090909,0.09491187735373227,10.44030650891055,0.990909090909091,0.00020287176250479005,False,0.01818181818181818,2024-06-17,109,intermittent,full,0.0,1.0
CA-SC-10-B-84-WR-1TO,0.01818181818181818,0.13360853142453696,7.348469228349534,0.9818181818181818,0.0005319748439014495,False,0.03636363636363636,2024-06-17,109,intermittent,full,0.0,1.0
CA-SC-10-B-85-BE-1TO,0.03636363636363636,0.18719327529067276,5.147815070493501,0.9636363636363636,0.0008655861866871044,False,0.07272727272727272,2024-06-17,109,intermittent,full,0.0,1.0
CA-SC-10-B-85-BK-1TO,0.1,0.32891004572955534,3.2891004572955533,0.9090909090909091,0.003602100849807271,False,0.2,2024-06-17,109,intermittent,full,0.38461538461538464,0.6153846153846154
CA-SC-10-B-85-BR-1TO,0.00909090909090909,0.09491187735373227,10.44030650891055,0.990909090909091,0.0004012352636205847,False,0.01818181818181818,2024-06-17,109,intermittent,full,0.07692307692307693,0.9230769230769231
CA-SC-10-B-85-DG-1TO,0.045454545454545456,0.2082988952252655,4.582575694955841,0.9545454545454546,0.0015823997475373623,False,0.09090909090909091,2024-06-17,109,intermittent,full,0.15384615384615385,0.8461538461538461
CA-SC-10-B-85-GR-1TO,0.16363636363636364,0.4374985242005805,2.6736020923368806,0.8636363636363636,0.00607713635236571,False,0.32727272727272727,2024-06-17,109,intermittent,full,0.6153846153846154,0.5384615384615384
CA-SC-10-B-85-WR-1TO,0.01818181818181818,0.13360853142453696,7.348469228349534,0.9818181818181818,0.0008295200955751413,False,0.03636363636363636,2024-06-17,109,intermittent,full,0.07692307692307693,0.9230769230769231
CA-SC-10-B-86-BE-1TO,0.09090909090909091,0.34497574474564136,3.7947331922020546,0.9272727272727272,0.0027229898789531814,False,0.18181818181818182,2024-06-17,109,intermittent,full,0.15384615384615385,0.8461538461538461
CA-SC-10-B-86-BK-1TO,0.2727272727272727,0.6593259768897726,2.417528581929166,0.8272727272727273,0.008989473209656696,False,0.5454545454545454,2024-06-17,109,intermittent,full,0.8461538461538461,0.46153846153846156
CA-SC-10-B-86-DG-1TO,0.07272727272727272,0.25968830649246727,3.570714214271425,0.9272727272727272,0.0023623289678335554,False,0.14545454545454545,2024-06-17,109,intermittent,full,0.15384615384615385,0.8461538461538461
CA-SC-10-B-86-GR-1TO,0.05454545454545454,0.2641061644787991,4.8419463487779835,0.9545454545454546,0.0023262628767215924,False,0.10909090909090909,2024-06-17,109,intermittent,full,0.3076923076923077,0.7692307692307693
CA-SC-10-B-86-WR-1TO,0.06363636363636363,0.2788702118214176,4.382246185765134,0.9454545454545454,0.002826679890900074,False,0.12727272727272726,2024-06-17,109,intermittent,full,0.38461538461538464,0.6923076923076923
CA-SC-10-B-87-BE-1TO,0.00909090909090909,0.09491187735373227,10.44030650891055,0.990909090909091,0.0004823839686225006,False,0.01818181818181818,2024-06-17,109,intermittent,full,0.07692307692307693,0.9230769230769231
CA-SC-10-B-87-BK-1TO,0.15454545454545454,0.4896448367089174,3.16829011988123,0.9,0.006252958546536529,False,0.3090909090909091,2024-06-17,109,intermittent,full,0.6153846153846154,0.6153846153846154
CA-SC-10-B-87-BR-1TO,0.00909090909090909,0.09491187735373227,10.44030650891055,0.990909090909091,0.00035615264973063137,False,0.01818181818181818,2024-06-17,109,intermittent,full,0.0,1.0
CA-SC-10-B-87-DG-1TO,0.03636363636363636,0.2307014098263549,6.34428877022476,0.9727272727272728,0.0014787097355904695,False,0.07272727272727272,2024-06-17,109,intermittent,full,0.15384615384615385,0.9230769230769231
CA-SC-10-B-87-GR-1TO,0.00909090909090909,0.09491187735373227,10.44030650891055,0.990909090909091,0.0004823839686225006,False,0.01818181818181818,2024-06-17,109,intermittent,full,0.07692307692307693,0.9230769230769231
CA-SC-10-B-87-WR-1TO,0.00909090909090909,0.09491187735373227,10.44030650891055,0.990909090909091,0.00034713612695264084,False,0.01818181818181818,2024-06-17,109,intermittent,full,0.0,1.0
CA-SC-10-B-95-BK-1TO,0.09090909090909091,0.3703917961356975,4.0743097574926725,0.9363636363636364,0.0029484029484029483,False,0.18181818181818182,2024-06-17,109,intermittent,full,0.23076923076923078,0.8461538461538461
CA-SC-10-B-95-GR-1TO,0.01818181818181818,0.13360853142453696,7.348469228349534,0.9818181818181818,0.00048689223001149607,False,0.03636363636363636,2024-06-17,109,intermittent,full,0.0,1.0
CA-SC-10-B-INV-BE-1TO,0.00909090909090909,0.09491187735373227,10.44030650891055,0.990909090909091,8.565696639091142e-05,False,0.01818181818181818,2024-06-17,109,intermittent,full,0.0,1.0
CA-SC-10-B-INV-BR-1TO,0.00909090909090909,0.09491187735373227,10.44030650891055,0.990909090909091,0.0002389378536167527,False,0.01818181818181818,2024-06-17,109,intermittent,full,0.0,1.0
CA-SC-10-B-NEW-BE-1TO,0.8545454545454545,1.571544484294257,1.8390414177911518,0.6727272727272727,0.02275770349164845,False,1.709090909090909,2024-06-17,109,intermittent,full,0.6153846153846154,0.6153846153846154
CA-SC-10-B-NEW-BK-1TO,10.297872340425531,7.133722413513491,0.6927375070973845,0.0851063829787234,-0.27509250693802045,True,8.818181818181818,2025-09-01,46,smooth,short,2.3076923076923075,0.3076923076923077
CA-SC-10-B-NEW-BR-1TO,0.5181818181818182,1.024533758100534,1.9771704103694516,0.7454545454545455,0.012681739287243874,False,1.0363636363636364,2024-06-17,109,intermittent,full,0.23076923076923078,0.8461538461538461
CA-SC-10-B-NEW-DB-1TO,0.7,1.2251159499855886,1.7501656428365553,0.7,0.020165453192976128,False,1.4,2024-06-17,109,intermittent,full,0.6923076923076923,0.46153846153846156
CA-SC-10-B-NEW-DG-1TO,4.425531914893617,3.5951780996399014,0.8123719744378624,0.19148936170212766,-0.16188714153561506,True,3.8,2025-09-01,46,intermittent,short,0.46153846153846156,0.6923076923076923
CA-SC-10-B-NEW-GR-1TO,2.723404255319149,2.3311227106046535,0.8559591203001462,0.23404255319148937,-0.10071692876965768,True,2.3454545454545452,2025-09-01,46,intermittent,short,0.38461538461538464,0.6923076923076923
CA-SC-10-B-NEW-PK-1TO,0.05454545454545454,0.22709083630539637,4.163331998932267,0.9454545454545454,0.0013975610305885537,False,0.10909090909090909,2024-06-17,109,intermittent,full,0.0,1.0
CA-SC-10-B-NEW-RD-1TO,0.02727272727272727,0.21144915181114557,7.753135566408671,0.9818181818181818,0.00040123526362058484,False,0.05454545454545454,2024-06-17,109,intermittent,full,0.0,1.0
CA-SC-10-B-NEW-WH-1TO,0.10909090909090909,0.3117532399905863,2.857738033247041,0.8909090909090909,0.002903320334512995,False,0.21818181818181817,2024-06-17,109,intermittent,full,0.0,1.0
CA-SC-10-B-NEW-WR-1TO,0.6545454545454545,1.1865638981097986,1.8128059554455256,0.6727272727272727,0.018114194260983252,False,1.309090909090909,2024-06-17,109,intermittent,full,0.3076923076923077,0.7692307692307693
CA-SC-10-E-12-BE-1TO,0.00909090909090909,0.09491187735373227,10.44030650891055,0.990909090909091,0.00041025178639857526,False,0.01818181818181818,2024-06-17,109,intermittent,full,0.07692307692307693,0.9230769230769231
CA-SC-10-E-12-BK-1TO,0.13636363636363635,0.4950164869113448,3.630120904016529,0.9090909090909091,0.005991479385974798,False,0.2727272727272727,2024-06-17,109,intermittent,full,0.7692307692307693,0.5384615384615384
CA-SC-10-E-12-BR-1TO,0.01818181818181818,0.13360853142453696,7.348469228349534,0.9818181818181818,0.000784437481685188,False,0.03636363636363636,2024-06-17,109,intermittent,full,0.07692307692307693,0.9230769230769231
CA-SC-10-E-12-DB-1TO,0.03636363636363636,0.23070140982635487,6.344288770224759,0.9727272727272728,0.0015418253950364043,False,0.07272727272727272,2024-06-17,109,intermittent,full,0.15384615384615385,0.8461538461538461
CA-SC-10-E-12-DG-1TO,0.08181818181818182,0.3054599566620262,3.7333994703136533,0.9272727272727272,0.0033947208259134864,False,0.16363636363636364,2024-06-17,109,intermittent,full,0.23076923076923078,0.7692307692307693
CA-SC-10-E-12-GR-1TO,0.045454545454545456,0.24813352843556696,5.458937625582473,0.9636363636363636,0.0018709284764330636,False,0.09090909090909091,2024-06-17,109,intermittent,full,0.23076923076923078,0.8461538461538461
CA-SC-10-E-12-WR-1TO,0.00909090909090909,0.09491187735373227,10.44030650891055,0.990909090909091,0.0003741856952866126,False,0.01818181818181818,2024-06-17,109,intermittent,full,0.0,1.0
CA-SC-10-E-13-BE-1TO,0.01818181818181818,0.13360853142453696,7.348469228349534,0.9818181818181818,0.0006762392083493001,False,0.03636363636363636,2024-06-17,109,intermittent,full,0.0,1.0
CA-SC-10-E-13-BK-1TO,0.1,0.32891004572955534,3.2891004572955533,0.9090909090909091,0.004458670513716385,False,0.2,2024-06-17,109,intermittent,full,0.5384615384615384,0.46153846153846156
CA-SC-10-E-13-BR-1TO,0.01818181818181818,0.18982375470746454,10.44030650891055,0.990909090909091,0.0006401731172373373,False,0.03636363636363636,2024-06-17,109,intermittent,full,0.0,1.0
CA-SC-10-E-13-WR-1TO,0.00909090909090909,0.09491187735373227,10.44030650891055,0.990909090909091,0.0004643509230665193,False,0.01818181818181818,2024-06-17,109,intermittent,full,0.07692307692307693,0.9230769230769231
CA-SC-10-E-14-BK-1TO,0.01818181818181818,0.13360853142453696,7.348469228349534,0.9818181818181818,0.0007213218222392534,False,0.03636363636363636,2024-06-17,109,intermittent,full,0.07692307692307693,0.9230769230769231
CA-SC-10-E-26-BR-1TO,0.00909090909090909,0.09491187735373227,10.44030650891055,0.990909090909091,0.0004373013547325474,False,0.01818181818181818,2024-06-17,109,intermittent,full,0.07692307692307693,0.9230769230769231
CA-SC-10-E-26-DB-1TO,0.00909090909090909,0.09491187735373227,10.44030650891055,0.990909090909091,0.0004012352636205847,False,0.01818181818181818,2024-06-17,109,intermittent,full,0.07692307692307693,0.9230769230769231
CA-SC-10-E-26-GR-1TO,0.00909090909090909,0.09491187735373227,10.44030650891055,0.990909090909091,0.0004373013547325474,False,0.01818181818181818,2024-06-17,109,intermittent,full,0.07692307692307693,0.9230769230769231
CA-SC-10-E-27-BK-1TO,0.07272727272727272,0.29260867162601967,4.02336923485777,0.9363636363636364,0.0032820142911886025,False,0.14545454545454545,2024-06-17,109,intermittent,full,0.46153846153846156,0.6153846153846154
CA-SC-10-E-27-BR-1TO,0.01818181818181818,0.13360853142453696,7.348469228349534,0.9818181818181818,0.0008205035727971506,False,0.03636363636363636,2024-06-17,109,intermittent,full,0.15384615384615385,0.8461538461538461
CA-SC-10-E-27-DB-1TO,0.05454545454545454,0.29653648055091075,5.436502143433364,0.9636363636363636,0.0026508576967292567,False,0.10909090909090909,2024-06-17,109,intermittent,full,0.46153846153846156,0.6923076923076923
CA-SC-10-E-27-DG-1TO,0.09090909090909091,0.3175318035740542,3.492849839314596,0.9181818181818182,0.004499244866217343,False,0.18181818181818182,2024-06-17,109,intermittent,full,0.6923076923076923,0.38461538461538464
CA-SC-10-E-27-GR-1TO,0.09090909090909091,0.3175318035740542,3.492849839314596,0.9181818181818182,0.004129567432319725,False,0.18181818181818182,2024-06-17,109,intermittent,full,0.5384615384615384,0.5384615384615384
CA-SC-10-E-27-WR-1TO,0.00909090909090909,0.09491187735373227,10.44030650891055,0.990909090909091,0.0004643509230665193,False,0.01818181818181818,2024-06-17,109,intermittent,full,0.07692307692307693,0.9230769230769231
CA-SC-10-E-28-BK-1TO,0.02727272727272727,0.21144915181114557,7.753135566408671,0.9818181818181818,0.0011856727453057726,False,0.05454545454545454,2024-06-17,109,intermittent,full,0.23076923076923078,0.8461538461538461
CA-SC-10-E-28-BR-1TO,0.00909090909090909,0.09491187735373227,10.44030650891055,0.990909090909091,0.0004823839686225006,False,0.01818181818181818,2024-06-17,109,intermittent,full,0.07692307692307693,0.9230769230769231
CA-SC-10-E-28-WR-1TO,0.00909090909090909,0.09491187735373227,10.44030650891055,0.990909090909091,0.000392218740842594,False,0.01818181818181818,2024-06-17,109,intermittent,full,0.07692307692307693,0.9230769230769231
CA-SC-10-E-29-BK-1TO,0.00909090909090909,0.09491187735373227,10.44030650891055,0.990909090909091,0.00044631787751053814,False,0.01818181818181818,2024-06-17,109,intermittent,full,0.07692307692307693,0.9230769230769231
CA-SC-10-E-29-DB-1TO,0.00909090909090909,0.09491187735373227,10.44030650891055,0.990909090909091,0.0004553344002885287,False,0.01818181818181818,2024-06-17,109,intermittent,full,0.07692307692307693,0.9230769230769231
CA-SC-10-E-30-BE-1TO,0.01818181818181818,0.133608531424537,7.3484692283495345,0.9818181818181818,0.0009196853233550481,False,0.03636363636363636,2024-06-17,109,intermittent,full,0.15384615384615385,0.8461538461538461
CA-SC-10-E-30-BK-1TO,0.01818181818181818,0.13360853142453696,7.348469228349534,0.9818181818181818,0.0009467348916890202,False,0.03636363636363636,2024-06-17,109,intermittent,full,0.15384615384615385,0.8461538461538461
CA-SC-10-E-30-DB-1TO,0.00909090909090909,0.09491187735373227,10.44030650891055,0.990909090909091,0.0004553344002885287,False,0.01818181818181818,2024-06-17,109,intermittent,full,0.07692307692307693,0.9230769230769231
CA-SC-10-E-30-DG-1TO,0.01818181818181818,0.13360853142453696,7.348469228349534,0.9818181818181818,0.0008475531411311228,False,0.03636363636363636,2024-06-17,109,intermittent,full,0.07692307692307693,0.9230769230769231
CA-SC-10-E-30-GR-1TO,0.06363636363636363,0.2788702118214176,4.382246185765134,0.9454545454545454,0.0030971755742397944,False,0.12727272727272726,2024-06-17,109,intermittent,full,0.38461538461538464,0.6923076923076923
CA-SC-10-E-31-BK-1TO,0.00909090909090909,0.09491187735373227,10.44030650891055,0.990909090909091,0.0004643509230665193,False,0.01818181818181818,2024-06-17,109,intermittent,full,0.07692307692307693,0.9230769230769231
CA-SC-10-E-32-BE-1TO,0.00909090909090909,0.09491187735373227,10.44030650891055,0.990909090909091,0.0004823839686225006,False,0.01818181818181818,2024-06-17,109,intermittent,full,0.07692307692307693,0.9230769230769231
CA-SC-10-E-32-BK-1TO,0.00909090909090909,0.09491187735373227,10.44030650891055,0.990909090909091,0.0004733674458445101,False,0.01818181818181818,2024-06-17,109,intermittent,full,0.07692307692307693,0.9230769230769231
CA-SC-10-E-32-DG-1TO,0.01818181818181818,0.18982375470746454,10.44030650891055,0.990909090909091,0.0009647679372450012,False,0.03636363636363636,2024-06-17,109,intermittent,full,0.15384615384615385,0.9230769230769231
CA-SC-10-E-32-GR-1TO,0.00909090909090909,0.09491187735373227,10.44030650891055,0.990909090909091,0.0004823839686225006,False,0.01818181818181818,2024-06-17,109,intermittent,full,0.07692307692307693,0.9230769230769231
CA-SC-10-E-32-WR-1TO,0.00909090909090909,0.09491187735373227,10.44030650891055,0.990909090909091,0.0004643509230665193,False,0.01818181818181818,2024-06-17,109,intermittent,full,0.07692307692307693,0.9230769230769231
CA-SC-10-E-33-BK-1TO,0.00909090909090909,0.09491187735373227,10.44030650891055,0.990909090909091,0.0004914004914004913,False,0.01818181818181818,2024-06-17,109,intermittent,full,0.07692307692307693,0.9230769230769231
CA-SC-10-E-33-DG-1TO,0.00909090909090909,0.09491187735373227,10.44030650891055,0.990909090909091,0.0004553344002885287,False,0.01818181818181818,2024-06-17,109,intermittent,full,0.07692307692307693,0.9230769230769231
CA-SC-10-E-33-WR-1TO,0.00909090909090909,0.09491187735373227,10.44030650891055,0.990909090909091,0.0004914004914004913,False,0.01818181818181818,2024-06-17,109,intermittent,full,0.07692307692307693,0.9230769230769231
CA-SC-10-E-34-BR-1TO,0.00909090909090909,0.09491187735373227,10.44030650891055,0.990909090909091,0.0004823839686225006,False,0.01818181818181818,2024-06-17,109,intermittent,full,0.07692307692307693,0.9230769230769231
CA-SC-10-E-34-DB-1TO,0.01818181818181818,0.133608531424537,7.3484692283495345,0.9818181818181818,0.0009737844600229918,False,0.03636363636363636,2024-06-17,109,intermittent,full,0.15384615384615385,0.8461538461538461
CA-SC-10-E-NEW-BK-1TO,0.00909090909090909,0.09491187735373227,10.44030650891055,0.990909090909091,-0.00015778914861483672,False,0.0,2024-06-17,109,intermittent,full,0.0,1.0
CA-SC-10-F-10-BE-1TO,67.44680851063829,20.893660354420547,0.309779822289516,0.0,0.7091813135985203,True,59.236363636363635,2025-09-01,46,smooth,short,81.76923076923077,0.0
CA-SC-10-F-10-BK-1TO,140.04255319148936,41.796852903420245,0.29845823252214393,0.0,1.6379509713228493,True,123.07272727272728,2025-09-01,46,smooth,short,167.6153846153846,0.0
CA-SC-10-F-10-BKRD-STI,22.742857142857144,10.39599608954705,0.45711038082179234,0.0,0.6893557422969186,True,14.50909090909091,2025-11-24,34,smooth,short,29.846153846153847,0.0
CA-SC-10-F-10-BKWH-STI,14.2,7.1626012832529735,0.5044085410741531,0.02857142857142857,0.184873949579832,True,9.072727272727272,2025-11-24,34,smooth,short,15.076923076923077,0.0
CA-SC-10-F-10-BR-1TO,13.595744680851064,4.072009146355596,0.29950615004493425,0.0,0.11598057354301589,True,11.89090909090909,2025-09-01,46,smooth,short,15.538461538461538,0.0
CA-SC-10-F-10-DB-1TO,15.785714285714286,8.925713828425083,0.5654298352848469,0.0,0.41066302118933695,True,16.0,2025-06-30,55,smooth,medium,21.846153846153847,0.0
CA-SC-10-F-10-DG-1TO,48.1875,17.015503041344385,0.3531103095480028,0.0,0.9373100303951365,True,43.14545454545455,2025-08-25,47,smooth,short,65.23076923076923,0.0
CA-SC-10-F-10-GR-1TO,30.11111111111111,14.957553110777457,0.496745306261982,0.0,0.7796455117209833,True,29.70909090909091,2025-07-14,53,smooth,medium,45.15384615384615,0.0
CA-SC-10-F-10-OR-1TO,3.736842105263158,2.2790142204853647,0.6098770449186187,0.02631578947368421,0.13086770981507823,True,2.618181818181818,2025-11-03,37,smooth,short,5.6923076923076925,0.0
CA-SC-10-F-10-PK-1TO,0.5545454545454546,1.923946529385337,3.4694117743014274,0.8636363636363636,0.01109483127831752,False,1.1090909090909091,2024-06-17,109,intermittent,full,0.23076923076923078,0.9230769230769231
CA-SC-10-F-10-RD-1TO,0.35454545454545455,1.1003004848789235,3.1034116240174767,0.8818181818181818,0.005793115884859006,False,0.7090909090909091,2024-06-17,109,intermittent,full,0.0,1.0
CA-SC-10-F-10-WH-1TO,4.9361702127659575,5.008096658536094,1.0145713058241226,0.3404255319148936,-0.15448658649398703,True,4.254545454545455,2025-09-01,46,intermittent,short,0.0,1.0
CA-SC-10-F-10-WR-1TO,18.872340425531913,7.318344834602494,0.38778151885717843,0.0,0.2833024976873267,True,16.363636363636363,2025-09-01,46,smooth,short,22.076923076923077,0.0
CA-SC-10-F-100-BK-1TO,0.02727272727272727,0.21144915181114557,7.753135566408671,0.9818181818181818,0.001293871018641661,False,0.05454545454545454,2024-06-17,109,intermittent,full,0.23076923076923078,0.8461538461538461
CA-SC-10-F-100-BR-1TO,0.00909090909090909,0.09491187735373227,10.44030650891055,0.990909090909091,0.0003020535130626874,False,0.01818181818181818,2024-06-17,109,intermittent,full,0.0,1.0
CA-SC-10-F-102-BE-1TO,2.978723404255319,2.2737106395561777,0.763317143279574,0.0851063829787234,0.048797409805735444,True,2.5454545454545454,2026-04-27,13,smooth,short,4.0,0.07692307692307693
CA-SC-10-F-102-BK-1TO,2.5434782608695654,1.637953677466921,0.6439817877220373,0.13043478260869565,0.03373419673142154,True,2.1636363636363636,2026-04-27,13,smooth,short,3.230769230769231,0.07692307692307693
CA-SC-10-F-102-BR-1TO,0.13636363636363635,0.43645832306028376,3.200694369108748,0.8909090909090909,0.0045488357414962925,False,0.2727272727272727,2024-06-17,109,intermittent,full,0.3076923076923077,0.7692307692307693
CA-SC-10-F-102-DB-1TO,0.33636363636363636,0.650556024102358,1.9340854770610645,0.7545454545454545,0.011365326961657238,False,0.6727272727272727,2024-06-17,109,intermittent,full,1.0,0.23076923076923078
CA-SC-10-F-102-DG-1TO,0.5181818181818182,0.9412932900277361,1.8165309105798415,0.6818181818181818,0.017406397222910982,False,1.0363636363636364,2024-06-17,109,intermittent,full,1.3846153846153846,0.23076923076923078
CA-SC-10-F-102-GR-1TO,0.34545454545454546,0.7679531666161046,2.2230223244150396,0.7909090909090909,0.013182156301422358,False,0.6909090909090909,2024-06-17,109,intermittent,full,1.3076923076923077,0.3076923076923077
CA-SC-10-F-102-WH-1TO,0.10909090909090909,0.33966439440489826,3.113590282044901,0.9,0.004499244866217342,False,0.21818181818181817,2024-06-17,109,intermittent,full,0.5384615384615384,0.5384615384615384
CA-SC-10-F-103-BE-1TO,4.066666666666666,2.4073960113690385,0.5919826257464849,0.06666666666666667,0.013438735177865688,True,3.381818181818182,2025-09-15,44,smooth,short,4.230769230769231,0.07692307692307693
CA-SC-10-F-103-BK-1TO,0.5636363636363636,0.9489446073236284,1.6836114000903086,0.6454545454545455,0.01798796294209138,False,1.1272727272727272,2024-06-17,109,intermittent,full,1.5384615384615385,0.15384615384615385
CA-SC-10-F-103-BR-1TO,0.37272727272727274,0.9230295071526046,2.4764206289460122,0.7636363636363637,0.012023533124450557,False,0.7454545454545455,2024-06-17,109,intermittent,full,0.7692307692307693,0.46153846153846156
CA-SC-10-F-103-DB-1TO,0.4636363636363636,0.9503805240512181,2.0498403459928234,0.7454545454545455,0.015512927439532942,False,0.9272727272727272,2024-06-17,109,intermittent,full,1.0769230769230769,0.38461538461538464
CA-SC-10-F-103-DG-1TO,0.2909090909090909,0.7304476155127516,2.5109136783250836,0.8181818181818182,0.010432116854135202,False,0.5818181818181818,2024-06-17,109,intermittent,full,0.6153846153846154,0.5384615384615384
CA-SC-10-F-103-GR-1TO,0.43636363636363634,0.8689311378435287,1.9913005242247535,0.7545454545454545,0.015102675653134367,False,0.8727272727272727,2024-06-17,109,intermittent,full,1.0769230769230769,0.38461538461538464
CA-SC-10-F-103-WR-1TO,0.05454545454545454,0.22709083630539637,4.163331998932267,0.9454545454545454,0.002209048080607713,False,0.10909090909090909,2024-06-17,109,intermittent,full,0.23076923076923078,0.7692307692307693
CA-SC-10-F-104-BE-1TO,3.760869565217391,2.6880151284568425,0.714732346294883,0.043478260869565216,0.032007400555041664,True,3.1818181818181817,2025-09-08,45,smooth,short,4.153846153846154,0.15384615384615385
CA-SC-10-F-104-BK-1TO,0.9,1.4074477222650548,1.5638308025167276,0.6090909090909091,0.030696751797669224,False,1.8,2026-04-27,13,smooth,short,2.5384615384615383,0.0
CA-SC-10-F-104-BKRD-STI,0.01818181818181818,0.13360853142453696,7.348469228349534,0.9818181818181818,0.00039672700223158946,False,0.03636363636363636,2024-06-17,109,intermittent,full,0.0,1.0
CA-SC-10-F-104-BR-1TO,0.18181818181818182,0.47062469474708296,2.5884358211089564,0.8545454545454545,0.0055271284629082795,False,0.36363636363636365,2024-06-17,109,intermittent,full,0.3076923076923077,0.7692307692307693
CA-SC-10-F-104-DB-1TO,0.3090909090909091,0.7597302696645883,2.4579508724442563,0.8090909090909091,0.009115704528548567,False,0.6,2024-06-17,109,intermittent,full,0.23076923076923078,0.7692307692307693
CA-SC-10-F-104-DG-1TO,2.840909090909091,1.9649564165671116,0.6916646586316233,0.11363636363636363,0.037138830162085974,True,2.3454545454545452,2026-04-27,13,smooth,short,2.923076923076923,0.0
CA-SC-10-F-104-GR-1TO,0.5545454545454546,1.0667398390880134,1.9236292180275651,0.7363636363636363,0.01936298266573496,False,1.1090909090909091,2024-06-17,109,intermittent,full,1.3846153846153846,0.46153846153846156
CA-SC-10-F-104-WR-1TO,0.05454545454545454,0.22709083630539637,4.163331998932267,0.9454545454545454,0.0022000315578297224,False,0.10909090909090909,2024-06-17,109,intermittent,full,0.3076923076923077,0.6923076923076923
CA-SC-10-F-105-BK-1TO,0.11818181818181818,0.3749380114054779,3.172552404200198,0.9,0.0037734147825890943,False,0.23636363636363636,2024-06-17,109,intermittent,full,0.3076923076923077,0.7692307692307693
CA-SC-10-F-105-BR-1TO,0.01818181818181818,0.13360853142453696,7.348469228349534,0.9818181818181818,0.0009196853233550481,False,0.03636363636363636,2024-06-17,109,intermittent,full,0.15384615384615385,0.8461538461538461
CA-SC-10-F-105-DG-1TO,0.01818181818181818,0.13360853142453696,7.348469228349534,0.9818181818181818,0.00023442959222775753,False,0.03636363636363636,2024-06-17,109,intermittent,full,0.0,1.0
CA-SC-10-F-105-GR-1TO,0.03636363636363636,0.18719327529067276,5.147815070493501,0.9636363636363636,0.0016049410544823387,False,0.07272727272727272,2024-06-17,109,intermittent,full,0.23076923076923078,0.7692307692307693
CA-SC-10-F-105-WH-1TO,0.07272727272727272,0.25968830649246727,3.570714214271425,0.9272727272727272,0.0021819985122737413,False,0.14545454545454545,2024-06-17,109,intermittent,full,0.15384615384615385,0.8461538461538461
CA-SC-10-F-105-WR-1TO,0.03636363636363636,0.18719327529067276,5.147815070493501,0.9636363636363636,0.001271329711696684,False,0.07272727272727272,2024-06-17,109,intermittent,full,0.0,1.0
CA-SC-10-F-106-BE-1TO,10.630434782608695,4.979779529134816,0.46844551807812174,0.0,0.17718162195497994,True,9.018181818181818,2025-09-08,45,smooth,short,11.615384615384615,0.0
CA-SC-10-F-106-BK-1TO,8.782608695652174,3.432029716846241,0.3907756608290274,0.0,0.03293246993524521,True,7.472727272727273,2025-09-08,45,smooth,short,8.23076923076923,0.0
CA-SC-10-F-106-BKRD-STI,0.00909090909090909,0.09491187735373227,10.44030650891055,0.990909090909091,0.0001938552397267994,False,0.01818181818181818,2024-06-17,109,intermittent,full,0.0,1.0
CA-SC-10-F-106-BR-1TO,0.5818181818181818,1.1312247440219838,1.9442925287877848,0.7,0.019096995243784234,False,1.1636363636363636,2024-06-17,109,intermittent,full,1.4615384615384615,0.23076923076923078
CA-SC-10-F-106-DB-1TO,0.6090909090909091,1.036562979233464,1.7018198166519558,0.6818181818181818,0.0199039740324144,False,1.2181818181818183,2024-06-17,109,intermittent,full,1.5384615384615385,0.23076923076923078
CA-SC-10-F-106-DG-1TO,12.565217391304348,5.387796895533798,0.4287866041428282,0.0,0.1279062596361395,True,10.672727272727272,2025-09-08,45,smooth,short,14.384615384615385,0.0
CA-SC-10-F-106-GR-1TO,7.045454545454546,3.0072227103678344,0.4268316105038216,0.0,0.06384778012684998,True,5.745454545454545,2025-09-22,43,smooth,short,7.230769230769231,0.0
CA-SC-10-F-106-RD-1TO,0.12727272727272726,0.44942571252030084,3.531202026945221,0.9090909090909091,0.004039402204539819,False,0.2545454545454545,2024-06-17,109,intermittent,full,0.15384615384615385,0.8461538461538461
CA-SC-10-F-106-WH-1TO,0.14545454545454545,0.4228983036222912,2.907425837403252,0.8818181818181818,0.005833690237359961,False,0.2909090909090909,2024-06-17,109,intermittent,full,0.46153846153846156,0.6923076923076923
CA-SC-10-F-106-WR-1TO,0.38181818181818183,0.924237456519188,2.4206219099312065,0.7909090909090909,0.013975610305885539,False,0.7636363636363637,2024-06-17,109,intermittent,full,1.1538461538461537,0.38461538461538464
CA-SC-10-F-107-BE-1TO,0.6545454545454545,1.2242724268750853,1.8704162077258248,0.6909090909090909,0.018772400423776574,False,1.309090909090909,2024-06-17,109,intermittent,full,1.0,0.38461538461538464
CA-SC-10-F-107-BK-1TO,3.297872340425532,2.0307727657855335,0.6157827096252908,0.06382978723404255,-0.05608233117483813,True,2.8181818181818183,2025-09-01,46,smooth,short,2.1538461538461537,0.0
CA-SC-10-F-107-BKRD-STI,0.01818181818181818,0.13360853142453696,7.348469228349534,0.9818181818181818,0.00041476004778757063,False,0.03636363636363636,2024-06-17,109,intermittent,full,0.0,1.0
CA-SC-10-F-107-BKWH-STI,0.00909090909090909,0.09491187735373227,10.44030650891055,0.990909090909091,0.00021188828528278066,False,0.01818181818181818,2024-06-17,109,intermittent,full,0.0,1.0
CA-SC-10-F-107-BR-1TO,0.20909090909090908,0.48795406910253253,2.333693373968634,0.8272727272727273,0.007127561256001623,False,0.41818181818181815,2024-06-17,109,intermittent,full,0.6153846153846154,0.46153846153846156
CA-SC-10-F-107-DB-1TO,0.21818181818181817,0.5621681757723748,2.576604138956718,0.8272727272727273,0.0071050199490566455,False,0.43636363636363634,2024-06-17,109,intermittent,full,0.46153846153846156,0.6153846153846154
CA-SC-10-F-107-DG-1TO,4.808510638297872,2.411305798554415,0.5014662501418474,0.0425531914893617,-0.011679000925069363,True,4.1454545454545455,2025-09-01,46,smooth,short,4.3076923076923075,0.07692307692307693
CA-SC-10-F-107-GR-1TO,0.6454545454545455,1.1645238093226513,1.8041918172604456,0.6909090909090909,0.018876090435723466,False,1.290909090909091,2024-06-17,109,intermittent,full,1.3846153846153846,0.46153846153846156
CA-SC-10-F-107-RD-1TO,0.00909090909090909,0.09491187735373227,10.44030650891055,0.990909090909091,0.00016680567139282736,False,0.01818181818181818,2024-06-17,109,intermittent,full,0.0,1.0
CA-SC-10-F-107-WR-1TO,0.10909090909090909,0.3117532399905863,2.857738033247041,0.8909090909090909,0.003931203931203931,False,0.21818181818181817,2024-06-17,109,intermittent,full,0.38461538461538464,0.6153846153846154
CA-SC-10-F-108-BE-1TO,0.6727272727272727,1.3011120482047158,1.934085477061064,0.7090909090909091,0.02346099226833172,False,1.3454545454545455,2024-06-17,109,intermittent,full,1.9230769230769231,0.23076923076923078
CA-SC-10-F-108-BK-1TO,0.2909090909090909,0.7178940735418048,2.4677608777999542,0.8272727272727273,0.01051326555913712,False,0.5818181818181818,2024-06-17,109,intermittent,full,0.8461538461538461,0.46153846153846156
CA-SC-10-F-108-BR-1TO,0.07272727272727272,0.29260867162601967,4.02336923485777,0.9363636363636364,0.0025967585600613122,False,0.14545454545454545,2024-06-17,109,intermittent,full,0.23076923076923078,0.7692307692307693
CA-SC-10-F-108-DB-1TO,0.02727272727272727,0.162877026065172,5.9721576223896395,0.9727272727272728,0.001095507517525866,False,0.05454545454545454,2024-06-17,109,intermittent,full,0.07692307692307693,0.9230769230769231
CA-SC-10-F-108-DG-1TO,0.4636363636363636,0.9310529008237026,2.0081533155021036,0.7272727272727273,0.016225232738994205,False,0.9272727272727272,2024-06-17,109,intermittent,full,1.2307692307692308,0.3076923076923077
CA-SC-10-F-108-GR-1TO,0.45454545454545453,0.9208332554254981,2.025833161936096,0.7272727272727273,0.01485021301535063,False,0.9090909090909091,2024-06-17,109,intermittent,full,0.9230769230769231,0.46153846153846156
CA-SC-10-F-108-WR-1TO,0.06363636363636363,0.24410402876541004,3.8359204520278727,0.9363636363636364,0.002520118116448392,False,0.12727272727272726,2024-06-17,109,intermittent,full,0.3076923076923077,0.6923076923076923
CA-SC-10-F-109-BE-1TO,0.12727272727272726,0.3332782323604247,2.618614682831909,0.8727272727272727,0.004400063115659445,False,0.2545454545454545,2024-06-17,109,intermittent,full,0.46153846153846156,0.5384615384615384
CA-SC-10-F-109-BK-1TO,0.11818181818181818,0.34985238917988837,2.960289446906748,0.8909090909090909,0.003917679147036944,False,0.23636363636363636,2024-06-17,109,intermittent,full,0.38461538461538464,0.6923076923076923
CA-SC-10-F-109-BR-1TO,0.08181818181818182,0.3054599566620262,3.7333994703136533,0.9272727272727272,0.0024029033203345125,False,0.16363636363636364,2024-06-17,109,intermittent,full,0.23076923076923078,0.8461538461538461
CA-SC-10-F-109-DG-1TO,0.05454545454545454,0.26410616447879914,4.841946348777984,0.9545454545454546,0.0021098663300498158,False,0.10909090909090909,2024-06-17,109,intermittent,full,0.07692307692307693,0.9230769230769231
CA-SC-10-F-109-WH-1TO,0.00909090909090909,0.09491187735373227,10.44030650891055,0.990909090909091,0.0001217230575028741,False,0.01818181818181818,2024-06-17,109,intermittent,full,0.0,1.0
CA-SC-10-F-11-BE-1TO,4.787234042553192,2.2018963800842988,0.4599516882842757,0.0,0.0727335800185014,True,4.218181818181818,2025-09-01,46,smooth,short,5.846153846153846,0.0
CA-SC-10-F-11-BK-1TO,31.652173913043477,11.108589295840732,0.3509581783026605,0.0,0.4923835954363243,True,27.09090909090909,2025-09-08,45,smooth,short,37.46153846153846,0.0
CA-SC-10-F-11-BKRD-STI,0.02727272727272727,0.28473563206119695,10.440306508910556,0.990909090909091,0.0006086152875143701,False,0.05454545454545454,2024-06-17,109,intermittent,full,0.0,1.0
CA-SC-10-F-11-BKWH-STI,0.01818181818181818,0.13360853142453696,7.348469228349534,0.9818181818181818,0.0003606609111196268,False,0.03636363636363636,2024-06-17,109,intermittent,full,0.0,1.0
CA-SC-10-F-11-BR-1TO,1.2545454545454546,1.8361836095374242,1.4636246162979467,0.5909090909090909,0.04082681513874174,False,2.4909090909090907,2026-04-27,13,smooth,short,3.3846153846153846,0.0
CA-SC-10-F-11-DB-1TO,4.911111111111111,2.6735097383379127,0.5443798109737831,0.022222222222222223,0.04953886693017134,True,4.090909090909091,2025-09-15,44,smooth,short,5.923076923076923,0.0
CA-SC-10-F-11-DG-1TO,15.702127659574469,6.337711828234666,0.4036212139932646,0.0,0.32388991674375606,True,13.654545454545454,2025-09-01,46,smooth,short,22.76923076923077,0.0
CA-SC-10-F-11-GR-1TO,8.425531914893616,3.285977174854124,0.3900023414599592,0.0,0.11332099907493069,True,7.3090909090909095,2025-09-01,46,smooth,short,10.384615384615385,0.0
CA-SC-10-F-11-PK-1TO,0.4636363636363636,1.0927635752553975,2.3569410446685044,0.7818181818181819,0.014205531636724299,False,0.9272727272727272,2024-06-17,109,intermittent,full,0.0,1.0
CA-SC-10-F-11-RD-1TO,0.24545454545454545,0.6631380445395231,2.7016735147906497,0.8454545454545455,0.008083312670468634,False,0.4909090909090909,2024-06-17,109,intermittent,full,0.46153846153846156,0.8461538461538461
CA-SC-10-F-11-WH-1TO,0.03636363636363636,0.23070140982635487,6.344288770224759,0.9727272727272728,0.0003426278655636455,False,0.07272727272727272,2024-06-17,109,intermittent,full,0.0,1.0
CA-SC-10-F-11-WR-1TO,1.5,2.2633442673900213,1.508896178260014,0.5818181818181818,0.05120934111759799,False,2.981818181818182,2026-04-27,13,smooth,short,4.6923076923076925,0.07692307692307693
CA-SC-10-F-110-BE-1TO,0.09090909090909091,0.2874797872880344,3.1622776601683786,0.9090909090909091,0.00269594031061921,False,0.18181818181818182,2024-06-17,109,intermittent,full,0.23076923076923078,0.7692307692307693
CA-SC-10-F-110-BK-1TO,0.43636363636363634,0.9772621563910318,2.2395591083961146,0.7636363636363637,0.017221558505962176,False,0.8727272727272727,2026-04-27,13,smooth,short,2.1538461538461537,0.07692307692307693
CA-SC-10-F-110-DB-1TO,0.00909090909090909,0.09491187735373227,10.44030650891055,0.990909090909091,0.0003020535130626874,False,0.01818181818181818,2024-06-17,109,intermittent,full,0.0,1.0
CA-SC-10-F-110-DG-1TO,0.06363636363636363,0.27887021182141764,4.382246185765135,0.9454545454545454,0.0027545477086761494,False,0.12727272727272726,2024-06-17,109,intermittent,full,0.38461538461538464,0.6923076923076923
CA-SC-10-F-110-GR-1TO,0.09090909090909091,0.3175318035740542,3.492849839314596,0.9181818181818182,0.002957419471180939,False,0.18181818181818182,2024-06-17,109,intermittent,full,0.15384615384615385,0.8461538461538461
CA-SC-10-F-110-WR-1TO,0.05454545454545454,0.22709083630539637,4.163331998932267,0.9454545454545454,0.0017942880328201429,False,0.10909090909090909,2024-06-17,109,intermittent,full,0.07692307692307693,0.9230769230769231
CA-SC-10-F-111-BE-1TO,0.2909090909090909,0.6653154350375269,2.287021807941499,0.7909090909090909,0.01038703424024525,False,0.5818181818181818,2024-06-17,109,intermittent,full,1.0769230769230769,0.3076923076923077
CA-SC-10-F-111-BK-1TO,0.2909090909090909,0.6229760617822478,2.141480212376477,0.7909090909090909,0.009250952370218425,False,0.5818181818181818,2024-06-17,109,intermittent,full,0.5384615384615384,0.6153846153846154
CA-SC-10-F-111-BR-1TO,0.12727272727272726,0.4069641688290798,3.1975756122284844,0.9,0.004490228343439351,False,0.2545454545454545,2024-06-17,109,intermittent,full,0.38461538461538464,0.6923076923076923
CA-SC-10-F-111-DB-1TO,0.03636363636363636,0.18719327529067276,5.147815070493501,0.9636363636363636,0.0009016522777990667,False,0.07272727272727272,2024-06-17,109,intermittent,full,0.0,1.0
CA-SC-10-F-111-DG-1TO,0.06363636363636363,0.24410402876541004,3.8359204520278727,0.9363636363636364,0.0017807632486531568,False,0.12727272727272726,2024-06-17,109,intermittent,full,0.07692307692307693,0.9230769230769231
CA-SC-10-F-111-GR-1TO,0.11818181818181818,0.3749380114054779,3.172552404200198,0.9,0.004206207875932646,False,0.23636363636363636,2024-06-17,109,intermittent,full,0.3076923076923077,0.6923076923076923
CA-SC-10-F-111-WH-1TO,0.13636363636363635,0.36871454164860445,2.703906638756433,0.8727272727272727,0.004864414038725965,False,0.2727272727272727,2024-06-17,109,intermittent,full,0.46153846153846156,0.6153846153846154
CA-SC-10-F-111-WR-1TO,0.01818181818181818,0.13360853142453696,7.348469228349534,0.9818181818181818,0.0007934540044631786,False,0.03636363636363636,2024-06-17,109,intermittent,full,0.07692307692307693,0.9230769230769231
CA-SC-10-F-112-BE-1TO,0.15454545454545454,0.4707124896727133,3.0457866978822623,0.8909090909090909,0.004900480129837927,False,0.3090909090909091,2024-06-17,109,intermittent,full,0.46153846153846156,0.6923076923076923
CA-SC-10-F-112-BK-1TO,0.4818181818181818,1.0932172551428874,2.268941472938068,0.7454545454545455,0.017442463314022945,False,0.9636363636363636,2024-06-17,109,intermittent,full,1.7692307692307692,0.3076923076923077
CA-SC-10-F-112-BR-1TO,0.10909090909090909,0.33966439440489826,3.113590282044901,0.9,0.003777923043978089,False,0.21818181818181817,2024-06-17,109,intermittent,full,0.46153846153846156,0.6153846153846154
CA-SC-10-F-112-DB-1TO,0.03636363636363636,0.18719327529067276,5.147815070493501,0.9636363636363636,0.0013795279850325722,False,0.07272727272727272,2024-06-17,109,intermittent,full,0.15384615384615385,0.8461538461538461
CA-SC-10-F-112-DG-1TO,0.2545454545454545,0.6527753844005906,2.564474724430892,0.8363636363636363,0.010341951626355298,False,0.509090909090909,2024-06-17,109,intermittent,full,1.3076923076923077,0.3076923076923077
CA-SC-10-F-112-GR-1TO,0.2727272727272727,0.6311474530076283,2.3142073276946373,0.8,0.010350968149133286,False,0.5454545454545454,2024-06-17,109,intermittent,full,1.1538461538461537,0.3076923076923077
CA-SC-10-F-112-RD-1TO,0.03636363636363636,0.18719327529067276,5.147815070493501,0.9636363636363636,0.0014967427811464504,False,0.07272727272727272,2024-06-17,109,intermittent,full,0.15384615384615385,0.8461538461538461
CA-SC-10-F-112-WH-1TO,0.3090909090909091,0.8284207818105103,2.6801848823281214,0.8363636363636363,0.011018190834704598,False,0.6181818181818182,2024-06-17,109,intermittent,full,0.9230769230769231,0.6153846153846154
CA-SC-10-F-112-WR-1TO,0.19090909090909092,0.4571742167520057,2.394722087748601,0.8363636363636363,0.0073259247571174175,False,0.38181818181818183,2024-06-17,109,intermittent,full,0.7692307692307693,0.38461538461538464
CA-SC-10-F-113-BE-1TO,0.045454545454545456,0.20829889522526554,4.582575694955842,0.9545454545454546,0.0009512431530780157,False,0.09090909090909091,2024-06-17,109,intermittent,full,0.0,1.0
CA-SC-10-F-113-BK-1TO,0.15454545454545454,0.4086866689634367,2.644443152116355,0.8636363636363636,0.00493654622094989,False,0.3090909090909091,2024-06-17,109,intermittent,full,0.38461538461538464,0.6923076923076923
CA-SC-10-F-113-BKWH-STI,0.00909090909090909,0.09491187735373227,10.44030650891055,0.990909090909091,0.00020287176250479005,False,0.01818181818181818,2024-06-17,109,intermittent,full,0.0,1.0
CA-SC-10-F-113-DG-1TO,0.06363636363636363,0.3378346213829464,5.3088297645891585,0.9545454545454546,0.0016364988842053065,False,0.12727272727272726,2024-06-17,109,intermittent,full,0.07692307692307693,0.9230769230769231
CA-SC-10-F-113-GR-1TO,0.05454545454545454,0.2641061644787991,4.8419463487779835,0.9545454545454546,0.0020647837161598625,False,0.10909090909090909,2024-06-17,109,intermittent,full,0.23076923076923078,0.8461538461538461
CA-SC-10-F-114-BE-1TO,0.00909090909090909,0.09491187735373227,10.44030650891055,0.990909090909091,0.00044631787751053814,False,0.01818181818181818,2024-06-17,109,intermittent,full,0.07692307692307693,0.9230769230769231
CA-SC-10-F-114-BK-1TO,0.16363636363636364,0.4374985242005805,2.6736020923368806,0.8636363636363636,0.005491062371796317,False,0.32727272727272727,2024-06-17,109,intermittent,full,0.46153846153846156,0.6153846153846154
CA-SC-10-F-114-BR-1TO,0.01818181818181818,0.13360853142453696,7.348469228349534,0.9818181818181818,0.0008655861866871039,False,0.03636363636363636,2024-06-17,109,intermittent,full,0.15384615384615385,0.8461538461538461
CA-SC-10-F-114-DG-1TO,0.13636363636363635,0.43645832306028376,3.200694369108748,0.8909090909090909,0.00424227396704461,False,0.2727272727272727,2024-06-17,109,intermittent,full,0.46153846153846156,0.6923076923076923
CA-SC-10-F-114-GR-1TO,0.10909090909090909,0.4122103290456231,3.7785946829182118,0.9181818181818182,0.003976286545093884,False,0.21818181818181817,2024-06-17,109,intermittent,full,0.38461538461538464,0.7692307692307693
CA-SC-10-F-114-WR-1TO,0.01818181818181818,0.13360853142453696,7.348469228349534,0.9818181818181818,0.00045984266167752404,False,0.03636363636363636,2024-06-17,109,intermittent,full,0.0,1.0
CA-SC-10-F-115-BE-1TO,0.6090909090909091,1.0188715196499107,1.6727741367386593,0.6363636363636364,0.020156436670198136,False,1.2181818181818183,2024-06-17,109,intermittent,full,1.7692307692307692,0.07692307692307693
CA-SC-10-F-115-BK-1TO,0.7090909090909091,1.193508613256459,1.6831531725411601,0.6727272727272727,0.02391181840723125,False,1.4181818181818182,2026-04-27,13,smooth,short,2.076923076923077,0.15384615384615385
CA-SC-10-F-115-BR-1TO,0.10909090909090909,0.3396643944048982,3.1135902820449,0.9,0.004039402204539818,False,0.21818181818181817,2024-06-17,109,intermittent,full,0.46153846153846156,0.6153846153846154
CA-SC-10-F-115-DB-1TO,0.16363636363636364,0.4374985242005805,2.6736020923368806,0.8636363636363636,0.005770574577914028,False,0.32727272727272727,2024-06-17,109,intermittent,full,0.3076923076923077,0.6923076923076923
CA-SC-10-F-115-DG-1TO,0.8454545454545455,1.4281988888511647,1.689267502942238,0.6454545454545455,0.025809796451998285,False,1.690909090909091,2024-06-17,109,intermittent,full,1.3846153846153846,0.3076923076923077
CA-SC-10-F-115-GR-1TO,0.5818181818181818,1.0734974123000371,1.8450736773906888,0.6909090909090909,0.020611771070486663,False,1.1636363636363636,2024-06-17,109,intermittent,full,1.6153846153846154,0.23076923076923078
CA-SC-10-F-115-RD-1TO,0.00909090909090909,0.09491187735373227,10.44030650891055,0.990909090909091,0.00020287176250479005,False,0.01818181818181818,2024-06-17,109,intermittent,full,0.0,1.0
CA-SC-10-F-115-WR-1TO,0.05454545454545454,0.22709083630539637,4.163331998932267,0.9454545454545454,0.002001668056713928,False,0.10909090909090909,2024-06-17,109,intermittent,full,0.23076923076923078,0.7692307692307693
CA-SC-10-F-116-BE-1TO,2.9148936170212765,1.8081351299770514,0.6203091321819082,0.02127659574468085,0.030064754856614247,True,2.5272727272727273,2026-04-27,13,smooth,short,2.8461538461538463,0.0
CA-SC-10-F-116-BK-1TO,1.3727272727272728,2.0174650651885395,1.469676537554565,0.5545454545454546,0.043671528075197814,False,2.727272727272727,2026-04-27,13,smooth,short,3.3076923076923075,0.15384615384615385
CA-SC-10-F-116-BR-1TO,0.2818181818181818,0.6343474554334367,2.25091032573155,0.8,0.008101345716024614,False,0.5636363636363636,2024-06-17,109,intermittent,full,0.5384615384615384,0.6153846153846154
CA-SC-10-F-116-DB-1TO,0.3090909090909091,0.7716034608699253,2.4963641381085817,0.8090909090909091,0.010738678628586887,False,0.6181818181818182,2024-06-17,109,intermittent,full,0.8461538461538461,0.46153846153846156
CA-SC-10-F-116-DG-1TO,0.8272727272727273,1.4576387562773068,1.7619809141813598,0.6636363636363637,0.027423754029258618,False,1.6545454545454545,2024-06-17,109,intermittent,full,1.7692307692307692,0.15384615384615385
CA-SC-10-F-116-GR-1TO,0.33636363636363636,0.6505560241023579,1.934085477061064,0.7454545454545455,0.011482541757771116,False,0.6727272727272727,2024-06-17,109,intermittent,full,1.0769230769230769,0.23076923076923078
CA-SC-10-F-117-BE-1TO,0.05454545454545454,0.22709083630539634,4.163331998932266,0.9454545454545454,0.0025967585600613122,False,0.10909090909090909,2024-06-17,109,intermittent,full,0.46153846153846156,0.5384615384615384
CA-SC-10-F-117-BK-1TO,0.1,0.617178329908861,6.1717832990886095,0.9545454545454546,0.004611951400942226,False,0.2,2024-06-17,109,intermittent,full,0.8461538461538461,0.6153846153846154
CA-SC-10-F-117-BR-1TO,0.02727272727272727,0.162877026065172,5.9721576223896395,0.9727272727272728,0.0012938710186416607,False,0.05454545454545454,2024-06-17,109,intermittent,full,0.23076923076923078,0.7692307692307693
CA-SC-10-F-117-RD-1TO,0.00909090909090909,0.09491187735373227,10.44030650891055,0.990909090909091,0.0004914004914004913,False,0.01818181818181818,2024-06-17,109,intermittent,full,0.07692307692307693,0.9230769230769231
CA-SC-10-F-117-WR-1TO,0.01818181818181818,0.13360853142453696,7.348469228349534,0.9818181818181818,0.0009287018461330386,False,0.03636363636363636,2024-06-17,109,intermittent,full,0.15384615384615385,0.8461538461538461
CA-SC-10-F-119-BE-1TO,0.2818181818181818,0.6623898629798862,2.3504156428318543,0.8090909090909091,0.009048080607713635,False,0.5636363636363636,2024-06-17,109,intermittent,full,0.6923076923076923,0.46153846153846156
CA-SC-10-F-119-BK-1TO,0.14545454545454545,0.463903666260839,3.1893377055432683,0.9,0.005491062371796317,False,0.2909090909090909,2024-06-17,109,intermittent,full,0.6153846153846154,0.6153846153846154
CA-SC-10-F-119-BR-1TO,0.1,0.3554766326548573,3.554766326548573,0.9181818181818182,0.002880779027568018,False,0.2,2024-06-17,109,intermittent,full,0.23076923076923078,0.7692307692307693
CA-SC-10-F-119-DB-1TO,0.09090909090909091,0.28747978728803447,3.162277660168379,0.9090909090909091,0.003300047336744584,False,0.18181818181818182,2024-06-17,109,intermittent,full,0.23076923076923078,0.7692307692307693
CA-SC-10-F-119-DG-1TO,0.10909090909090909,0.38953245973870093,3.570714214271425,0.9181818181818182,0.003615625633974257,False,0.21818181818181817,2024-06-17,109,intermittent,full,0.23076923076923078,0.8461538461538461
CA-SC-10-F-119-GR-1TO,0.2,0.44312936752559784,2.215646837627989,0.8181818181818182,0.006239433762369542,False,0.4,2024-06-17,109,intermittent,full,0.38461538461538464,0.6153846153846154
CA-SC-10-F-12-BE-1TO,4.913043478260869,2.2825051736359456,0.46458069905864385,0.021739130434782608,0.021954979956830142,True,4.2,2025-09-08,45,smooth,short,5.3076923076923075,0.07692307692307693
CA-SC-10-F-12-BK-1TO,8.614035087719298,4.427800475563509,0.5140216438026884,0.0,0.17383977184340155,True,8.818181818181818,2025-06-23,56,smooth,medium,12.153846153846153,0.0
CA-SC-10-F-12-BKRD-STI,0.05454545454545454,0.26410616447879914,4.841946348777984,0.9545454545454546,0.0018123210783761242,False,0.10909090909090909,2024-06-17,109,intermittent,full,0.0,1.0
CA-SC-10-F-12-BKWH-STI,0.045454545454545456,0.2082988952252655,4.582575694955841,0.9545454545454546,0.001239771881973717,False,0.09090909090909091,2024-06-17,109,intermittent,full,0.0,1.0
CA-SC-10-F-12-BR-1TO,0.5909090909090909,0.9562754885059824,1.6183123651639701,0.6454545454545455,0.019011338277393326,False,1.1636363636363636,2024-06-17,109,intermittent,full,1.6923076923076923,0.15384615384615385
CA-SC-10-F-12-DB-1TO,0.42727272727272725,0.8141821430020871,1.9055326751112678,0.7272727272727273,0.013357978495593177,False,0.8545454545454545,2024-06-17,109,intermittent,full,1.0769230769230769,0.3076923076923077
CA-SC-10-F-12-DG-1TO,7.5,3.702476648587177,0.49366355314495697,0.0,0.11680416847590092,True,6.654545454545454,2025-08-25,47,smooth,short,9.076923076923077,0.0
CA-SC-10-F-12-GR-1TO,3.6382978723404253,2.337716033160914,0.6425301377693741,0.06382978723404255,0.03839037927844591,True,3.1636363636363636,2025-09-01,46,smooth,short,4.538461538461538,0.0
CA-SC-10-F-12-PK-1TO,0.1,0.4253340932832577,4.253340932832577,0.9363636363636364,0.0017266641119852134,False,0.2,2024-06-17,109,intermittent,full,0.0,1.0
CA-SC-10-F-12-RD-1TO,0.16363636363636364,0.4578064840732426,2.7977062915587045,0.8636363636363636,0.004634492707887204,False,0.2909090909090909,2024-06-17,109,intermittent,full,0.46153846153846156,0.6923076923076923
CA-SC-10-F-12-WH-1TO,0.11818181818181818,0.39844740001474777,3.371478000124789,0.9,0.0039176791470369446,False,0.23636363636363636,2024-06-17,109,intermittent,full,0.5384615384615384,0.6153846153846154
CA-SC-10-F-12-WR-1TO,0.5454545454545454,0.9403709484353273,1.724013405464767,0.6545454545454545,0.016806798458174607,False,1.0727272727272728,2024-06-17,109,intermittent,full,1.3076923076923077,0.23076923076923078
CA-SC-10-F-120-BE-1TO,0.41818181818181815,0.8461873656887343,2.0234915266469735,0.7454545454545455,0.014742014742014737,False,0.8363636363636363,2024-06-17,109,intermittent,full,1.3076923076923077,0.3076923076923077
CA-SC-10-F-120-BK-1TO,0.08181818181818182,0.3338975940401265,4.080970593823768,0.9363636363636364,0.0029619277325699345,False,0.16363636363636364,2024-06-17,109,intermittent,full,0.38461538461538464,0.6923076923076923
CA-SC-10-F-120-BR-1TO,0.38181818181818183,0.7625533445640279,1.9971635214772159,0.7363636363636363,0.013137073687532402,False,0.7636363636363637,2024-06-17,109,intermittent,full,1.0769230769230769,0.23076923076923078
CA-SC-10-F-120-DB-1TO,0.01818181818181818,0.13360853142453696,7.348469228349534,0.9818181818181818,0.000838536618353132,False,0.03636363636363636,2024-06-17,109,intermittent,full,0.07692307692307693,0.9230769230769231
CA-SC-10-F-120-GR-1TO,0.00909090909090909,0.09491187735373227,10.44030650891055,0.990909090909091,0.0001217230575028741,False,0.01818181818181818,2024-06-17,109,intermittent,full,0.0,1.0
CA-SC-10-F-120-WH-1TO,0.13636363636363635,0.41510727479384996,3.0441200151549,0.8909090909090909,0.004972612312061853,False,0.2727272727272727,2024-06-17,109,intermittent,full,0.5384615384615384,0.6153846153846154
CA-SC-10-F-120-WR-1TO,0.01818181818181818,0.13360853142453696,7.348469228349534,0.9818181818181818,0.0008295200955751413,False,0.03636363636363636,2024-06-17,109,intermittent,full,0.15384615384615385,0.8461538461538461
CA-SC-10-F-121-BE-1TO,0.4909090909090909,1.0680947740163285,2.1757486137369653,0.7454545454545455,0.017861731623199515,False,0.9818181818181818,2024-06-17,109,intermittent,full,1.3076923076923077,0.38461538461538464
CA-SC-10-F-121-BK-1TO,0.5545454545454546,1.0752282094882644,1.9389361154706406,0.7272727272727273,0.019281833960733043,False,1.1090909090909091,2024-06-17,109,intermittent,full,1.8461538461538463,0.15384615384615385
CA-SC-10-F-121-BR-1TO,0.19090909090909092,0.49535028093910105,2.5946919477762433,0.8454545454545455,0.006415255956540361,False,0.38181818181818183,2024-06-17,109,intermittent,full,0.46153846153846156,0.5384615384615384
CA-SC-10-F-121-DB-1TO,0.01818181818181818,0.13360853142453696,7.348469228349534,0.9818181818181818,0.0004508261388995334,False,0.03636363636363636,2024-06-17,109,intermittent,full,0.0,1.0
CA-SC-10-F-121-DG-1TO,0.045454545454545456,0.24813352843556696,5.458937625582473,0.9636363636363636,0.002015192840880914,False,0.09090909090909091,2024-06-17,109,intermittent,full,0.3076923076923077,0.7692307692307693
CA-SC-10-F-121-GR-1TO,0.02727272727272727,0.16287702606517196,5.972157622389639,0.9727272727272728,0.0006176318102923609,False,0.05454545454545454,2024-06-17,109,intermittent,full,0.0,1.0
CA-SC-10-F-121-WR-1TO,0.05454545454545454,0.26410616447879914,4.841946348777984,0.9545454545454546,0.0018754367378220587,False,0.10909090909090909,2024-06-17,109,intermittent,full,0.07692307692307693,0.9230769230769231
CA-SC-10-F-122-BE-1TO,0.15454545454545454,0.5254671278770336,3.4000814156749235,0.8909090909090909,0.006099677659310685,False,0.3090909090909091,2024-06-17,109,intermittent,full,0.6923076923076923,0.6153846153846154
CA-SC-10-F-122-BK-1TO,0.8454545454545455,1.3630604844604366,1.6122220783940648,0.6454545454545455,0.029434438608750533,False,1.690909090909091,2026-04-27,13,smooth,short,2.3846153846153846,0.07692307692307693
CA-SC-10-F-122-BKRD-STI,0.00909090909090909,0.09491187735373227,10.44030650891055,0.990909090909091,0.00021188828528278066,False,0.01818181818181818,2024-06-17,109,intermittent,full,0.0,1.0
CA-SC-10-F-122-BR-1TO,0.33636363636363636,0.6219803084762663,1.8491306468213322,0.7363636363636363,0.010914500822757705,False,0.6727272727272727,2024-06-17,109,intermittent,full,0.9230769230769231,0.3076923076923077
CA-SC-10-F-122-DB-1TO,0.03636363636363636,0.18719327529067276,5.147815070493501,0.9636363636363636,0.001199197529472759,False,0.07272727272727272,2024-06-17,109,intermittent,full,0.15384615384615385,0.8461538461538461
CA-SC-10-F-122-DG-1TO,0.2,0.5688904671695278,2.844452335847639,0.8545454545454545,0.007952573090187768,False,0.4,2024-06-17,109,intermittent,full,0.9230769230769231,0.46153846153846156
CA-SC-10-F-122-GR-1TO,0.06363636363636363,0.24410402876541004,3.8359204520278727,0.9363636363636364,0.002781597277010121,False,0.12727272727272726,2024-06-17,109,intermittent,full,0.38461538461538464,0.6153846153846154
CA-SC-10-F-122-WR-1TO,0.24545454545454545,0.6900113785143973,2.8111574680216185,0.8545454545454545,0.00790298221490882,False,0.4909090909090909,2024-06-17,109,intermittent,full,0.5384615384615384,0.6153846153846154
CA-SC-10-F-123-BE-1TO,0.16363636363636364,0.43749852420058055,2.673602092336881,0.8636363636363636,0.004354980501769493,False,0.32727272727272727,2024-06-17,109,intermittent,full,0.15384615384615385,0.8461538461538461
CA-SC-10-F-123-BK-1TO,0.34545454545454546,0.6386970207363742,1.8488597968684517,0.7363636363636363,0.011045240403038569,False,0.6909090909090909,2024-06-17,109,intermittent,full,0.6923076923076923,0.5384615384615384
CA-SC-10-F-123-BR-1TO,0.00909090909090909,0.09491187735373227,10.44030650891055,0.990909090909091,0.0004012352636205847,False,0.01818181818181818,2024-06-17,109,intermittent,full,0.07692307692307693,0.9230769230769231
CA-SC-10-F-123-DB-1TO,0.00909090909090909,0.09491187735373227,10.44030650891055,0.990909090909091,0.00035615264973063137,False,0.01818181818181818,2024-06-17,109,intermittent,full,0.0,1.0
CA-SC-10-F-123-DG-1TO,0.09090909090909091,0.2874797872880344,3.1622776601683786,0.9090909090909091,0.0031557829722967333,False,0.18181818181818182,2024-06-17,109,intermittent,full,0.23076923076923078,0.7692307692307693
CA-SC-10-F-123-GR-1TO,0.45454545454545453,0.8595597566234773,1.8910314645716502,0.7272727272727273,0.015670716588147778,False,0.9090909090909091,2024-06-17,109,intermittent,full,1.3846153846153846,0.3076923076923077
CA-SC-10-F-123-WR-1TO,0.01818181818181818,0.13360853142453696,7.348469228349534,0.9818181818181818,0.0008295200955751413,False,0.03636363636363636,2024-06-17,109,intermittent,full,0.07692307692307693,0.9230769230769231
CA-SC-10-F-124-BE-1TO,0.509090909090909,0.9414249793454269,1.849227637999946,0.7272727272727273,0.018312557762099047,False,1.018181818181818,2024-06-17,109,intermittent,full,1.7692307692307692,0.23076923076923078
CA-SC-10-F-124-BK-1TO,0.6363636363636364,1.1887906209656383,1.8680995472317172,0.7090909090909091,0.023226562676103964,False,1.2727272727272727,2026-04-27,13,smooth,short,2.769230769230769,0.07692307692307693
CA-SC-10-F-124-BR-1TO,0.07272727272727272,0.3221826390303519,4.430011286667338,0.9454545454545454,0.003300047336744584,False,0.14545454545454545,2024-06-17,109,intermittent,full,0.38461538461538464,0.6923076923076923
CA-SC-10-F-124-DB-1TO,0.00909090909090909,0.09491187735373227,10.44030650891055,0.990909090909091,0.00034713612695264084,False,0.01818181818181818,2024-06-17,109,intermittent,full,0.0,1.0
CA-SC-10-F-124-GR-1TO,0.08181818181818182,0.27408751693966066,3.3499585403736303,0.9181818181818182,0.0029348781642359618,False,0.16363636363636364,2024-06-17,109,intermittent,full,0.38461538461538464,0.6153846153846154
CA-SC-10-F-124-WR-1TO,0.2545454545454545,0.6386970207363742,2.5091668671786134,0.8181818181818182,0.00919685323355048,False,0.509090909090909,2024-06-17,109,intermittent,full,1.0769230769230769,0.46153846153846156
CA-SC-10-F-125-BE-1TO,0.02727272727272727,0.16287702606517196,5.972157622389639,0.9727272727272728,0.0008520614025201181,False,0.05454545454545454,2024-06-17,109,intermittent,full,0.07692307692307693,0.9230769230769231
CA-SC-10-F-125-BK-1TO,0.17272727272727273,0.4835304053444437,2.7993865572573053,0.8636363636363636,0.006766900344881996,False,0.34545454545454546,2024-06-17,109,intermittent,full,0.8461538461538461,0.46153846153846156
CA-SC-10-F-125-BR-1TO,0.02727272727272727,0.16287702606517196,5.972157622389639,0.9727272727272728,0.0007799292202961927,False,0.05454545454545454,2024-06-17,109,intermittent,full,0.0,1.0
CA-SC-10-F-126-BE-1TO,0.21818181818181817,0.49326036240911036,2.260776661041756,0.8090909090909091,0.008105853977413612,False,0.43636363636363634,2024-06-17,109,intermittent,full,0.8461538461538461,0.3076923076923077
CA-SC-10-F-126-BK-1TO,0.17272727272727273,0.4835304053444437,2.7993865572573053,0.8727272727272727,0.005811148930414985,False,0.34545454545454546,2024-06-17,109,intermittent,full,0.38461538461538464,0.6923076923076923
CA-SC-10-F-126-BR-1TO,0.00909090909090909,0.09491187735373227,10.44030650891055,0.990909090909091,0.00041025178639857526,False,0.01818181818181818,2024-06-17,109,intermittent,full,0.07692307692307693,0.9230769230769231
CA-SC-10-F-126-DB-1TO,0.01818181818181818,0.13360853142453696,7.348469228349534,0.9818181818181818,0.0008565696639091134,False,0.03636363636363636,2024-06-17,109,intermittent,full,0.15384615384615385,0.8461538461538461
CA-SC-10-F-126-GR-1TO,0.07272727272727272,0.25968830649246727,3.570714214271425,0.9272727272727272,0.0019024863061560312,False,0.14545454545454545,2024-06-17,109,intermittent,full,0.15384615384615385,0.8461538461538461
CA-SC-10-F-13-BE-1TO,7.695652173913044,3.5987290342043963,0.4676314564220402,0.0,0.09830403946962687,True,6.5636363636363635,2025-09-08,45,smooth,short,10.0,0.0
CA-SC-10-F-13-BK-1TO,17.717391304347824,9.20222809380202,0.5193895611225681,0.0,0.29472710453284,True,15.054545454545455,2025-09-08,45,smooth,short,21.615384615384617,0.0
CA-SC-10-F-13-BKWH-STI,0.01818181818181818,0.18982375470746454,10.44030650891055,0.990909090909091,0.0003877104794535988,False,0.03636363636363636,2024-06-17,109,intermittent,full,0.0,1.0
CA-SC-10-F-13-BR-1TO,0.6181818181818182,0.9907005618782021,1.6026038500970916,0.6363636363636364,0.019854383157135454,False,1.2181818181818183,2024-06-17,109,intermittent,full,1.3076923076923077,0.15384615384615385
CA-SC-10-F-13-DB-1TO,0.7636363636363637,1.3746224124680582,1.800100778231981,0.6636363636363637,0.025922502986723172,False,1.5272727272727273,2024-06-17,109,intermittent,full,1.9230769230769231,0.07692307692307693
CA-SC-10-F-13-DG-1TO,7.673913043478261,4.011149395210733,0.5226993546166961,0.021739130434782608,0.09071847055195807,True,6.618181818181818,2025-09-08,45,smooth,short,8.076923076923077,0.0
CA-SC-10-F-13-GR-1TO,4.553191489361702,2.313774760901088,0.5081654848707997,0.0425531914893617,0.06510175763182244,True,3.981818181818182,2025-09-01,46,smooth,short,5.461538461538462,0.0
CA-SC-10-F-13-PK-1TO,0.19090909090909092,0.47664460832430294,2.496709853127301,0.8454545454545455,0.003881613055924982,False,0.38181818181818183,2024-06-17,109,intermittent,full,0.0,1.0
CA-SC-10-F-13-RD-1TO,0.15454545454545454,0.5589985141688439,3.617049209327814,0.9,0.003962761760926899,False,0.3090909090909091,2024-06-17,109,intermittent,full,0.23076923076923078,0.8461538461538461
CA-SC-10-F-13-WH-1TO,0.22727272727272727,0.6830292275004304,3.0053286010018936,0.8818181818181818,0.004485720082050358,False,0.45454545454545453,2024-06-17,109,intermittent,full,0.0,1.0
CA-SC-10-F-13-WR-1TO,3.0869565217391304,1.7423882530012067,0.564435631253912,0.021739130434782608,0.04107308048103608,True,2.6,2025-09-08,45,smooth,short,3.5384615384615383,0.0
CA-SC-10-F-135-BE-1TO,0.32727272727272727,0.7520770138162339,2.298013097771826,0.8,0.010828843856366793,False,0.6363636363636364,2024-06-17,109,intermittent,full,0.6923076923076923,0.46153846153846156
CA-SC-10-F-135-BK-1TO,0.7090909090909091,1.2011014229028179,1.6938609810167944,0.6545454545454545,0.024425760205576717,False,1.4,2026-04-27,13,smooth,short,2.5384615384615383,0.15384615384615385
CA-SC-10-F-135-DG-1TO,0.17272727272727273,0.4643488286953504,2.688335324025713,0.8545454545454545,0.0056037689065211995,False,0.34545454545454546,2024-06-17,109,intermittent,full,0.6153846153846154,0.6153846153846154
CA-SC-10-F-135-GR-1TO,0.24545454545454545,0.5750314400315807,2.3427206816101434,0.8090909090909091,0.009426774564389244,False,0.4909090909090909,2024-06-17,109,intermittent,full,0.9230769230769231,0.3076923076923077
CA-SC-10-F-135-WR-1TO,0.1,0.40339468604243256,4.033946860424325,0.9272727272727272,0.004503753127606337,False,0.2,2024-06-17,109,intermittent,full,0.6153846153846154,0.6153846153846154
CA-SC-10-F-136-BE-1TO,0.2,0.5187397315522584,2.593698657761292,0.8363636363636363,0.006987805152942766,False,0.4,2024-06-17,109,intermittent,full,0.6153846153846154,0.5384615384615384
CA-SC-10-F-136-BK-1TO,0.6545454545454545,1.0568939366788088,1.614699069925958,0.6272727272727273,0.01795189685097942,False,1.1818181818181819,2024-06-17,109,intermittent,full,1.3846153846153846,0.07692307692307693
CA-SC-10-F-136-BR-1TO,0.14545454545454545,0.37746435440048537,2.595067436503337,0.8636363636363636,0.005454996280684354,False,0.2909090909090909,2024-06-17,109,intermittent,full,0.6153846153846154,0.46153846153846156
CA-SC-10-F-136-DG-1TO,0.03636363636363636,0.18719327529067276,5.147815070493501,0.9636363636363636,0.001704122805040236,False,0.07272727272727272,2024-06-17,109,intermittent,full,0.23076923076923078,0.7692307692307693
CA-SC-10-F-136-GR-1TO,0.03636363636363636,0.23070140982635487,6.344288770224759,0.9727272727272728,0.0010098505511349548,False,0.07272727272727272,2024-06-17,109,intermittent,full,0.0,1.0
CA-SC-10-F-136-WR-1TO,0.06363636363636363,0.24410402876541004,3.8359204520278727,0.9363636363636364,0.0023758537520005407,False,0.10909090909090909,2024-06-17,109,intermittent,full,0.3076923076923077,0.6923076923076923
CA-SC-10-F-137-BE-1TO,0.00909090909090909,0.09491187735373227,10.44030650891055,0.990909090909091,0.0004823839686225006,False,0.01818181818181818,2024-06-17,109,intermittent,full,0.07692307692307693,0.9230769230769231
CA-SC-10-F-137-BK-1TO,0.03636363636363636,0.2672170628490739,7.348469228349534,0.9818181818181818,0.001767238464486171,False,0.07272727272727272,2024-06-17,109,intermittent,full,0.3076923076923077,0.8461538461538461
CA-SC-10-F-137-DG-1TO,0.01818181818181818,0.18982375470746454,10.44030650891055,0.990909090909091,0.0009467348916890202,False,0.03636363636363636,2024-06-17,109,intermittent,full,0.15384615384615385,0.9230769230769231
CA-SC-10-F-14-BE-1TO,9.962962962962964,5.702380798965116,0.5723579240596957,0.018518518518518517,0.18639222412807313,True,9.818181818181818,2025-07-14,53,smooth,medium,12.461538461538462,0.0
CA-SC-10-F-14-BK-1TO,8.092592592592593,4.8429732163991925,0.5984452029417766,0.018518518518518517,0.16683819325328758,True,7.963636363636364,2025-07-14,53,smooth,medium,9.846153846153847,0.0
CA-SC-10-F-14-BKRD-STI,0.00909090909090909,0.09491187735373227,10.44030650891055,0.990909090909091,0.0001938552397267994,False,0.01818181818181818,2024-06-17,109,intermittent,full,0.0,1.0
CA-SC-10-F-14-BR-1TO,0.990909090909091,1.5868519696410621,1.6014102445918974,0.6090909090909091,0.032022180646033856,False,1.981818181818182,2026-04-27,13,smooth,short,2.3076923076923075,0.07692307692307693
CA-SC-10-F-14-DB-1TO,0.8818181818181818,1.2190295557742805,1.38240465087805,0.5636363636363636,0.02738768793814665,False,1.7636363636363637,2024-06-17,109,intermittent,full,2.076923076923077,0.23076923076923078
CA-SC-10-F-14-DG-1TO,1.2454545454545454,1.940882477995108,1.5583727925508166,0.5818181818181818,0.04223790095349728,False,2.4727272727272727,2026-04-27,13,smooth,short,3.230769230769231,0.0
CA-SC-10-F-14-GR-1TO,5.711538461538462,3.3760271283859127,0.591088924835244,0.057692307692307696,0.14996158114915045,True,5.472727272727273,2025-07-28,51,smooth,medium,8.153846153846153,0.0
CA-SC-10-F-14-RD-1TO,0.03636363636363636,0.18719327529067276,5.147815070493501,0.9636363636363636,0.0007123052994612629,False,0.07272727272727272,2024-06-17,109,intermittent,full,0.0,1.0
CA-SC-10-F-14-WH-1TO,0.00909090909090909,0.09491187735373227,10.44030650891055,0.990909090909091,7.664044361292078e-05,False,0.01818181818181818,2024-06-17,109,intermittent,full,0.0,1.0
CA-SC-10-F-14-WR-1TO,0.6909090909090909,1.1889296526743138,1.7208192341338753,0.6727272727272727,0.022397042580528822,False,1.3272727272727274,2024-06-17,109,intermittent,full,1.6923076923076923,0.3076923076923077
CA-SC-10-F-148-BE-1TO,0.2,0.46319051646752724,2.315952582337636,0.8272727272727273,0.00785339133962987,False,0.4,2024-06-17,109,intermittent,full,0.9230769230769231,0.3076923076923077
CA-SC-10-F-148-BK-1TO,2.7777777777777777,2.2299864363203734,0.8027951170753345,0.13333333333333333,0.0853754940711463,True,2.309090909090909,2026-04-27,13,smooth,short,4.3076923076923075,0.0
CA-SC-10-F-148-BKRD-STI,0.00909090909090909,0.09491187735373227,10.44030650891055,0.990909090909091,0.00020287176250479005,False,0.01818181818181818,2024-06-17,109,intermittent,full,0.0,1.0
CA-SC-10-F-148-BR-1TO,0.34545454545454546,0.7439008198355921,2.153397110050398,0.7909090909090909,0.011964925726393615,False,0.6909090909090909,2024-06-17,109,intermittent,full,1.1538461538461537,0.38461538461538464
CA-SC-10-F-148-DB-1TO,0.38181818181818183,0.7132743725793831,1.8680995472317174,0.7363636363636363,0.012866578004192683,False,0.7636363636363637,2024-06-17,109,intermittent,full,1.3846153846153846,0.15384615384615385
CA-SC-10-F-148-DG-1TO,0.9090909090909091,1.5287871279693022,1.6816658407662324,0.6454545454545455,0.031702094087415186,False,1.8181818181818181,2026-04-27,13,smooth,short,2.769230769230769,0.07692307692307693
CA-SC-10-F-148-GR-1TO,0.8727272727272727,1.5846369868727945,1.815729880791744,0.6818181818181818,0.03031354957960462,False,1.7454545454545454,2024-06-17,109,intermittent,full,3.076923076923077,0.23076923076923078
CA-SC-10-F-148-PK-1TO,0.02727272727272727,0.21144915181114557,7.753135566408671,0.9818181818181818,0.0004373013547325476,False,0.05454545454545454,2024-06-17,109,intermittent,full,0.0,1.0
CA-SC-10-F-148-WR-1TO,0.16363636363636364,0.4959338798903947,3.0307070437746346,0.8818181818181818,0.005995987647363795,False,0.32727272727272727,2024-06-17,109,intermittent,full,0.3076923076923077,0.7692307692307693
CA-SC-10-F-149-BE-1TO,0.14545454545454545,0.44387474966304374,3.051638903933426,0.8818181818181818,0.005058269278452765,False,0.2909090909090909,2024-06-17,109,intermittent,full,0.38461538461538464,0.6153846153846154
CA-SC-10-F-149-BK-1TO,0.37272727272727274,0.8827548914319915,2.3683667818907086,0.7818181818181819,0.013267813267813268,False,0.7454545454545455,2024-06-17,109,intermittent,full,0.9230769230769231,0.46153846153846156
CA-SC-10-F-149-BKRD-STI,0.01818181818181818,0.13360853142453696,7.348469228349534,0.9818181818181818,0.0006942722539052814,False,0.03636363636363636,2024-06-17,109,intermittent,full,0.0,1.0
CA-SC-10-F-149-BKWH-STI,0.045454545454545456,0.2082988952252655,4.582575694955841,0.9545454545454546,0.0015192840880914275,False,0.09090909090909091,2024-06-17,109,intermittent,full,0.0,1.0
CA-SC-10-F-149-BR-1TO,0.05454545454545454,0.22709083630539637,4.163331998932267,0.9454545454545454,0.0015959245317043482,False,0.10909090909090909,2024-06-17,109,intermittent,full,0.0,1.0
CA-SC-10-F-149-DB-1TO,0.045454545454545456,0.2082988952252655,4.582575694955841,0.9545454545454546,0.0014561684286454933,False,0.09090909090909091,2024-06-17,109,intermittent,full,0.07692307692307693,0.9230769230769231
CA-SC-10-F-149-DG-1TO,0.02727272727272727,0.16287702606517196,5.972157622389639,0.9727272727272728,0.0005725491964024075,False,0.05454545454545454,2024-06-17,109,intermittent,full,0.0,1.0
CA-SC-10-F-149-GR-1TO,0.01818181818181818,0.13360853142453696,7.348469228349534,0.9818181818181818,0.0004327930933435521,False,0.03636363636363636,2024-06-17,109,intermittent,full,0.0,1.0
CA-SC-10-F-149-WR-1TO,0.045454545454545456,0.24813352843556696,5.458937625582473,0.9636363636363636,0.0014110858147555396,False,0.09090909090909091,2024-06-17,109,intermittent,full,0.07692307692307693,0.9230769230769231
CA-SC-10-F-15-BE-1TO,0.13636363636363635,0.3687145416486044,2.7039066387564326,0.8727272727272727,0.005459504542073349,False,0.2727272727272727,2024-06-17,109,intermittent,full,0.6923076923076923,0.38461538461538464
CA-SC-10-F-15-BK-1TO,0.39090909090909093,0.8851856974715895,2.264428528415694,0.7818181818181819,0.01388995333949462,False,0.7272727272727273,2024-06-17,109,intermittent,full,1.4615384615384615,0.38461538461538464
CA-SC-10-F-15-BR-1TO,0.02727272727272727,0.21144915181114557,7.753135566408671,0.9818181818181818,0.0009332101075220342,False,0.05454545454545454,2024-06-17,109,intermittent,full,0.0,1.0
CA-SC-10-F-15-DG-1TO,0.37272727272727274,0.892993850218984,2.3958371591241034,0.7909090909090909,0.012618623627797938,False,0.7454545454545455,2024-06-17,109,intermittent,full,1.2307692307692308,0.3076923076923077
CA-SC-10-F-15-GR-1TO,0.18181818181818182,0.4302603478617902,2.366431913239846,0.8363636363636363,0.005779591100692019,False,0.34545454545454546,2024-06-17,109,intermittent,full,0.5384615384615384,0.5384615384615384
CA-SC-10-F-15-WR-1TO,0.08181818181818182,0.27408751693966066,3.3499585403736303,0.9181818181818182,0.002691432049230214,False,0.16363636363636364,2024-06-17,109,intermittent,full,0.15384615384615385,0.8461538461538461
CA-SC-10-F-150-BE-1TO,0.01818181818181818,0.133608531424537,7.3484692283495345,0.9818181818181818,0.000784437481685188,False,0.03636363636363636,2024-06-17,109,intermittent,full,0.07692307692307693,0.9230769230769231
CA-SC-10-F-150-BK-1TO,0.01818181818181818,0.13360853142453696,7.348469228349534,0.9818181818181818,0.0008655861866871039,False,0.03636363636363636,2024-06-17,109,intermittent,full,0.15384615384615385,0.8461538461538461
CA-SC-10-F-150-BR-1TO,0.00909090909090909,0.09491187735373227,10.44030650891055,0.990909090909091,0.00027500394472871535,False,0.01818181818181818,2024-06-17,109,intermittent,full,0.0,1.0
CA-SC-10-F-150-DB-1TO,0.01818181818181818,0.13360853142453696,7.348469228349534,0.9818181818181818,0.0009287018461330386,False,0.03636363636363636,2024-06-17,109,intermittent,full,0.15384615384615385,0.8461538461538461
CA-SC-10-F-150-DG-1TO,0.02727272727272727,0.162877026065172,5.9721576223896395,0.9727272727272728,0.0011225570858598383,False,0.05454545454545454,2024-06-17,109,intermittent,full,0.07692307692307693,0.9230769230769231
CA-SC-10-F-150-GR-1TO,0.01818181818181818,0.133608531424537,7.3484692283495345,0.9818181818181818,0.0009287018461330388,False,0.03636363636363636,2024-06-17,109,intermittent,full,0.15384615384615385,0.8461538461538461
CA-SC-10-F-151-BR-1TO,0.00909090909090909,0.09491187735373227,10.44030650891055,0.990909090909091,0.00021188828528278066,False,0.01818181818181818,2024-06-17,109,intermittent,full,0.0,1.0
CA-SC-10-F-151-DB-1TO,0.01818181818181818,0.13360853142453696,7.348469228349534,0.9818181818181818,0.0008565696639091134,False,0.03636363636363636,2024-06-17,109,intermittent,full,0.15384615384615385,0.8461538461538461
CA-SC-10-F-151-DG-1TO,0.00909090909090909,0.09491187735373227,10.44030650891055,0.990909090909091,0.0004373013547325474,False,0.01818181818181818,2024-06-17,109,intermittent,full,0.07692307692307693,0.9230769230769231
CA-SC-10-F-151-GR-1TO,0.00909090909090909,0.09491187735373227,10.44030650891055,0.990909090909091,0.0004823839686225006,False,0.01818181818181818,2024-06-17,109,intermittent,full,0.07692307692307693,0.9230769230769231
CA-SC-10-F-16-BE-1TO,1.1727272727272726,1.6561680355517887,1.4122363093852464,0.5454545454545454,0.03599846719112774,False,2.327272727272727,2026-04-27,13,smooth,short,2.6153846153846154,0.07692307692307693
CA-SC-10-F-16-BK-1TO,3.577777777777778,1.8913709183069523,0.5286440454895208,0.0,0.019499341238471694,True,2.963636363636364,2025-09-15,44,smooth,short,3.8461538461538463,0.0
CA-SC-10-F-16-BR-1TO,0.06363636363636363,0.27887021182141764,4.382246185765135,0.9454545454545454,0.0021865067736627367,False,0.12727272727272726,2024-06-17,109,intermittent,full,0.23076923076923078,0.8461538461538461
CA-SC-10-F-16-DB-1TO,0.1,0.3,2.9999999999999996,0.9,0.003241439938687645,False,0.2,2024-06-17,109,intermittent,full,0.38461538461538464,0.6153846153846154
CA-SC-10-F-16-DG-1TO,0.5,0.8918825850158447,1.7837651700316894,0.6818181818181818,0.015945720532876496,False,1.0,2024-06-17,109,intermittent,full,1.0769230769230769,0.38461538461538464
CA-SC-10-F-16-GR-1TO,0.41818181818181815,0.8244206580912461,1.9714407041312407,0.7363636363636363,0.01338953632531614,False,0.8181818181818182,2024-06-17,109,intermittent,full,1.0769230769230769,0.38461538461538464
CA-SC-10-F-16-PK-1TO,0.03636363636363636,0.18719327529067276,5.147815070493501,0.9636363636363636,0.0015959245317043482,False,0.07272727272727272,2024-06-17,109,intermittent,full,0.23076923076923078,0.7692307692307693
CA-SC-10-F-16-WH-1TO,0.10909090909090909,0.389532459738701,3.570714214271426,0.9181818181818182,0.0035434934517503324,False,0.21818181818181817,2024-06-17,109,intermittent,full,0.23076923076923078,0.8461538461538461
CA-SC-10-F-16-WR-1TO,0.17272727272727273,0.4643488286953503,2.6883353240257124,0.8636363636363636,0.005730000225413068,False,0.34545454545454546,2024-06-17,109,intermittent,full,0.6923076923076923,0.46153846153846156
CA-SC-10-F-165-BK-1TO,0.01818181818181818,0.13360853142453696,7.348469228349534,0.9818181818181818,0.0006131235489033656,False,0.03636363636363636,2024-06-17,109,intermittent,full,0.0,1.0
CA-SC-10-F-165-DG-1TO,0.01818181818181818,0.133608531424537,7.3484692283495345,0.9818181818181818,0.0008655861866871039,False,0.03636363636363636,2024-06-17,109,intermittent,full,0.07692307692307693,0.9230769230769231
CA-SC-10-F-165-GR-1TO,0.02727272727272727,0.162877026065172,5.9721576223896395,0.9727272727272728,0.001338953632531614,False,0.05454545454545454,2024-06-17,109,intermittent,full,0.15384615384615385,0.8461538461538461
CA-SC-10-F-167-BK-1TO,0.1,0.3801913393877543,3.801913393877543,0.9181818181818182,0.003322588643689561,False,0.2,2024-06-17,109,intermittent,full,0.23076923076923078,0.7692307692307693
CA-SC-10-F-167-BKRD-STI,0.00909090909090909,0.09491187735373227,10.44030650891055,0.990909090909091,0.00020287176250479005,False,0.01818181818181818,2024-06-17,109,intermittent,full,0.0,1.0
CA-SC-10-F-167-DG-1TO,0.05454545454545454,0.22709083630539628,4.163331998932265,0.9454545454545454,0.0021729819894957506,False,0.10909090909090909,2024-06-17,109,intermittent,full,0.15384615384615385,0.8461538461538461
CA-SC-10-F-167-GR-1TO,0.03636363636363636,0.18719327529067276,5.147815070493501,0.9636363636363636,0.0011721479611387867,False,0.07272727272727272,2024-06-17,109,intermittent,full,0.07692307692307693,0.9230769230769231
CA-SC-10-F-168-BE-1TO,0.00909090909090909,0.09491187735373227,10.44030650891055,0.990909090909091,0.0002209048080607714,False,0.01818181818181818,2024-06-17,109,intermittent,full,0.0,1.0
CA-SC-10-F-168-BK-1TO,0.6,1.1135528725660047,1.8559214542766744,0.6727272727272727,0.009169803665216511,False,1.0727272727272728,2024-06-17,109,intermittent,full,0.15384615384615385,0.8461538461538461
CA-SC-10-F-168-BR-1TO,0.00909090909090909,0.09491187735373227,10.44030650891055,0.990909090909091,0.00032910308139665935,False,0.01818181818181818,2024-06-17,109,intermittent,full,0.0,1.0
CA-SC-10-F-168-DG-1TO,0.11818181818181818,0.4417283859365942,3.7377017271557973,0.9181818181818182,0.004107026125374748,False,0.23636363636363636,2024-06-17,109,intermittent,full,0.15384615384615385,0.8461538461538461
CA-SC-10-F-168-GR-1TO,0.00909090909090909,0.09491187735373227,10.44030650891055,0.990909090909091,0.00024795437639474344,False,0.01818181818181818,2024-06-17,109,intermittent,full,0.0,1.0
CA-SC-10-F-168-WR-1TO,0.00909090909090909,0.09491187735373227,10.44030650891055,0.990909090909091,0.0004282848319545567,False,0.01818181818181818,2024-06-17,109,intermittent,full,0.07692307692307693,0.9230769230769231
CA-SC-10-F-169-BE-1TO,0.4090909090909091,0.8344345341220826,2.039728861187313,0.7545454545454545,0.01220386358001037,False,0.8181818181818182,2024-06-17,109,intermittent,full,0.7692307692307693,0.5384615384615384
CA-SC-10-F-169-BK-1TO,33.1063829787234,13.710120570808021,0.41412317919535796,0.0,-0.514801110083256,True,28.78181818181818,2025-09-01,46,smooth,short,21.23076923076923,0.0
CA-SC-10-F-169-BKRD-STI,0.15454545454545454,0.7767808119103268,5.026228782949174,0.9363636363636364,0.004170141784820683,False,0.3090909090909091,2024-06-17,109,intermittent,full,0.0,1.0
CA-SC-10-F-169-BKWH-STI,0.1,0.4253340932832577,4.253340932832577,0.9363636363636364,0.0030070103464598873,False,0.2,2024-06-17,109,intermittent,full,0.0,1.0
CA-SC-10-F-169-BR-1TO,0.9636363636363636,1.6399959685497716,1.7018826088724044,0.6181818181818182,0.03019633478349075,False,1.9272727272727272,2026-04-27,13,smooth,short,2.1538461538461537,0.07692307692307693
CA-SC-10-F-169-DB-1TO,9.212765957446809,4.191867355242469,0.4550063872895982,0.0,-0.04891304347826075,True,7.945454545454545,2025-09-01,46,smooth,short,7.538461538461538,0.0
CA-SC-10-F-169-DG-1TO,9.53191489361702,3.8140337937662463,0.4001330096138696,0.0,-0.13586956521739132,True,8.236363636363636,2025-09-01,46,smooth,short,7.076923076923077,0.0
CA-SC-10-F-169-GR-1TO,2.595744680851064,1.6968001733937776,0.6536853127008816,0.0851063829787234,-0.012604070305272875,True,2.2363636363636363,2026-04-27,13,smooth,short,2.4615384615384617,0.0
CA-SC-10-F-169-OR-1TO,0.00909090909090909,0.09491187735373227,10.44030650891055,0.990909090909091,0.00020287176250479005,False,0.01818181818181818,2024-06-17,109,intermittent,full,0.0,1.0
CA-SC-10-F-169-PK-1TO,0.00909090909090909,0.09491187735373227,10.44030650891055,0.990909090909091,0.00011270653472488335,False,0.01818181818181818,2024-06-17,109,intermittent,full,0.0,1.0
CA-SC-10-F-169-RD-1TO,0.11818181818181818,0.46185039257747407,3.9079648602709347,0.9272727272727272,0.002141424159772784,False,0.23636363636363636,2024-06-17,109,intermittent,full,0.0,1.0
CA-SC-10-F-169-WH-1TO,0.1,0.3554766326548573,3.554766326548573,0.9181818181818182,0.002466018979780448,False,0.2,2024-06-17,109,intermittent,full,0.0,1.0
CA-SC-10-F-169-WR-1TO,0.7272727272727273,1.1670404753368153,1.604680653588121,0.6363636363636364,0.023343777472217834,False,1.4545454545454546,2024-06-17,109,intermittent,full,1.5384615384615385,0.23076923076923078
CA-SC-10-F-17-BE-1TO,0.2909090909090909,0.5930729611018216,2.038688303787512,0.7818181818181819,0.008574713161869125,False,0.5454545454545454,2024-06-17,109,intermittent,full,0.6923076923076923,0.5384615384615384
CA-SC-10-F-17-BK-1TO,2.5,1.9308704952857965,0.7723481981143185,0.08695652173913043,0.05926611162503855,True,2.1272727272727274,2026-04-27,13,smooth,short,4.0,0.0
CA-SC-10-F-17-BKRD-STI,0.00909090909090909,0.09491187735373227,10.44030650891055,0.990909090909091,0.00020287176250479005,False,0.01818181818181818,2024-06-17,109,intermittent,full,0.0,1.0
CA-SC-10-F-17-BR-1TO,0.19090909090909092,0.5133748328543818,2.689106267332476,0.8545454545454545,0.006027545477086761,False,0.38181818181818183,2024-06-17,109,intermittent,full,0.6153846153846154,0.6153846153846154
CA-SC-10-F-17-DB-1TO,0.3181818181818182,0.6866495491193344,2.158041440089337,0.7727272727272727,0.010454658161080179,False,0.6,2024-06-17,109,intermittent,full,0.7692307692307693,0.46153846153846156
CA-SC-10-F-17-DG-1TO,0.7090909090909091,1.4099997069339125,1.9884611251632098,0.7181818181818181,0.026382345648400692,False,1.4181818181818182,2026-04-27,13,smooth,short,2.769230769230769,0.15384615384615385
CA-SC-10-F-17-GR-1TO,0.3181818181818182,0.631474726793173,1.9846348556356865,0.7545454545454545,0.008633320559926064,False,0.5818181818181818,2024-06-17,109,intermittent,full,0.8461538461538461,0.5384615384615384
CA-SC-10-F-17-PK-1TO,0.18181818181818182,0.47062469474708296,2.5884358211089564,0.8545454545454545,0.005806640669025991,False,0.36363636363636365,2024-06-17,109,intermittent,full,0.15384615384615385,0.8461538461538461
CA-SC-10-F-17-RD-1TO,0.05454545454545454,0.22709083630539637,4.163331998932267,0.9454545454545454,0.0019295358744900028,False,0.10909090909090909,2024-06-17,109,intermittent,full,0.15384615384615385,0.8461538461538461
CA-SC-10-F-17-WH-1TO,0.14545454545454545,0.4228983036222912,2.907425837403252,0.8818181818181818,0.006491896400153281,False,0.2909090909090909,2024-06-17,109,intermittent,full,0.8461538461538461,0.38461538461538464
CA-SC-10-F-17-WR-1TO,0.20909090909090908,0.5409663835204306,2.5872305298803204,0.8545454545454545,0.006857065572661902,False,0.41818181818181815,2024-06-17,109,intermittent,full,0.6153846153846154,0.6153846153846154
CA-SC-10-F-170-BE-1TO,0.00909090909090909,0.09491187735373227,10.44030650891055,0.990909090909091,0.00041025178639857526,False,0.01818181818181818,2024-06-17,109,intermittent,full,0.07692307692307693,0.9230769230769231
CA-SC-10-F-170-BK-1TO,0.01818181818181818,0.18982375470746454,10.44030650891055,0.990909090909091,0.0009467348916890202,False,0.03636363636363636,2024-06-17,109,intermittent,full,0.15384615384615385,0.9230769230769231
CA-SC-10-F-170-DB-1TO,0.00909090909090909,0.09491187735373227,10.44030650891055,0.990909090909091,0.0004643509230665193,False,0.01818181818181818,2024-06-17,109,intermittent,full,0.07692307692307693,0.9230769230769231
CA-SC-10-F-170-DG-1TO,0.00909090909090909,0.09491187735373227,10.44030650891055,0.990909090909091,0.00032008655861866865,False,0.01818181818181818,2024-06-17,109,intermittent,full,0.0,1.0
CA-SC-10-F-171-BE-1TO,0.2545454545454545,0.6243012623050689,2.452612101912771,0.8272727272727273,0.01082884385636679,False,0.509090909090909,2024-06-17,109,intermittent,full,1.2307692307692308,0.38461538461538464
CA-SC-10-F-171-BK-1TO,26.375,9.336587974201283,0.35399385684175483,0.0,0.1748533724340183,True,15.527272727272727,2025-12-15,31,smooth,short,27.0,0.0
CA-SC-10-F-171-BR-1TO,0.5727272727272728,1.2318433409037552,2.150837579355763,0.7727272727272727,0.02356468228027861,False,1.1454545454545455,2026-04-27,13,smooth,short,2.6923076923076925,0.07692307692307693
CA-SC-10-F-171-DB-1TO,5.375,2.9869507863371303,0.5557117742022568,0.03125,0.07404692082111446,True,3.1454545454545455,2025-12-15,31,smooth,short,5.769230769230769,0.0
CA-SC-10-F-171-DG-1TO,7.28125,3.3562849160194967,0.46094900134173344,0.0,0.18750000000000022,True,4.2727272727272725,2025-12-15,31,smooth,short,8.923076923076923,0.0
CA-SC-10-F-171-GR-1TO,0.5727272727272728,1.3447479717173834,2.3479726490303516,0.7636363636363637,0.023528616189166646,False,1.1454545454545455,2026-04-27,13,smooth,short,2.4615384615384617,0.15384615384615385
CA-SC-10-F-171-WR-1TO,0.7363636363636363,1.4995591638713068,2.036438370689429,0.7272727272727273,0.029795099519870156,False,1.4727272727272727,2026-04-27,13,smooth,short,3.076923076923077,0.0
CA-SC-10-F-172-BK-1TO,0.3181818181818182,1.1113613125091897,3.492849839314596,0.9,0.015792439645650653,False,0.6363636363636364,2026-04-27,13,smooth,short,2.6923076923076925,0.15384615384615385
CA-SC-10-F-172-DB-1TO,0.1,0.42533409328325766,4.253340932832576,0.9363636363636364,0.005035727971507788,False,0.2,2024-06-17,109,intermittent,full,0.8461538461538461,0.46153846153846156
CA-SC-10-F-172-DG-1TO,0.07272727272727272,0.37438655058134546,5.1478150704935,0.9545454545454546,0.0037418569528661267,False,0.14545454545454545,2024-06-17,109,intermittent,full,0.6153846153846154,0.6153846153846154
CA-SC-10-F-172-GR-1TO,0.01818181818181818,0.133608531424537,7.3484692283495345,0.9818181818181818,0.0008746027094650946,False,0.03636363636363636,2024-06-17,109,intermittent,full,0.15384615384615385,0.8461538461538461
CA-SC-10-F-172-WR-1TO,0.00909090909090909,0.09491187735373227,10.44030650891055,0.990909090909091,0.0004553344002885287,False,0.01818181818181818,2024-06-17,109,intermittent,full,0.07692307692307693,0.9230769230769231
CA-SC-10-F-173-BE-1TO,0.38181818181818183,0.7743832523289765,2.0281466132425576,0.7454545454545455,0.011541149155828056,False,0.6727272727272727,2024-06-17,109,intermittent,full,1.2307692307692308,0.3076923076923077
CA-SC-10-F-173-BK-1TO,18.54054054054054,7.720084702639215,0.41638940815984105,0.0,0.21716453295400642,True,12.781818181818181,2025-11-10,36,smooth,short,19.46153846153846,0.0
CA-SC-10-F-173-BKWH-STI,0.00909090909090909,0.09491187735373227,10.44030650891055,0.990909090909091,0.0001938552397267994,False,0.01818181818181818,2024-06-17,109,intermittent,full,0.0,1.0
CA-SC-10-F-173-BR-1TO,0.2818181818181818,0.6198506884993014,2.199470184997521,0.8,0.010139079863850506,False,0.5636363636363636,2024-06-17,109,intermittent,full,0.9230769230769231,0.3076923076923077
CA-SC-10-F-173-DB-1TO,3.4054054054054053,1.837440338571193,0.5395658137074139,0.02702702702702703,0.012328117591275462,True,2.4,2025-11-10,36,smooth,short,3.3076923076923075,0.0
CA-SC-10-F-173-DG-1TO,6.783783783783784,3.7281626163287305,0.5495697880643945,0.0,0.10929350403034604,True,4.654545454545454,2025-11-10,36,smooth,short,7.384615384615385,0.0
CA-SC-10-F-173-GR-1TO,0.3181818181818182,0.6997638326518478,2.1992577597629506,0.7818181818181819,0.009850551134954805,False,0.5454545454545454,2024-06-17,109,intermittent,full,1.0,0.38461538461538464
CA-SC-10-F-173-WR-1TO,0.6636363636363637,1.2952870705142248,1.9518024350214345,0.7181818181818181,0.023871244054730293,False,1.3272727272727274,2024-06-17,109,intermittent,full,2.0,0.23076923076923078
CA-SC-10-F-174-BE-1TO,0.03636363636363636,0.18719327529067276,5.147815070493501,0.9636363636363636,0.0009016522777990668,False,0.07272727272727272,2024-06-17,109,intermittent,full,0.07692307692307693,0.9230769230769231
CA-SC-10-F-174-BK-1TO,5.76595744680851,5.104077493731753,0.8852090118280161,0.1276595744680851,-0.14673913043478257,True,5.0,2025-09-01,46,smooth,short,3.6153846153846154,0.23076923076923078
CA-SC-10-F-174-BR-1TO,0.16363636363636364,0.580395989073177,3.546864377669415,0.9,0.0030295516534048655,False,0.32727272727272727,2024-06-17,109,intermittent,full,0.0,1.0
CA-SC-10-F-174-DB-1TO,0.33636363636363636,0.6779282977273512,2.01546250675699,0.7636363636363637,0.008029213533800688,False,0.6727272727272727,2024-06-17,109,intermittent,full,0.23076923076923078,0.7692307692307693
CA-SC-10-F-174-DG-1TO,0.9272727272727272,1.8523159504159354,1.997595632801499,0.7,0.025390528142821726,False,1.8545454545454545,2024-06-17,109,intermittent,full,1.4615384615384615,0.46153846153846156
CA-SC-10-F-174-GR-1TO,0.17272727272727273,0.5019795524464917,2.9061974089007414,0.8727272727272727,0.004233257444266619,False,0.34545454545454546,2024-06-17,109,intermittent,full,0.23076923076923078,0.7692307692307693
CA-SC-10-F-174-RD-1TO,0.02727272727272727,0.16287702606517196,5.972157622389639,0.9727272727272728,0.0003020535130626877,False,0.05454545454545454,2024-06-17,109,intermittent,full,0.0,1.0
CA-SC-10-F-174-WH-1TO,0.01818181818181818,0.13360853142453696,7.348469228349534,0.9818181818181818,0.00021639654667177617,False,0.03636363636363636,2024-06-17,109,intermittent,full,0.0,1.0
CA-SC-10-F-174-WR-1TO,0.2,0.6149648918286458,3.0748244591432288,0.8818181818181818,0.004057435250095801,False,0.4,2024-06-17,109,intermittent,full,0.15384615384615385,0.8461538461538461
CA-SC-10-F-175-BK-1TO,0.23636363636363636,0.6168434710431773,2.6097223774903653,0.8272727272727273,0.008583729684647115,False,0.4727272727272727,2024-06-17,109,intermittent,full,0.8461538461538461,0.5384615384615384
CA-SC-10-F-175-BR-1TO,0.01818181818181818,0.13360853142453696,7.348469228349534,0.9818181818181818,0.0007934540044631786,False,0.03636363636363636,2024-06-17,109,intermittent,full,0.15384615384615385,0.8461538461538461
CA-SC-10-F-175-DB-1TO,0.00909090909090909,0.09491187735373227,10.44030650891055,0.990909090909091,0.00034713612695264084,False,0.01818181818181818,2024-06-17,109,intermittent,full,0.0,1.0
CA-SC-10-F-175-DG-1TO,0.01818181818181818,0.13360853142453696,7.348469228349534,0.9818181818181818,0.0006041070261253748,False,0.03636363636363636,2024-06-17,109,intermittent,full,0.0,1.0
CA-SC-10-F-175-GR-1TO,0.00909090909090909,0.09491187735373227,10.44030650891055,0.990909090909091,0.0004282848319545567,False,0.01818181818181818,2024-06-17,109,intermittent,full,0.07692307692307693,0.9230769230769231
CA-SC-10-F-175-WR-1TO,0.05454545454545454,0.22709083630539634,4.163331998932266,0.9454545454545454,0.002127899375605798,False,0.10909090909090909,2024-06-17,109,intermittent,full,0.23076923076923078,0.7692307692307693
CA-SC-10-F-176-BE-1TO,0.2636363636363636,0.6698340734468599,2.5407499337639514,0.8272727272727273,0.011049748664427561,False,0.509090909090909,2024-06-17,109,intermittent,full,1.3076923076923077,0.23076923076923078
CA-SC-10-F-176-BK-1TO,5.375,2.4119926064010504,0.4487428104932187,0.0,-0.037826086956521836,True,2.381818181818182,2026-02-09,23,smooth,short,5.076923076923077,0.0
CA-SC-10-F-176-BR-1TO,0.03636363636363636,0.23070140982635487,6.344288770224759,0.9727272727272728,0.0015778914861483667,False,0.07272727272727272,2024-06-17,109,intermittent,full,0.15384615384615385,0.8461538461538461
CA-SC-10-F-176-DB-1TO,0.42727272727272725,1.186738011288935,2.777471941314529,0.8363636363636363,0.018812974776277525,False,0.8545454545454545,2024-06-17,109,intermittent,full,2.230769230769231,0.23076923076923078
CA-SC-10-F-176-DG-1TO,0.4909090909090909,1.0246547493531177,2.0872596746082026,0.7454545454545455,0.018781416946554563,False,0.9818181818181818,2024-06-17,109,intermittent,full,1.5384615384615385,0.3076923076923077
CA-SC-10-F-176-GR-1TO,0.05454545454545454,0.22709083630539634,4.163331998932266,0.9454545454545454,0.001568874963370376,False,0.09090909090909091,2024-06-17,109,intermittent,full,0.15384615384615385,0.8461538461538461
CA-SC-10-F-176-WR-1TO,0.07272727272727272,0.29260867162601967,4.02336923485777,0.9363636363636364,0.0031016838356287893,False,0.14545454545454545,2024-06-17,109,intermittent,full,0.23076923076923078,0.7692307692307693
CA-SC-10-F-177-BE-1TO,0.5727272727272728,1.2824627650741571,2.2392207009231315,0.7545454545454545,0.0131415819489214,False,1.1454545454545455,2024-06-17,109,intermittent,full,0.5384615384615384,0.6923076923076923
CA-SC-10-F-177-BK-1TO,9.735849056603774,9.516918288661783,0.9775129249982063,0.0,-0.24842767295597484,True,9.472727272727273,2025-07-21,52,smooth,medium,3.3076923076923075,0.0
CA-SC-10-F-177-BKRD-STI,0.02727272727272727,0.21144915181114557,7.753135566408671,0.9818181818181818,0.0005725491964024076,False,0.05454545454545454,2024-06-17,109,intermittent,full,0.0,1.0
CA-SC-10-F-177-BR-1TO,0.2727272727272727,0.5863460180580763,2.1499353995462798,0.8,0.007105019949056647,False,0.5454545454545454,2024-06-17,109,intermittent,full,0.46153846153846156,0.6153846153846154
CA-SC-10-F-177-DB-1TO,1.3909090909090909,2.5834981730044553,1.8574169871273862,0.6,0.03171561887158218,False,2.7636363636363637,2024-06-17,109,intermittent,full,1.2307692307692308,0.23076923076923078
CA-SC-10-F-177-DG-1TO,9.382978723404255,8.022715599801105,0.8550286466908207,0.0425531914893617,-0.39026364477335806,True,8.254545454545454,2025-09-01,46,smooth,short,4.384615384615385,0.0
CA-SC-10-F-177-GR-1TO,0.8545454545454545,1.7829310068554565,2.0864086250436196,0.7,0.0178797646687555,False,1.6727272727272726,2024-06-17,109,intermittent,full,0.5384615384615384,0.6153846153846154
CA-SC-10-F-177-RD-1TO,0.09090909090909091,0.3703917961356975,4.0743097574926725,0.9363636363636364,0.0018844532606000495,False,0.18181818181818182,2024-06-17,109,intermittent,full,0.0,1.0
CA-SC-10-F-177-WR-1TO,0.2545454545454545,0.6243012623050688,2.4526121019127705,0.8181818181818182,0.0046525257534431865,False,0.4727272727272727,2024-06-17,109,intermittent,full,0.07692307692307693,0.9230769230769231
CA-SC-10-F-178-BE-1TO,0.045454545454545456,0.2082988952252655,4.582575694955841,0.9545454545454546,0.0020783085003268486,False,0.09090909090909091,2024-06-17,109,intermittent,full,0.3076923076923077,0.6923076923076923
CA-SC-10-F-178-BK-1TO,0.2818181818181818,0.8105196782067233,2.8760375678303087,0.8454545454545455,0.01196041746500462,False,0.5636363636363636,2024-06-17,109,intermittent,full,1.3076923076923077,0.23076923076923078
CA-SC-10-F-178-BR-1TO,0.01818181818181818,0.13360853142453696,7.348469228349534,0.9818181818181818,0.0006942722539052814,False,0.03636363636363636,2024-06-17,109,intermittent,full,0.07692307692307693,0.9230769230769231
CA-SC-10-F-178-DB-1TO,0.11818181818181818,0.34985238917988837,2.960289446906748,0.8909090909090909,0.005008678403173816,False,0.23636363636363636,2024-06-17,109,intermittent,full,0.5384615384615384,0.5384615384615384
CA-SC-10-F-178-DG-1TO,0.21818181818181817,0.5936300988114366,2.7208046195524176,0.8545454545454545,0.009647679372450015,False,0.43636363636363634,2024-06-17,109,intermittent,full,1.1538461538461537,0.23076923076923078
CA-SC-10-F-178-GR-1TO,0.03636363636363636,0.18719327529067276,5.147815070493501,0.9636363636363636,0.0014696932128124788,False,0.07272727272727272,2024-06-17,109,intermittent,full,0.15384615384615385,0.8461538461538461
CA-SC-10-F-178-WR-1TO,0.01818181818181818,0.13360853142453696,7.348469228349534,0.9818181818181818,0.0008205035727971506,False,0.03636363636363636,2024-06-17,109,intermittent,full,0.07692307692307693,0.9230769230769231
CA-SC-10-F-179-BE-1TO,0.00909090909090909,0.09491187735373227,10.44030650891055,0.990909090909091,0.00032008655861866865,False,0.01818181818181818,2024-06-17,109,intermittent,full,0.0,1.0
CA-SC-10-F-179-BK-1TO,4.44,2.3337523433303717,0.52561989714648,0.0,0.025384615384615478,True,2.036363636363636,2026-02-02,24,smooth,short,4.153846153846154,0.0
CA-SC-10-F-179-DB-1TO,0.22727272727272727,0.6418593857492311,2.824181297296617,0.8636363636363636,0.009471857178279195,False,0.45454545454545453,2024-06-17,109,intermittent,full,1.0769230769230769,0.38461538461538464
CA-SC-10-F-179-DG-1TO,4.6923076923076925,2.349619130661733,0.5007385032557792,0.0,0.15794871794871804,True,2.2545454545454544,2026-01-26,25,smooth,short,5.461538461538462,0.0
CA-SC-10-F-179-GR-1TO,0.21818181818181817,0.6235064799811726,2.857738033247041,0.8545454545454545,0.009620629804116043,False,0.43636363636363634,2024-06-17,109,intermittent,full,1.2307692307692308,0.3076923076923077
CA-SC-10-F-179-WR-1TO,0.09090909090909091,0.39417242524870544,4.33589667773576,0.9363636363636364,0.004409079638437436,False,0.18181818181818182,2024-06-17,109,intermittent,full,0.5384615384615384,0.6923076923076923
CA-SC-10-F-18-BE-1TO,0.6363636363636364,1.0764189174993226,1.6915154417846499,0.6727272727272727,0.021522439871063725,False,1.2727272727272727,2024-06-17,109,intermittent,full,1.8461538461538463,0.15384615384615385
CA-SC-10-F-18-BK-1TO,7.673913043478261,3.799624396918194,0.49513519053324906,0.0,0.14683934628430467,True,6.490909090909091,2025-09-08,45,smooth,short,9.076923076923077,0.0
CA-SC-10-F-18-BKRD-STI,0.045454545454545456,0.390486028998446,8.59069263796581,0.9818181818181818,0.0009782927214119876,False,0.09090909090909091,2024-06-17,109,intermittent,full,0.0,1.0
CA-SC-10-F-18-BKWH-STI,0.00909090909090909,0.09491187735373227,10.44030650891055,0.990909090909091,0.00020287176250479005,False,0.01818181818181818,2024-06-17,109,intermittent,full,0.0,1.0
CA-SC-10-F-18-BR-1TO,0.2,0.44312936752559784,2.215646837627989,0.8181818181818182,0.006744359037937021,False,0.4,2024-06-17,109,intermittent,full,0.6153846153846154,0.46153846153846156
CA-SC-10-F-18-DB-1TO,0.24545454545454545,0.5750314400315807,2.3427206816101434,0.8181818181818182,0.009760385907174898,False,0.4909090909090909,2024-06-17,109,intermittent,full,1.0,0.3076923076923077
CA-SC-10-F-18-DG-1TO,0.9818181818181818,1.5549441275072946,1.5837393891278,0.6272727272727273,0.033929175213578876,False,1.9636363636363636,2026-04-27,13,smooth,short,3.076923076923077,0.0
CA-SC-10-F-18-GR-1TO,0.7,1.338588130015421,1.9122687571648873,0.6909090909090909,0.024457318035299682,False,1.4,2026-04-27,13,smooth,short,2.076923076923077,0.07692307692307693
CA-SC-10-F-18-PK-1TO,0.17272727272727273,0.4643488286953503,2.6883353240257124,0.8636363636363636,0.006343123774316435,False,0.34545454545454546,2024-06-17,109,intermittent,full,0.5384615384615384,0.6153846153846154
CA-SC-10-F-18-RD-1TO,0.08181818181818182,0.3054599566620262,3.7333994703136533,0.9272727272727272,0.0030611094831278314,False,0.16363636363636364,2024-06-17,109,intermittent,full,0.3076923076923077,0.7692307692307693
CA-SC-10-F-18-WH-1TO,0.15454545454545454,0.4707124896727133,3.0457866978822623,0.8909090909090909,0.004945562743727882,False,0.3090909090909091,2024-06-17,109,intermittent,full,0.38461538461538464,0.6923076923076923
CA-SC-10-F-18-WR-1TO,0.4818181818181818,0.960414855265617,1.9933138505512806,0.7090909090909091,0.016919504992899487,False,0.9636363636363636,2024-06-17,109,intermittent,full,1.3846153846153846,0.15384615384615385
CA-SC-10-F-180-BE-1TO,0.045454545454545456,0.20829889522526548,4.582575694955841,0.9545454545454546,0.0020963415458828305,False,0.09090909090909091,2024-06-17,109,intermittent,full,0.3076923076923077,0.6923076923076923
CA-SC-10-F-180-BK-1TO,0.045454545454545456,0.20829889522526548,4.582575694955841,0.9545454545454546,0.0022496224331086715,False,0.09090909090909091,2024-06-17,109,intermittent,full,0.38461538461538464,0.6153846153846154
CA-SC-10-F-180-DB-1TO,0.01818181818181818,0.13360853142453696,7.348469228349534,0.9818181818181818,0.0008746027094650946,False,0.03636363636363636,2024-06-17,109,intermittent,full,0.15384615384615385,0.8461538461538461
CA-SC-10-F-180-DG-1TO,0.10909090909090909,0.41221032904562305,3.7785946829182113,0.9272727272727272,0.005310731916236504,False,0.21818181818181817,2024-06-17,109,intermittent,full,0.9230769230769231,0.38461538461538464
CA-SC-10-F-180-GR-1TO,0.02727272727272727,0.162877026065172,5.9721576223896395,0.9727272727272728,0.0012578049275296982,False,0.05454545454545454,2024-06-17,109,intermittent,full,0.15384615384615385,0.8461538461538461
CA-SC-10-F-180-WR-1TO,0.03636363636363636,0.18719327529067276,5.147815070493501,0.9636363636363636,0.0016319906228163105,False,0.07272727272727272,2024-06-17,109,intermittent,full,0.23076923076923078,0.7692307692307693
CA-SC-10-F-181-BK-1TO,0.02727272727272727,0.21144915181114557,7.753135566408671,0.9818181818181818,0.000987309244189978,False,0.05454545454545454,2024-06-17,109,intermittent,full,0.07692307692307693,0.9230769230769231
CA-SC-10-F-181-DG-1TO,0.11818181818181818,0.4206449200457918,3.5593031696182384,0.9090909090909091,0.005441471496517368,False,0.23636363636363636,2024-06-17,109,intermittent,full,0.7692307692307693,0.46153846153846156
CA-SC-10-F-181-GR-1TO,0.045454545454545456,0.28240408303652853,6.212889826803628,0.9727272727272728,0.0020061763181029235,False,0.09090909090909091,2024-06-17,109,intermittent,full,0.23076923076923078,0.8461538461538461
CA-SC-10-F-182-BE-1TO,0.13636363636363635,0.3431742925123068,2.5166114784235836,0.8636363636363636,0.0031873408020197014,False,0.2727272727272727,2024-06-17,109,intermittent,full,0.23076923076923078,0.7692307692307693
CA-SC-10-F-182-BK-1TO,3.765957446808511,2.8300271854753714,0.75147614529572,0.0425531914893617,-0.049259944495837205,True,3.272727272727273,2025-09-01,46,smooth,short,2.6153846153846154,0.07692307692307693
CA-SC-10-F-182-BKRD-STI,0.03636363636363636,0.2993105024209877,8.231038816577163,0.9818181818181818,0.0007664044361292069,False,0.07272727272727272,2024-06-17,109,intermittent,full,0.0,1.0
CA-SC-10-F-182-BKWH-STI,0.01818181818181818,0.13360853142453696,7.348469228349534,0.9818181818181818,0.0003786939566756081,False,0.03636363636363636,2024-06-17,109,intermittent,full,0.0,1.0
CA-SC-10-F-182-BR-1TO,0.06363636363636363,0.27887021182141764,4.382246185765135,0.9454545454545454,0.0018168293397651193,False,0.12727272727272726,2024-06-17,109,intermittent,full,0.15384615384615385,0.8461538461538461
CA-SC-10-F-182-DB-1TO,0.3181818181818182,0.7969466525070226,2.5046894793077854,0.8181818181818182,0.00951693979216915,False,0.6363636363636364,2024-06-17,109,intermittent,full,0.46153846153846156,0.6923076923076923
CA-SC-10-F-182-DG-1TO,6.8936170212765955,4.318362783500599,0.6264291692115067,0.0,-0.12187789084181307,True,5.963636363636364,2025-09-01,46,smooth,short,4.923076923076923,0.0
CA-SC-10-F-182-GR-1TO,3.1956521739130435,2.1327627032987593,0.6673951316445097,0.10869565217391304,-0.05482577860006166,True,2.709090909090909,2025-09-08,45,intermittent,short,1.9230769230769231,0.15384615384615385
CA-SC-10-F-182-OR-1TO,0.00909090909090909,0.09491187735373227,10.44030650891055,0.990909090909091,0.00018483871694880875,False,0.01818181818181818,2024-06-17,109,intermittent,full,0.0,1.0
CA-SC-10-F-182-PK-1TO,0.03636363636363636,0.23070140982635487,6.344288770224759,0.9727272727272728,0.0005500078894574307,False,0.07272727272727272,2024-06-17,109,intermittent,full,0.0,1.0
CA-SC-10-F-182-RD-1TO,0.01818181818181818,0.13360853142453696,7.348469228349534,0.9818181818181818,0.00024344611500574812,False,0.03636363636363636,2024-06-17,109,intermittent,full,0.0,1.0
CA-SC-10-F-182-WR-1TO,0.06363636363636363,0.3097586370436513,4.867635724971664,0.9545454545454546,0.001393052769199558,False,0.12727272727272726,2024-06-17,109,intermittent,full,0.07692307692307693,0.9230769230769231
CA-SC-10-F-183-BE-1TO,0.32727272727272727,0.714894663685,2.1844003612597223,0.7909090909090909,0.010215720307463427,False,0.6545454545454545,2024-06-17,109,intermittent,full,0.8461538461538461,0.46153846153846156
CA-SC-10-F-183-BK-1TO,8.553191489361701,4.281620843610304,0.5005875115663788,0.0,-0.003700277520813945,True,7.418181818181818,2025-09-01,46,smooth,short,8.615384615384615,0.0
CA-SC-10-F-183-BKWH-STI,0.00909090909090909,0.09491187735373227,10.44030650891055,0.990909090909091,0.00021188828528278066,False,0.01818181818181818,2024-06-17,109,intermittent,full,0.0,1.0
CA-SC-10-F-183-BR-1TO,0.7909090909090909,1.2655969094423716,1.6001800004443778,0.6363636363636364,0.026486035660347587,False,1.5818181818181818,2026-04-27,13,smooth,short,2.1538461538461537,0.07692307692307693
CA-SC-10-F-183-DB-1TO,0.7181818181818181,1.1047979509379504,1.538326260799678,0.6272727272727273,0.02330320311971688,False,1.4363636363636363,2026-04-27,13,smooth,short,2.076923076923077,0.0
CA-SC-10-F-183-DG-1TO,6.446808510638298,2.9012727261353644,0.4500324030639014,0.0,0.026480111008325743,True,5.6,2025-09-01,46,smooth,short,6.6923076923076925,0.0
CA-SC-10-F-183-GR-1TO,0.6,0.9553676113032472,1.5922793521720788,0.6454545454545455,0.018276491670987088,False,1.2,2024-06-17,109,intermittent,full,1.1538461538461537,0.15384615384615385
CA-SC-10-F-183-WR-1TO,0.2727272727272727,0.5863460180580763,2.1499353995462798,0.7909090909090909,0.009341117597998333,False,0.5454545454545454,2024-06-17,109,intermittent,full,0.8461538461538461,0.46153846153846156
CA-SC-10-F-184-BE-1TO,0.39090909090909093,0.8322527429207869,2.1290186446810826,0.7545454545454545,0.013051416721141492,False,0.7818181818181819,2024-06-17,109,intermittent,full,1.0,0.3076923076923077
CA-SC-10-F-184-BK-1TO,0.3090909090909091,0.6570658545306419,2.1258012940697237,0.7818181818181819,0.01055834817302707,False,0.6181818181818182,2024-06-17,109,intermittent,full,0.7692307692307693,0.5384615384615384
CA-SC-10-F-184-BR-1TO,0.15454545454545454,0.4509860638113622,2.9181451187794023,0.8727272727272727,0.005648851520411153,False,0.3090909090909091,2024-06-17,109,intermittent,full,0.46153846153846156,0.6153846153846154
CA-SC-10-F-184-DB-1TO,0.20909090909090908,0.5062420288118493,2.421157529100149,0.8272727272727273,0.00709149516488966,False,0.41818181818181815,2024-06-17,109,intermittent,full,0.5384615384615384,0.5384615384615384
CA-SC-10-F-184-DG-1TO,0.10909090909090909,0.33966439440489826,3.113590282044901,0.9,0.003155782972296734,False,0.21818181818181817,2024-06-17,109,intermittent,full,0.23076923076923078,0.7692307692307693
CA-SC-10-F-184-GR-1TO,0.00909090909090909,0.09491187735373227,10.44030650891055,0.990909090909091,0.00035615264973063137,False,0.01818181818181818,2024-06-17,109,intermittent,full,0.0,1.0
CA-SC-10-F-184-WR-1TO,0.00909090909090909,0.09491187735373227,10.44030650891055,0.990909090909091,0.0003832022180646033,False,0.01818181818181818,2024-06-17,109,intermittent,full,0.07692307692307693,0.9230769230769231
CA-SC-10-F-185-BE-1TO,3.0303030303030303,2.4861415704204446,0.8204267182387467,0.18181818181818182,0.049180670076192465,True,3.381818181818182,2025-04-21,65,smooth,medium,3.923076923076923,0.0
CA-SC-10-F-185-BK-1TO,3.869565217391304,3.1434912902891115,0.8123629177151637,0.11594202898550725,0.014687614176105222,True,4.381818181818182,2025-03-31,68,smooth,medium,2.769230769230769,0.07692307692307693
CA-SC-10-F-185-BKWH-STI,0.00909090909090909,0.09491187735373227,10.44030650891055,0.990909090909091,0.0003651691725086221,False,0.01818181818181818,2024-06-17,109,intermittent,full,0.0,1.0
CA-SC-10-F-185-BR-1TO,0.22727272727272727,0.597861201725723,2.6305892875931813,0.8363636363636363,0.005991479385974799,False,0.45454545454545453,2024-06-17,109,intermittent,full,0.38461538461538464,0.6923076923076923
CA-SC-10-F-185-DB-1TO,0.509090909090909,1.1341432853636868,2.2277814533929563,0.7636363636363637,0.015454320041476002,False,1.018181818181818,2024-06-17,109,intermittent,full,1.3076923076923077,0.46153846153846156
CA-SC-10-F-185-DG-1TO,3.617021276595745,2.3114257503859617,0.6390412368714129,0.0425531914893617,-0.0767807585568918,True,3.1636363636363636,2025-09-01,46,smooth,short,2.0,0.07692307692307693
CA-SC-10-F-185-GR-1TO,1.1090909090909091,1.448167836490173,1.3057250984747462,0.4818181818181818,0.01989946577102541,False,1.8363636363636364,2024-06-17,109,intermittent,full,1.0769230769230769,0.38461538461538464
CA-SC-10-F-185-OR-1TO,0.00909090909090909,0.09491187735373227,10.44030650891055,0.990909090909091,0.00021188828528278066,False,0.01818181818181818,2024-06-17,109,intermittent,full,0.0,1.0
CA-SC-10-F-185-WR-1TO,0.12727272727272726,0.4069641688290798,3.1975756122284844,0.9,0.004490228343439351,False,0.2545454545454545,2024-06-17,109,intermittent,full,0.38461538461538464,0.6923076923076923
CA-SC-10-F-186-BE-1TO,0.32727272727272727,0.843252263658562,2.5766041389567174,0.8181818181818182,0.014886279106462593,False,0.6545454545454545,2026-04-27,13,smooth,short,2.076923076923077,0.0
CA-SC-10-F-186-BK-1TO,0.5181818181818182,1.3799329244688154,2.6630284507292927,0.8,0.022563848251921644,False,1.0363636363636364,2024-06-17,109,intermittent,full,2.6153846153846154,0.23076923076923078
CA-SC-10-F-186-BR-1TO,0.03636363636363636,0.18719327529067276,5.147815070493501,0.9636363636363636,0.0015147758267024323,False,0.07272727272727272,2024-06-17,109,intermittent,full,0.15384615384615385,0.8461538461538461
CA-SC-10-F-186-DB-1TO,0.18181818181818182,0.5077905470461433,2.792848008753788,0.8727272727272727,0.008177986159637534,False,0.36363636363636365,2024-06-17,109,intermittent,full,0.9230769230769231,0.38461538461538464
CA-SC-10-F-186-DG-1TO,0.7818181818181819,1.8895974471819903,2.4169269673258014,0.7818181818181819,0.03373982823524107,False,1.5636363636363637,2026-04-27,13,smooth,short,3.8461538461538463,0.07692307692307693
CA-SC-10-F-186-GR-1TO,0.3181818181818182,0.830463377571584,2.610027758082121,0.8090909090909091,0.013763722020602751,False,0.6363636363636364,2024-06-17,109,intermittent,full,1.6923076923076923,0.07692307692307693
CA-SC-10-F-186-WR-1TO,0.00909090909090909,0.09491187735373227,10.44030650891055,0.990909090909091,0.0004643509230665193,False,0.01818181818181818,2024-06-17,109,intermittent,full,0.07692307692307693,0.9230769230769231
CA-SC-10-F-187-BK-1TO,0.045454545454545456,0.2082988952252655,4.582575694955841,0.9545454545454546,0.002069291977548858,False,0.09090909090909091,2024-06-17,109,intermittent,full,0.3076923076923077,0.6923076923076923
CA-SC-10-F-187-DG-1TO,0.08181818181818182,0.3338975940401265,4.080970593823768,0.9363636363636364,0.0037463652142551225,False,0.16363636363636364,2024-06-17,109,intermittent,full,0.5384615384615384,0.6153846153846154
CA-SC-10-F-187-GR-1TO,0.03636363636363636,0.23070140982635495,6.344288770224762,0.9727272727272728,0.001866420215044068,False,0.07272727272727272,2024-06-17,109,intermittent,full,0.3076923076923077,0.7692307692307693
CA-SC-10-F-188-BE-1TO,0.41818181818181815,1.0214234112864102,2.4425342443805462,0.7545454545454545,0.014525618195342965,False,0.8363636363636363,2024-06-17,109,intermittent,full,0.9230769230769231,0.38461538461538464
CA-SC-10-F-188-BK-1TO,9.74468085106383,4.334267638479855,0.44478292359946114,0.0,0.10696114708603151,True,8.418181818181818,2025-09-01,46,smooth,short,11.23076923076923,0.0
CA-SC-10-F-188-BKRD-STI,0.34545454545454546,0.9480732963260866,2.7444226998913033,0.8181818181818182,0.010594414264139033,False,0.6909090909090909,2024-06-17,109,intermittent,full,0.38461538461538464,0.6923076923076923
CA-SC-10-F-188-BKWH-STI,0.07272727272727272,0.29260867162601967,4.02336923485777,0.9363636363636364,0.002362328967833555,False,0.14545454545454545,2024-06-17,109,intermittent,full,0.07692307692307693,0.9230769230769231
CA-SC-10-F-188-BR-1TO,0.8,1.36714699615327,1.7089337451915876,0.6727272727272727,0.025273313346707838,False,1.6,2024-06-17,109,intermittent,full,1.6153846153846154,0.23076923076923078
CA-SC-10-F-188-DB-1TO,2.391304347826087,1.9164988556986253,0.8014449760194251,0.15217391304347827,0.02528522972556276,True,2.018181818181818,2026-04-27,13,smooth,short,2.5384615384615383,0.15384615384615385
CA-SC-10-F-188-DG-1TO,3.0638297872340425,1.8148823925222235,0.5923574475593368,0.1276595744680851,-0.013876040703052735,True,2.672727272727273,2025-09-01,46,smooth,short,3.076923076923077,0.15384615384615385
CA-SC-10-F-188-GR-1TO,0.4636363636363636,0.8385840092059159,1.8087106080911912,0.6909090909090909,0.013294862836147241,False,0.8545454545454545,2024-06-17,109,intermittent,full,1.0,0.38461538461538464
CA-SC-10-F-188-OR-1TO,0.19090909090909092,0.5798973975933476,3.0375577969175347,0.8727272727272727,0.006559520320988212,False,0.38181818181818183,2024-06-17,109,intermittent,full,0.38461538461538464,0.6923076923076923
CA-SC-10-F-188-PK-1TO,0.1,0.38019133938775423,3.801913393877542,0.9272727272727272,0.0017537136803191854,False,0.2,2024-06-17,109,intermittent,full,0.0,1.0
CA-SC-10-F-188-RD-1TO,0.15454545454545454,0.5078719172168517,3.2862300525796284,0.9,0.0023848702747785327,False,0.3090909090909091,2024-06-17,109,intermittent,full,0.0,1.0
CA-SC-10-F-188-WH-1TO,0.10909090909090909,0.3654500225862142,3.3499585403736303,0.9090909090909091,0.002398395058945519,False,0.21818181818181817,2024-06-17,109,intermittent,full,0.0,1.0
CA-SC-10-F-188-WR-1TO,0.8545454545454545,1.4574970053695333,1.7055816020281773,0.6727272727272727,0.02950206252958546,False,1.709090909090909,2026-04-27,13,smooth,short,2.230769230769231,0.15384615384615385
CA-SC-10-F-189-BE-1TO,0.1,0.40339468604243256,4.033946860424325,0.9272727272727272,0.004584901832608255,False,0.2,2024-06-17,109,intermittent,full,0.6153846153846154,0.6153846153846154
CA-SC-10-F-189-BK-1TO,8.434782608695652,4.271504031587873,0.5064154264253664,0.043478260869565216,0.06324110671936743,True,3.581818181818182,2026-02-16,22,smooth,short,8.76923076923077,0.0
CA-SC-10-F-189-BR-1TO,0.1,0.40339468604243256,4.033946860424325,0.9272727272727272,0.00491851317539391,False,0.2,2024-06-17,109,intermittent,full,0.8461538461538461,0.38461538461538464
CA-SC-10-F-189-DB-1TO,0.2727272727272727,0.6729729281207908,2.4675674031095665,0.8272727272727273,0.011820661361945765,False,0.5454545454545454,2024-06-17,109,intermittent,full,1.4615384615384615,0.07692307692307693
CA-SC-10-F-189-DG-1TO,5.217391304347826,2.7968386149696327,0.5360607345358462,0.0,0.09387351778656132,True,2.1818181818181817,2026-02-16,22,smooth,short,5.230769230769231,0.0
CA-SC-10-F-189-GR-1TO,0.2636363636363636,0.7345657062914822,2.7862837135194156,0.8454545454545455,0.011446475666659153,False,0.5272727272727272,2024-06-17,109,intermittent,full,1.3076923076923077,0.23076923076923078
CA-SC-10-F-189-WR-1TO,0.06363636363636363,0.24410402876541004,3.8359204520278727,0.9363636363636364,0.0029889773009039063,False,0.12727272727272726,2024-06-17,109,intermittent,full,0.46153846153846156,0.5384615384615384
CA-SC-10-F-19-DG-1TO,0.00909090909090909,0.09491187735373227,10.44030650891055,0.990909090909091,0.00034713612695264084,False,0.01818181818181818,2024-06-17,109,intermittent,full,0.0,1.0
CA-SC-10-F-190-BE-1TO,3.765957446808511,2.371934895212218,0.6298358196326228,0.06382978723404255,0.03295559666975023,True,3.272727272727273,2025-09-01,46,smooth,short,3.923076923076923,0.0
CA-SC-10-F-190-BK-1TO,19.802816901408452,13.325417540491808,0.6729051531827299,0.014084507042253521,0.39282360831656615,True,24.09090909090909,2025-03-17,70,smooth,medium,23.153846153846153,0.0
CA-SC-10-F-190-BKRD-STI,0.17272727272727273,0.6586362067883619,3.8131569866694637,0.9090909090909091,0.00438653833149246,False,0.34545454545454546,2024-06-17,109,intermittent,full,0.0,1.0
CA-SC-10-F-190-BKWH-STI,0.19090909090909092,0.6251611362528796,3.274653570848417,0.8909090909090909,0.005026711448729799,False,0.38181818181818183,2024-06-17,109,intermittent,full,0.0,1.0
CA-SC-10-F-190-BR-1TO,0.7090909090909091,1.2887305561214073,1.817440527863523,0.6454545454545455,0.020846200662714427,False,1.4181818181818182,2024-06-17,109,intermittent,full,1.3846153846153846,0.23076923076923078
CA-SC-10-F-190-DB-1TO,7.574468085106383,2.900804590153917,0.3829713925203205,0.0,0.022779833487511683,True,6.5636363636363635,2025-09-01,46,smooth,short,7.153846153846154,0.0
CA-SC-10-F-190-DG-1TO,8.604166666666666,3.450480542217594,0.4010243729453863,0.0,-0.05270299609205399,True,7.672727272727273,2025-08-25,47,smooth,short,6.923076923076923,0.0
CA-SC-10-F-190-GR-1TO,1.1818181818181819,1.663412801670208,1.4075031398747915,0.5363636363636364,0.029583211234587386,False,2.2181818181818183,2024-06-17,109,intermittent,full,1.4615384615384615,0.07692307692307693
CA-SC-10-F-190-OR-1TO,0.02727272727272727,0.21144915181114557,7.753135566408671,0.9818181818181818,0.0007889457430741836,False,0.05454545454545454,2024-06-17,109,intermittent,full,0.0,1.0
CA-SC-10-F-190-RD-1TO,0.05454545454545454,0.26410616447879914,4.841946348777984,0.9545454545454546,0.001054933165024908,False,0.10909090909090909,2024-06-17,109,intermittent,full,0.0,1.0
CA-SC-10-F-190-WH-1TO,0.045454545454545456,0.24813352843556696,5.458937625582473,0.9636363636363636,0.0010955075175258662,False,0.09090909090909091,2024-06-17,109,intermittent,full,0.0,1.0
CA-SC-10-F-190-WR-1TO,0.2636363636363636,0.598137605439854,2.268797813737377,0.8090909090909091,0.006866082095439894,False,0.5272727272727272,2024-06-17,109,intermittent,full,0.15384615384615385,0.8461538461538461
CA-SC-10-F-193-BE-1TO,0.21818181818181817,0.5288378026272359,2.4238399287081647,0.8363636363636363,0.004255798751211595,False,0.43636363636363634,2024-06-17,109,intermittent,full,0.15384615384615385,0.8461538461538461
CA-SC-10-F-193-BK-1TO,15.375,14.44475827650524,0.9394964732686335,0.0,-0.6306990881458973,True,13.672727272727272,2025-08-25,47,smooth,short,5.615384615384615,0.0
CA-SC-10-F-193-BKRD-STI,0.00909090909090909,0.09491187735373227,10.44030650891055,0.990909090909091,0.00020287176250479005,False,0.01818181818181818,2024-06-17,109,intermittent,full,0.0,1.0
CA-SC-10-F-193-BKWH-STI,0.03636363636363636,0.2993105024209877,8.231038816577163,0.9818181818181818,0.0007934540044631789,False,0.07272727272727272,2024-06-17,109,intermittent,full,0.0,1.0
CA-SC-10-F-193-BR-1TO,0.37272727272727274,0.8186362374438345,2.196341124849312,0.7909090909090909,0.007271825620449474,False,0.7454545454545455,2024-06-17,109,intermittent,full,0.15384615384615385,0.8461538461538461
CA-SC-10-F-193-DB-1TO,1.3636363636363635,2.7657886356082066,2.0282449994460183,0.6272727272727273,0.03114306967517977,False,2.690909090909091,2024-06-17,109,intermittent,full,1.3076923076923077,0.3076923076923077
CA-SC-10-F-193-DG-1TO,6.229166666666667,6.093847933685979,0.9782765913609599,0.14583333333333334,-0.2773013460703432,True,5.5636363636363635,2025-08-25,47,smooth,short,2.5384615384615383,0.15384615384615385
CA-SC-10-F-193-GR-1TO,0.32727272727272727,0.7640691414345707,2.334655709938966,0.8,0.007528796519622209,False,0.6545454545454545,2024-06-17,109,intermittent,full,0.38461538461538464,0.6153846153846154
CA-SC-10-F-193-RD-1TO,0.00909090909090909,0.09491187735373227,10.44030650891055,0.990909090909091,9.467348916890206e-05,False,0.01818181818181818,2024-06-17,109,intermittent,full,0.0,1.0
CA-SC-10-F-193-WH-1TO,0.00909090909090909,0.09491187735373227,10.44030650891055,0.990909090909091,9.467348916890206e-05,False,0.01818181818181818,2024-06-17,109,intermittent,full,0.0,1.0
CA-SC-10-F-193-WR-1TO,0.35454545454545455,0.9684698675217113,2.731581677625339,0.8454545454545455,0.007848883078240878,False,0.7090909090909091,2024-06-17,109,intermittent,full,0.23076923076923078,0.7692307692307693
CA-SC-10-F-194-BE-1TO,0.02727272727272727,0.162877026065172,5.9721576223896395,0.9727272727272728,0.0013119040641976424,False,0.05454545454545454,2024-06-17,109,intermittent,full,0.15384615384615385,0.8461538461538461
CA-SC-10-F-194-BK-1TO,5.666666666666667,2.6943012562182536,0.4754649275679271,0.0,0.1446886446886447,True,2.8181818181818183,2026-01-19,26,smooth,short,6.615384615384615,0.0
CA-SC-10-F-194-BR-1TO,0.045454545454545456,0.20829889522526548,4.582575694955841,0.9545454545454546,0.0020332258864368953,False,0.09090909090909091,2024-06-17,109,intermittent,full,0.3076923076923077,0.6923076923076923
CA-SC-10-F-194-DB-1TO,0.2636363636363636,0.6277995152952562,2.3813085062923514,0.8181818181818182,0.011184996506097422,False,0.5272727272727272,2024-06-17,109,intermittent,full,1.1538461538461537,0.15384615384615385
CA-SC-10-F-194-DG-1TO,0.6727272727272727,1.5021747320534435,2.2329624395389027,0.7727272727272727,0.02877172418456822,False,1.3454545454545455,2026-04-27,13,smooth,short,3.1538461538461537,0.07692307692307693
CA-SC-10-F-194-GR-1TO,0.06363636363636363,0.24410402876541004,3.8359204520278727,0.9363636363636364,0.0026192998670062887,False,0.12727272727272726,2024-06-17,109,intermittent,full,0.3076923076923077,0.6923076923076923
CA-SC-10-F-194-WR-1TO,0.08181818181818182,0.3338975940401265,4.080970593823768,0.9363636363636364,0.003800464350923066,False,0.16363636363636364,2024-06-17,109,intermittent,full,0.6153846153846154,0.5384615384615384
CA-SC-10-F-195-BE-1TO,0.05454545454545454,0.26410616447879914,4.841946348777984,0.9545454545454546,0.0021819985122737413,False,0.10909090909090909,2024-06-17,109,intermittent,full,0.15384615384615385,0.8461538461538461
CA-SC-10-F-195-BK-1TO,0.8,1.6884635296354764,2.1105794120443453,0.7545454545454545,0.033811960417464995,False,1.6,2026-04-27,13,smooth,short,3.6923076923076925,0.0
CA-SC-10-F-195-BR-1TO,0.08181818181818182,0.30545995666202624,3.733399470313654,0.9272727272727272,0.0034578364853594208,False,0.16363636363636364,2024-06-17,109,intermittent,full,0.38461538461538464,0.6923076923076923
CA-SC-10-F-195-DB-1TO,0.2636363636363636,0.7220837615385669,2.7389384058359436,0.8545454545454545,0.010815319072199807,False,0.5272727272727272,2024-06-17,109,intermittent,full,1.0769230769230769,0.3076923076923077
CA-SC-10-F-195-DG-1TO,0.23636363636363636,0.5209654102507056,2.2040844279837546,0.8090909090909091,0.010323918580799316,False,0.4727272727272727,2024-06-17,109,intermittent,full,1.2307692307692308,0.07692307692307693
CA-SC-10-F-195-GR-1TO,0.02727272727272727,0.162877026065172,5.9721576223896395,0.9727272727272728,0.0011856727453057726,False,0.05454545454545454,2024-06-17,109,intermittent,full,0.15384615384615385,0.8461538461538461
CA-SC-10-F-195-WR-1TO,0.03636363636363636,0.18719327529067276,5.147815070493501,0.9636363636363636,0.0016049410544823393,False,0.07272727272727272,2024-06-17,109,intermittent,full,0.15384615384615385,0.8461538461538461
CA-SC-10-F-196-BK-1TO,0.3181818181818182,0.7854566498288307,2.4685780423191823,0.8181818181818182,0.014277663818948223,False,0.6363636363636364,2024-06-17,109,intermittent,full,1.9230769230769231,0.0
CA-SC-10-F-196-BR-1TO,0.00909090909090909,0.09491187735373227,10.44030650891055,0.990909090909091,0.00044631787751053814,False,0.01818181818181818,2024-06-17,109,intermittent,full,0.07692307692307693,0.9230769230769231
CA-SC-10-F-196-DB-1TO,0.07272727272727272,0.25968830649246727,3.570714214271425,0.9272727272727272,0.0031647994950747245,False,0.14545454545454545,2024-06-17,109,intermittent,full,0.38461538461538464,0.6153846153846154
CA-SC-10-F-196-DG-1TO,0.19090909090909092,0.49535028093910094,2.594691947776243,0.8545454545454545,0.008434957058810267,False,0.38181818181818183,2024-06-17,109,intermittent,full,1.0,0.3076923076923077
CA-SC-10-F-196-GR-1TO,0.00909090909090909,0.09491187735373227,10.44030650891055,0.990909090909091,0.00034713612695264084,False,0.01818181818181818,2024-06-17,109,intermittent,full,0.0,1.0
CA-SC-10-F-196-WR-1TO,0.00909090909090909,0.09491187735373227,10.44030650891055,0.990909090909091,0.0004553344002885287,False,0.01818181818181818,2024-06-17,109,intermittent,full,0.07692307692307693,0.9230769230769231
CA-SC-10-F-197-BE-1TO,0.07272727272727272,0.29260867162601967,4.02336923485777,0.9363636363636364,0.0012442801433627125,False,0.14545454545454545,2024-06-17,109,intermittent,full,0.0,1.0
CA-SC-10-F-197-BK-1TO,7.282608695652174,3.7973849324425593,0.5214319608727096,0.0,-0.04952204748689484,True,6.2,2025-09-08,45,smooth,short,6.0,0.0
CA-SC-10-F-197-BKWH-STI,0.02727272727272727,0.16287702606517196,5.972157622389639,0.9727272727272728,0.0005995987647363795,False,0.05454545454545454,2024-06-17,109,intermittent,full,0.0,1.0
CA-SC-10-F-197-BR-1TO,0.6363636363636364,1.1259523058466208,1.7693536234732612,0.6909090909090909,0.019223226562676107,False,1.2727272727272727,2024-06-17,109,intermittent,full,1.1538461538461537,0.38461538461538464
CA-SC-10-F-197-DB-1TO,0.9363636363636364,1.4414467021160795,1.5394090993472693,0.6181818181818182,0.0281090097603859,False,1.8545454545454545,2026-04-27,13,smooth,short,2.3076923076923075,0.07692307692307693
CA-SC-10-F-197-DG-1TO,4.021739130434782,2.100612027117051,0.5223143418777533,0.021739130434782608,-0.014122725871107012,True,3.418181818181818,2025-09-08,45,smooth,short,3.8461538461538463,0.0
CA-SC-10-F-197-GR-1TO,0.4727272727272727,0.8389288723679512,1.7746572300091277,0.7,0.012920677140860625,False,0.9454545454545454,2024-06-17,109,intermittent,full,1.0769230769230769,0.38461538461538464
CA-SC-10-F-197-RD-1TO,0.045454545454545456,0.248133528435567,5.4589376255824735,0.9636363636363636,0.0005905822419583891,False,0.09090909090909091,2024-06-17,109,intermittent,full,0.0,1.0
CA-SC-10-F-197-WR-1TO,0.4,0.7160497697278261,1.790124424319565,0.7181818181818181,0.011802628316389785,False,0.8,2024-06-17,109,intermittent,full,0.9230769230769231,0.23076923076923078
CA-SC-10-F-198-BE-1TO,0.00909090909090909,0.09491187735373227,10.44030650891055,0.990909090909091,0.00044631787751053814,False,0.01818181818181818,2024-06-17,109,intermittent,full,0.07692307692307693,0.9230769230769231
CA-SC-10-F-198-BK-1TO,0.00909090909090909,0.09491187735373227,10.44030650891055,0.990909090909091,0.00041025178639857526,False,0.01818181818181818,2024-06-17,109,intermittent,full,0.07692307692307693,0.9230769230769231
CA-SC-10-F-199-BE-1TO,1.518181818181818,2.202196499290561,1.4505485923470762,0.509090909090909,0.044960890832450466,False,2.9454545454545453,2026-04-27,13,smooth,short,2.3846153846153846,0.07692307692307693
CA-SC-10-F-199-BK-1TO,34.369565217391305,13.740385881000218,0.3997835234193612,0.0,-0.04915201973481337,True,29.509090909090908,2025-09-08,45,smooth,short,26.923076923076923,0.0
CA-SC-10-F-199-BKRD-STI,0.05454545454545454,0.3525585350848239,6.463573143221772,0.9727272727272728,0.001118048824470843,False,0.10909090909090909,2024-06-17,109,intermittent,full,0.0,1.0
CA-SC-10-F-199-BKWH-STI,0.045454545454545456,0.39048602899844603,8.590692637965812,0.9818181818181818,0.0009602596758560061,False,0.09090909090909091,2024-06-17,109,intermittent,full,0.0,1.0
CA-SC-10-F-199-BR-1TO,0.9454545454545454,1.5245646987455657,1.6125203544424251,0.6090909090909091,0.02632824651173275,False,1.8909090909090909,2024-06-17,109,intermittent,full,1.1538461538461537,0.3076923076923077
CA-SC-10-F-199-DB-1TO,4.829787234042553,2.8903297973949913,0.5984383280949982,0.02127659574468085,0.018501387604070326,True,4.181818181818182,2025-09-01,46,smooth,short,5.076923076923077,0.0
CA-SC-10-F-199-DG-1TO,17.93617021276596,8.21105703750469,0.45779321561414044,0.0,-0.13216928769657693,True,15.654545454545454,2025-09-01,46,smooth,short,14.153846153846153,0.0
CA-SC-10-F-199-GR-1TO,3.442622950819672,2.472965898115813,0.7183377132622124,0.11475409836065574,0.03283976731887893,True,3.6,2025-05-26,60,smooth,medium,2.769230769230769,0.15384615384615385
CA-SC-10-F-199-OR-1TO,0.00909090909090909,0.09491187735373227,10.44030650891055,0.990909090909091,0.0001938552397267994,False,0.01818181818181818,2024-06-17,109,intermittent,full,0.0,1.0
CA-SC-10-F-199-RD-1TO,0.06363636363636363,0.24410402876541004,3.8359204520278727,0.9363636363636364,0.0009782927214119878,False,0.12727272727272726,2024-06-17,109,intermittent,full,0.0,1.0
CA-SC-10-F-199-WH-1TO,0.01818181818181818,0.13360853142453696,7.348469228349534,0.9818181818181818,0.00025246263778373875,False,0.03636363636363636,2024-06-17,109,intermittent,full,0.0,1.0
CA-SC-10-F-199-WR-1TO,0.8090909090909091,1.4491091592326304,1.7910337923099926,0.6636363636363637,0.02787458016815815,False,1.6181818181818182,2024-06-17,109,intermittent,full,1.6153846153846154,0.3076923076923077
CA-SC-10-F-20-BE-1TO,11.659574468085106,5.248207782215331,0.45012001051846817,0.0,0.22802960222016666,True,10.072727272727272,2025-09-01,46,smooth,short,15.76923076923077,0.0
CA-SC-10-F-20-BK-1TO,7.508771929824562,4.927982424131137,0.6562967247090533,0.08771929824561403,0.22245268343271968,True,7.709090909090909,2025-06-23,56,smooth,medium,11.076923076923077,0.0
CA-SC-10-F-20-BR-1TO,0.6272727272727273,1.0605238063342344,1.6906901260400837,0.6636363636363637,0.02140973333633884,False,1.2545454545454546,2024-06-17,109,intermittent,full,1.9230769230769231,0.23076923076923078
CA-SC-10-F-20-DB-1TO,0.6727272727272727,1.079638751949347,1.6048684150598402,0.6545454545454545,0.021955232964407274,False,1.3454545454545455,2024-06-17,109,intermittent,full,1.7692307692307692,0.23076923076923078
CA-SC-10-F-20-DG-1TO,4.392156862745098,2.8496881932807123,0.6488129368630192,0.058823529411764705,0.09809954751131217,True,4.127272727272727,2025-08-04,50,smooth,medium,5.0,0.0
CA-SC-10-F-20-GR-1TO,4.934782608695652,2.353555810415598,0.4769320144454515,0.021739130434782608,0.09626888683317916,True,4.218181818181818,2025-09-08,45,smooth,short,6.384615384615385,0.0
CA-SC-10-F-20-PK-1TO,0.11818181818181818,0.3749380114054779,3.172552404200198,0.9,0.004152108739264702,False,0.23636363636363636,2024-06-17,109,intermittent,full,0.3076923076923077,0.7692307692307693
CA-SC-10-F-20-RD-1TO,0.11818181818181818,0.4206449200457918,3.5593031696182384,0.9090909090909091,0.0038275139192570384,False,0.23636363636363636,2024-06-17,109,intermittent,full,0.3076923076923077,0.6923076923076923
CA-SC-10-F-20-WH-1TO,0.13636363636363635,0.4364583230602838,3.2006943691087484,0.8909090909090909,0.0035209521448053556,False,0.2727272727272727,2024-06-17,109,intermittent,full,0.0,1.0
CA-SC-10-F-20-WR-1TO,0.41818181818181815,0.8881217994050773,2.1237695203164892,0.7545454545454545,0.015661700065369787,False,0.8181818181818182,2024-06-17,109,intermittent,full,1.6153846153846154,0.15384615384615385
CA-SC-10-F-200-BE-1TO,0.36363636363636365,0.7227129787037014,1.987460691435179,0.7545454545454545,0.0071320695173906195,False,0.6363636363636364,2024-06-17,109,intermittent,full,0.07692307692307693,0.9230769230769231
CA-SC-10-F-200-BK-1TO,7.326086956521739,4.369132576461767,0.5963801142944845,0.021739130434782608,-0.13191489361702127,True,6.327272727272727,2025-09-08,45,smooth,short,3.1538461538461537,0.07692307692307693
CA-SC-10-F-200-BKRD-STI,0.03636363636363636,0.23070140982635487,6.344288770224759,0.9727272727272728,0.0008746027094650948,False,0.07272727272727272,2024-06-17,109,intermittent,full,0.0,1.0
CA-SC-10-F-200-BKWH-STI,0.07272727272727272,0.37438655058134546,5.1478150704935,0.9545454545454546,0.0019746184883799567,False,0.14545454545454545,2024-06-17,109,intermittent,full,0.0,1.0
CA-SC-10-F-200-BR-1TO,0.23636363636363636,0.5547689564506312,2.347099431137286,0.8181818181818182,0.005959921556251832,False,0.4727272727272727,2024-06-17,109,intermittent,full,0.23076923076923078,0.7692307692307693
CA-SC-10-F-200-DB-1TO,0.6545454545454545,1.2536228491591415,1.9152571306597994,0.6909090909090909,0.016960079345400447,False,1.309090909090909,2024-06-17,109,intermittent,full,0.38461538461538464,0.6153846153846154
CA-SC-10-F-200-DG-1TO,6.6521739130434785,4.071199968945957,0.6120104528480851,0.021739130434782608,-0.04995374653098979,True,5.672727272727273,2025-09-08,45,smooth,short,3.6153846153846154,0.07692307692307693
CA-SC-10-F-200-GR-1TO,0.8545454545454545,1.3740210639933876,1.6078969897794964,0.6,0.019764217929355545,False,1.4363636363636363,2024-06-17,109,intermittent,full,1.2307692307692308,0.46153846153846156
CA-SC-10-F-200-OR-1TO,0.00909090909090909,0.09491187735373227,10.44030650891055,0.990909090909091,0.0002659874219507247,False,0.01818181818181818,2024-06-17,109,intermittent,full,0.0,1.0
CA-SC-10-F-200-WH-1TO,0.00909090909090909,0.09491187735373227,10.44030650891055,0.990909090909091,0.0001938552397267994,False,0.01818181818181818,2024-06-17,109,intermittent,full,0.0,1.0
CA-SC-10-F-200-WR-1TO,0.07272727272727272,0.29260867162601967,4.02336923485777,0.9363636363636364,0.0021819985122737413,False,0.14545454545454545,2024-06-17,109,intermittent,full,0.07692307692307693,0.9230769230769231
CA-SC-10-F-202-BE-1TO,0.00909090909090909,0.09491187735373227,10.44030650891055,0.990909090909091,0.0002930369902846967,False,0.01818181818181818,2024-06-17,109,intermittent,full,0.0,1.0
CA-SC-10-F-202-BK-1TO,0.2727272727272727,0.8832696582902632,3.238655413730965,0.8909090909090909,0.01254198318418502,False,0.5454545454545454,2024-06-17,109,intermittent,full,1.5384615384615385,0.38461538461538464
CA-SC-10-F-202-DB-1TO,0.07272727272727272,0.42015345484695793,5.777110004145672,0.9545454545454546,0.0037148073845321545,False,0.14545454545454545,2024-06-17,109,intermittent,full,0.6153846153846154,0.6153846153846154
CA-SC-10-F-202-DG-1TO,0.06363636363636363,0.2788702118214176,4.382246185765134,0.9454545454545454,0.0030520929603498406,False,0.12727272727272726,2024-06-17,109,intermittent,full,0.46153846153846156,0.6153846153846154
CA-SC-10-F-202-GR-1TO,0.01818181818181818,0.13360853142453696,7.348469228349534,0.9818181818181818,0.0008746027094650946,False,0.03636363636363636,2024-06-17,109,intermittent,full,0.15384615384615385,0.8461538461538461
CA-SC-10-F-203-BE-1TO,0.02727272727272727,0.16287702606517196,5.972157622389639,0.9727272727272728,0.001032391858079931,False,0.05454545454545454,2024-06-17,109,intermittent,full,0.07692307692307693,0.9230769230769231
CA-SC-10-F-203-BK-1TO,0.00909090909090909,0.09491187735373227,10.44030650891055,0.990909090909091,0.00013975610305885536,False,0.01818181818181818,2024-06-17,109,intermittent,full,0.0,1.0
CA-SC-10-F-203-GR-1TO,0.01818181818181818,0.13360853142453696,7.348469228349534,0.9818181818181818,0.0008746027094650946,False,0.03636363636363636,2024-06-17,109,intermittent,full,0.15384615384615385,0.8461538461538461
CA-SC-10-F-203-WH-1TO,0.00909090909090909,0.09491187735373227,10.44030650891055,0.990909090909091,0.0001217230575028741,False,0.01818181818181818,2024-06-17,109,intermittent,full,0.0,1.0
CA-SC-10-F-205-BK-1TO,6.214285714285714,3.3096950966294556,0.532594613250717,0.0,0.17186644772851675,True,3.1818181818181817,2026-01-12,27,smooth,short,7.230769230769231,0.0
CA-SC-10-F-205-BR-1TO,0.05454545454545454,0.22709083630539637,4.163331998932267,0.9454545454545454,0.0021278993756057973,False,0.10909090909090909,2024-06-17,109,intermittent,full,0.15384615384615385,0.8461538461538461
CA-SC-10-F-205-DB-1TO,0.35454545454545455,0.8590307819266552,2.4229073336392837,0.7909090909090909,0.014503076888397989,False,0.6909090909090909,2024-06-17,109,intermittent,full,1.6153846153846154,0.23076923076923078
CA-SC-10-F-205-DG-1TO,1.009090909090909,1.9655924600507262,1.947884419870089,0.7363636363636363,0.04285102450240065,False,2.0,2026-04-27,13,smooth,short,4.923076923076923,0.0
CA-SC-10-F-205-GR-1TO,0.37272727272727274,0.8186362374438346,2.1963411248493125,0.8090909090909091,0.015224398710637242,False,0.7454545454545455,2024-06-17,109,intermittent,full,1.2307692307692308,0.38461538461538464
CA-SC-10-F-205-WR-1TO,0.16363636363636364,0.4374985242005805,2.6736020923368806,0.8636363636363636,0.0068074746973829535,False,0.32727272727272727,2024-06-17,109,intermittent,full,0.6923076923076923,0.38461538461538464
CA-SC-10-F-206-BE-1TO,0.16363636363636364,0.47725108176024317,2.9165343885348194,0.8727272727272727,0.006320582467371458,False,0.32727272727272727,2024-06-17,109,intermittent,full,0.8461538461538461,0.38461538461538464
CA-SC-10-F-206-BK-1TO,0.2,0.4824181513244218,2.4120907566221086,0.8363636363636363,0.00607713635236571,False,0.4,2024-06-17,109,intermittent,full,0.46153846153846156,0.6923076923076923
CA-SC-10-F-206-BR-1TO,0.08181818181818182,0.3338975940401265,4.080970593823768,0.9363636363636364,0.0018528954308770825,False,0.16363636363636364,2024-06-17,109,intermittent,full,0.07692307692307693,0.9230769230769231
CA-SC-10-F-206-DB-1TO,0.14545454545454545,0.42289830362229114,2.9074258374032516,0.8818181818181818,0.005283682347902533,False,0.2909090909090909,2024-06-17,109,intermittent,full,0.6153846153846154,0.46153846153846156
CA-SC-10-F-206-DG-1TO,0.41818181818181815,0.7553664755578541,1.8063111372035643,0.7181818181818181,0.013578883303653946,False,0.8363636363636363,2024-06-17,109,intermittent,full,0.9230769230769231,0.3076923076923077
CA-SC-10-F-206-GR-1TO,0.2636363636363636,0.6277995152952562,2.3813085062923514,0.8181818181818182,0.009408741518833265,False,0.5272727272727272,2024-06-17,109,intermittent,full,0.9230769230769231,0.38461538461538464
CA-SC-10-F-206-WR-1TO,0.03636363636363636,0.18719327529067276,5.147815070493501,0.9636363636363636,0.0007754209589071973,False,0.05454545454545454,2024-06-17,109,intermittent,full,0.07692307692307693,0.9230769230769231
CA-SC-10-F-208-BE-1TO,0.07272727272727272,0.25968830649246727,3.570714214271425,0.9272727272727272,0.0022811802628316387,False,0.14545454545454545,2024-06-17,109,intermittent,full,0.23076923076923078,0.7692307692307693
CA-SC-10-F-208-BK-1TO,5.659574468085107,2.9698957338577427,0.5247560131252402,0.0,0.07955596669750233,True,4.8545454545454545,2025-09-01,46,smooth,short,7.153846153846154,0.0
CA-SC-10-F-208-BKRD-STI,0.12727272727272726,0.48820805753082,3.8359204520278722,0.9181818181818182,0.003877104794535987,False,0.2545454545454545,2024-06-17,109,intermittent,full,0.0,1.0
CA-SC-10-F-208-BKWH-STI,0.09090909090909091,0.39417242524870555,4.335896677735761,0.9363636363636364,0.002533642900615378,False,0.18181818181818182,2024-06-17,109,intermittent,full,0.0,1.0
CA-SC-10-F-208-BR-1TO,0.38181818181818183,0.713274372579383,1.8680995472317172,0.7363636363636363,0.01268624754863287,False,0.7636363636363637,2024-06-17,109,intermittent,full,0.9230769230769231,0.5384615384615384
CA-SC-10-F-208-DB-1TO,0.42727272727272725,0.825272306675372,1.9314883773253388,0.7363636363636363,0.012699772332799855,False,0.8545454545454545,2024-06-17,109,intermittent,full,0.7692307692307693,0.46153846153846156
CA-SC-10-F-208-DG-1TO,0.45454545454545453,0.8595597566234773,1.8910314645716502,0.7454545454545455,0.016319906228163105,False,0.9090909090909091,2024-06-17,109,intermittent,full,1.5384615384615385,0.15384615384615385
CA-SC-10-F-208-GR-1TO,0.09090909090909091,0.3175318035740542,3.492849839314596,0.9181818181818182,0.002452494195613462,False,0.18181818181818182,2024-06-17,109,intermittent,full,0.15384615384615385,0.8461538461538461
CA-SC-10-F-208-OR-1TO,0.03636363636363636,0.18719327529067276,5.147815070493501,0.9636363636363636,0.000982800982800983,False,0.07272727272727272,2024-06-17,109,intermittent,full,0.0,1.0
CA-SC-10-F-208-PK-1TO,0.03636363636363636,0.18719327529067276,5.147815070493501,0.9636363636363636,0.0005590244122354215,False,0.07272727272727272,2024-06-17,109,intermittent,full,0.0,1.0
CA-SC-10-F-208-RD-1TO,0.03636363636363636,0.18719327529067276,5.147815070493501,0.9636363636363636,0.0006582061627933188,False,0.07272727272727272,2024-06-17,109,intermittent,full,0.0,1.0
CA-SC-10-F-208-WH-1TO,0.03636363636363636,0.23070140982635487,6.344288770224759,0.9727272727272728,0.000955751414467011,False,0.07272727272727272,2024-06-17,109,intermittent,full,0.0,1.0
CA-SC-10-F-208-WR-1TO,0.3181818181818182,0.7126368217187641,2.23971572540183,0.7909090909090909,0.01044564163830219,False,0.6363636363636364,2024-06-17,109,intermittent,full,0.6153846153846154,0.46153846153846156
CA-SC-10-F-209-BE-1TO,0.1,0.3801913393877543,3.801913393877543,0.9272727272727272,0.004395554854270449,False,0.2,2024-06-17,109,intermittent,full,0.6153846153846154,0.6153846153846154
CA-SC-10-F-209-BK-1TO,0.6090909090909091,1.2067646795193903,1.9812554439870584,0.7272727272727273,0.023916326668620248,False,1.2181818181818183,2026-04-27,13,smooth,short,2.5384615384615383,0.0
CA-SC-10-F-209-BR-1TO,0.02727272727272727,0.16287702606517196,5.972157622389639,0.9727272727272728,0.0011946892680837638,False,0.05454545454545454,2024-06-17,109,intermittent,full,0.15384615384615385,0.8461538461538461
CA-SC-10-F-209-DB-1TO,0.00909090909090909,0.09491187735373227,10.44030650891055,0.990909090909091,0.00032008655861866865,False,0.01818181818181818,2024-06-17,109,intermittent,full,0.0,1.0
CA-SC-10-F-209-DG-1TO,0.23636363636363636,0.6456465783478074,2.7315816776253388,0.8545454545454545,0.00972882807745193,False,0.4727272727272727,2024-06-17,109,intermittent,full,1.0,0.38461538461538464
CA-SC-10-F-209-GR-1TO,0.09090909090909091,0.3175318035740542,3.492849839314596,0.9181818181818182,0.0037148073845321553,False,0.18181818181818182,2024-06-17,109,intermittent,full,0.38461538461538464,0.6153846153846154
CA-SC-10-F-209-RD-1TO,0.00909090909090909,0.09491187735373227,10.44030650891055,0.990909090909091,0.00032910308139665935,False,0.01818181818181818,2024-06-17,109,intermittent,full,0.0,1.0
CA-SC-10-F-209-WR-1TO,0.03636363636363636,0.2307014098263549,6.34428877022476,0.9727272727272728,0.001848387169488087,False,0.07272727272727272,2024-06-17,109,intermittent,full,0.3076923076923077,0.7692307692307693
CA-SC-10-F-21-BK-1TO,0.045454545454545456,0.2082988952252655,4.582575694955841,0.9545454545454546,0.0016004327930933438,False,0.09090909090909091,2024-06-17,109,intermittent,full,0.23076923076923078,0.7692307692307693
CA-SC-10-F-210-BE-1TO,0.4636363636363636,0.8385840092059159,1.8087106080911912,0.7,0.01529653089286117,False,0.9090909090909091,2024-06-17,109,intermittent,full,1.0,0.38461538461538464
CA-SC-10-F-210-BK-1TO,0.6909090909090909,1.2702573436151685,1.8385303657587966,0.7,0.022324910398304892,False,1.3454545454545455,2024-06-17,109,intermittent,full,2.0,0.23076923076923078
CA-SC-10-F-210-BKRD-STI,0.03636363636363636,0.23070140982635487,6.344288770224759,0.9727272727272728,0.0014246105989225255,False,0.07272727272727272,2024-06-17,109,intermittent,full,0.07692307692307693,0.9230769230769231
CA-SC-10-F-210-BKWH-STI,0.01818181818181818,0.13360853142453696,7.348469228349534,0.9818181818181818,0.0006131235489033654,False,0.03636363636363636,2024-06-17,109,intermittent,full,0.0,1.0
CA-SC-10-F-210-BR-1TO,0.045454545454545456,0.2082988952252655,4.582575694955841,0.9545454545454546,0.001528300610869418,False,0.09090909090909091,2024-06-17,109,intermittent,full,0.07692307692307693,0.9230769230769231
CA-SC-10-F-210-DB-1TO,0.1,0.32891004572955534,3.2891004572955533,0.9090909090909091,0.0034037373486914767,False,0.2,2024-06-17,109,intermittent,full,0.15384615384615385,0.8461538461538461
CA-SC-10-F-210-DG-1TO,0.4909090909090909,0.9219096242972522,1.8779640494944025,0.7181818181818181,0.01649122016094493,False,0.9636363636363636,2024-06-17,109,intermittent,full,1.5384615384615385,0.15384615384615385
CA-SC-10-F-210-GR-1TO,0.5,0.912040668949681,1.824081337899362,0.7090909090909091,0.017415413745688973,False,1.0,2024-06-17,109,intermittent,full,1.5384615384615385,0.15384615384615385
CA-SC-10-F-210-OR-1TO,0.00909090909090909,0.09491187735373227,10.44030650891055,0.990909090909091,0.00041025178639857526,False,0.01818181818181818,2024-06-17,109,intermittent,full,0.07692307692307693,0.9230769230769231
CA-SC-10-F-210-PK-1TO,0.00909090909090909,0.09491187735373227,10.44030650891055,0.990909090909091,0.00013073958028086472,False,0.01818181818181818,2024-06-17,109,intermittent,full,0.0,1.0
CA-SC-10-F-210-WH-1TO,0.00909090909090909,0.09491187735373227,10.44030650891055,0.990909090909091,0.0001217230575028741,False,0.01818181818181818,2024-06-17,109,intermittent,full,0.0,1.0
CA-SC-10-F-210-WR-1TO,0.06363636363636363,0.24410402876541004,3.8359204520278727,0.9363636363636364,0.0016725649753172689,False,0.12727272727272726,2024-06-17,109,intermittent,full,0.0,1.0
CA-SC-10-F-212-BE-1TO,0.00909090909090909,0.09491187735373227,10.44030650891055,0.990909090909091,0.00032910308139665935,False,0.01818181818181818,2024-06-17,109,intermittent,full,0.0,1.0
CA-SC-10-F-212-BK-1TO,0.11818181818181818,0.3749380114054779,3.172552404200198,0.9,0.004783265333724049,False,0.23636363636363636,2024-06-17,109,intermittent,full,0.5384615384615384,0.6153846153846154
CA-SC-10-F-212-BR-1TO,0.05454545454545454,0.22709083630539634,4.163331998932266,0.9454545454545454,0.0023533124450555646,False,0.10909090909090909,2024-06-17,109,intermittent,full,0.23076923076923078,0.7692307692307693
CA-SC-10-F-212-DB-1TO,0.1,0.32891004572955534,3.2891004572955533,0.9090909090909091,0.003755381737033113,False,0.2,2024-06-17,109,intermittent,full,0.38461538461538464,0.6153846153846154
CA-SC-10-F-212-DG-1TO,0.3181818181818182,0.7854566498288308,2.4685780423191823,0.8,0.012573541013907988,False,0.6363636363636364,2024-06-17,109,intermittent,full,1.5384615384615385,0.23076923076923078
CA-SC-10-F-212-GR-1TO,0.2818181818181818,0.7877680574869067,2.795306010437411,0.8181818181818182,0.010986633004981629,False,0.5636363636363636,2024-06-17,109,intermittent,full,1.2307692307692308,0.23076923076923078
CA-SC-10-F-212-WH-1TO,0.045454545454545456,0.2082988952252655,4.582575694955841,0.9545454545454546,0.0015643667019813808,False,0.09090909090909091,2024-06-17,109,intermittent,full,0.07692307692307693,0.9230769230769231
CA-SC-10-F-212-WR-1TO,0.02727272727272727,0.162877026065172,5.9721576223896395,0.9727272727272728,0.0009241935847440432,False,0.05454545454545454,2024-06-17,109,intermittent,full,0.07692307692307693,0.9230769230769231
CA-SC-10-F-213-BK-1TO,0.3,2.8525905291984563,9.508635097328188,0.9727272727272728,0.005288190609291529,False,0.6,2024-06-17,109,intermittent,full,0.23076923076923078,0.8461538461538461
CA-SC-10-F-213-BR-1TO,0.03636363636363636,0.23070140982635487,6.344288770224759,0.9727272727272728,0.0013795279850325726,False,0.07272727272727272,2024-06-17,109,intermittent,full,0.07692307692307693,0.9230769230769231
CA-SC-10-F-213-DB-1TO,0.00909090909090909,0.09491187735373227,10.44030650891055,0.990909090909091,0.0004823839686225006,False,0.01818181818181818,2024-06-17,109,intermittent,full,0.07692307692307693,0.9230769230769231
CA-SC-10-F-213-DG-1TO,0.00909090909090909,0.09491187735373227,10.44030650891055,0.990909090909091,0.0002389378536167527,False,0.01818181818181818,2024-06-17,109,intermittent,full,0.0,1.0
CA-SC-10-F-213-GR-1TO,0.06363636363636363,0.3378346213829464,5.3088297645891585,0.9545454545454546,0.0015373171336474092,False,0.12727272727272726,2024-06-17,109,intermittent,full,0.0,1.0
CA-SC-10-F-213-WR-1TO,0.00909090909090909,0.09491187735373227,10.44030650891055,0.990909090909091,0.000392218740842594,False,0.01818181818181818,2024-06-17,109,intermittent,full,0.07692307692307693,0.9230769230769231
CA-SC-10-F-215-BE-1TO,10.782608695652174,4.021210306007605,0.3729348267668343,0.0,0.046006783842121625,True,9.181818181818182,2025-09-08,45,smooth,short,11.615384615384615,0.0
CA-SC-10-F-215-BK-1TO,10.97872340425532,4.764627474005494,0.43398738619817484,0.0,0.0194264569842738,True,9.454545454545455,2025-09-01,46,smooth,short,10.692307692307692,0.0
CA-SC-10-F-215-BKRD-STI,0.08181818181818182,0.27408751693966066,3.3499585403736303,0.9181818181818182,0.0024930685481144195,False,0.16363636363636364,2024-06-17,109,intermittent,full,0.07692307692307693,0.9230769230769231
CA-SC-10-F-215-BKWH-STI,0.08181818181818182,0.3338975940401265,4.080970593823768,0.9363636363636364,0.002583233775894326,False,0.16363636363636364,2024-06-17,109,intermittent,full,0.0,1.0
CA-SC-10-F-215-BR-1TO,0.7545454545454545,1.280528041909158,1.697085356747077,0.6636363636363637,0.023267137028604917,False,1.490909090909091,2024-06-17,109,intermittent,full,1.6153846153846154,0.3076923076923077
CA-SC-10-F-215-DB-1TO,3.739130434782609,2.45334538776798,0.6561272548681807,0.021739130434782608,0.08177613320999073,True,3.1818181818181817,2025-09-08,45,smooth,short,5.538461538461538,0.0
CA-SC-10-F-215-DG-1TO,0.9181818181818182,1.5083514069811945,1.6427589580983306,0.6363636363636364,0.03102134661767689,False,1.8363636363636364,2026-04-27,13,smooth,short,3.0,0.07692307692307693
CA-SC-10-F-215-GR-1TO,0.5545454545454546,1.0495571675396649,1.8926440726125104,0.7181818181818181,0.020264634943534025,False,1.1090909090909091,2026-04-27,13,smooth,short,2.3076923076923075,0.0
CA-SC-10-F-215-OR-1TO,0.01818181818181818,0.13360853142453696,7.348469228349534,0.9818181818181818,0.0004327930933435522,False,0.03636363636363636,2024-06-17,109,intermittent,full,0.0,1.0
CA-SC-10-F-215-PK-1TO,0.00909090909090909,0.09491187735373227,10.44030650891055,0.990909090909091,0.00020287176250479005,False,0.01818181818181818,2024-06-17,109,intermittent,full,0.0,1.0
CA-SC-10-F-215-WH-1TO,0.01818181818181818,0.13360853142453696,7.348469228349534,0.9818181818181818,0.0003155782972296735,False,0.03636363636363636,2024-06-17,109,intermittent,full,0.0,1.0
CA-SC-10-F-215-WR-1TO,0.07272727272727272,0.29260867162601967,4.02336923485777,0.9363636363636364,0.002308229831165611,False,0.14545454545454545,2024-06-17,109,intermittent,full,0.23076923076923078,0.7692307692307693
CA-SC-10-F-216-BE-1TO,2.577777777777778,1.483073218974541,0.5753301280504685,0.1111111111111111,-0.028063241106719383,True,2.1454545454545455,2025-09-15,44,intermittent,short,2.0,0.3076923076923077
CA-SC-10-F-216-BK-1TO,13.434782608695652,5.152678382934298,0.3835326951698669,0.0,-0.046870181930311554,True,11.363636363636363,2025-09-08,45,smooth,short,11.153846153846153,0.0
CA-SC-10-F-216-BKRD-STI,0.4090909090909091,1.0978943031214103,2.6837416298523364,0.8181818181818182,0.013195681085589342,False,0.8181818181818182,2024-06-17,109,intermittent,full,0.07692307692307693,0.9230769230769231
CA-SC-10-F-216-BKWH-STI,0.35454545454545455,0.9003672345353274,2.5394973281765645,0.8363636363636363,0.01179812005500079,False,0.7090909090909091,2024-06-17,109,intermittent,full,0.23076923076923078,0.8461538461538461
CA-SC-10-F-216-BR-1TO,0.2909090909090909,0.5930729611018216,2.038688303787512,0.7727272727272727,0.00867389491242702,False,0.5818181818181818,2024-06-17,109,intermittent,full,0.6923076923076923,0.46153846153846156
CA-SC-10-F-216-DB-1TO,0.4818181818181818,0.871068499360706,1.8078780175410878,0.7,0.01355634199670897,False,0.9636363636363636,2024-06-17,109,intermittent,full,0.6153846153846154,0.5384615384615384
CA-SC-10-F-216-DG-1TO,6.739130434782608,2.7931187384954828,0.4144627805509426,0.0,0.04847363552266425,True,5.6909090909090905,2025-09-08,45,smooth,short,6.384615384615385,0.0
CA-SC-10-F-216-GR-1TO,2.608695652173913,1.6743364794756266,0.6418289837989902,0.0,0.0006167129201356873,True,2.2363636363636363,2026-04-27,13,smooth,short,2.923076923076923,0.0
CA-SC-10-F-216-OR-1TO,0.045454545454545456,0.24813352843556696,5.458937625582473,0.9636363636363636,0.0012668214503076891,False,0.09090909090909091,2024-06-17,109,intermittent,full,0.0,1.0
CA-SC-10-F-216-PK-1TO,0.03636363636363636,0.23070140982635487,6.344288770224759,0.9727272727272728,0.0005860739805693937,False,0.07272727272727272,2024-06-17,109,intermittent,full,0.0,1.0
CA-SC-10-F-216-RD-1TO,0.00909090909090909,0.09491187735373227,10.44030650891055,0.990909090909091,7.664044361292078e-05,False,0.01818181818181818,2024-06-17,109,intermittent,full,0.0,1.0
CA-SC-10-F-216-WH-1TO,0.09090909090909091,0.37039179613569745,4.074309757492672,0.9272727272727272,0.0021369158983837885,False,0.18181818181818182,2024-06-17,109,intermittent,full,0.0,1.0
CA-SC-10-F-216-WR-1TO,0.5,0.9414688716912718,1.8829377433825436,0.7090909090909091,0.01670310844622771,False,1.0,2024-06-17,109,intermittent,full,1.2307692307692308,0.38461538461538464
CA-SC-10-F-217-BK-1TO,0.4727272727272727,0.8914655034277283,1.8857924110971176,0.7090909090909091,0.016022360976489413,False,0.9454545454545454,2024-06-17,109,intermittent,full,1.4615384615384615,0.15384615384615385
CA-SC-10-F-217-BKRD-STI,0.02727272727272727,0.16287702606517196,5.972157622389639,0.9727272727272728,0.0009512431530780154,False,0.05454545454545454,2024-06-17,109,intermittent,full,0.0,1.0
CA-SC-10-F-217-BKWH-STI,0.02727272727272727,0.16287702606517196,5.972157622389639,0.9727272727272728,0.0009332101075220339,False,0.05454545454545454,2024-06-17,109,intermittent,full,0.0,1.0
CA-SC-10-F-217-BR-1TO,0.01818181818181818,0.13360853142453696,7.348469228349534,0.9818181818181818,0.0004868922300114961,False,0.03636363636363636,2024-06-17,109,intermittent,full,0.0,1.0
CA-SC-10-F-217-DB-1TO,0.03636363636363636,0.18719327529067276,5.147815070493501,0.9636363636363636,0.0012352636205847215,False,0.07272727272727272,2024-06-17,109,intermittent,full,0.0,1.0
CA-SC-10-F-217-DG-1TO,0.44545454545454544,0.9003672345353276,2.021232567324205,0.7272727272727273,0.016522777990667894,False,0.8909090909090909,2024-06-17,109,intermittent,full,1.4615384615384615,0.15384615384615385
CA-SC-10-F-217-GR-1TO,0.14545454545454545,0.44387474966304374,3.051638903933426,0.8818181818181818,0.005626310213466177,False,0.2909090909090909,2024-06-17,109,intermittent,full,0.6153846153846154,0.46153846153846156
CA-SC-10-F-217-OR-1TO,0.01818181818181818,0.13360853142453696,7.348469228349534,0.9818181818181818,0.0007123052994612627,False,0.03636363636363636,2024-06-17,109,intermittent,full,0.07692307692307693,0.9230769230769231
CA-SC-10-F-217-PK-1TO,0.01818181818181818,0.13360853142453696,7.348469228349534,0.9818181818181818,0.0003696774338976175,False,0.03636363636363636,2024-06-17,109,intermittent,full,0.0,1.0
CA-SC-10-F-217-WH-1TO,0.02727272727272727,0.16287702606517196,5.972157622389639,0.9727272727272728,0.0006717309469603049,False,0.05454545454545454,2024-06-17,109,intermittent,full,0.0,1.0
CA-SC-10-F-217-WR-1TO,0.12727272727272726,0.3839765833080523,3.016958868848983,0.8909090909090909,0.0045894100939972505,False,0.2545454545454545,2024-06-17,109,intermittent,full,0.46153846153846156,0.6153846153846154
CA-SC-10-F-218-BK-1TO,0.00909090909090909,0.09491187735373227,10.44030650891055,0.990909090909091,0.0004282848319545567,False,0.01818181818181818,2024-06-17,109,intermittent,full,0.07692307692307693,0.9230769230769231
CA-SC-10-F-219-BE-1TO,0.05454545454545454,0.22709083630539637,4.163331998932267,0.9454545454545454,0.0014065775533665442,False,0.10909090909090909,2024-06-17,109,intermittent,full,0.0,1.0
CA-SC-10-F-219-BK-1TO,3.127659574468085,2.1988103289810748,0.7030209895381667,0.10638297872340426,0.05746993524514341,True,2.672727272727273,2025-09-01,46,smooth,short,4.230769230769231,0.07692307692307693
CA-SC-10-F-219-BR-1TO,0.11818181818181818,0.32282328917390374,2.731581677625339,0.8818181818181818,0.0037553817370331137,False,0.23636363636363636,2024-06-17,109,intermittent,full,0.38461538461538464,0.6153846153846154
CA-SC-10-F-219-DB-1TO,0.11818181818181818,0.3984474000147476,3.3714780001247875,0.9090909090909091,0.0035299686675833468,False,0.23636363636363636,2024-06-17,109,intermittent,full,0.23076923076923078,0.8461538461538461
CA-SC-10-F-219-DG-1TO,0.7,1.3654835973183475,1.9506908533119252,0.6909090909090909,0.026116358226449966,False,1.4,2026-04-27,13,smooth,short,3.0,0.0
CA-SC-10-F-219-GR-1TO,0.41818181818181815,0.8244206580912461,1.9714407041312407,0.7454545454545455,0.014525618195342966,False,0.8363636363636363,2024-06-17,109,intermittent,full,1.3076923076923077,0.23076923076923078
CA-SC-10-F-219-PK-1TO,0.03636363636363636,0.18719327529067276,5.147815070493501,0.9636363636363636,0.000739354867795235,False,0.07272727272727272,2024-06-17,109,intermittent,full,0.0,1.0
CA-SC-10-F-219-RD-1TO,0.07272727272727272,0.3221826390303519,4.430011286667338,0.9454545454545454,0.0013795279850325726,False,0.14545454545454545,2024-06-17,109,intermittent,full,0.0,1.0
CA-SC-10-F-219-WH-1TO,0.01818181818181818,0.13360853142453696,7.348469228349534,0.9818181818181818,0.00024344611500574812,False,0.03636363636363636,2024-06-17,109,intermittent,full,0.0,1.0
CA-SC-10-F-219-WR-1TO,0.4,0.8112840551753857,2.0282101379384643,0.7636363636363637,0.01513874174424633,False,0.8,2024-06-17,109,intermittent,full,1.3076923076923077,0.3076923076923077
CA-SC-10-F-22-BE-1TO,5.608695652173913,2.862639864588091,0.5103931541513651,0.0,0.04403330249768735,True,4.818181818181818,2025-09-08,45,smooth,short,5.923076923076923,0.0
CA-SC-10-F-22-BK-1TO,14.638297872340425,6.802457415522384,0.464702759490628,0.0,0.24317761332099916,True,12.690909090909091,2025-09-01,46,smooth,short,17.615384615384617,0.0
CA-SC-10-F-22-BR-1TO,0.36363636363636365,0.6839361045019646,1.8808242873804026,0.7363636363636363,0.01189279354416969,False,0.7272727272727273,2024-06-17,109,intermittent,full,0.7692307692307693,0.38461538461538464
CA-SC-10-F-22-DB-1TO,0.6090909090909091,1.128921082236201,1.8534525230743597,0.6727272727272727,0.020895791537993372,False,1.2181818181818183,2024-06-17,109,intermittent,full,1.6923076923076923,0.23076923076923078
CA-SC-10-F-22-DG-1TO,3.021276595744681,1.7071733724185116,0.5650503415751411,0.0851063829787234,0.02671137835337655,True,2.618181818181818,2025-09-01,46,smooth,short,3.4615384615384617,0.07692307692307693
CA-SC-10-F-22-GR-1TO,0.7909090909090909,1.4653293427228666,1.8527152609139694,0.6636363636363637,0.02772129928093231,False,1.5636363636363637,2024-06-17,109,intermittent,full,2.4615384615384617,0.23076923076923078
CA-SC-10-F-22-PK-1TO,0.00909090909090909,0.09491187735373227,10.44030650891055,0.990909090909091,8.565696639091142e-05,False,0.01818181818181818,2024-06-17,109,intermittent,full,0.0,1.0
CA-SC-10-F-22-RD-1TO,0.08181818181818182,0.27408751693966066,3.3499585403736303,0.9181818181818182,0.0021594572053287645,False,0.16363636363636364,2024-06-17,109,intermittent,full,0.0,1.0
CA-SC-10-F-22-WH-1TO,0.14545454545454545,0.48310291838496083,3.321332563896606,0.9,0.004571377048441269,False,0.2727272727272727,2024-06-17,109,intermittent,full,0.23076923076923078,0.8461538461538461
CA-SC-10-F-22-WR-1TO,0.9454545454545454,1.4131612764962216,1.494689811678696,0.6090909090909091,0.03161192885963528,False,1.8909090909090909,2026-04-27,13,smooth,short,2.769230769230769,0.0
CA-SC-10-F-220-WR-1TO,0.00909090909090909,0.09491187735373227,10.44030650891055,0.990909090909091,0.0004373013547325474,False,0.01818181818181818,2024-06-17,109,intermittent,full,0.07692307692307693,0.9230769230769231
CA-SC-10-F-221-BE-1TO,0.2,0.4631905164675271,2.3159525823376357,0.8272727272727273,0.006266483330703513,False,0.4,2024-06-17,109,intermittent,full,0.46153846153846156,0.6153846153846154
CA-SC-10-F-221-BK-1TO,4.717391304347826,2.8640427756571567,0.6071242750240977,0.021739130434782608,-0.018686401480110963,True,4.0181818181818185,2025-09-08,45,smooth,short,4.0,0.0
CA-SC-10-F-221-BKRD-STI,0.01818181818181818,0.13360853142453696,7.348469228349534,0.9818181818181818,0.00039672700223158946,False,0.03636363636363636,2024-06-17,109,intermittent,full,0.0,1.0
CA-SC-10-F-221-BR-1TO,0.12727272727272726,0.44942571252030084,3.531202026945221,0.9090909090909091,0.002948402948402949,False,0.2545454545454545,2024-06-17,109,intermittent,full,0.0,1.0
CA-SC-10-F-221-DB-1TO,0.17272727272727273,0.4643488286953504,2.688335324025713,0.8545454545454545,0.005071794062619751,False,0.34545454545454546,2024-06-17,109,intermittent,full,0.15384615384615385,0.8461538461538461
CA-SC-10-F-221-DG-1TO,0.7454545454545455,1.4424497069308149,1.9349935092974344,0.6545454545454545,0.02450690891057863,False,1.490909090909091,2024-06-17,109,intermittent,full,1.8461538461538463,0.07692307692307693
CA-SC-10-F-221-GR-1TO,0.1,0.38019133938775423,3.801913393877542,0.9272727272727272,0.0025652007303383455,False,0.2,2024-06-17,109,intermittent,full,0.07692307692307693,0.9230769230769231
CA-SC-10-F-221-PK-1TO,0.00909090909090909,0.09491187735373227,10.44030650891055,0.990909090909091,0.00020287176250479005,False,0.01818181818181818,2024-06-17,109,intermittent,full,0.0,1.0
CA-SC-10-F-221-RD-1TO,0.01818181818181818,0.13360853142453696,7.348469228349534,0.9818181818181818,0.0004327930933435522,False,0.03636363636363636,2024-06-17,109,intermittent,full,0.0,1.0
CA-SC-10-F-221-WH-1TO,0.00909090909090909,0.09491187735373227,10.44030650891055,0.990909090909091,0.00017582219417081808,False,0.01818181818181818,2024-06-17,109,intermittent,full,0.0,1.0
CA-SC-10-F-221-WR-1TO,0.045454545454545456,0.24813352843556696,5.458937625582473,0.9636363636363636,0.0014110858147555396,False,0.09090909090909091,2024-06-17,109,intermittent,full,0.0,1.0
CA-SC-10-F-222-BK-1TO,0.22727272727272727,0.6558698721973729,2.885827437668441,0.8636363636363636,0.007226743006559519,False,0.45454545454545453,2024-06-17,109,intermittent,full,0.6923076923076923,0.6153846153846154
CA-SC-10-F-222-BR-1TO,0.07272727272727272,0.29260867162601967,4.02336923485777,0.9363636363636364,0.0025246263778373875,False,0.14545454545454545,2024-06-17,109,intermittent,full,0.3076923076923077,0.7692307692307693
CA-SC-10-F-222-DB-1TO,0.12727272727272726,0.4069641688290798,3.1975756122284844,0.9,0.0048148231634470165,False,0.2545454545454545,2024-06-17,109,intermittent,full,0.5384615384615384,0.6153846153846154
CA-SC-10-F-222-DG-1TO,0.2,0.5009082659620331,2.504541329810165,0.8363636363636363,0.00580664066902599,False,0.4,2024-06-17,109,intermittent,full,0.6153846153846154,0.46153846153846156
CA-SC-10-F-222-GR-1TO,0.10909090909090909,0.4337040160682387,3.9756201472921884,0.9272727272727272,0.0048148231634470165,False,0.21818181818181817,2024-06-17,109,intermittent,full,0.6923076923076923,0.6153846153846154
CA-SC-10-F-222-WR-1TO,0.1,0.3554766326548573,3.554766326548573,0.9181818181818182,0.0032504564614656353,False,0.2,2024-06-17,109,intermittent,full,0.3076923076923077,0.7692307692307693
CA-SC-10-F-223-BK-1TO,0.11818181818181818,0.5677998716228069,4.8044604521929815,0.9363636363636364,0.005820165453192977,False,0.23636363636363636,2024-06-17,109,intermittent,full,1.0,0.46153846153846156
CA-SC-10-F-223-DB-1TO,0.01818181818181818,0.13360853142453696,7.348469228349534,0.9818181818181818,0.0007934540044631786,False,0.03636363636363636,2024-06-17,109,intermittent,full,0.15384615384615385,0.8461538461538461
CA-SC-10-F-223-DG-1TO,0.03636363636363636,0.18719327529067276,5.147815070493501,0.9636363636363636,0.0017221558505962175,False,0.07272727272727272,2024-06-17,109,intermittent,full,0.3076923076923077,0.6923076923076923
CA-SC-10-F-223-WR-1TO,0.03636363636363636,0.18719327529067276,5.147815070493501,0.9636363636363636,0.0018033045555981334,False,0.07272727272727272,2024-06-17,109,intermittent,full,0.3076923076923077,0.6923076923076923
CA-SC-10-F-225-BE-1TO,0.00909090909090909,0.09491187735373227,10.44030650891055,0.990909090909091,0.0003832022180646033,False,0.01818181818181818,2024-06-17,109,intermittent,full,0.07692307692307693,0.9230769230769231
CA-SC-10-F-225-BK-1TO,0.02727272727272727,0.162877026065172,5.9721576223896395,0.9727272727272728,0.0014020692919775488,False,0.05454545454545454,2024-06-17,109,intermittent,full,0.23076923076923078,0.7692307692307693
CA-SC-10-F-225-BR-1TO,0.01818181818181818,0.18982375470746454,10.44030650891055,0.990909090909091,0.0009467348916890202,False,0.03636363636363636,2024-06-17,109,intermittent,full,0.15384615384615385,0.9230769230769231
CA-SC-10-F-225-DB-1TO,0.01818181818181818,0.133608531424537,7.3484692283495345,0.9818181818181818,0.000892635755021076,False,0.03636363636363636,2024-06-17,109,intermittent,full,0.15384615384615385,0.8461538461538461
CA-SC-10-F-225-GR-1TO,0.02727272727272727,0.21144915181114557,7.753135566408671,0.9818181818181818,0.0012127223136397447,False,0.05454545454545454,2024-06-17,109,intermittent,full,0.07692307692307693,0.9230769230769231
CA-SC-10-F-226-BK-1TO,0.08181818181818182,0.3845142905919382,4.6996191072348,0.9454545454545454,0.004052926988706805,False,0.16363636363636364,2024-06-17,109,intermittent,full,0.6153846153846154,0.6153846153846154
CA-SC-10-F-226-BR-1TO,0.00909090909090909,0.09491187735373227,10.44030650891055,0.990909090909091,0.0004733674458445101,False,0.01818181818181818,2024-06-17,109,intermittent,full,0.07692307692307693,0.9230769230769231
CA-SC-10-F-226-DG-1TO,0.01818181818181818,0.13360853142453696,7.348469228349534,0.9818181818181818,0.0008746027094650946,False,0.03636363636363636,2024-06-17,109,intermittent,full,0.15384615384615385,0.8461538461538461
CA-SC-10-F-227-BE-1TO,0.6090909090909091,1.1528262073976328,1.8926997434886508,0.6818181818181818,0.017171967630683224,False,1.2,2024-06-17,109,intermittent,full,1.3076923076923077,0.23076923076923078
CA-SC-10-F-227-BK-1TO,0.7909090909090909,1.433973846252273,1.813070380318966,0.6636363636363637,0.024817978946419312,False,1.5818181818181818,2026-04-27,13,smooth,short,2.0,0.07692307692307693
CA-SC-10-F-227-BKRD-STI,0.02727272727272727,0.162877026065172,5.9721576223896395,0.9727272727272728,0.0007438631291842301,False,0.05454545454545454,2024-06-17,109,intermittent,full,0.0,1.0
CA-SC-10-F-227-BKWH-STI,0.05454545454545454,0.26410616447879914,4.841946348777984,0.9545454545454546,0.0016049410544823393,False,0.10909090909090909,2024-06-17,109,intermittent,full,0.0,1.0
CA-SC-10-F-227-BR-1TO,0.07272727272727272,0.2926086716260196,4.023369234857769,0.9363636363636364,0.0023713454906115457,False,0.14545454545454545,2024-06-17,109,intermittent,full,0.07692307692307693,0.9230769230769231
CA-SC-10-F-227-DB-1TO,0.15454545454545454,0.4509860638113622,2.9181451187794023,0.8727272727272727,0.004747199242612086,False,0.3090909090909091,2024-06-17,109,intermittent,full,0.38461538461538464,0.6153846153846154
CA-SC-10-F-227-DG-1TO,0.8454545454545455,1.5561395335682096,1.8405951472312156,0.6727272727272727,0.026422920000901656,False,1.690909090909091,2024-06-17,109,intermittent,full,1.8461538461538463,0.15384615384615385
CA-SC-10-F-227-GR-1TO,0.7727272727272727,1.3049492564783778,1.6887578613249594,0.6636363636363637,0.022473683024141742,False,1.5272727272727273,2024-06-17,109,intermittent,full,1.8461538461538463,0.15384615384615385
CA-SC-10-F-227-WH-1TO,0.01818181818181818,0.13360853142453696,7.348469228349534,0.9818181818181818,0.0005590244122354215,False,0.03636363636363636,2024-06-17,109,intermittent,full,0.0,1.0
CA-SC-10-F-227-WR-1TO,0.06363636363636363,0.24410402876541004,3.8359204520278727,0.9363636363636364,0.002105358068660821,False,0.12727272727272726,2024-06-17,109,intermittent,full,0.15384615384615385,0.8461538461538461
CA-SC-10-F-228-BK-1TO,0.10909090909090909,0.4337040160682387,3.9756201472921884,0.9272727272727272,0.005319748439014493,False,0.21818181818181817,2024-06-17,109,intermittent,full,0.8461538461538461,0.46153846153846156
CA-SC-10-F-228-BR-1TO,0.03636363636363636,0.18719327529067276,5.147815070493501,0.9636363636363636,0.0017221558505962175,False,0.07272727272727272,2024-06-17,109,intermittent,full,0.23076923076923078,0.7692307692307693
CA-SC-10-F-228-DB-1TO,0.08181818181818182,0.3600964058243338,4.401178293408524,0.9454545454545454,0.004079976557040777,False,0.16363636363636364,2024-06-17,109,intermittent,full,0.6923076923076923,0.5384615384615384
CA-SC-10-F-228-DG-1TO,0.00909090909090909,0.09491187735373227,10.44030650891055,0.990909090909091,0.0004914004914004913,False,0.01818181818181818,2024-06-17,109,intermittent,full,0.07692307692307693,0.9230769230769231
CA-SC-10-F-229-BE-1TO,0.01818181818181818,0.13360853142453696,7.348469228349534,0.9818181818181818,0.0006852557311272907,False,0.03636363636363636,2024-06-17,109,intermittent,full,0.0,1.0
CA-SC-10-F-229-BK-1TO,0.08181818181818182,0.3054599566620262,3.7333994703136533,0.9272727272727272,0.0029078285959019904,False,0.16363636363636364,2024-06-17,109,intermittent,full,0.15384615384615385,0.8461538461538461
CA-SC-10-F-229-DG-1TO,0.3,0.7204796382208932,2.401598794069644,0.8181818181818182,0.012113698352230461,False,0.6,2024-06-17,109,intermittent,full,1.1538461538461537,0.38461538461538464
CA-SC-10-F-229-GR-1TO,0.17272727272727273,0.5369796154771767,3.1088293527626014,0.8909090909090909,0.007416089984897323,False,0.34545454545454546,2024-06-17,109,intermittent,full,0.6153846153846154,0.6153846153846154
CA-SC-10-F-23-BE-1TO,0.2,0.5187397315522584,2.593698657761292,0.8454545454545455,0.006536979014043234,False,0.4,2024-06-17,109,intermittent,full,0.38461538461538464,0.6923076923076923
CA-SC-10-F-23-BK-1TO,0.7181818181818181,1.3082383587503403,1.821597714715664,0.6727272727272727,0.022004823839686227,False,1.4363636363636363,2024-06-17,109,intermittent,full,1.5384615384615385,0.15384615384615385
CA-SC-10-F-23-BR-1TO,0.06363636363636363,0.27887021182141764,4.382246185765135,0.9454545454545454,0.0014471519058675021,False,0.12727272727272726,2024-06-17,109,intermittent,full,0.07692307692307693,0.9230769230769231
CA-SC-10-F-23-DB-1TO,0.07272727272727272,0.25968830649246727,3.570714214271425,0.9272727272727272,0.002795122061177107,False,0.14545454545454545,2024-06-17,109,intermittent,full,0.23076923076923078,0.7692307692307693
CA-SC-10-F-23-DG-1TO,0.09090909090909091,0.3703917961356975,4.0743097574926725,0.9272727272727272,0.003606609111196267,False,0.18181818181818182,2024-06-17,109,intermittent,full,0.38461538461538464,0.7692307692307693
CA-SC-10-F-23-GR-1TO,0.03636363636363636,0.18719327529067276,5.147815070493501,0.9636363636363636,0.0014065775533665438,False,0.07272727272727272,2024-06-17,109,intermittent,full,0.15384615384615385,0.8461538461538461
CA-SC-10-F-231-BE-1TO,0.00909090909090909,0.09491187735373227,10.44030650891055,0.990909090909091,0.00028402046750670604,False,0.01818181818181818,2024-06-17,109,intermittent,full,0.0,1.0
CA-SC-10-F-231-BK-1TO,0.17272727272727273,0.5369796154771768,3.1088293527626023,0.8909090909090909,0.0054595045420733485,False,0.34545454545454546,2024-06-17,109,intermittent,full,0.38461538461538464,0.7692307692307693
CA-SC-10-F-231-BR-1TO,0.05454545454545454,0.22709083630539637,4.163331998932267,0.9454545454545454,0.0012352636205847217,False,0.10909090909090909,2024-06-17,109,intermittent,full,0.0,1.0
CA-SC-10-F-231-DB-1TO,0.09090909090909091,0.3703917961356975,4.0743097574926725,0.9272727272727272,0.0031016838356287893,False,0.18181818181818182,2024-06-17,109,intermittent,full,0.15384615384615385,0.8461538461538461
CA-SC-10-F-231-DG-1TO,0.10909090909090909,0.43370401606823866,3.975620147292188,0.9272727272727272,0.004418096161215426,False,0.21818181818181817,2024-06-17,109,intermittent,full,0.46153846153846156,0.7692307692307693
CA-SC-10-F-231-GR-1TO,0.02727272727272727,0.16287702606517196,5.972157622389639,0.9727272727272728,0.0007348466064062396,False,0.05454545454545454,2024-06-17,109,intermittent,full,0.0,1.0
CA-SC-10-F-231-PK-1TO,0.02727272727272727,0.21144915181114557,7.753135566408671,0.9818181818181818,0.0007618961747402115,False,0.05454545454545454,2024-06-17,109,intermittent,full,0.0,1.0
CA-SC-10-F-231-RD-1TO,0.02727272727272727,0.21144915181114557,7.753135566408671,0.9818181818181818,0.00029303699028469695,False,0.05454545454545454,2024-06-17,109,intermittent,full,0.0,1.0
CA-SC-10-F-231-WR-1TO,0.01818181818181818,0.13360853142453696,7.348469228349534,0.9818181818181818,0.0008385366183531322,False,0.03636363636363636,2024-06-17,109,intermittent,full,0.07692307692307693,0.9230769230769231
CA-SC-10-F-232-BE-1TO,0.2545454545454545,0.5466653228499238,2.1476137683389864,0.7909090909090909,0.006248450285147534,False,0.4727272727272727,2024-06-17,109,intermittent,full,0.3076923076923077,0.6923076923076923
CA-SC-10-F-232-BK-1TO,3.7719298245614037,2.9618483078281,0.785234202540473,0.12280701754385964,0.047186932849364774,True,3.8545454545454545,2025-06-23,56,smooth,medium,2.4615384615384617,0.07692307692307693
CA-SC-10-F-232-BKRD-STI,0.1,0.40339468604243267,4.033946860424327,0.9272727272727272,0.003502919099249375,False,0.2,2024-06-17,109,intermittent,full,0.0,1.0
CA-SC-10-F-232-BKWH-STI,0.12727272727272726,0.44942571252030084,3.531202026945221,0.9090909090909091,0.004291864842323557,False,0.2545454545454545,2024-06-17,109,intermittent,full,0.0,1.0
CA-SC-10-F-232-BR-1TO,0.09090909090909091,0.2874797872880344,3.1622776601683786,0.9090909090909091,0.0027770890156211254,False,0.18181818181818182,2024-06-17,109,intermittent,full,0.07692307692307693,0.9230769230769231
CA-SC-10-F-232-DB-1TO,0.18181818181818182,0.47062469474708307,2.588435821108957,0.8545454545454545,0.005896805896805897,False,0.36363636363636365,2024-06-17,109,intermittent,full,0.23076923076923078,0.7692307692307693
CA-SC-10-F-232-DG-1TO,0.9181818181818182,1.4021530080027784,1.5270973354485704,0.5818181818181818,0.027676216667042355,False,1.7818181818181817,2024-06-17,109,intermittent,full,1.8461538461538463,0.23076923076923078
CA-SC-10-F-232-GR-1TO,6.586956521739131,3.3334672310851263,0.5060709327719993,0.021739130434782608,0.0776441566450817,True,5.5636363636363635,2025-09-08,45,smooth,short,6.846153846153846,0.0
CA-SC-10-F-232-OR-1TO,0.00909090909090909,0.09491187735373227,10.44030650891055,0.990909090909091,0.0002659874219507247,False,0.01818181818181818,2024-06-17,109,intermittent,full,0.0,1.0
CA-SC-10-F-232-PK-1TO,0.01818181818181818,0.13360853142453696,7.348469228349534,0.9818181818181818,0.00034262786556364547,False,0.03636363636363636,2024-06-17,109,intermittent,full,0.0,1.0
CA-SC-10-F-232-RD-1TO,0.01818181818181818,0.13360853142453696,7.348469228349534,0.9818181818181818,0.0003696774338976175,False,0.03636363636363636,2024-06-17,109,intermittent,full,0.0,1.0
CA-SC-10-F-232-WH-1TO,0.34545454545454546,0.898851425040602,2.601938335643848,0.8272727272727273,0.008313234001307394,False,0.6909090909090909,2024-06-17,109,intermittent,full,0.0,1.0
CA-SC-10-F-232-WR-1TO,0.17272727272727273,0.4643488286953503,2.6883353240257124,0.8636363636363636,0.005360322791515452,False,0.32727272727272727,2024-06-17,109,intermittent,full,0.38461538461538464,0.6923076923076923
CA-SC-10-F-234-BE-1TO,6.260869565217392,4.984474952109215,0.7961314159618885,0.0,0.05242059821153248,True,5.381818181818182,2025-09-08,45,smooth,short,3.3076923076923075,0.0
CA-SC-10-F-234-BK-1TO,7.413043478260869,5.5465464654829875,0.7482144792147138,0.021739130434782608,-0.04076472402096822,True,6.327272727272727,2025-09-08,45,smooth,short,3.0,0.07692307692307693
CA-SC-10-F-234-BKRD-STI,0.045454545454545456,0.24813352843556696,5.458937625582473,0.9636363636363636,0.0013660032008655858,False,0.09090909090909091,2024-06-17,109,intermittent,full,0.0,1.0
CA-SC-10-F-234-BKWH-STI,0.06363636363636363,0.3378346213829464,5.3088297645891585,0.9545454545454546,0.002060275454770867,False,0.12727272727272726,2024-06-17,109,intermittent,full,0.0,1.0
CA-SC-10-F-234-BR-1TO,0.34545454545454546,0.8139283376581599,2.356108345852568,0.7818181818181819,0.009629646326894033,False,0.6909090909090909,2024-06-17,109,intermittent,full,0.15384615384615385,0.8461538461538461
CA-SC-10-F-234-DB-1TO,2.869565217391304,2.6342946886436716,0.918011785436431,0.1956521739130435,-0.03601603453592351,True,2.418181818181818,2025-09-08,45,intermittent,short,0.6923076923076923,0.46153846153846156
CA-SC-10-F-234-DG-1TO,3.0851063829787235,3.187941290164191,1.0333326940532204,0.1276595744680851,-0.03919981498612395,True,2.6363636363636362,2025-09-01,46,intermittent,short,0.7692307692307693,0.46153846153846156
CA-SC-10-F-234-GR-1TO,0.8272727272727273,1.3132824310869515,1.5874842573578536,0.6181818181818182,0.01675720758289566,False,1.4363636363636363,2024-06-17,109,intermittent,full,0.15384615384615385,0.8461538461538461
CA-SC-10-F-234-OR-1TO,0.01818181818181818,0.13360853142453696,7.348469228349534,0.9818181818181818,0.0006762392083493,False,0.03636363636363636,2024-06-17,109,intermittent,full,0.0,1.0
CA-SC-10-F-234-RD-1TO,0.00909090909090909,0.09491187735373227,10.44030650891055,0.990909090909091,0.00018483871694880875,False,0.01818181818181818,2024-06-17,109,intermittent,full,0.0,1.0
CA-SC-10-F-234-WR-1TO,0.03636363636363636,0.18719327529067276,5.147815070493501,0.9636363636363636,0.0008565696639091135,False,0.07272727272727272,2024-06-17,109,intermittent,full,0.0,1.0
CA-SC-10-F-236-BE-1TO,0.20909090909090908,0.6044600076319742,2.890895688674659,0.8545454545454545,0.008425940536032277,False,0.41818181818181815,2024-06-17,109,intermittent,full,0.9230769230769231,0.46153846153846156
CA-SC-10-F-236-BK-1TO,0.23636363636363636,0.6456465783478075,2.731581677625339,0.8454545454545455,0.009088654960214595,False,0.4727272727272727,2024-06-17,109,intermittent,full,1.2307692307692308,0.23076923076923078
CA-SC-10-F-236-BKRD-STI,0.01818181818181818,0.13360853142453696,7.348469228349534,0.9818181818181818,0.000513941798345468,False,0.03636363636363636,2024-06-17,109,intermittent,full,0.0,1.0
CA-SC-10-F-236-BKWH-STI,0.02727272727272727,0.162877026065172,5.9721576223896395,0.9727272727272728,0.000806978788630165,False,0.05454545454545454,2024-06-17,109,intermittent,full,0.0,1.0
CA-SC-10-F-236-BR-1TO,0.00909090909090909,0.09491187735373227,10.44030650891055,0.990909090909091,0.00014877262583684608,False,0.01818181818181818,2024-06-17,109,intermittent,full,0.0,1.0
CA-SC-10-F-236-DB-1TO,0.1,0.32891004572955534,3.2891004572955533,0.9090909090909091,0.0037914478281450754,False,0.2,2024-06-17,109,intermittent,full,0.38461538461538464,0.6923076923076923
CA-SC-10-F-236-DG-1TO,0.43636363636363634,0.9489446073236283,2.1746647251166484,0.7454545454545455,0.017275657642630116,False,0.8727272727272727,2024-06-17,109,intermittent,full,2.0,0.23076923076923078
CA-SC-10-F-236-GR-1TO,0.24545454545454545,0.5078719172168517,2.0691078108834695,0.7909090909090909,0.009183328449383495,False,0.4909090909090909,2024-06-17,109,intermittent,full,0.8461538461538461,0.38461538461538464
CA-SC-10-F-237-BE-1TO,0.07272727272727272,0.3221826390303518,4.430011286667338,0.9454545454545454,0.0036697247706422003,False,0.14545454545454545,2024-06-17,109,intermittent,full,0.6153846153846154,0.5384615384615384
CA-SC-10-F-237-BK-1TO,0.09090909090909091,0.41659779045053097,4.582575694955841,0.9454545454545454,0.0046705587989991654,False,0.18181818181818182,2024-06-17,109,intermittent,full,0.7692307692307693,0.5384615384615384
CA-SC-10-F-237-DB-1TO,0.02727272727272727,0.162877026065172,5.9721576223896395,0.9727272727272728,0.0013750197236435766,False,0.05454545454545454,2024-06-17,109,intermittent,full,0.23076923076923078,0.7692307692307693
CA-SC-10-F-237-DG-1TO,0.09090909090909091,0.51425947722658,5.656854249492381,0.9636363636363636,0.004625476185109213,False,0.18181818181818182,2024-06-17,109,intermittent,full,0.7692307692307693,0.6923076923076923
CA-SC-10-F-237-GR-1TO,0.02727272727272727,0.162877026065172,5.9721576223896395,0.9727272727272728,0.0013569866780875958,False,0.05454545454545454,2024-06-17,109,intermittent,full,0.23076923076923078,0.7692307692307693
CA-SC-10-F-238-BE-1TO,0.09090909090909091,0.3941724252487055,4.33589667773576,0.9363636363636364,0.004409079638437436,False,0.18181818181818182,2024-06-17,109,intermittent,full,0.7692307692307693,0.46153846153846156
CA-SC-10-F-238-BK-1TO,0.15454545454545454,0.5424919544667525,3.510242058314281,0.9090909090909091,0.007434123030453305,False,0.3090909090909091,2024-06-17,109,intermittent,full,1.3076923076923077,0.23076923076923078
CA-SC-10-F-238-BR-1TO,0.00909090909090909,0.09491187735373227,10.44030650891055,0.990909090909091,0.00041025178639857526,False,0.01818181818181818,2024-06-17,109,intermittent,full,0.07692307692307693,0.9230769230769231
CA-SC-10-F-238-DB-1TO,0.00909090909090909,0.09491187735373227,10.44030650891055,0.990909090909091,0.0004733674458445101,False,0.01818181818181818,2024-06-17,109,intermittent,full,0.07692307692307693,0.9230769230769231
CA-SC-10-F-238-DG-1TO,0.32727272727272727,1.0189931832146948,3.1135902820449006,0.8909090909090909,0.015950228794265487,False,0.6545454545454545,2026-04-27,13,smooth,short,2.769230769230769,0.07692307692307693
CA-SC-10-F-238-GR-1TO,0.09090909090909091,0.3703917961356975,4.0743097574926725,0.9363636363636364,0.0046615422762211756,False,0.18181818181818182,2024-06-17,109,intermittent,full,0.7692307692307693,0.46153846153846156
CA-SC-10-F-238-WR-1TO,0.02727272727272727,0.162877026065172,5.9721576223896395,0.9727272727272728,0.0013660032008655858,False,0.05454545454545454,2024-06-17,109,intermittent,full,0.23076923076923078,0.7692307692307693
CA-SC-10-F-242-BE-1TO,0.22727272727272727,0.9011012546181367,3.964845520319802,0.9181818181818182,0.01146450871221513,False,0.45454545454545453,2024-06-17,109,intermittent,full,1.9230769230769231,0.3076923076923077
CA-SC-10-F-242-BK-1TO,1.7727272727272727,5.94621207295274,3.3542734770502634,0.9,0.08878119153348511,False,3.5454545454545454,2026-04-27,13,smooth,short,15.0,0.15384615384615385
CA-SC-10-F-242-BR-1TO,0.08181818181818182,0.33389759404012653,4.080970593823769,0.9363636363636364,0.004025877420372832,False,0.16363636363636364,2024-06-17,109,intermittent,full,0.6923076923076923,0.46153846153846156
CA-SC-10-F-242-DB-1TO,0.3181818181818182,1.1356361307600262,3.5691421252457967,0.9,0.016035885760656402,False,0.6363636363636364,2026-04-27,13,smooth,short,2.6923076923076925,0.15384615384615385
CA-SC-10-F-242-DG-1TO,2.081818181818182,7.0879306098873816,3.4046828257100956,0.9,0.10402813155106733,False,4.163636363636364,2026-04-27,13,smooth,short,17.615384615384617,0.15384615384615385
CA-SC-10-F-242-GR-1TO,0.38181818181818183,1.3550029733735787,3.5488173112165153,0.9,0.019295358744900026,False,0.7636363636363637,2026-04-27,13,smooth,short,3.230769230769231,0.15384615384615385
CA-SC-10-F-242-WR-1TO,0.06363636363636363,0.2788702118214176,4.382246185765134,0.9454545454545454,0.0032504564614656353,False,0.12727272727272726,2024-06-17,109,intermittent,full,0.5384615384615384,0.5384615384615384
CA-SC-10-F-243-BK-1TO,0.07272727272727272,0.29260867162601967,4.02336923485777,0.9363636363636364,0.0031287334039627615,False,0.14545454545454545,2024-06-17,109,intermittent,full,0.3076923076923077,0.7692307692307693
CA-SC-10-F-243-BR-1TO,0.03636363636363636,0.18719327529067276,5.147815070493501,0.9636363636363636,0.0016410071455943013,False,0.07272727272727272,2024-06-17,109,intermittent,full,0.23076923076923078,0.7692307692307693
CA-SC-10-F-243-DB-1TO,0.045454545454545456,0.2082988952252655,4.582575694955841,0.9545454545454546,0.001970110226990961,False,0.09090909090909091,2024-06-17,109,intermittent,full,0.23076923076923078,0.7692307692307693
CA-SC-10-F-243-DG-1TO,0.00909090909090909,0.09491187735373227,10.44030650891055,0.990909090909091,0.00044631787751053814,False,0.01818181818181818,2024-06-17,109,intermittent,full,0.07692307692307693,0.9230769230769231
CA-SC-10-F-243-GR-1TO,0.01818181818181818,0.13360853142453696,7.348469228349534,0.9818181818181818,0.0007393548677952348,False,0.03636363636363636,2024-06-17,109,intermittent,full,0.07692307692307693,0.9230769230769231
CA-SC-10-F-243-WR-1TO,0.01818181818181818,0.133608531424537,7.3484692283495345,0.9818181818181818,0.0008024705272411693,False,0.03636363636363636,2024-06-17,109,intermittent,full,0.07692307692307693,0.9230769230769231
CA-SC-10-F-244-BK-1TO,0.1,0.38019133938775423,3.801913393877542,0.9272727272727272,0.004648017492054189,False,0.2,2024-06-17,109,intermittent,full,0.5384615384615384,0.6153846153846154
CA-SC-10-F-244-BR-1TO,0.01818181818181818,0.13360853142453696,7.348469228349534,0.9818181818181818,0.0009557514144670108,False,0.03636363636363636,2024-06-17,109,intermittent,full,0.15384615384615385,0.8461538461538461
CA-SC-10-F-244-DG-1TO,0.09090909090909091,0.3175318035740542,3.492849839314596,0.9181818181818182,0.004012352636205847,False,0.18181818181818182,2024-06-17,109,intermittent,full,0.38461538461538464,0.6153846153846154
CA-SC-10-F-244-GR-1TO,0.2727272727272727,0.6863485850246135,2.516611478423583,0.8454545454545455,0.011829677884723756,False,0.5454545454545454,2024-06-17,109,intermittent,full,1.3076923076923077,0.23076923076923078
CA-SC-10-F-244-WR-1TO,0.01818181818181818,0.13360853142453696,7.348469228349534,0.9818181818181818,0.0006311565944593469,False,0.03636363636363636,2024-06-17,109,intermittent,full,0.0,1.0
CA-SC-10-F-249-BE-1TO,0.32727272727272727,0.9254884794635937,2.8278814650276476,0.8636363636363636,0.005274665825124544,False,0.6545454545454545,2024-06-17,109,intermittent,full,0.07692307692307693,0.9230769230769231
CA-SC-10-F-249-BK-1TO,0.3090909090909091,0.794817927068887,2.571469764046399,0.8272727272727273,0.007195185176836553,False,0.6181818181818182,2024-06-17,109,intermittent,full,0.6153846153846154,0.6153846153846154
CA-SC-10-F-249-BR-1TO,0.07272727272727272,0.4201534548469578,5.77711000414567,0.9636363636363636,0.0013524784166986004,False,0.14545454545454545,2024-06-17,109,intermittent,full,0.07692307692307693,0.9230769230769231
CA-SC-10-F-249-DB-1TO,0.03636363636363636,0.18719327529067276,5.147815070493501,0.9636363636363636,0.0008205035727971508,False,0.07272727272727272,2024-06-17,109,intermittent,full,0.0,1.0
CA-SC-10-F-249-DG-1TO,0.00909090909090909,0.09491187735373227,10.44030650891055,0.990909090909091,0.000392218740842594,False,0.01818181818181818,2024-06-17,109,intermittent,full,0.07692307692307693,0.9230769230769231
CA-SC-10-F-249-GR-1TO,0.3090909090909091,1.0157438344337033,3.2862300525796284,0.8909090909090909,0.004363997024547484,False,0.6181818181818182,2024-06-17,109,intermittent,full,0.0,1.0
CA-SC-10-F-249-PK-1TO,0.00909090909090909,0.09491187735373227,10.44030650891055,0.990909090909091,0.00022992133083876205,False,0.01818181818181818,2024-06-17,109,intermittent,full,0.0,1.0
CA-SC-10-F-249-WR-1TO,0.02727272727272727,0.162877026065172,5.9721576223896395,0.9727272727272728,0.00041926830917656617,False,0.05454545454545454,2024-06-17,109,intermittent,full,0.0,1.0
CA-SC-10-F-25-BE-1TO,3.5454545454545454,1.980065947645379,0.5584801390794659,0.07272727272727272,0.056204906204906216,True,3.5454545454545454,2025-07-07,54,smooth,medium,4.615384615384615,0.07692307692307693
CA-SC-10-F-25-BK-1TO,3.3088235294117645,2.136911962052722,0.6458222818648227,0.1323529411764706,0.045940374852082286,True,3.9272727272727272,2025-04-07,67,smooth,medium,4.076923076923077,0.0
CA-SC-10-F-25-BKRD-STI,0.01818181818181818,0.18982375470746454,10.44030650891055,0.990909090909091,0.0004057435250095801,False,0.03636363636363636,2024-06-17,109,intermittent,full,0.0,1.0
CA-SC-10-F-25-BR-1TO,0.23636363636363636,0.5709206715675484,2.4154336104780896,0.8363636363636363,0.00770912697518202,False,0.4727272727272727,2024-06-17,109,intermittent,full,0.6153846153846154,0.6153846153846154
CA-SC-10-F-25-DB-1TO,0.509090909090909,0.9605439230452576,1.8867827059817561,0.7,0.015111692175912359,False,1.0,2024-06-17,109,intermittent,full,1.4615384615384615,0.38461538461538464
CA-SC-10-F-25-DG-1TO,0.9545454545454546,1.3907902504192202,1.4570183575820401,0.5454545454545454,0.026756531343687308,False,1.8181818181818181,2026-04-27,13,smooth,short,2.230769230769231,0.07692307692307693
CA-SC-10-F-25-GR-1TO,0.8727272727272727,1.1993110970211258,1.3742106320033733,0.5272727272727272,0.02204539819218718,False,1.5636363636363637,2026-04-27,13,smooth,short,2.1538461538461537,0.0
CA-SC-10-F-25-WH-1TO,0.1,0.4033946860424326,4.033946860424326,0.9363636363636364,0.0015102675653134374,False,0.2,2024-06-17,109,intermittent,full,0.0,1.0
CA-SC-10-F-25-WR-1TO,0.17272727272727273,0.4643488286953503,2.6883353240257124,0.8636363636363636,0.005315240177625498,False,0.34545454545454546,2024-06-17,109,intermittent,full,0.23076923076923078,0.7692307692307693
CA-SC-10-F-250-BE-1TO,0.03636363636363636,0.18719327529067276,5.147815070493501,0.9636363636363636,0.0008746027094650948,False,0.07272727272727272,2024-06-17,109,intermittent,full,0.07692307692307693,0.9230769230769231
CA-SC-10-F-250-BK-1TO,0.41818181818181815,0.9281635649527432,2.2195215683652556,0.7909090909090909,0.013660032008655862,False,0.8363636363636363,2024-06-17,109,intermittent,full,1.0769230769230769,0.46153846153846156
CA-SC-10-F-250-BKRD-STI,0.01818181818181818,0.13360853142453696,7.348469228349534,0.9818181818181818,0.00040574352500958005,False,0.03636363636363636,2024-06-17,109,intermittent,full,0.0,1.0
CA-SC-10-F-250-BKWH-STI,0.00909090909090909,0.09491187735373227,10.44030650891055,0.990909090909091,0.00017582219417081808,False,0.01818181818181818,2024-06-17,109,intermittent,full,0.0,1.0
CA-SC-10-F-250-BR-1TO,0.01818181818181818,0.13360853142453696,7.348469228349534,0.9818181818181818,0.0003696774338976175,False,0.03636363636363636,2024-06-17,109,intermittent,full,0.0,1.0
CA-SC-10-F-250-DG-1TO,0.21818181818181817,0.5621681757723748,2.576604138956718,0.8363636363636363,0.0051123684151207095,False,0.43636363636363634,2024-06-17,109,intermittent,full,0.38461538461538464,0.7692307692307693
CA-SC-10-F-250-GR-1TO,0.09090909090909091,0.2874797872880344,3.1622776601683786,0.9090909090909091,0.0028221716295110796,False,0.18181818181818182,2024-06-17,109,intermittent,full,0.07692307692307693,0.9230769230769231
CA-SC-10-F-250-PK-1TO,0.02727272727272727,0.16287702606517196,5.972157622389639,0.9727272727272728,0.0006176318102923609,False,0.05454545454545454,2024-06-17,109,intermittent,full,0.0,1.0
CA-SC-10-F-250-WR-1TO,0.045454545454545456,0.2082988952252655,4.582575694955841,0.9545454545454546,0.001185672745305773,False,0.09090909090909091,2024-06-17,109,intermittent,full,0.07692307692307693,0.9230769230769231
CA-SC-10-F-255-BE-1TO,0.05454545454545454,0.22709083630539634,4.163331998932266,0.9454545454545454,0.0018754367378220585,False,0.10909090909090909,2024-06-17,109,intermittent,full,0.15384615384615385,0.8461538461538461
CA-SC-10-F-255-BK-1TO,0.6363636363636364,1.0764189174993226,1.6915154417846499,0.6727272727272727,0.020719969343822555,False,1.2727272727272727,2024-06-17,109,intermittent,full,1.6923076923076923,0.23076923076923078
CA-SC-10-F-255-BKRD-STI,0.00909090909090909,0.09491187735373227,10.44030650891055,0.990909090909091,0.0004282848319545567,False,0.01818181818181818,2024-06-17,109,intermittent,full,0.07692307692307693,0.9230769230769231
CA-SC-10-F-255-BKWH-STI,0.08181818181818182,0.33389759404012653,4.080970593823769,0.9363636363636364,0.0031061920970177855,False,0.16363636363636364,2024-06-17,109,intermittent,full,0.3076923076923077,0.7692307692307693
CA-SC-10-F-255-BR-1TO,0.2545454545454545,0.6243012623050688,2.4526121019127705,0.8272727272727273,0.00810585397741361,False,0.509090909090909,2024-06-17,109,intermittent,full,0.6153846153846154,0.5384615384615384
CA-SC-10-F-255-DB-1TO,0.06363636363636363,0.24410402876541004,3.8359204520278727,0.9363636363636364,0.00250208507089241,False,0.12727272727272726,2024-06-17,109,intermittent,full,0.3076923076923077,0.6923076923076923
CA-SC-10-F-255-DG-1TO,0.08181818181818182,0.33389759404012653,4.080970593823769,0.9363636363636364,0.0023668372292225508,False,0.16363636363636364,2024-06-17,109,intermittent,full,0.15384615384615385,0.8461538461538461
CA-SC-10-F-255-GR-1TO,0.2545454545454545,0.6932973078159134,2.7236679949910885,0.8636363636363636,0.008033721795189684,False,0.509090909090909,2024-06-17,109,intermittent,full,0.6153846153846154,0.6153846153846154
CA-SC-10-F-255-OR-1TO,0.03636363636363636,0.18719327529067276,5.147815070493501,0.9636363636363636,0.0012713297116966839,False,0.07272727272727272,2024-06-17,109,intermittent,full,0.15384615384615385,0.8461538461538461
CA-SC-10-F-255-PK-1TO,0.00909090909090909,0.09491187735373227,10.44030650891055,0.990909090909091,0.00020287176250479005,False,0.01818181818181818,2024-06-17,109,intermittent,full,0.0,1.0
CA-SC-10-F-255-WH-1TO,0.07272727272727272,0.25968830649246727,3.570714214271425,0.9272727272727272,0.0018574036922660777,False,0.14545454545454545,2024-06-17,109,intermittent,full,0.0,1.0
CA-SC-10-F-255-WR-1TO,0.02727272727272727,0.16287702606517196,5.972157622389639,0.9727272727272728,0.0007618961747402115,False,0.05454545454545454,2024-06-17,109,intermittent,full,0.0,1.0
CA-SC-10-F-256-BE-1TO,0.00909090909090909,0.09491187735373227,10.44030650891055,0.990909090909091,8.565696639091142e-05,False,0.01818181818181818,2024-06-17,109,intermittent,full,0.0,1.0
CA-SC-10-F-256-BK-1TO,0.37272727272727274,0.7368124333800773,1.9768138456538658,0.7727272727272727,0.008957915379933729,False,0.7454545454545455,2024-06-17,109,intermittent,full,0.3076923076923077,0.7692307692307693
CA-SC-10-F-256-BR-1TO,0.01818181818181818,0.13360853142453696,7.348469228349534,0.9818181818181818,0.00030656177445168275,False,0.03636363636363636,2024-06-17,109,intermittent,full,0.0,1.0
CA-SC-10-F-256-DB-1TO,0.045454545454545456,0.2082988952252655,4.582575694955841,0.9545454545454546,0.0010684579491918942,False,0.09090909090909091,2024-06-17,109,intermittent,full,0.0,1.0
CA-SC-10-F-256-DG-1TO,0.18181818181818182,0.4508944279140816,2.4799193535274484,0.8454545454545455,0.005310731916236502,False,0.36363636363636365,2024-06-17,109,intermittent,full,0.38461538461538464,0.6153846153846154
CA-SC-10-F-256-GR-1TO,0.44545454545454544,1.100300484878923,2.470062312993501,0.8,0.01235714446723621,False,0.8909090909090909,2024-06-17,109,intermittent,full,0.23076923076923078,0.7692307692307693
CA-SC-10-F-256-PK-1TO,0.01818181818181818,0.13360853142453696,7.348469228349534,0.9818181818181818,0.0002885287288957015,False,0.03636363636363636,2024-06-17,109,intermittent,full,0.0,1.0
CA-SC-10-F-256-RD-1TO,0.00909090909090909,0.09491187735373227,10.44030650891055,0.990909090909091,8.565696639091142e-05,False,0.01818181818181818,2024-06-17,109,intermittent,full,0.0,1.0
CA-SC-10-F-256-WH-1TO,0.02727272727272727,0.16287702606517196,5.972157622389639,0.9727272727272728,0.0008791109708540899,False,0.05454545454545454,2024-06-17,109,intermittent,full,0.07692307692307693,0.9230769230769231
CA-SC-10-F-256-WR-1TO,0.02727272727272727,0.21144915181114557,7.753135566408671,0.9818181818181818,0.0006446813786263329,False,0.05454545454545454,2024-06-17,109,intermittent,full,0.0,1.0
CA-SC-10-F-257-WR-1TO,0.01818181818181818,0.133608531424537,7.3484692283495345,0.9818181818181818,0.0009647679372450012,False,0.03636363636363636,2024-06-17,109,intermittent,full,0.15384615384615385,0.8461538461538461
CA-SC-10-F-259-BE-1TO,0.7545454545454545,1.3155459539768244,1.7434946378006106,0.6454545454545455,0.024691747627527443,False,1.490909090909091,2026-04-27,13,smooth,short,2.3076923076923075,0.07692307692307693
CA-SC-10-F-259-BK-1TO,2.688888888888889,1.8597756402584602,0.6916520976167827,0.1111111111111111,0.038735177865612695,True,2.2363636363636363,2026-04-27,13,smooth,short,3.0,0.15384615384615385
CA-SC-10-F-259-BKRD-STI,0.19090909090909092,0.6673618964448347,3.4957051718538956,0.8909090909090909,0.006857065572661902,False,0.38181818181818183,2024-06-17,109,intermittent,full,0.38461538461538464,0.6923076923076923
CA-SC-10-F-259-BKWH-STI,0.045454545454545456,0.2082988952252655,4.582575694955841,0.9545454545454546,0.001636498884205306,False,0.09090909090909091,2024-06-17,109,intermittent,full,0.07692307692307693,0.9230769230769231
CA-SC-10-F-259-BR-1TO,0.01818181818181818,0.13360853142453696,7.348469228349534,0.9818181818181818,0.0006582061627933188,False,0.03636363636363636,2024-06-17,109,intermittent,full,0.07692307692307693,0.9230769230769231
CA-SC-10-F-259-DB-1TO,0.1,0.3,2.9999999999999996,0.9,0.002952911209791944,False,0.2,2024-06-17,109,intermittent,full,0.23076923076923078,0.7692307692307693
CA-SC-10-F-259-DG-1TO,0.6545454545454545,1.1476170064043272,1.7533037597843888,0.6727272727272727,0.022027365146631204,False,1.309090909090909,2024-06-17,109,intermittent,full,1.6153846153846154,0.3076923076923077
CA-SC-10-F-259-GR-1TO,2.4468085106382977,2.0608664841419215,0.8422671717797419,0.0851063829787234,0.05284458834412582,True,2.109090909090909,2026-04-27,13,smooth,short,3.769230769230769,0.0
CA-SC-10-F-259-OR-1TO,0.00909090909090909,0.09491187735373227,10.44030650891055,0.990909090909091,0.0004282848319545567,False,0.01818181818181818,2024-06-17,109,intermittent,full,0.07692307692307693,0.9230769230769231
CA-SC-10-F-259-PK-1TO,0.01818181818181818,0.13360853142453696,7.348469228349534,0.9818181818181818,0.00033361134278565483,False,0.03636363636363636,2024-06-17,109,intermittent,full,0.0,1.0
CA-SC-10-F-259-RD-1TO,0.00909090909090909,0.09491187735373227,10.44030650891055,0.990909090909091,0.00013975610305885536,False,0.01818181818181818,2024-06-17,109,intermittent,full,0.0,1.0
CA-SC-10-F-259-WH-1TO,0.01818181818181818,0.13360853142453696,7.348469228349534,0.9818181818181818,0.0005319748439014493,False,0.03636363636363636,2024-06-17,109,intermittent,full,0.0,1.0
CA-SC-10-F-259-WR-1TO,0.12727272727272726,0.3595221806051852,2.8248171333264556,0.8818181818181818,0.004354980501769493,False,0.2545454545454545,2024-06-17,109,intermittent,full,0.3076923076923077,0.6923076923076923
CA-SC-10-F-26-BE-1TO,0.2,0.5187397315522584,2.593698657761292,0.8545454545454545,0.006609111196267159,False,0.4,2024-06-17,109,intermittent,full,0.46153846153846156,0.6923076923076923
CA-SC-10-F-26-BK-1TO,3.6444444444444444,2.8374915021355314,0.7785799853420665,0.15555555555555556,0.06758893280632415,True,3.0545454545454547,2025-09-15,44,smooth,short,3.8461538461538463,0.0
CA-SC-10-F-26-BR-1TO,0.01818181818181818,0.13360853142453696,7.348469228349534,0.9818181818181818,0.0004778757072335054,False,0.03636363636363636,2024-06-17,109,intermittent,full,0.0,1.0
CA-SC-10-F-26-DB-1TO,0.1,0.3554766326548573,3.554766326548573,0.9181818181818182,0.003412753871469467,False,0.2,2024-06-17,109,intermittent,full,0.23076923076923078,0.8461538461538461
CA-SC-10-F-26-DG-1TO,0.17272727272727273,0.40134072826625666,2.3235515846993806,0.8363636363636363,0.006135743750422649,False,0.34545454545454546,2024-06-17,109,intermittent,full,0.6153846153846154,0.46153846153846156
CA-SC-10-F-26-GR-1TO,0.02727272727272727,0.162877026065172,5.9721576223896395,0.9727272727272728,0.0011946892680837638,False,0.05454545454545454,2024-06-17,109,intermittent,full,0.15384615384615385,0.8461538461538461
CA-SC-10-F-26-RD-1TO,0.10909090909090909,0.38953245973870093,3.570714214271425,0.9181818181818182,0.0038049726123120624,False,0.21818181818181817,2024-06-17,109,intermittent,full,0.15384615384615385,0.8461538461538461
CA-SC-10-F-26-WR-1TO,0.4090909090909091,1.0383155462352083,2.5381046685749533,0.7909090909090909,0.015440795257309016,False,0.8181818181818182,2024-06-17,109,intermittent,full,1.1538461538461537,0.46153846153846156
CA-SC-10-F-261-BE-1TO,0.05454545454545454,0.22709083630539634,4.163331998932266,0.9454545454545454,0.002055767193381872,False,0.10909090909090909,2024-06-17,109,intermittent,full,0.3076923076923077,0.6923076923076923
CA-SC-10-F-261-BK-1TO,0.2,0.4824181513244218,2.4120907566221086,0.8363636363636363,0.007366499109618375,False,0.4,2024-06-17,109,intermittent,full,0.7692307692307693,0.46153846153846156
CA-SC-10-F-261-BR-1TO,0.1,0.3801913393877543,3.801913393877543,0.9272727272727272,0.004161125262042693,False,0.2,2024-06-17,109,intermittent,full,0.5384615384615384,0.6153846153846154
CA-SC-10-F-261-DB-1TO,0.02727272727272727,0.162877026065172,5.9721576223896395,0.9727272727272728,0.0007889457430741836,False,0.05454545454545454,2024-06-17,109,intermittent,full,0.07692307692307693,0.9230769230769231
CA-SC-10-F-261-DG-1TO,0.13636363636363635,0.43645832306028376,3.200694369108748,0.8909090909090909,0.00532425670040349,False,0.2727272727272727,2024-06-17,109,intermittent,full,0.5384615384615384,0.6923076923076923
CA-SC-10-F-261-GR-1TO,0.2545454545454545,0.6665564647208494,2.618614682831909,0.8363636363636363,0.010738678628586887,False,0.509090909090909,2024-06-17,109,intermittent,full,1.3846153846153846,0.15384615384615385
CA-SC-10-F-261-PK-1TO,0.00909090909090909,0.09491187735373227,10.44030650891055,0.990909090909091,7.664044361292078e-05,False,0.01818181818181818,2024-06-17,109,intermittent,full,0.0,1.0
CA-SC-10-F-261-WH-1TO,0.03636363636363636,0.18719327529067276,5.147815070493501,0.9636363636363636,0.000793454004463179,False,0.07272727272727272,2024-06-17,109,intermittent,full,0.0,1.0
CA-SC-10-F-261-WR-1TO,0.045454545454545456,0.20829889522526548,4.582575694955841,0.9545454545454546,0.0014471519058675021,False,0.09090909090909091,2024-06-17,109,intermittent,full,0.07692307692307693,0.9230769230769231
CA-SC-10-F-262-BE-1TO,0.01818181818181818,0.13360853142453696,7.348469228349534,0.9818181818181818,0.0007303383450172439,False,0.03636363636363636,2024-06-17,109,intermittent,full,0.07692307692307693,0.9230769230769231
CA-SC-10-F-262-BK-1TO,0.045454545454545456,0.24813352843556696,5.458937625582473,0.9636363636363636,0.0021233911142168023,False,0.09090909090909091,2024-06-17,109,intermittent,full,0.3076923076923077,0.7692307692307693
CA-SC-10-F-262-BR-1TO,0.09090909090909091,0.2874797872880344,3.1622776601683786,0.9090909090909091,0.0022901967856096303,False,0.18181818181818182,2024-06-17,109,intermittent,full,0.07692307692307693,0.9230769230769231
CA-SC-10-F-262-DB-1TO,0.02727272727272727,0.162877026065172,5.9721576223896395,0.9727272727272728,0.0008250118341861462,False,0.05454545454545454,2024-06-17,109,intermittent,full,0.07692307692307693,0.9230769230769231
CA-SC-10-F-262-DG-1TO,0.02727272727272727,0.16287702606517196,5.972157622389639,0.9727272727272728,0.0010323918580799312,False,0.05454545454545454,2024-06-17,109,intermittent,full,0.07692307692307693,0.9230769230769231
CA-SC-10-F-262-GR-1TO,0.00909090909090909,0.09491187735373227,10.44030650891055,0.990909090909091,0.00033811960417465,False,0.01818181818181818,2024-06-17,109,intermittent,full,0.0,1.0
CA-SC-10-F-262-WR-1TO,0.01818181818181818,0.13360853142453696,7.348469228349534,0.9818181818181818,0.0005950905033473841,False,0.03636363636363636,2024-06-17,109,intermittent,full,0.07692307692307693,0.9230769230769231
CA-SC-10-F-264-BE-1TO,0.22727272727272727,0.6558698721973729,2.885827437668441,0.8636363636363636,0.007190676915447559,False,0.45454545454545453,2024-06-17,109,intermittent,full,0.6153846153846154,0.7692307692307693
CA-SC-10-F-264-BK-1TO,0.8727272727272727,1.5556880436823437,1.7825592167193522,0.6727272727272727,0.02449789238780064,False,1.7272727272727273,2024-06-17,109,intermittent,full,1.6923076923076923,0.23076923076923078
CA-SC-10-F-264-BKRD-STI,0.08181818181818182,0.3338975940401265,4.080970593823768,0.9363636363636364,0.0034307869170254485,False,0.16363636363636364,2024-06-17,109,intermittent,full,0.3076923076923077,0.6923076923076923
CA-SC-10-F-264-BKWH-STI,0.1,0.32891004572955534,3.2891004572955533,0.9090909090909091,0.0037373486914771313,False,0.2,2024-06-17,109,intermittent,full,0.23076923076923078,0.7692307692307693
CA-SC-10-F-264-BR-1TO,0.02727272727272727,0.16287702606517196,5.972157622389639,0.9727272727272728,0.0008700944480760995,False,0.05454545454545454,2024-06-17,109,intermittent,full,0.0,1.0
CA-SC-10-F-264-DB-1TO,0.045454545454545456,0.2082988952252655,4.582575694955841,0.9545454545454546,0.0010323918580799312,False,0.09090909090909091,2024-06-17,109,intermittent,full,0.0,1.0
CA-SC-10-F-264-DG-1TO,0.3,0.6543560331973859,2.1811867773246196,0.7818181818181819,0.009967765931068682,False,0.6,2024-06-17,109,intermittent,full,0.7692307692307693,0.46153846153846156
CA-SC-10-F-264-GR-1TO,0.41818181818181815,0.7183544096413966,1.7178040230555138,0.7,0.01241575186529315,False,0.8363636363636363,2024-06-17,109,intermittent,full,0.8461538461538461,0.38461538461538464
CA-SC-10-F-264-PK-1TO,0.03636363636363636,0.18719327529067276,5.147815070493501,0.9636363636363636,0.0005770574577914029,False,0.07272727272727272,2024-06-17,109,intermittent,full,0.0,1.0
CA-SC-10-F-264-RD-1TO,0.01818181818181818,0.13360853142453696,7.348469228349534,0.9818181818181818,0.00038771047945359877,False,0.03636363636363636,2024-06-17,109,intermittent,full,0.0,1.0
CA-SC-10-F-264-WH-1TO,0.03636363636363636,0.18719327529067276,5.147815070493501,0.9636363636363636,0.0007754209589071975,False,0.07272727272727272,2024-06-17,109,intermittent,full,0.0,1.0
CA-SC-10-F-264-WR-1TO,0.22727272727272727,0.6128783196612063,2.696664606509308,0.8454545454545455,0.00600049590875279,False,0.45454545454545453,2024-06-17,109,intermittent,full,0.38461538461538464,0.6923076923076923
CA-SC-10-F-28-BE-1TO,0.00909090909090909,0.09491187735373227,10.44030650891055,0.990909090909091,0.0004823839686225006,False,0.01818181818181818,2024-06-17,109,intermittent,full,0.07692307692307693,0.9230769230769231
CA-SC-10-F-28-DB-1TO,0.02727272727272727,0.162877026065172,5.9721576223896395,0.9727272727272728,0.0008430448797421274,False,0.05454545454545454,2024-06-17,109,intermittent,full,0.07692307692307693,0.9230769230769231
CA-SC-10-F-28-GR-1TO,0.01818181818181818,0.13360853142453696,7.348469228349534,0.9818181818181818,0.000784437481685188,False,0.03636363636363636,2024-06-17,109,intermittent,full,0.07692307692307693,0.9230769230769231
CA-SC-10-F-29-BE-1TO,0.22727272727272727,0.5162643950727521,2.2715633383201093,0.8090909090909091,0.008155444852692558,False,0.45454545454545453,2024-06-17,109,intermittent,full,0.9230769230769231,0.38461538461538464
CA-SC-10-F-29-BK-1TO,2.8863636363636362,2.1554994052308185,0.7467871955130395,0.09090909090909091,0.006412966878083184,True,2.327272727272727,2026-04-27,13,smooth,short,2.769230769230769,0.15384615384615385
CA-SC-10-F-29-BR-1TO,0.09090909090909091,0.34497574474564136,3.7947331922020546,0.9272727272727272,0.002885287288957014,False,0.18181818181818182,2024-06-17,109,intermittent,full,0.3076923076923077,0.6923076923076923
CA-SC-10-F-29-DB-1TO,0.2727272727272727,0.6453905217926854,2.366431913239847,0.8090909090909091,0.00877307666298492,False,0.5454545454545454,2024-06-17,109,intermittent,full,0.46153846153846156,0.5384615384615384
CA-SC-10-F-29-DG-1TO,2.6808510638297873,1.9797526492686157,0.7384791628224201,0.0851063829787234,0.04787234042553193,True,2.309090909090909,2026-04-27,13,smooth,short,3.923076923076923,0.07692307692307693
CA-SC-10-F-29-GR-1TO,3.617021276595745,2.0269796363939663,0.5604002524148024,0.0425531914893617,0.06660499537465313,True,3.109090909090909,2025-09-01,46,smooth,short,4.923076923076923,0.0
CA-SC-10-F-29-WR-1TO,0.045454545454545456,0.3129438996010638,6.884765791223403,0.9727272727272728,0.0018168293397651193,False,0.09090909090909091,2024-06-17,109,intermittent,full,0.23076923076923078,0.9230769230769231
CA-SC-10-F-30-BE-1TO,19.70212765957447,8.217560060346695,0.41708998146468107,0.0,0.25647548566142486,True,17.10909090909091,2025-09-01,46,smooth,short,23.923076923076923,0.0
CA-SC-10-F-30-BK-1TO,37.04255319148936,13.974075460314893,0.37724385217392303,0.0,0.20259019426457023,True,32.127272727272725,2025-09-01,46,smooth,short,39.84615384615385,0.0
CA-SC-10-F-30-BKRD-STI,0.08181818181818182,0.5415771275856903,6.619276003825104,0.9727272727272728,0.0017987962942091382,False,0.16363636363636364,2024-06-17,109,intermittent,full,0.0,1.0
CA-SC-10-F-30-BKWH-STI,0.00909090909090909,0.09491187735373227,10.44030650891055,0.990909090909091,0.00020287176250479005,False,0.01818181818181818,2024-06-17,109,intermittent,full,0.0,1.0
CA-SC-10-F-30-BR-1TO,3.5555555555555554,2.060804110110156,0.5796011559684815,0.022222222222222223,0.025955204216073783,True,3.018181818181818,2025-09-15,44,smooth,short,4.230769230769231,0.0
CA-SC-10-F-30-DB-1TO,5.333333333333333,2.996294007232564,0.5618051263561058,0.022222222222222223,0.0973649538866931,True,4.490909090909091,2025-09-15,44,smooth,short,6.769230769230769,0.0
CA-SC-10-F-30-DG-1TO,14.957446808510639,5.511911460582283,0.36850617161787663,0.0,0.08487511563367255,True,12.927272727272728,2025-09-01,46,smooth,short,16.23076923076923,0.0
CA-SC-10-F-30-GR-1TO,11.25531914893617,4.8045549536246615,0.42686972177761645,0.0,0.1609620721554118,True,9.763636363636364,2025-09-01,46,smooth,short,14.461538461538462,0.0
CA-SC-10-F-30-PK-1TO,0.4636363636363636,0.9879020261256379,2.130769075957258,0.7363636363636363,0.014485043842842004,False,0.9090909090909091,2024-06-17,109,intermittent,full,0.8461538461538461,0.6153846153846154
CA-SC-10-F-30-RD-1TO,0.2818181818181818,0.7023573058806799,2.4922356015120903,0.8272727272727273,0.006586569889322184,False,0.5636363636363636,2024-06-17,109,intermittent,full,0.3076923076923077,0.7692307692307693
CA-SC-10-F-30-WH-1TO,0.42727272727272725,0.976627694104853,2.2857243904581668,0.8090909090909091,0.009255460631607424,False,0.8545454545454545,2024-06-17,109,intermittent,full,0.0,1.0
CA-SC-10-F-30-WR-1TO,6.159090909090909,3.0521466500733085,0.49555148562075857,0.0,0.0527836504580691,True,5.036363636363636,2025-09-22,43,smooth,short,7.153846153846154,0.0
CA-SC-10-F-31-BE-1TO,8.543478260869565,4.194750973274609,0.49098866353850396,0.0,0.16546407647240208,True,7.2727272727272725,2025-09-08,45,smooth,short,11.461538461538462,0.0
CA-SC-10-F-31-BK-1TO,26.02127659574468,8.635624782931453,0.33186783712001494,0.0,0.25774745605920485,True,22.4,2025-09-01,46,smooth,short,29.384615384615383,0.0
CA-SC-10-F-31-BKRD-STI,0.01818181818181818,0.13360853142453696,7.348469228349534,0.9818181818181818,0.00038771047945359877,False,0.03636363636363636,2024-06-17,109,intermittent,full,0.0,1.0
CA-SC-10-F-31-BKWH-STI,0.00909090909090909,0.09491187735373227,10.44030650891055,0.990909090909091,0.0001938552397267994,False,0.01818181818181818,2024-06-17,109,intermittent,full,0.0,1.0
CA-SC-10-F-31-BR-1TO,0.37272727272727274,0.8827548914319916,2.368366781890709,0.7909090909090909,0.012104681829452471,False,0.7454545454545455,2024-06-17,109,intermittent,full,1.2307692307692308,0.46153846153846156
CA-SC-10-F-31-DB-1TO,3.14,2.262830086418333,0.7206465243370487,0.1,0.06871548619447782,True,2.890909090909091,2025-08-11,49,smooth,short,3.8461538461538463,0.07692307692307693
CA-SC-10-F-31-DG-1TO,8.58695652173913,3.750803316604161,0.43680241155390226,0.0,0.1169904409497379,True,7.3090909090909095,2025-09-08,45,smooth,short,10.461538461538462,0.0
CA-SC-10-F-31-GR-1TO,5.586956521739131,2.4545971683718704,0.43934424025333085,0.0,0.08183780450200431,True,4.745454545454545,2025-09-08,45,smooth,short,7.153846153846154,0.0
CA-SC-10-F-31-RD-1TO,0.19090909090909092,0.4766446083243029,2.496709853127301,0.8454545454545455,0.007046412550999705,False,0.38181818181818183,2024-06-17,109,intermittent,full,0.5384615384615384,0.6153846153846154
CA-SC-10-F-31-WH-1TO,0.10909090909090909,0.45418167261079273,4.163331998932267,0.9363636363636364,0.003967270022315893,False,0.21818181818181817,2024-06-17,109,intermittent,full,0.23076923076923078,0.8461538461538461
CA-SC-10-F-31-WR-1TO,0.37272727272727274,0.7729411468727262,2.073744540390241,0.7454545454545455,0.012393210558348172,False,0.7454545454545455,2024-06-17,109,intermittent,full,0.8461538461538461,0.3076923076923077
CA-SC-10-F-32-BK-1TO,0.02727272727272727,0.16287702606517196,5.972157622389639,0.9727272727272728,0.0010143588125239497,False,0.05454545454545454,2024-06-17,109,intermittent,full,0.15384615384615385,0.8461538461538461
CA-SC-10-F-34-BE-1TO,1.2,1.7570636662547907,1.4642197218789923,0.5181818181818182,0.03901449406036562,False,2.327272727272727,2026-04-27,13,smooth,short,3.0,0.0
CA-SC-10-F-34-BK-1TO,3.2222222222222223,2.298684540619689,0.7133848574336966,0.12962962962962962,0.062359443491518944,True,3.1818181818181817,2025-07-14,53,smooth,medium,4.230769230769231,0.0
CA-SC-10-F-34-BR-1TO,0.4,0.7885544888073251,1.9713862220183127,0.7272727272727273,0.011793611793611793,False,0.8,2024-06-17,109,intermittent,full,1.0769230769230769,0.46153846153846156
CA-SC-10-F-34-DB-1TO,0.3181818181818182,0.6457105766210822,2.029376097951973,0.7636363636363637,0.008867750152153823,False,0.6181818181818182,2024-06-17,109,intermittent,full,0.5384615384615384,0.5384615384615384
CA-SC-10-F-34-DG-1TO,2.980392156862745,2.0242664716320773,0.679194671402868,0.09803921568627451,0.04027149321266966,True,2.8,2026-04-27,13,smooth,short,2.923076923076923,0.15384615384615385
CA-SC-10-F-34-GR-1TO,0.8818181818181818,1.2984733566197035,1.472495559053272,0.5818181818181818,0.02781146450871221,False,1.709090909090909,2026-04-27,13,smooth,short,2.4615384615384617,0.07692307692307693
CA-SC-10-F-34-WH-1TO,0.00909090909090909,0.09491187735373227,10.44030650891055,0.990909090909091,2.2541306944976733e-05,False,0.01818181818181818,2024-06-17,109,intermittent,full,0.0,1.0
CA-SC-10-F-34-WR-1TO,0.11818181818181818,0.39844740001474777,3.371478000124789,0.9090909090909091,0.004783265333724049,False,0.23636363636363636,2024-06-17,109,intermittent,full,0.46153846153846156,0.6153846153846154
CA-SC-10-F-36-BE-1TO,0.6818181818181818,1.3479399648205148,1.9769786150700885,0.7,0.022681063048035525,False,1.3636363636363635,2024-06-17,109,intermittent,full,1.6153846153846154,0.23076923076923078
CA-SC-10-F-36-BK-1TO,3.0217391304347827,1.7506412543728904,0.5793489043248414,0.06521739130434782,0.013876040703052733,True,2.5636363636363635,2025-09-08,45,smooth,short,2.8461538461538463,0.07692307692307693
CA-SC-10-F-36-BR-1TO,0.38181818181818183,0.7625533445640279,1.9971635214772159,0.7636363636363637,0.012307553591957263,False,0.7636363636363637,2024-06-17,109,intermittent,full,0.8461538461538461,0.3076923076923077
CA-SC-10-F-36-DB-1TO,0.38181818181818183,0.7505369978381925,1.965692137195266,0.7454545454545455,0.013578883303653946,False,0.7636363636363637,2024-06-17,109,intermittent,full,1.0769230769230769,0.23076923076923078
CA-SC-10-F-36-DG-1TO,3.74468085106383,2.572093154614797,0.6868657856073606,0.0425531914893617,0.05642923219241443,True,3.2181818181818183,2025-09-01,46,smooth,short,4.6923076923076925,0.07692307692307693
CA-SC-10-F-36-GR-1TO,0.7818181818181819,1.3237812108558105,1.6932085255132459,0.6636363636363637,0.02707661790230597,False,1.5636363636363637,2026-04-27,13,smooth,short,2.3076923076923075,0.15384615384615385
CA-SC-10-F-36-RD-1TO,0.00909090909090909,0.09491187735373227,10.44030650891055,0.990909090909091,8.565696639091142e-05,False,0.01818181818181818,2024-06-17,109,intermittent,full,0.0,1.0
CA-SC-10-F-36-WR-1TO,0.12727272727272726,0.3839765833080523,3.016958868848983,0.8909090909090909,0.004373013547325474,False,0.2545454545454545,2024-06-17,109,intermittent,full,0.3076923076923077,0.7692307692307693
CA-SC-10-F-37-BE-1TO,0.02727272727272727,0.16287702606517196,5.972157622389639,0.9727272727272728,0.0007528796519622208,False,0.05454545454545454,2024-06-17,109,intermittent,full,0.0,1.0
CA-SC-10-F-37-BK-1TO,0.02727272727272727,0.162877026065172,5.9721576223896395,0.9727272727272728,0.0012127223136397447,False,0.05454545454545454,2024-06-17,109,intermittent,full,0.15384615384615385,0.8461538461538461
CA-SC-10-F-37-BR-1TO,0.00909090909090909,0.09491187735373227,10.44030650891055,0.990909090909091,0.00015778914861483672,False,0.01818181818181818,2024-06-17,109,intermittent,full,0.0,1.0
CA-SC-10-F-37-DG-1TO,0.02727272727272727,0.162877026065172,5.9721576223896395,0.9727272727272728,0.0012127223136397447,False,0.05454545454545454,2024-06-17,109,intermittent,full,0.15384615384615385,0.8461538461538461
CA-SC-10-F-37-GR-1TO,0.05454545454545454,0.29653648055091075,5.436502143433364,0.9636363636363636,0.002263147217275657,False,0.10909090909090909,2024-06-17,109,intermittent,full,0.23076923076923078,0.8461538461538461
CA-SC-10-F-38-BE-1TO,0.36363636363636365,0.7595126754256516,2.088659857420542,0.7545454545454545,0.012614115366408944,False,0.7272727272727273,2024-06-17,109,intermittent,full,1.0769230769230769,0.23076923076923078
CA-SC-10-F-38-BK-1TO,0.45454545454545453,0.9008719375881813,1.9819182626939988,0.7454545454545455,0.015066609562022404,False,0.8909090909090909,2024-06-17,109,intermittent,full,1.0,0.46153846153846156
CA-SC-10-F-38-BR-1TO,0.03636363636363636,0.18719327529067276,5.147815070493501,0.9636363636363636,0.0013254288483646284,False,0.07272727272727272,2024-06-17,109,intermittent,full,0.07692307692307693,0.9230769230769231
CA-SC-10-F-38-DB-1TO,0.07272727272727272,0.25968830649246727,3.570714214271425,0.9272727272727272,0.001965601965601966,False,0.14545454545454545,2024-06-17,109,intermittent,full,0.15384615384615385,0.8461538461538461
CA-SC-10-F-38-DG-1TO,0.6272727272727273,1.0859356326905878,1.73120173327485,0.6727272727272727,0.01884904086738949,False,1.2545454545454546,2024-06-17,109,intermittent,full,1.5384615384615385,0.07692307692307693
CA-SC-10-F-38-GR-1TO,0.3181818181818182,0.6732798713194736,2.116022452718346,0.7909090909090909,0.008489056195478214,False,0.6181818181818182,2024-06-17,109,intermittent,full,0.6923076923076923,0.5384615384615384
CA-SC-10-F-38-WR-1TO,0.00909090909090909,0.09491187735373227,10.44030650891055,0.990909090909091,0.0004012352636205847,False,0.01818181818181818,2024-06-17,109,intermittent,full,0.07692307692307693,0.9230769230769231
CA-SC-10-F-39-BE-1TO,0.02727272727272727,0.16287702606517196,5.972157622389639,0.9727272727272728,0.0008610779252981088,False,0.05454545454545454,2024-06-17,109,intermittent,full,0.07692307692307693,0.9230769230769231
CA-SC-10-F-39-BK-1TO,0.01818181818181818,0.13360853142453696,7.348469228349534,0.9818181818181818,0.0002975452516736921,False,0.03636363636363636,2024-06-17,109,intermittent,full,0.0,1.0
CA-SC-10-F-39-BR-1TO,0.00909090909090909,0.09491187735373227,10.44030650891055,0.990909090909091,7.664044361292078e-05,False,0.01818181818181818,2024-06-17,109,intermittent,full,0.0,1.0
CA-SC-10-F-40-BE-1TO,15.063829787234043,5.268954659614198,0.3497752387032024,0.0,0.1628122109158187,True,13.163636363636364,2025-09-01,46,smooth,short,17.692307692307693,0.0
CA-SC-10-F-40-BK-1TO,61.19565217391305,20.57607260157059,0.33623422368463485,0.0,0.7946345975948196,True,52.41818181818182,2025-09-08,45,smooth,short,74.6923076923077,0.0
CA-SC-10-F-40-BKRD-STI,0.1,0.5551412596644373,5.551412596644372,0.9545454545454546,0.0021594572053287653,False,0.2,2024-06-17,109,intermittent,full,0.0,1.0
CA-SC-10-F-40-BKWH-STI,0.00909090909090909,0.09491187735373227,10.44030650891055,0.990909090909091,0.00018483871694880875,False,0.01818181818181818,2024-06-17,109,intermittent,full,0.0,1.0
CA-SC-10-F-40-BR-1TO,4.547169811320755,2.6745906950893357,0.5881879951856215,0.05660377358490566,0.016771488469601654,True,4.4363636363636365,2025-07-21,52,smooth,medium,4.615384615384615,0.0
CA-SC-10-F-40-DB-1TO,9.404255319148936,3.594674396926447,0.3822391327048485,0.0,0.04255319148936176,True,8.218181818181819,2025-09-01,46,smooth,short,9.23076923076923,0.0
CA-SC-10-F-40-DG-1TO,33.723404255319146,12.772480602900568,0.3787423270260737,0.0,0.4824236817761338,True,29.072727272727274,2025-09-01,46,smooth,short,43.23076923076923,0.0
CA-SC-10-F-40-GR-1TO,17.19148936170213,6.6031530117585,0.3840942964760513,0.0,0.25092506938020365,True,14.963636363636363,2025-09-01,46,smooth,short,21.923076923076923,0.0
CA-SC-10-F-40-PK-1TO,0.2545454545454545,0.8467731652505466,3.3266088634842905,0.8909090909090909,0.004914004914004916,False,0.509090909090909,2024-06-17,109,intermittent,full,0.0,1.0
CA-SC-10-F-40-RD-1TO,0.12727272727272726,0.4692177418386887,3.6867108287325543,0.9181818181818182,0.0019115028289340226,False,0.2545454545454545,2024-06-17,109,intermittent,full,0.0,1.0
CA-SC-10-F-40-WH-1TO,0.8909090909090909,2.019655481626213,2.266960234478402,0.7454545454545455,0.02244212519441877,False,1.7636363636363637,2024-06-17,109,intermittent,full,1.8461538461538463,0.6923076923076923
CA-SC-10-F-40-WR-1TO,7.625,3.5685256059050494,0.46800335815148186,0.0,0.135258358662614,True,6.781818181818182,2025-08-25,47,smooth,short,9.76923076923077,0.0
CA-SC-10-F-43-BE-1TO,5.702127659574468,2.5257389364683744,0.44294675378363285,0.0,0.014107308048103603,True,4.927272727272728,2025-09-01,46,smooth,short,6.615384615384615,0.0
CA-SC-10-F-43-BK-1TO,6.829787234042553,3.6861970770566326,0.5397235595690397,0.0,0.06174838112858468,True,5.963636363636364,2025-09-01,46,smooth,short,7.923076923076923,0.0
CA-SC-10-F-43-BKRD-STI,0.02727272727272727,0.21144915181114557,7.753135566408671,0.9818181818181818,0.000590582241958389,False,0.05454545454545454,2024-06-17,109,intermittent,full,0.0,1.0
CA-SC-10-F-43-BR-1TO,0.4,0.8655003807572295,2.1637509518930735,0.7727272727272727,0.012505917093073058,False,0.8,2024-06-17,109,intermittent,full,0.8461538461538461,0.46153846153846156
CA-SC-10-F-43-DB-1TO,0.509090909090909,0.7948179270688871,1.5612494995995998,0.6636363636363637,0.014408403399229084,False,0.9818181818181818,2024-06-17,109,intermittent,full,1.1538461538461537,0.23076923076923078
CA-SC-10-F-43-DG-1TO,1.4,2.0810836338093406,1.4864883098638149,0.5818181818181818,0.042206343123774324,False,2.7818181818181817,2026-04-27,13,smooth,short,3.076923076923077,0.15384615384615385
CA-SC-10-F-43-GR-1TO,1.3454545454545455,1.7808902964343098,1.3236346797822574,0.5272727272727272,0.0414579717332011,False,2.5454545454545454,2026-04-27,13,smooth,short,3.4615384615384617,0.0
CA-SC-10-F-43-PK-1TO,0.08181818181818182,0.27408751693966066,3.3499585403736303,0.9181818181818182,0.0028807790275680177,False,0.16363636363636364,2024-06-17,109,intermittent,full,0.38461538461538464,0.6153846153846154
CA-SC-10-F-43-RD-1TO,0.07272727272727272,0.25968830649246727,3.570714214271425,0.9272727272727272,0.0025065933322814056,False,0.14545454545454545,2024-06-17,109,intermittent,full,0.15384615384615385,0.8461538461538461
CA-SC-10-F-43-WH-1TO,0.11818181818181818,0.32282328917390374,2.731581677625339,0.8818181818181818,0.00371029912314316,False,0.23636363636363636,2024-06-17,109,intermittent,full,0.15384615384615385,0.8461538461538461
CA-SC-10-F-43-WR-1TO,0.4818181818181818,0.8282711258104073,1.7190532799838643,0.7,0.016685075400671733,False,0.9454545454545454,2024-06-17,109,intermittent,full,1.4615384615384615,0.23076923076923078
CA-SC-10-F-45-BE-1TO,0.18181818181818182,0.4302603478617902,2.366431913239846,0.8363636363636363,0.006275499853481505,False,0.36363636363636365,2024-06-17,109,intermittent,full,0.6153846153846154,0.46153846153846156
CA-SC-10-F-45-BK-1TO,0.045454545454545456,0.2082988952252655,4.582575694955841,0.9545454545454546,0.001185672745305773,False,0.09090909090909091,2024-06-17,109,intermittent,full,0.07692307692307693,0.9230769230769231
CA-SC-10-F-45-DB-1TO,0.01818181818181818,0.133608531424537,7.3484692283495345,0.9818181818181818,0.0005950905033473841,False,0.03636363636363636,2024-06-17,109,intermittent,full,0.07692307692307693,0.9230769230769231
CA-SC-10-F-45-GR-1TO,0.03636363636363636,0.18719327529067276,5.147815070493501,0.9636363636363636,0.001650023668372292,False,0.07272727272727272,2024-06-17,109,intermittent,full,0.23076923076923078,0.7692307692307693
CA-SC-10-F-49-BE-1TO,2.5319148936170213,1.711675349882448,0.676039844071219,0.0851063829787234,0.027405180388529186,True,2.2,2026-04-27,13,smooth,short,2.6153846153846154,0.07692307692307693
CA-SC-10-F-49-BK-1TO,1.1272727272727272,1.6130664806741166,1.4309460715657487,0.5636363636363636,0.03412753871469468,False,2.1454545454545455,2026-04-27,13,smooth,short,2.769230769230769,0.07692307692307693
CA-SC-10-F-49-BKRD-STI,0.00909090909090909,0.09491187735373227,10.44030650891055,0.990909090909091,0.00018483871694880875,False,0.01818181818181818,2024-06-17,109,intermittent,full,0.0,1.0
CA-SC-10-F-49-BR-1TO,0.24545454545454545,0.605825712056223,2.4681788268957234,0.8272727272727273,0.008218560512138493,False,0.4909090909090909,2024-06-17,109,intermittent,full,0.46153846153846156,0.6923076923076923
CA-SC-10-F-49-DB-1TO,0.36363636363636365,0.7100226978096957,1.9525624189766633,0.7545454545454545,0.011171471721930438,False,0.7090909090909091,2024-06-17,109,intermittent,full,0.7692307692307693,0.46153846153846156
CA-SC-10-F-49-DG-1TO,0.7272727272727273,1.119326834299737,1.5390743971621381,0.6181818181818182,0.022947050469986248,False,1.4181818181818182,2026-04-27,13,smooth,short,2.1538461538461537,0.15384615384615385
CA-SC-10-F-49-GR-1TO,0.4636363636363636,0.8493556137906465,1.831943480724924,0.6909090909090909,0.014728489957847757,False,0.8727272727272727,2024-06-17,109,intermittent,full,1.0769230769230769,0.3076923076923077
CA-SC-10-F-49-PK-1TO,0.07272727272727272,0.25968830649246727,3.570714214271425,0.9272727272727272,0.001704122805040236,False,0.10909090909090909,2024-06-17,109,intermittent,full,0.15384615384615385,0.8461538461538461
CA-SC-10-F-49-RD-1TO,0.05454545454545454,0.26410616447879914,4.841946348777984,0.9545454545454546,0.001388544507810563,False,0.10909090909090909,2024-06-17,109,intermittent,full,0.0,1.0
CA-SC-10-F-49-WH-1TO,0.19090909090909092,0.5640028134271309,2.954300451284971,0.8636363636363636,0.007866916123796856,False,0.38181818181818183,2024-06-17,109,intermittent,full,1.0769230769230769,0.38461538461538464
CA-SC-10-F-49-WR-1TO,0.10909090909090909,0.3117532399905863,2.857738033247041,0.8909090909090909,0.0033000473367445857,False,0.21818181818181817,2024-06-17,109,intermittent,full,0.23076923076923078,0.7692307692307693
CA-SC-10-F-50-BE-1TO,0.045454545454545456,0.2082988952252655,4.582575694955841,0.9545454545454546,0.0013389536325316143,False,0.09090909090909091,2024-06-17,109,intermittent,full,0.07692307692307693,0.9230769230769231
CA-SC-10-F-50-GR-1TO,0.01818181818181818,0.13360853142453696,7.348469228349534,0.9818181818181818,0.0005049252755674774,False,0.03636363636363636,2024-06-17,109,intermittent,full,0.0,1.0
CA-SC-10-F-51-BE-1TO,0.00909090909090909,0.09491187735373227,10.44030650891055,0.990909090909091,0.00034713612695264084,False,0.01818181818181818,2024-06-17,109,intermittent,full,0.0,1.0
CA-SC-10-F-52-BE-1TO,0.01818181818181818,0.13360853142453696,7.348469228349534,0.9818181818181818,0.000784437481685188,False,0.03636363636363636,2024-06-17,109,intermittent,full,0.07692307692307693,0.9230769230769231
CA-SC-10-F-52-BK-1TO,0.09090909090909091,0.31753180357405414,3.4928498393145953,0.9181818181818182,0.0023983950589455175,False,0.18181818181818182,2024-06-17,109,intermittent,full,0.15384615384615385,0.8461538461538461
CA-SC-10-F-52-BR-1TO,0.00909090909090909,0.09491187735373227,10.44030650891055,0.990909090909091,0.0001217230575028741,False,0.01818181818181818,2024-06-17,109,intermittent,full,0.0,1.0
CA-SC-10-F-52-GR-1TO,0.045454545454545456,0.24813352843556696,5.458937625582473,0.9636363636363636,0.0015373171336474087,False,0.09090909090909091,2024-06-17,109,intermittent,full,0.23076923076923078,0.8461538461538461
CA-SC-10-F-52-RD-1TO,0.00909090909090909,0.09491187735373227,10.44030650891055,0.990909090909091,0.00044631787751053814,False,0.01818181818181818,2024-06-17,109,intermittent,full,0.07692307692307693,0.9230769230769231
CA-SC-10-F-52-WR-1TO,0.00909090909090909,0.09491187735373227,10.44030650891055,0.990909090909091,0.00013975610305885536,False,0.01818181818181818,2024-06-17,109,intermittent,full,0.0,1.0
CA-SC-10-F-53-BE-1TO,0.21818181818181817,0.49326036240911036,2.260776661041756,0.8181818181818182,0.006230417239591552,False,0.43636363636363634,2024-06-17,109,intermittent,full,0.46153846153846156,0.6153846153846154
CA-SC-10-F-53-BK-1TO,0.00909090909090909,0.09491187735373227,10.44030650891055,0.990909090909091,0.00024795437639474344,False,0.01818181818181818,2024-06-17,109,intermittent,full,0.0,1.0
CA-SC-10-F-53-GR-1TO,0.01818181818181818,0.13360853142453696,7.348469228349534,0.9818181818181818,0.0008655861866871039,False,0.03636363636363636,2024-06-17,109,intermittent,full,0.15384615384615385,0.8461538461538461
CA-SC-10-F-54-BE-1TO,0.1,0.3801913393877543,3.801913393877543,0.9181818181818182,0.0030520929603498406,False,0.2,2024-06-17,109,intermittent,full,0.23076923076923078,0.9230769230769231
CA-SC-10-F-54-BK-1TO,0.12727272727272726,0.3332782323604247,2.618614682831909,0.8727272727272727,0.0033631629961905192,False,0.23636363636363636,2024-06-17,109,intermittent,full,0.23076923076923078,0.7692307692307693
CA-SC-10-F-54-BR-1TO,0.01818181818181818,0.13360853142453696,7.348469228349534,0.9818181818181818,0.0005680409350134123,False,0.03636363636363636,2024-06-17,109,intermittent,full,0.0,1.0
CA-SC-10-F-54-DG-1TO,0.00909090909090909,0.09491187735373227,10.44030650891055,0.990909090909091,0.00027500394472871535,False,0.01818181818181818,2024-06-17,109,intermittent,full,0.0,1.0
CA-SC-10-F-54-GR-1TO,0.045454545454545456,0.2082988952252655,4.582575694955841,0.9545454545454546,0.0017176475892072224,False,0.09090909090909091,2024-06-17,109,intermittent,full,0.23076923076923078,0.7692307692307693
CA-SC-10-F-54-WR-1TO,0.045454545454545456,0.2082988952252655,4.582575694955841,0.9545454545454546,0.0014561684286454933,False,0.09090909090909091,2024-06-17,109,intermittent,full,0.15384615384615385,0.8461538461538461
CA-SC-10-F-55-BE-1TO,0.07272727272727272,0.25968830649246727,3.570714214271425,0.9272727272727272,0.002362328967833555,False,0.14545454545454545,2024-06-17,109,intermittent,full,0.23076923076923078,0.7692307692307693
CA-SC-10-F-59-BE-1TO,0.39090909090909093,0.963850748022125,2.4656647042426454,0.7909090909090909,0.013204697608367332,False,0.7818181818181819,2024-06-17,109,intermittent,full,0.7692307692307693,0.38461538461538464
CA-SC-10-F-59-BK-1TO,4.4186046511627906,2.335096812290459,0.5284692785709986,0.06976744186046512,0.04062216852914526,True,3.4727272727272727,2025-09-29,42,smooth,short,4.846153846153846,0.07692307692307693
CA-SC-10-F-59-BR-1TO,0.43636363636363634,0.9295871295392156,2.1303038385273694,0.7636363636363637,0.016085476635935354,False,0.8727272727272727,2024-06-17,109,intermittent,full,1.6153846153846154,0.15384615384615385
CA-SC-10-F-59-DB-1TO,0.23636363636363636,0.6456465783478075,2.731581677625339,0.8545454545454545,0.00930505150688637,False,0.4727272727272727,2024-06-17,109,intermittent,full,1.0769230769230769,0.5384615384615384
CA-SC-10-F-59-DG-1TO,0.32727272727272727,0.6889925571453241,2.105255035721824,0.7818181818181819,0.012118206613619458,False,0.6545454545454545,2024-06-17,109,intermittent,full,1.0,0.3076923076923077
CA-SC-10-F-59-GR-1TO,0.045454545454545456,0.24813352843556696,5.458937625582473,0.9636363636363636,0.0017356806347632032,False,0.09090909090909091,2024-06-17,109,intermittent,full,0.07692307692307693,0.9230769230769231
CA-SC-10-F-59-WR-1TO,0.44545454545454544,0.9003672345353275,2.021232567324205,0.7545454545454545,0.01645064580844397,False,0.8909090909090909,2024-06-17,109,intermittent,full,1.1538461538461537,0.3076923076923077
CA-SC-10-F-61-BE-1TO,0.01818181818181818,0.13360853142453696,7.348469228349534,0.9818181818181818,9.918175055789733e-05,False,0.03636363636363636,2024-06-17,109,intermittent,full,0.0,1.0
CA-SC-10-F-61-BK-1TO,0.00909090909090909,0.09491187735373227,10.44030650891055,0.990909090909091,2.2541306944976733e-05,False,0.01818181818181818,2024-06-17,109,intermittent,full,0.0,1.0
CA-SC-10-F-61-BR-1TO,0.00909090909090909,0.09491187735373227,10.44030650891055,0.990909090909091,-3.155782972296735e-05,False,0.0,2024-06-17,109,intermittent,full,0.0,1.0
CA-SC-10-F-61-DB-1TO,0.00909090909090909,0.09491187735373227,10.44030650891055,0.990909090909091,0.00010369001194689274,False,0.01818181818181818,2024-06-17,109,intermittent,full,0.0,1.0
CA-SC-10-F-61-DG-1TO,0.03636363636363636,0.18719327529067276,5.147815070493501,0.9636363636363636,0.0007844374816851881,False,0.05454545454545454,2024-06-17,109,intermittent,full,0.07692307692307693,0.9230769230769231
CA-SC-10-F-61-GR-1TO,0.00909090909090909,0.09491187735373227,10.44030650891055,0.990909090909091,1.3524784166985958e-05,False,0.01818181818181818,2024-06-17,109,intermittent,full,0.0,1.0
CA-SC-10-F-62-BE-1TO,0.5909090909090909,0.9751033003128395,1.6501748159140361,0.6545454545454545,0.02043594887631585,False,1.1818181818181819,2024-06-17,109,intermittent,full,1.6923076923076923,0.07692307692307693
CA-SC-10-F-62-BK-1TO,1.0,1.651445647689541,1.651445647689541,0.6090909090909091,0.02973649212181322,False,1.9272727272727272,2026-04-27,13,smooth,short,3.0,0.15384615384615385
CA-SC-10-F-62-BKRD-STI,0.01818181818181818,0.13360853142453696,7.348469228349534,0.9818181818181818,0.0004959087527894869,False,0.03636363636363636,2024-06-17,109,intermittent,full,0.0,1.0
CA-SC-10-F-62-BKWH-STI,0.03636363636363636,0.23070140982635487,6.344288770224759,0.9727272727272728,0.0008655861866871044,False,0.07272727272727272,2024-06-17,109,intermittent,full,0.0,1.0
CA-SC-10-F-62-BR-1TO,0.19090909090909092,0.4155052684373251,2.176456168005036,0.8181818181818182,0.004774248810946059,False,0.34545454545454546,2024-06-17,109,intermittent,full,0.38461538461538464,0.6923076923076923
CA-SC-10-F-62-DB-1TO,0.07272727272727272,0.25968830649246727,3.570714214271425,0.9272727272727272,0.001929535874490003,False,0.14545454545454545,2024-06-17,109,intermittent,full,0.07692307692307693,0.9230769230769231
CA-SC-10-F-62-DG-1TO,0.5,0.9510759457296007,1.9021518914592015,0.7363636363636363,0.017054752834569347,False,1.0,2024-06-17,109,intermittent,full,1.3846153846153846,0.38461538461538464
CA-SC-10-F-62-GR-1TO,0.2636363636363636,0.5506570080330112,2.088698995987284,0.7909090909090909,0.008344791831030363,False,0.509090909090909,2024-06-17,109,intermittent,full,0.7692307692307693,0.46153846153846156
CA-SC-10-F-62-PK-1TO,0.00909090909090909,0.09491187735373227,10.44030650891055,0.990909090909091,0.00014877262583684608,False,0.01818181818181818,2024-06-17,109,intermittent,full,0.0,1.0
CA-SC-10-F-62-RD-1TO,0.07272727272727272,0.29260867162601967,4.02336923485777,0.9363636363636364,0.002344295922277574,False,0.14545454545454545,2024-06-17,109,intermittent,full,0.23076923076923078,0.8461538461538461
CA-SC-10-F-62-WH-1TO,0.12727272727272726,0.4069641688290798,3.1975756122284844,0.9,0.004336947456213511,False,0.2545454545454545,2024-06-17,109,intermittent,full,0.3076923076923077,0.7692307692307693
CA-SC-10-F-62-WR-1TO,0.15454545454545454,0.5078719172168517,3.2862300525796284,0.9,0.005748033270969051,False,0.3090909090909091,2024-06-17,109,intermittent,full,0.46153846153846156,0.6923076923076923
CA-SC-10-F-63-BE-1TO,0.10909090909090909,0.3396643944048982,3.1135902820449,0.9,0.003696774338976174,False,0.21818181818181817,2024-06-17,109,intermittent,full,0.38461538461538464,0.6153846153846154
CA-SC-10-F-63-BK-1TO,0.12727272727272726,0.4069641688290798,3.1975756122284844,0.9,0.004427112683993419,False,0.2545454545454545,2024-06-17,109,intermittent,full,0.3076923076923077,0.7692307692307693
CA-SC-10-F-63-DG-1TO,0.01818181818181818,0.133608531424537,7.3484692283495345,0.9818181818181818,0.0008565696639091134,False,0.03636363636363636,2024-06-17,109,intermittent,full,0.07692307692307693,0.9230769230769231
CA-SC-10-F-63-GR-1TO,0.1,0.32891004572955534,3.2891004572955533,0.9090909090909091,0.0034307869170254494,False,0.2,2024-06-17,109,intermittent,full,0.3076923076923077,0.7692307692307693
CA-SC-10-F-64-BE-1TO,0.03636363636363636,0.18719327529067276,5.147815070493501,0.9636363636363636,0.001109032301692852,False,0.07272727272727272,2024-06-17,109,intermittent,full,0.0,1.0
CA-SC-10-F-64-BK-1TO,0.07272727272727272,0.29260867162601967,4.02336923485777,0.9363636363636364,0.002506593332281405,False,0.14545454545454545,2024-06-17,109,intermittent,full,0.15384615384615385,0.8461538461538461
CA-SC-10-F-64-BKWH-STI,0.00909090909090909,0.09491187735373227,10.44030650891055,0.990909090909091,0.00020287176250479005,False,0.01818181818181818,2024-06-17,109,intermittent,full,0.0,1.0
CA-SC-10-F-64-BR-1TO,0.1,0.3801913393877543,3.801913393877543,0.9181818181818182,0.003755381737033113,False,0.2,2024-06-17,109,intermittent,full,0.3076923076923077,0.8461538461538461
CA-SC-10-F-64-DG-1TO,0.1,0.3554766326548573,3.554766326548573,0.9181818181818182,0.0036832495548091873,False,0.2,2024-06-17,109,intermittent,full,0.3076923076923077,0.7692307692307693
CA-SC-10-F-64-GR-1TO,0.05454545454545454,0.22709083630539634,4.163331998932266,0.9454545454545454,0.0019475689200459836,False,0.10909090909090909,2024-06-17,109,intermittent,full,0.23076923076923078,0.7692307692307693
CA-SC-10-F-64-WR-1TO,0.00909090909090909,0.09491187735373227,10.44030650891055,0.990909090909091,0.0001938552397267994,False,0.01818181818181818,2024-06-17,109,intermittent,full,0.0,1.0
CA-SC-10-F-65-BE-1TO,0.01818181818181818,0.13360853142453696,7.348469228349534,0.9818181818181818,0.0001172147961138788,False,0.01818181818181818,2024-06-17,109,intermittent,full,0.0,1.0
CA-SC-10-F-65-BK-1TO,0.00909090909090909,0.09491187735373227,10.44030650891055,0.990909090909091,0.00041025178639857526,False,0.01818181818181818,2024-06-17,109,intermittent,full,0.07692307692307693,0.9230769230769231
CA-SC-10-F-65-DB-1TO,0.00909090909090909,0.09491187735373227,10.44030650891055,0.990909090909091,0.0004643509230665193,False,0.01818181818181818,2024-06-17,109,intermittent,full,0.07692307692307693,0.9230769230769231
CA-SC-10-F-65-GR-1TO,0.00909090909090909,0.09491187735373227,10.44030650891055,0.990909090909091,0.00020287176250479005,False,0.01818181818181818,2024-06-17,109,intermittent,full,0.0,1.0
CA-SC-10-F-66-GR-1TO,0.00909090909090909,0.09491187735373227,10.44030650891055,0.990909090909091,0.0004643509230665193,False,0.01818181818181818,2024-06-17,109,intermittent,full,0.07692307692307693,0.9230769230769231
CA-SC-10-F-67-BE-1TO,0.36363636363636365,0.77138921583987,2.1213203435596424,0.7818181818181819,0.011514099587494084,False,0.7272727272727273,2024-06-17,109,intermittent,full,0.9230769230769231,0.38461538461538464
CA-SC-10-F-67-BK-1TO,0.7363636363636363,1.2334524549724994,1.6750588894688265,0.6636363636363637,0.023158938755269025,False,1.4727272727272727,2024-06-17,109,intermittent,full,1.4615384615384615,0.15384615384615385
CA-SC-10-F-67-BR-1TO,0.10909090909090909,0.3654500225862142,3.3499585403736303,0.9090909090909091,0.0034172621328584624,False,0.21818181818181817,2024-06-17,109,intermittent,full,0.15384615384615385,0.8461538461538461
CA-SC-10-F-67-DB-1TO,0.13636363636363635,0.41510727479384996,3.0441200151549,0.8909090909090909,0.005008678403173816,False,0.2545454545454545,2024-06-17,109,intermittent,full,0.5384615384615384,0.5384615384615384
CA-SC-10-F-67-DG-1TO,0.13636363636363635,0.41510727479384996,3.0441200151549,0.8909090909090909,0.004224240921488628,False,0.2545454545454545,2024-06-17,109,intermittent,full,0.38461538461538464,0.6923076923076923
CA-SC-10-F-67-GR-1TO,0.16363636363636364,0.47725108176024317,2.9165343885348194,0.8727272727272727,0.005995987647363795,False,0.32727272727272727,2024-06-17,109,intermittent,full,0.5384615384615384,0.5384615384615384
CA-SC-10-F-67-WH-1TO,0.08181818181818182,0.3054599566620262,3.7333994703136533,0.9272727272727272,0.002925861641457972,False,0.16363636363636364,2024-06-17,109,intermittent,full,0.3076923076923077,0.7692307692307693
CA-SC-10-F-67-WR-1TO,0.01818181818181818,0.133608531424537,7.3484692283495345,0.9818181818181818,0.0008655861866871039,False,0.03636363636363636,2024-06-17,109,intermittent,full,0.07692307692307693,0.9230769230769231
CA-SC-10-F-68-BK-1TO,0.01818181818181818,0.13360853142453696,7.348469228349534,0.9818181818181818,0.0004598426616775241,False,0.03636363636363636,2024-06-17,109,intermittent,full,0.0,1.0
CA-SC-10-F-68-DG-1TO,0.02727272727272727,0.162877026065172,5.9721576223896395,0.9727272727272728,0.0011225570858598383,False,0.05454545454545454,2024-06-17,109,intermittent,full,0.07692307692307693,0.9230769230769231
CA-SC-10-F-68-GR-1TO,0.01818181818181818,0.13360853142453696,7.348469228349534,0.9818181818181818,0.0008475531411311227,False,0.03636363636363636,2024-06-17,109,intermittent,full,0.15384615384615385,0.8461538461538461
CA-SC-10-F-69-BE-1TO,0.36363636363636365,0.7830856533584737,2.1534855467358027,0.7818181818181819,0.012487884047517075,False,0.7272727272727273,2024-06-17,109,intermittent,full,0.9230769230769231,0.38461538461538464
CA-SC-10-F-69-BK-1TO,3.590909090909091,2.3675666623828033,0.6593223616762237,0.11363636363636363,0.06878083157152924,True,2.909090909090909,2025-09-22,43,smooth,short,4.538461538461538,0.0
CA-SC-10-F-69-BR-1TO,0.08181818181818182,0.30545995666202624,3.733399470313654,0.9272727272727272,0.0026733990036742327,False,0.16363636363636364,2024-06-17,109,intermittent,full,0.07692307692307693,0.9230769230769231
CA-SC-10-F-69-DB-1TO,0.22727272727272727,0.597861201725723,2.6305892875931813,0.8454545454545455,0.008786601447151904,False,0.45454545454545453,2024-06-17,109,intermittent,full,0.7692307692307693,0.5384615384615384
CA-SC-10-F-69-DG-1TO,0.9181818181818182,1.561653076255579,1.7008102810704324,0.6454545454545455,0.029461488177084504,False,1.8181818181818181,2026-04-27,13,smooth,short,2.1538461538461537,0.07692307692307693
CA-SC-10-F-69-GR-1TO,2.4565217391304346,1.985890685497266,0.808415677282073,0.13043478260869565,0.028553808202281837,True,2.0727272727272728,2026-04-27,13,smooth,short,3.076923076923077,0.07692307692307693
CA-SC-10-F-69-PK-1TO,0.02727272727272727,0.16287702606517196,5.972157622389639,0.9727272727272728,0.0011766562225277823,False,0.05454545454545454,2024-06-17,109,intermittent,full,0.15384615384615385,0.8461538461538461
CA-SC-10-F-69-RD-1TO,0.01818181818181818,0.13360853142453696,7.348469228349534,0.9818181818181818,0.000784437481685188,False,0.03636363636363636,2024-06-17,109,intermittent,full,0.07692307692307693,0.9230769230769231
CA-SC-10-F-69-WH-1TO,0.00909090909090909,0.09491187735373227,10.44030650891055,0.990909090909091,0.00032910308139665935,False,0.01818181818181818,2024-06-17,109,intermittent,full,0.0,1.0
CA-SC-10-F-69-WR-1TO,0.06363636363636363,0.24410402876541004,3.8359204520278727,0.9363636363636364,0.0025742172531163354,False,0.12727272727272726,2024-06-17,109,intermittent,full,0.3076923076923077,0.6923076923076923
CA-SC-10-F-71-BE-1TO,0.39090909090909093,0.7273295432352586,1.8606104594390334,0.7272727272727273,0.012844036697247704,False,0.7818181818181819,2024-06-17,109,intermittent,full,0.6923076923076923,0.46153846153846156
CA-SC-10-F-71-BK-1TO,2.5531914893617023,2.2294786208391035,0.8732124598286488,0.14893617021276595,0.012488436632747464,True,2.2,2026-04-27,13,smooth,short,2.5384615384615383,0.07692307692307693
CA-SC-10-F-71-BR-1TO,0.1,0.32891004572955534,3.2891004572955533,0.9090909090909091,0.003259472984243626,False,0.2,2024-06-17,109,intermittent,full,0.23076923076923078,0.7692307692307693
CA-SC-10-F-71-DB-1TO,0.06363636363636363,0.24410402876541004,3.8359204520278727,0.9363636363636364,0.00182584586254311,False,0.12727272727272726,2024-06-17,109,intermittent,full,0.07692307692307693,0.9230769230769231
CA-SC-10-F-71-DG-1TO,0.5545454545454546,0.9962325726671334,1.7964849671046668,0.6909090909090909,0.020544147149651734,False,1.0727272727272728,2026-04-27,13,smooth,short,2.1538461538461537,0.07692307692307693
CA-SC-10-F-71-GR-1TO,0.5818181818181818,0.9943642846454777,1.7090636142344149,0.6727272727272727,0.020296192773256994,False,1.1636363636363636,2024-06-17,109,intermittent,full,1.9230769230769231,0.07692307692307693
CA-SC-10-F-71-PK-1TO,0.02727272727272727,0.21144915181114557,7.753135566408671,0.9818181818181818,0.0012217388364177352,False,0.05454545454545454,2024-06-17,109,intermittent,full,0.23076923076923078,0.8461538461538461
CA-SC-10-F-71-RD-1TO,0.01818181818181818,0.13360853142453696,7.348469228349534,0.9818181818181818,0.0006852557311272907,False,0.03636363636363636,2024-06-17,109,intermittent,full,0.07692307692307693,0.9230769230769231
CA-SC-10-F-71-WH-1TO,0.1,0.30000000000000004,3.0000000000000004,0.9,0.003683249554809188,False,0.2,2024-06-17,109,intermittent,full,0.3076923076923077,0.6923076923076923
CA-SC-10-F-71-WR-1TO,0.06363636363636363,0.24410402876541004,3.8359204520278727,0.9363636363636364,0.0023668372292225508,False,0.12727272727272726,2024-06-17,109,intermittent,full,0.23076923076923078,0.7692307692307693
CA-SC-10-F-72-BE-1TO,0.2727272727272727,0.5706310845990987,2.092313976863362,0.7909090909090909,0.009025539300768657,False,0.5454545454545454,2024-06-17,109,intermittent,full,0.8461538461538461,0.46153846153846156
CA-SC-10-F-72-BK-1TO,0.3181818181818182,0.6866495491193344,2.158041440089337,0.7727272727272727,0.010328426842188309,False,0.6363636363636364,2024-06-17,109,intermittent,full,0.6923076923076923,0.38461538461538464
CA-SC-10-F-72-BR-1TO,0.02727272727272727,0.16287702606517196,5.972157622389639,0.9727272727272728,0.0008159953114081555,False,0.05454545454545454,2024-06-17,109,intermittent,full,0.07692307692307693,0.9230769230769231
CA-SC-10-F-72-DB-1TO,0.00909090909090909,0.09491187735373227,10.44030650891055,0.990909090909091,0.00022992133083876205,False,0.01818181818181818,2024-06-17,109,intermittent,full,0.0,1.0
CA-SC-10-F-72-DG-1TO,0.12727272727272726,0.3839765833080523,3.016958868848983,0.8909090909090909,0.0035344769289723426,False,0.2545454545454545,2024-06-17,109,intermittent,full,0.23076923076923078,0.8461538461538461
CA-SC-10-F-72-GR-1TO,0.07272727272727272,0.25968830649246727,3.570714214271425,0.9272727272727272,0.0022811802628316387,False,0.14545454545454545,2024-06-17,109,intermittent,full,0.23076923076923078,0.7692307692307693
CA-SC-10-F-72-WR-1TO,0.00909090909090909,0.09491187735373227,10.44030650891055,0.990909090909091,0.00041025178639857526,False,0.01818181818181818,2024-06-17,109,intermittent,full,0.07692307692307693,0.9230769230769231
CA-SC-10-F-74-BE-1TO,4.48936170212766,3.1411634951422256,0.6996904467852351,0.06382978723404255,0.04185938945420911,True,3.909090909090909,2025-09-01,46,smooth,short,5.3076923076923075,0.07692307692307693
CA-SC-10-F-74-BK-1TO,2.8222222222222224,1.6232873215777486,0.5751805470157376,0.08888888888888889,0.018972332015810292,True,2.3454545454545452,2026-04-27,13,smooth,short,2.8461538461538463,0.0
CA-SC-10-F-74-BKRD-STI,0.01818181818181818,0.18982375470746454,10.44030650891055,0.990909090909091,0.0004057435250095801,False,0.03636363636363636,2024-06-17,109,intermittent,full,0.0,1.0
CA-SC-10-F-74-BR-1TO,0.12727272727272726,0.3839765833080523,3.016958868848983,0.8909090909090909,0.004373013547325473,False,0.2545454545454545,2024-06-17,109,intermittent,full,0.23076923076923078,0.7692307692307693
CA-SC-10-F-74-DB-1TO,0.24545454545454545,0.5424919544667525,2.2101524070867695,0.8090909090909091,0.008425940536032276,False,0.4909090909090909,2024-06-17,109,intermittent,full,0.5384615384615384,0.46153846153846156
CA-SC-10-F-74-DG-1TO,3.5869565217391304,2.2221815266174985,0.6195172740873026,0.06521739130434782,0.06543324082639533,True,3.018181818181818,2025-09-08,45,smooth,short,4.923076923076923,0.0
CA-SC-10-F-74-GR-1TO,3.5555555555555554,2.2662308949301266,0.6373774391990982,0.044444444444444446,0.07457180500658767,True,2.9454545454545453,2025-09-15,44,smooth,short,4.6923076923076925,0.0
CA-SC-10-F-74-WR-1TO,0.03636363636363636,0.23070140982635487,6.344288770224759,0.9727272727272728,0.0013073958028086469,False,0.07272727272727272,2024-06-17,109,intermittent,full,0.07692307692307693,0.9230769230769231
CA-SC-10-F-75-BE-1TO,0.2727272727272727,0.6311474530076284,2.3142073276946378,0.7909090909090909,0.009755877645785905,False,0.5454545454545454,2024-06-17,109,intermittent,full,0.7692307692307693,0.3076923076923077
CA-SC-10-F-75-BK-1TO,0.07272727272727272,0.29260867162601967,4.02336923485777,0.9363636363636364,0.003119716881184771,False,0.14545454545454545,2024-06-17,109,intermittent,full,0.38461538461538464,0.6923076923076923
CA-SC-10-F-75-DB-1TO,0.00909090909090909,0.09491187735373227,10.44030650891055,0.990909090909091,0.00020287176250479005,False,0.01818181818181818,2024-06-17,109,intermittent,full,0.0,1.0
CA-SC-10-F-75-DG-1TO,0.4,0.776940386153509,1.9423509653837725,0.7636363636363637,0.013335437188648196,False,0.8,2024-06-17,109,intermittent,full,1.0,0.46153846153846156
CA-SC-10-F-75-GR-1TO,0.3090909090909091,0.7354090333147886,2.3792645195478452,0.7909090909090909,0.011658363951941933,False,0.6181818181818182,2024-06-17,109,intermittent,full,1.0769230769230769,0.46153846153846156
CA-SC-10-F-75-WR-1TO,0.01818181818181818,0.13360853142453696,7.348469228349534,0.9818181818181818,0.0005500078894574308,False,0.03636363636363636,2024-06-17,109,intermittent,full,0.07692307692307693,0.9230769230769231
CA-SC-10-F-76-BE-1TO,0.8909090909090909,1.4668795237476333,1.6464974246146906,0.6181818181818182,0.029204517277911773,False,1.7818181818181817,2026-04-27,13,smooth,short,2.8461538461538463,0.15384615384615385
CA-SC-10-F-76-BK-1TO,0.22727272727272727,0.5503567588241931,2.4215697388264497,0.8272727272727273,0.0068390325271059215,False,0.43636363636363634,2024-06-17,109,intermittent,full,0.6153846153846154,0.6153846153846154
CA-SC-10-F-76-BR-1TO,0.01818181818181818,0.13360853142453696,7.348469228349534,0.9818181818181818,0.0006491896400153281,False,0.03636363636363636,2024-06-17,109,intermittent,full,0.07692307692307693,0.9230769230769231
CA-SC-10-F-76-DB-1TO,0.02727272727272727,0.162877026065172,5.9721576223896395,0.9727272727272728,0.0012487884047517074,False,0.05454545454545454,2024-06-17,109,intermittent,full,0.15384615384615385,0.8461538461538461
CA-SC-10-F-76-DG-1TO,0.7181818181818181,1.273019446982918,1.772558723647101,0.6727272727272727,0.025476185109212627,False,1.4363636363636363,2026-04-27,13,smooth,short,2.230769230769231,0.15384615384615385
CA-SC-10-F-76-GR-1TO,0.22727272727272727,0.5335829305756069,2.3477648945326703,0.8181818181818182,0.008687419696594008,False,0.45454545454545453,2024-06-17,109,intermittent,full,0.8461538461538461,0.3076923076923077
CA-SC-10-F-76-RD-1TO,0.00909090909090909,0.09491187735373227,10.44030650891055,0.990909090909091,0.000311070035840678,False,0.01818181818181818,2024-06-17,109,intermittent,full,0.0,1.0
CA-SC-10-F-76-WR-1TO,0.045454545454545456,0.2082988952252655,4.582575694955841,0.9545454545454546,0.0015373171336474083,False,0.09090909090909091,2024-06-17,109,intermittent,full,0.07692307692307693,0.9230769230769231
CA-SC-10-F-78-DG-1TO,0.03636363636363636,0.23070140982635487,6.344288770224759,0.9727272727272728,0.0008565696639091135,False,0.07272727272727272,2024-06-17,109,intermittent,full,0.0,1.0
CA-SC-10-F-78-GR-1TO,0.00909090909090909,0.09491187735373227,10.44030650891055,0.990909090909091,0.0001217230575028741,False,0.01818181818181818,2024-06-17,109,intermittent,full,0.0,1.0
CA-SC-10-F-82-BE-1TO,0.02727272727272727,0.16287702606517196,5.972157622389639,0.9727272727272728,0.0007799292202961927,False,0.05454545454545454,2024-06-17,109,intermittent,full,0.07692307692307693,0.9230769230769231
CA-SC-10-F-82-BK-1TO,0.07272727272727272,0.25968830649246727,3.570714214271425,0.9272727272727272,0.0026418411739512655,False,0.14545454545454545,2024-06-17,109,intermittent,full,0.15384615384615385,0.8461538461538461
CA-SC-10-F-82-DB-1TO,0.02727272727272727,0.21144915181114557,7.753135566408671,0.9818181818181818,0.0005274665825124542,False,0.05454545454545454,2024-06-17,109,intermittent,full,0.0,1.0
CA-SC-10-F-82-DG-1TO,0.23636363636363636,0.5547689564506312,2.347099431137286,0.8181818181818182,0.008051754840745667,False,0.4727272727272727,2024-06-17,109,intermittent,full,0.6923076923076923,0.46153846153846156
CA-SC-10-F-82-GR-1TO,0.045454545454545456,0.2082988952252655,4.582575694955841,0.9545454545454546,0.0010594414264139035,False,0.09090909090909091,2024-06-17,109,intermittent,full,0.0,1.0
CA-SC-10-F-83-BK-1TO,0.00909090909090909,0.09491187735373227,10.44030650891055,0.990909090909091,7.664044361292078e-05,False,0.01818181818181818,2024-06-17,109,intermittent,full,0.0,1.0
CA-SC-10-F-83-DG-1TO,0.00909090909090909,0.09491187735373227,10.44030650891055,0.990909090909091,-4.95908752789487e-05,False,0.0,2024-06-17,109,intermittent,full,0.0,1.0
CA-SC-10-F-84-BE-1TO,0.00909090909090909,0.09491187735373227,10.44030650891055,0.990909090909091,0.00033811960417465,False,0.01818181818181818,2024-06-17,109,intermittent,full,0.0,1.0
CA-SC-10-F-85-BE-1TO,0.02727272727272727,0.21144915181114557,7.753135566408671,0.9818181818181818,0.0010955075175258658,False,0.05454545454545454,2024-06-17,109,intermittent,full,0.07692307692307693,0.9230769230769231
CA-SC-10-F-85-BK-1TO,0.00909090909090909,0.09491187735373227,10.44030650891055,0.990909090909091,0.0001938552397267994,False,0.01818181818181818,2024-06-17,109,intermittent,full,0.0,1.0
CA-SC-10-F-85-DG-1TO,0.00909090909090909,0.09491187735373227,10.44030650891055,0.990909090909091,0.00032008655861866865,False,0.01818181818181818,2024-06-17,109,intermittent,full,0.0,1.0
CA-SC-10-F-87-GR-1TO,0.02727272727272727,0.16287702606517196,5.972157622389639,0.9727272727272728,0.0005725491964024076,False,0.05454545454545454,2024-06-17,109,intermittent,full,0.0,1.0
CA-SC-10-F-88-BK-1TO,0.01818181818181818,0.13360853142453696,7.348469228349534,0.9818181818181818,-4.508261388995334e-05,False,0.0,2024-06-17,109,intermittent,full,0.0,1.0
CA-SC-10-F-90-BE-1TO,0.7545454545454545,1.1922962081353292,1.5801516011432075,0.6545454545454545,0.023754029258616416,False,1.490909090909091,2026-04-27,13,smooth,short,2.076923076923077,0.15384615384615385
CA-SC-10-F-90-BK-1TO,0.45454545454545453,0.9782764401683349,2.152208168370337,0.7454545454545455,0.015968261839821474,False,0.8909090909090909,2024-06-17,109,intermittent,full,1.3076923076923077,0.23076923076923078
CA-SC-10-F-90-BR-1TO,0.06363636363636363,0.24410402876541004,3.8359204520278727,0.9363636363636364,0.002051258931992877,False,0.12727272727272726,2024-06-17,109,intermittent,full,0.15384615384615385,0.8461538461538461
CA-SC-10-F-90-DB-1TO,0.1,0.32891004572955534,3.2891004572955533,0.9090909090909091,0.002817663368122084,False,0.2,2024-06-17,109,intermittent,full,0.15384615384615385,0.8461538461538461
CA-SC-10-F-90-DG-1TO,0.03636363636363636,0.18719327529067276,5.147815070493501,0.9636363636363636,0.0011811644839167775,False,0.07272727272727272,2024-06-17,109,intermittent,full,0.15384615384615385,0.8461538461538461
CA-SC-10-F-90-GR-1TO,0.03636363636363636,0.18719327529067276,5.147815070493501,0.9636363636363636,0.0012623131889186938,False,0.07272727272727272,2024-06-17,109,intermittent,full,0.15384615384615385,0.8461538461538461
CA-SC-10-F-90-WH-1TO,0.00909090909090909,0.09491187735373227,10.44030650891055,0.990909090909091,0.00017582219417081808,False,0.01818181818181818,2024-06-17,109,intermittent,full,0.0,1.0
CA-SC-10-F-90-WR-1TO,0.00909090909090909,0.09491187735373227,10.44030650891055,0.990909090909091,0.000419268309176566,False,0.01818181818181818,2024-06-17,109,intermittent,full,0.07692307692307693,0.9230769230769231
CA-SC-10-F-91-BK-1TO,0.02727272727272727,0.162877026065172,5.9721576223896395,0.9727272727272728,0.001239771881973717,False,0.05454545454545454,2024-06-17,109,intermittent,full,0.15384615384615385,0.8461538461538461
CA-SC-10-F-92-BK-1TO,0.02727272727272727,0.162877026065172,5.9721576223896395,0.9727272727272728,0.0012037057908617541,False,0.05454545454545454,2024-06-17,109,intermittent,full,0.15384615384615385,0.8461538461538461
CA-SC-10-F-92-BR-1TO,0.01818181818181818,0.13360853142453696,7.348469228349534,0.9818181818181818,0.0008475531411311227,False,0.03636363636363636,2024-06-17,109,intermittent,full,0.15384615384615385,0.8461538461538461
CA-SC-10-F-92-DB-1TO,0.03636363636363636,0.18719327529067276,5.147815070493501,0.9636363636363636,0.0013975610305885535,False,0.07272727272727272,2024-06-17,109,intermittent,full,0.15384615384615385,0.8461538461538461
CA-SC-10-F-92-DG-1TO,0.00909090909090909,0.09491187735373227,10.44030650891055,0.990909090909091,0.0003651691725086221,False,0.01818181818181818,2024-06-17,109,intermittent,full,0.0,1.0
CA-SC-10-F-92-WR-1TO,0.00909090909090909,0.09491187735373227,10.44030650891055,0.990909090909091,0.0004553344002885287,False,0.01818181818181818,2024-06-17,109,intermittent,full,0.07692307692307693,0.9230769230769231
CA-SC-10-F-93-BE-1TO,0.00909090909090909,0.09491187735373227,10.44030650891055,0.990909090909091,0.00044631787751053814,False,0.01818181818181818,2024-06-17,109,intermittent,full,0.07692307692307693,0.9230769230769231
CA-SC-10-F-93-BK-1TO,0.00909090909090909,0.09491187735373227,10.44030650891055,0.990909090909091,0.00032910308139665935,False,0.01818181818181818,2024-06-17,109,intermittent,full,0.0,1.0
CA-SC-10-F-93-DG-1TO,0.01818181818181818,0.13360853142453696,7.348469228349534,0.9818181818181818,0.0006131235489033655,False,0.03636363636363636,2024-06-17,109,intermittent,full,0.07692307692307693,0.9230769230769231
CA-SC-10-F-93-GR-1TO,0.00909090909090909,0.09491187735373227,10.44030650891055,0.990909090909091,0.00014877262583684608,False,0.01818181818181818,2024-06-17,109,intermittent,full,0.0,1.0
CA-SC-10-F-94-BE-1TO,9.063829787234043,3.9808277516176074,0.43919930592964207,0.0,0.15367715078630909,True,7.909090909090909,2025-09-01,46,smooth,short,12.153846153846153,0.0
CA-SC-10-F-94-BK-1TO,0.9181818181818182,1.4214705457365955,1.5481362379309456,0.5909090909090909,0.0288844307192931,False,1.8181818181818181,2026-04-27,13,smooth,short,2.4615384615384617,0.07692307692307693
CA-SC-10-F-94-BR-1TO,0.3,0.6112580172368814,2.0375267241229382,0.7818181818181819,0.009453824132723216,False,0.5636363636363636,2024-06-17,109,intermittent,full,1.0,0.3076923076923077
CA-SC-10-F-94-DB-1TO,0.3181818181818182,0.7499311263141943,2.356926396987468,0.8090909090909091,0.011013682573315602,False,0.6181818181818182,2024-06-17,109,intermittent,full,1.0,0.5384615384615384
CA-SC-10-F-94-DG-1TO,2.339622641509434,1.9126529656564808,0.8175048966112378,0.11320754716981132,0.06740848250282214,True,2.290909090909091,2026-04-27,13,smooth,short,3.5384615384615383,0.0
CA-SC-10-F-94-GR-1TO,0.8363636363636363,1.3040306237848078,1.5591670501774877,0.6090909090909091,0.026815138741744245,False,1.6727272727272726,2026-04-27,13,smooth,short,2.076923076923077,0.0
CA-SC-10-F-94-WR-1TO,0.17272727272727273,0.4643488286953503,2.6883353240257124,0.8636363636363636,0.005784099362081014,False,0.34545454545454546,2024-06-17,109,intermittent,full,0.46153846153846156,0.6153846153846154
CA-SC-10-F-96-BE-1TO,0.14545454545454545,0.44387474966304374,3.051638903933426,0.8909090909090909,0.005391880621238419,False,0.2909090909090909,2024-06-17,109,intermittent,full,0.46153846153846156,0.6923076923076923
CA-SC-10-F-96-BK-1TO,0.509090909090909,0.881583848901866,1.7316825603429513,0.7,0.017618285508193766,False,1.0,2024-06-17,109,intermittent,full,1.4615384615384615,0.15384615384615385
CA-SC-10-F-96-BR-1TO,0.02727272727272727,0.162877026065172,5.9721576223896395,0.9727272727272728,0.0010684579491918942,False,0.05454545454545454,2024-06-17,109,intermittent,full,0.07692307692307693,0.9230769230769231
CA-SC-10-F-96-DB-1TO,0.03636363636363636,0.2307014098263549,6.34428877022476,0.9727272727272728,0.0015328088722584132,False,0.07272727272727272,2024-06-17,109,intermittent,full,0.15384615384615385,0.9230769230769231
CA-SC-10-F-96-DG-1TO,0.32727272727272727,0.6195172740873025,1.892969448600091,0.7545454545454545,0.010882942993034737,False,0.6363636363636364,2024-06-17,109,intermittent,full,0.8461538461538461,0.38461538461538464
CA-SC-10-F-96-GR-1TO,0.38181818181818183,0.7625533445640279,1.9971635214772159,0.7363636363636363,0.013614949394765907,False,0.7636363636363637,2024-06-17,109,intermittent,full,1.3076923076923077,0.3076923076923077
CA-SC-10-F-96-PK-1TO,0.02727272727272727,0.16287702606517196,5.972157622389639,0.9727272727272728,0.0009061605391880621,False,0.05454545454545454,2024-06-17,109,intermittent,full,0.0,1.0
CA-SC-10-F-96-WR-1TO,0.06363636363636363,0.2788702118214176,4.382246185765134,0.9454545454545454,0.0026733990036742327,False,0.12727272727272726,2024-06-17,109,intermittent,full,0.38461538461538464,0.6923076923076923
CA-SC-10-F-97-BE-1TO,0.16363636363636364,0.4578064840732426,2.7977062915587045,0.8636363636363636,0.005283682347902533,False,0.32727272727272727,2024-06-17,109,intermittent,full,0.46153846153846156,0.6923076923076923
CA-SC-10-F-97-BK-1TO,0.36363636363636365,0.7946099412149875,2.1851773383412154,0.7727272727272727,0.013299371097536232,False,0.7272727272727273,2024-06-17,109,intermittent,full,1.3076923076923077,0.3076923076923077
CA-SC-10-F-97-BR-1TO,0.05454545454545454,0.22709083630539637,4.163331998932267,0.9454545454545454,0.0020647837161598625,False,0.10909090909090909,2024-06-17,109,intermittent,full,0.23076923076923078,0.7692307692307693
CA-SC-10-F-97-DB-1TO,0.20909090909090908,0.5062420288118493,2.421157529100149,0.8363636363636363,0.007064445596555688,False,0.41818181818181815,2024-06-17,109,intermittent,full,0.5384615384615384,0.5384615384615384
CA-SC-10-F-97-DG-1TO,0.08181818181818182,0.33389759404012653,4.080970593823769,0.9363636363636364,0.003214390370353673,False,0.16363636363636364,2024-06-17,109,intermittent,full,0.38461538461538464,0.7692307692307693
CA-SC-10-F-97-GR-1TO,0.045454545454545456,0.20829889522526548,4.582575694955841,0.9545454545454546,0.0016455154069832966,False,0.09090909090909091,2024-06-17,109,intermittent,full,0.15384615384615385,0.8461538461538461
CA-SC-10-F-97-WR-1TO,0.00909090909090909,0.09491187735373227,10.44030650891055,0.990909090909091,0.0003832022180646033,False,0.01818181818181818,2024-06-17,109,intermittent,full,0.07692307692307693,0.9230769230769231
CA-SC-10-F-98-BE-1TO,0.08181818181818182,0.2740875169396606,3.3499585403736294,0.9181818181818182,0.003079142528683813,False,0.16363636363636364,2024-06-17,109,intermittent,full,0.3076923076923077,0.6923076923076923
CA-SC-10-F-98-BK-1TO,0.22727272727272727,0.5162643950727521,2.2715633383201093,0.8181818181818182,0.0076324865315691,False,0.45454545454545453,2024-06-17,109,intermittent,full,0.6923076923076923,0.38461538461538464
CA-SC-10-F-98-BKWH-STI,0.00909090909090909,0.09491187735373227,10.44030650891055,0.990909090909091,0.00020287176250479005,False,0.01818181818181818,2024-06-17,109,intermittent,full,0.0,1.0
CA-SC-10-F-98-BR-1TO,0.01818181818181818,0.13360853142453696,7.348469228349534,0.9818181818181818,0.00054099136667944,False,0.03636363636363636,2024-06-17,109,intermittent,full,0.07692307692307693,0.9230769230769231
CA-SC-10-F-98-DB-1TO,0.02727272727272727,0.162877026065172,5.9721576223896395,0.9727272727272728,0.0011496066541938103,False,0.05454545454545454,2024-06-17,109,intermittent,full,0.15384615384615385,0.8461538461538461
CA-SC-10-F-98-DG-1TO,0.05454545454545454,0.26410616447879914,4.841946348777984,0.9545454545454546,0.0019295358744900028,False,0.10909090909090909,2024-06-17,109,intermittent,full,0.07692307692307693,0.9230769230769231
CA-SC-10-F-99-BE-1TO,0.2,0.5009082659620332,2.504541329810166,0.8454545454545455,0.00675337556071501,False,0.4,2024-06-17,109,intermittent,full,0.6923076923076923,0.46153846153846156
CA-SC-10-F-99-BK-1TO,3.4782608695652173,2.0080179545661716,0.5773051619377744,0.021739130434782608,0.010730804810360782,True,2.909090909090909,2025-09-08,45,smooth,short,3.769230769230769,0.0
CA-SC-10-F-99-BR-1TO,0.17272727272727273,0.4443399785399976,2.572494612599986,0.8545454545454545,0.006334107251538443,False,0.34545454545454546,2024-06-17,109,intermittent,full,0.46153846153846156,0.5384615384615384
CA-SC-10-F-99-DB-1TO,0.5909090909090909,1.0978943031214101,1.8579749745131555,0.7090909090909091,0.02030070103464599,False,1.1818181818181819,2024-06-17,109,intermittent,full,1.6923076923076923,0.15384615384615385
CA-SC-10-F-99-DG-1TO,0.3181818181818182,0.6457105766210823,2.0293760979519733,0.7727272727272727,0.009580055451615086,False,0.6363636363636364,2024-06-17,109,intermittent,full,0.5384615384615384,0.5384615384615384
CA-SC-10-F-99-GR-1TO,0.19090909090909092,0.7070483401945732,3.7035865438763356,0.8909090909090909,0.006270991592092509,False,0.38181818181818183,2024-06-17,109,intermittent,full,0.3076923076923077,0.6923076923076923
CA-SC-10-F-99-RD-1TO,0.01818181818181818,0.13360853142453696,7.348469228349534,0.9818181818181818,0.0002704956833397201,False,0.03636363636363636,2024-06-17,109,intermittent,full,0.0,1.0
CA-SC-10-F-99-WH-1TO,0.14545454545454545,0.4831029183849609,3.3213325638966062,0.9,0.003813989135090052,False,0.2909090909090909,2024-06-17,109,intermittent,full,0.0,1.0
CA-SC-10-F-99-WR-1TO,0.11818181818181818,0.4811315862690633,4.07111342227669,0.9181818181818182,0.004566868787052273,False,0.23636363636363636,2024-06-17,109,intermittent,full,0.46153846153846156,0.6153846153846154
CA-SC-10-F-INV-BK-1TO,0.02727272727272727,0.16287702606517196,5.972157622389639,0.9727272727272728,0.00013975610305885542,False,0.03636363636363636,2024-06-17,109,intermittent,full,0.0,1.0
CA-SC-10-F-NEW-BE-1TO,7.382978723404255,5.305770409454708,0.7186490179953063,0.0851063829787234,-0.29417206290471787,True,6.418181818181818,2025-09-01,46,smooth,short,2.230769230769231,0.3076923076923077
CA-SC-10-F-NEW-BK-1TO,15.617021276595745,10.875608452510289,0.6963945466866261,0.0851063829787234,-0.5301803885291395,True,13.545454545454545,2025-09-01,46,smooth,short,4.230769230769231,0.3076923076923077
CA-SC-10-F-NEW-BKRD-STI,0.3,0.8479922812684731,2.826640937561577,0.8636363636363636,0.009093163221603588,False,0.6,2024-06-17,109,intermittent,full,0.38461538461538464,0.7692307692307693
CA-SC-10-F-NEW-BKWH-STI,0.24545454545454545,0.6631380445395231,2.7016735147906497,0.8636363636363636,0.007839866555462885,False,0.4909090909090909,2024-06-17,109,intermittent,full,0.38461538461538464,0.7692307692307693
CA-SC-10-F-NEW-BR-1TO,0.9090909090909091,1.6762808104168883,1.843908891458577,0.6818181818181818,0.021603588576065643,False,1.8,2024-06-17,109,intermittent,full,0.38461538461538464,0.7692307692307693
CA-SC-10-F-NEW-DB-1TO,0.6545454545454545,1.2242724268750853,1.8704162077258248,0.7181818181818181,0.01580596442981764,False,1.309090909090909,2024-06-17,109,intermittent,full,0.5384615384615384,0.6923076923076923
CA-SC-10-F-NEW-DG-1TO,6.553191489361702,5.2987694703112,0.8085784581319039,0.10638297872340426,-0.28226179463459766,True,5.654545454545454,2025-09-01,46,intermittent,short,1.3076923076923077,0.38461538461538464
CA-SC-10-F-NEW-GR-1TO,3.893617021276596,3.403590360588213,0.8741461581838579,0.10638297872340426,-0.16928769657724324,True,3.3454545454545452,2025-09-01,46,intermittent,short,0.9230769230769231,0.38461538461538464
CA-SC-10-F-NEW-OR-1TO,0.00909090909090909,0.09491187735373227,10.44030650891055,0.990909090909091,0.0001938552397267994,False,0.01818181818181818,2024-06-17,109,intermittent,full,0.0,1.0
CA-SC-10-F-NEW-PK-1TO,0.09090909090909091,0.2874797872880344,3.1622776601683786,0.9090909090909091,0.002272163740053648,False,0.18181818181818182,2024-06-17,109,intermittent,full,0.07692307692307693,0.9230769230769231
CA-SC-10-F-NEW-RD-1TO,0.22727272727272727,0.5824570356233216,2.562810956742615,0.8363636363636363,0.005143926244843677,False,0.45454545454545453,2024-06-17,109,intermittent,full,0.07692307692307693,0.9230769230769231
CA-SC-10-F-NEW-WH-1TO,0.2909090909090909,0.7668762439622961,2.636137088620393,0.8363636363636363,0.007150102562946601,False,0.5818181818181818,2024-06-17,109,intermittent,full,0.0,1.0
CA-SC-10-F-NEW-WR-1TO,0.9363636363636364,1.6363888886940419,1.7475997840421806,0.6545454545454545,0.022744178707481463,False,1.8545454545454545,2024-06-17,109,intermittent,full,0.3076923076923077,0.6923076923076923
CA-SC-10-R-90-BE-1TO,0.4909090909090909,0.9414249793454267,1.9177175505184618,0.7181818181818181,0.015481369609809977,False,0.9636363636363636,2024-06-17,109,intermittent,full,1.3846153846153846,0.23076923076923078
CA-SC-10-R-90-BK-1TO,27.065217391304348,11.557798372251117,0.4270351205811658,0.0,0.19358618563058896,True,23.036363636363635,2025-09-08,45,smooth,short,29.153846153846153,0.0
CA-SC-10-R-90-BR-1TO,0.7636363636363637,1.2204862870427935,1.5982558520798487,0.6545454545454545,0.021783919031625458,False,1.5272727272727273,2024-06-17,109,intermittent,full,1.0769230769230769,0.3076923076923077
CA-SC-10-R-90-DB-1TO,3.9130434782608696,2.636088068038977,0.673666950721072,0.06521739130434782,0.023681776133209965,True,3.327272727272727,2025-09-08,45,smooth,short,4.769230769230769,0.07692307692307693
CA-SC-10-R-90-DG-1TO,17.148936170212767,9.484542235735875,0.5530688400491143,0.0,0.31221091581868643,True,14.89090909090909,2025-09-01,46,smooth,short,24.384615384615383,0.0
CA-SC-10-R-90-GR-1TO,1.4454545454545455,2.1131035496563455,1.4618955374981006,0.5909090909090909,0.04770191375695962,False,2.8545454545454545,2026-04-27,13,smooth,short,3.769230769230769,0.07692307692307693
CA-SC-10-R-90-RD-1TO,0.045454545454545456,0.2082988952252655,4.582575694955841,0.9545454545454546,0.0006446813786263331,False,0.09090909090909091,2024-06-17,109,intermittent,full,0.0,1.0
CA-SC-10-R-90-WR-1TO,0.7090909090909091,1.2957655129161332,1.827361620779162,0.6727272727272727,0.02469625588891644,False,1.4181818181818182,2024-06-17,109,intermittent,full,1.5384615384615385,0.3076923076923077
CA-SC-10-R-91-BE-1TO,2.369565217391304,1.9600210253106305,0.8271648363696239,0.10869565217391304,0.028430465618254692,True,2.0,2026-04-27,13,smooth,short,2.3846153846153846,0.07692307692307693
CA-SC-10-R-91-BK-1TO,3.3125,2.0832291640623697,0.6288993702829795,0.0625,0.05281155015197564,True,2.9272727272727272,2025-08-25,47,smooth,short,3.6153846153846154,0.07692307692307693
CA-SC-10-R-91-BR-1TO,0.38181818181818183,0.990700561878202,2.5946919477762433,0.7909090909090909,0.01312805716475441,False,0.7636363636363637,2024-06-17,109,intermittent,full,1.0,0.23076923076923078
CA-SC-10-R-91-DB-1TO,0.4636363636363636,0.9310529008237026,2.0081533155021036,0.7545454545454545,0.016324414489552103,False,0.9272727272727272,2024-06-17,109,intermittent,full,1.0,0.38461538461538464
CA-SC-10-R-91-DG-1TO,2.6818181818181817,2.008761799453123,0.7490298235248933,0.09090909090909091,0.035658914728682205,True,2.2,2026-04-27,13,smooth,short,2.8461538461538463,0.0
CA-SC-10-R-91-GR-1TO,0.41818181818181815,0.7673071944003342,1.8348650300877558,0.7181818181818181,0.01447151905867502,False,0.8363636363636363,2024-06-17,109,intermittent,full,1.2307692307692308,0.15384615384615385
CA-SC-10-R-91-RD-1TO,0.00909090909090909,0.09491187735373227,10.44030650891055,0.990909090909091,0.00020287176250479005,False,0.01818181818181818,2024-06-17,109,intermittent,full,0.0,1.0
CA-SC-10-R-91-WR-1TO,0.08181818181818182,0.30545995666202624,3.733399470313654,0.9272727272727272,0.0030250433920158697,False,0.16363636363636364,2024-06-17,109,intermittent,full,0.38461538461538464,0.6923076923076923
CC-CC-03-CHCV11-GR-1TO,0.12727272727272726,0.3332782323604247,2.618614682831909,0.8727272727272727,0.0009377183689110299,False,0.18181818181818182,2024-06-17,109,intermittent,full,0.07692307692307693,0.9230769230769231
CC-CC-03-CHCV13-GR-1TO,1.3,1.6042557039438456,1.2340428491875735,0.38181818181818183,0.01677524062845164,False,1.8909090909090909,2024-06-17,109,intermittent,full,2.4615384615384617,0.23076923076923078
CC-CC-03-CHCV15-GR-1TO,14.027272727272727,11.753884534607804,0.8379308482222025,0.01818181818181818,0.17409553005883285,False,20.381818181818183,2024-06-17,109,smooth,full,18.076923076923077,0.0
CC-CC-03-CHCV17-GR-1TO,0.6090909090909091,0.6888126087096224,1.1308863725083351,0.509090909090909,0.0038816130559249837,False,0.7272727272727273,2024-06-17,109,intermittent,full,0.8461538461538461,0.3076923076923077
CC-CC-03-CHCV20-GR-1TO,1.8,1.6503443166916305,0.9168579537175725,0.2818181818181818,-0.02677005612785427,False,1.0909090909090908,2024-06-17,109,intermittent,full,0.8461538461538461,0.46153846153846156
CC-CC-03-CHCV21-GR-1TO,1.7363636363636363,1.6496681359224,0.9500706541961466,0.2,0.026107341703671974,False,2.3454545454545452,2026-04-27,13,smooth,short,3.923076923076923,0.0
CC-CC-03-CHCV22-GR-1TO,0.3181818181818182,0.5709930453615347,1.794549571136252,0.7272727272727273,0.004079976557040778,False,0.41818181818181815,2024-06-17,109,intermittent,full,0.6923076923076923,0.5384615384615384
CC-CC-03-CHCV25-GR-1TO,0.02727272727272727,0.162877026065172,5.9721576223896395,0.9727272727272728,-0.00101435881252395,False,0.0,2024-06-17,109,intermittent,full,0.0,1.0
CC-CC-03-FI5001-GR-1TO,0.02727272727272727,0.162877026065172,5.9721576223896395,0.9727272727272728,0.0008520614025201181,False,0.05454545454545454,2024-06-17,109,intermittent,full,0.07692307692307693,0.9230769230769231
CC-CC-03-JEGL11-GR-1TO,0.13636363636363635,0.3687145416486045,2.7039066387564334,0.8727272727272727,-0.002258638955886662,False,0.03636363636363636,2024-06-17,109,intermittent,full,0.0,1.0
CC-CC-03-MZMX38-GR-1TO,7.954545454545454,5.811252976512449,0.7305575170472793,0.05454545454545454,0.02576471383810833,False,8.4,2024-06-17,109,smooth,full,5.153846153846154,0.0
CC-CC-15-BMZ301-BKGR-STR,0.12727272727272726,0.4069641688290798,3.1975756122284844,0.9,0.005013186664562811,False,0.2545454545454545,2024-06-17,109,intermittent,full,0.6923076923076923,0.46153846153846156
CC-CC-15-BMZ301-BKRD-STR,0.09090909090909091,0.3175318035740542,3.492849839314596,0.9181818181818182,0.0031287334039627615,False,0.18181818181818182,2024-06-17,109,intermittent,full,0.3076923076923077,0.6923076923076923
CC-CC-15-BMZ301-GR-1TO,0.01818181818181818,0.13360853142453696,7.348469228349534,0.9818181818181818,0.00038771047945359866,False,0.03636363636363636,2024-06-17,109,intermittent,full,0.0,1.0
CC-CC-15-BMZ301-GRBK-STR,0.06363636363636363,0.24410402876541004,3.8359204520278727,0.9363636363636364,0.0017266641119852127,False,0.12727272727272726,2024-06-17,109,intermittent,full,0.15384615384615385,0.8461538461538461
CC-CC-15-BMZ301-LGBK-STR,0.00909090909090909,0.09491187735373227,10.44030650891055,0.990909090909091,-3.155782972296735e-05,False,0.0,2024-06-17,109,intermittent,full,0.0,1.0
CC-CC-15-BMZ401-BKGR-STR,0.07272727272727272,0.25968830649246727,3.570714214271425,0.9272727272727272,0.0017492054189301898,False,0.12727272727272726,2024-06-17,109,intermittent,full,0.23076923076923078,0.7692307692307693
CC-CC-15-BMZ401-BKLG-STR,0.00909090909090909,0.09491187735373227,10.44030650891055,0.990909090909091,0.0003741856952866126,False,0.01818181818181818,2024-06-17,109,intermittent,full,0.0,1.0
CC-CC-15-BMZ401-BKRD-STR,0.08181818181818182,0.3054599566620262,3.7333994703136533,0.9272727272727272,0.0026192998670062895,False,0.16363636363636364,2024-06-17,109,intermittent,full,0.23076923076923078,0.7692307692307693
CC-CC-15-BMZ401-GRBK-STR,0.2,0.6149648918286459,3.074824459143229,0.8727272727272727,0.003624642156752249,False,0.36363636363636365,2024-06-17,109,intermittent,full,0.15384615384615385,0.8461538461538461
CC-CC-15-BMZ401-LGBK-STR,0.00909090909090909,0.09491187735373227,10.44030650891055,0.990909090909091,0.0004914004914004913,False,0.01818181818181818,2024-06-17,109,intermittent,full,0.07692307692307693,0.9230769230769231
CC-CC-15-CHCM11-BKGR-STR,0.2545454545454545,0.5944648263371567,2.3353975320388303,0.8181818181818182,0.004382030070103465,False,0.38181818181818183,2024-06-17,109,intermittent,full,0.3076923076923077,0.7692307692307693
CC-CC-15-CHCM11-BKLG-STR,0.09090909090909091,0.2874797872880344,3.1622776601683786,0.9090909090909091,0.003579559542862295,False,0.18181818181818182,2024-06-17,109,intermittent,full,0.3076923076923077,0.6923076923076923
CC-CC-15-CHCM11-BKRD-STR,0.37272727272727274,0.6988183651264587,1.8748785405831818,0.7363636363636363,0.010490724252192144,False,0.6909090909090909,2024-06-17,109,intermittent,full,0.8461538461538461,0.46153846153846156
CC-CC-15-CHCM11-GRBK-STR,0.12727272727272726,0.3839765833080523,3.016958868848983,0.8909090909090909,0.0036246421567522483,False,0.2545454545454545,2024-06-17,109,intermittent,full,0.23076923076923078,0.7692307692307693
CC-CC-15-CHCM11-LGBK-STR,0.01818181818181818,0.133608531424537,7.3484692283495345,0.9818181818181818,0.0009377183689110294,False,0.03636363636363636,2024-06-17,109,intermittent,full,0.15384615384615385,0.8461538461538461
CC-CC-15-CHCM12-BKGR-STR,0.03636363636363636,0.18719327529067276,5.147815070493501,0.9636363636363636,0.0009918175055789737,False,0.07272727272727272,2024-06-17,109,intermittent,full,0.07692307692307693,0.9230769230769231
CC-CC-15-CHCM12-BKRD-STR,0.10909090909090909,0.31175323999058624,2.8577380332470406,0.8909090909090909,0.0037328404300881355,False,0.21818181818181817,2024-06-17,109,intermittent,full,0.38461538461538464,0.6153846153846154
CC-CC-15-CHCM12-GRBK-STR,0.02727272727272727,0.16287702606517196,5.972157622389639,0.9727272727272728,0.0005635326736244167,False,0.05454545454545454,2024-06-17,109,intermittent,full,0.0,1.0
CC-CC-15-CHCM14-BKGR-STR,0.17272727272727273,0.48353040534444375,2.799386557257306,0.8727272727272727,0.002718481617564187,False,0.23636363636363636,2024-06-17,109,intermittent,full,0.3076923076923077,0.8461538461538461
CC-CC-15-CHCM14-BKRD-STR,0.37272727272727274,0.7368124333800775,1.9768138456538664,0.7454545454545455,0.00733494127989541,False,0.6,2024-06-17,109,intermittent,full,0.6923076923076923,0.46153846153846156
CC-CC-15-CHCM14-GRBK-STR,0.10909090909090909,0.33966439440489826,3.113590282044901,0.9,0.002236097648941686,False,0.21818181818181817,2024-06-17,109,intermittent,full,0.07692307692307693,0.9230769230769231
CC-CC-15-CHCM15-BKGR-STR,0.06363636363636363,0.2788702118214176,4.382246185765134,0.9454545454545454,0.001852895430877082,False,0.09090909090909091,2024-06-17,109,intermittent,full,0.3076923076923077,0.7692307692307693
CC-CC-15-CHCM15-BKRD-STR,0.36363636363636365,0.7351842406965718,2.0217566619155725,0.7636363636363637,0.006383698126817395,False,0.6,2024-06-17,109,intermittent,full,0.6923076923076923,0.6153846153846154
CC-CC-15-CHCM15-GRBK-STR,0.03636363636363636,0.23070140982635487,6.344288770224759,0.9727272727272728,0.0009557514144670108,False,0.07272727272727272,2024-06-17,109,intermittent,full,0.0,1.0
CC-CC-15-CHCM15-LGBK-STR,0.00909090909090909,0.09491187735373227,10.44030650891055,0.990909090909091,0.0004553344002885287,False,0.01818181818181818,2024-06-17,109,intermittent,full,0.07692307692307693,0.9230769230769231
CC-CC-15-CHCM16-BK-1TO,0.15454545454545454,0.5078719172168517,3.2862300525796284,0.9,0.0024750355025584393,False,0.3090909090909091,2024-06-17,109,intermittent,full,0.0,1.0
CC-CC-15-CHCM16-BKGR-STR,0.23636363636363636,0.5547689564506312,2.347099431137286,0.8090909090909091,0.00028852872889570283,False,0.36363636363636365,2024-06-17,109,intermittent,full,0.0,1.0
CC-CC-15-CHCM16-BKLG-STR,0.509090909090909,0.8815838489018661,1.7316825603429515,0.6545454545454545,0.01187476049861371,False,0.8181818181818182,2024-06-17,109,intermittent,full,1.2307692307692308,0.38461538461538464
CC-CC-15-CHCM16-BKRD-STR,1.481818181818182,1.9850890439465665,1.3396306431541245,0.509090909090909,0.03901900232175461,False,2.7454545454545456,2026-04-27,13,smooth,short,3.5384615384615383,0.0
CC-CC-15-CHCM16-BLLG-STR,0.17272727272727273,0.48353040534444364,2.7993865572573053,0.8636363636363636,0.0067308342537700325,False,0.34545454545454546,2024-06-17,109,intermittent,full,0.6153846153846154,0.6153846153846154
CC-CC-15-CHCM16-DGBK-STR,0.2818181818181818,0.6343474554334367,2.25091032573155,0.7909090909090909,0.010571872957194058,False,0.5636363636363636,2024-06-17,109,intermittent,full,1.0769230769230769,0.3076923076923077
CC-CC-15-CHCM16-GRBK-STR,0.33636363636363636,0.6779282977273512,2.01546250675699,0.7636363636363637,0.009192344972161488,False,0.6727272727272727,2024-06-17,109,intermittent,full,0.6923076923076923,0.46153846153846156
CC-CC-15-CHCM16-LGBK-STR,0.10909090909090909,0.3654500225862142,3.3499585403736303,0.9090909090909091,0.004499244866217343,False,0.21818181818181817,2024-06-17,109,intermittent,full,0.46153846153846156,0.6153846153846154
CC-CC-15-CHCV11-BKGR-STR,0.02727272727272727,0.16287702606517196,5.972157622389639,0.9727272727272728,0.0010594414264139033,False,0.05454545454545454,2024-06-17,109,intermittent,full,0.0,1.0
CC-CC-15-CHCV11-BKRD-STR,0.07272727272727272,0.25968830649246727,3.570714214271425,0.9272727272727272,0.0008836192322430855,False,0.09090909090909091,2024-06-17,109,intermittent,full,0.07692307692307693,0.9230769230769231
CC-CC-15-CHCV13-BKGR-STR,0.07272727272727272,0.29260867162601967,4.02336923485777,0.9363636363636364,0.0020106845794919184,False,0.12727272727272726,2024-06-17,109,intermittent,full,0.15384615384615385,0.9230769230769231
CC-CC-15-CHCV13-BKRD-STR,0.3,0.6403124237432849,2.1343747458109497,0.7818181818181819,0.007812816987128914,False,0.509090909090909,2024-06-17,109,intermittent,full,0.7692307692307693,0.5384615384615384
CC-CC-15-CHCV13-GRBK-STR,0.06363636363636363,0.24410402876541,3.8359204520278722,0.9363636363636364,0.0019430606586569891,False,0.12727272727272726,2024-06-17,109,intermittent,full,0.07692307692307693,0.9230769230769231
CC-CC-15-CHCV15-BKGR-STR,0.2909090909090909,0.5775410972461307,1.9852975217835742,0.7727272727272727,0.004679575321777158,False,0.43636363636363634,2024-06-17,109,intermittent,full,0.46153846153846156,0.6923076923076923
CC-CC-15-CHCV15-BKRD-STR,0.7818181818181819,1.2889870454375347,1.6487043604433582,0.6272727272727273,0.021765885986069475,False,1.4363636363636363,2024-06-17,109,intermittent,full,2.3846153846153846,0.23076923076923078
CC-CC-15-CHCV15-GR-1TO,0.09090909090909091,0.2874797872880344,3.1622776601683786,0.9090909090909091,0.00269594031061921,False,0.18181818181818182,2024-06-17,109,intermittent,full,0.15384615384615385,0.8461538461538461
CC-CC-15-CHCV15-GRBK-STR,0.12727272727272726,0.40696416882907976,3.1975756122284844,0.8909090909090909,0.0038861213173139782,False,0.2545454545454545,2024-06-17,109,intermittent,full,0.46153846153846156,0.5384615384615384
CC-CC-15-CHCV15-LGBK-STR,0.045454545454545456,0.3129438996010638,6.884765791223403,0.9727272727272728,0.0022766720014426437,False,0.09090909090909091,2024-06-17,109,intermittent,full,0.38461538461538464,0.7692307692307693
CC-CC-15-CHCV17-BKGR-STR,0.23636363636363636,0.5547689564506312,2.347099431137286,0.8181818181818182,0.004354980501769493,False,0.41818181818181815,2024-06-17,109,intermittent,full,0.38461538461538464,0.6923076923076923
CC-CC-15-CHCV17-BKRD-STR,0.5272727272727272,1.0243320742547835,1.942698761517693,0.7090909090909091,0.017654351599305725,False,1.018181818181818,2024-06-17,109,intermittent,full,2.0,0.23076923076923078
CC-CC-15-CHCV17-GR-1TO,0.01818181818181818,0.13360853142453696,7.348469228349534,0.9818181818181818,0.0004327930933435522,False,0.03636363636363636,2024-06-17,109,intermittent,full,0.0,1.0
CC-CC-15-CHCV17-GRBK-STR,0.05454545454545454,0.22709083630539637,4.163331998932267,0.9454545454545454,0.0013434618939206092,False,0.09090909090909091,2024-06-17,109,intermittent,full,0.15384615384615385,0.8461538461538461
CC-CC-15-CHCV20-BK-1TO,0.18181818181818182,0.48956043701222757,2.6925824035672514,0.8545454545454545,0.005076302324008747,False,0.36363636363636365,2024-06-17,109,intermittent,full,0.3076923076923077,0.7692307692307693
CC-CC-15-CHCV20-BKGR-STR,0.6545454545454545,1.216824209581973,1.8590369868613477,0.6636363636363637,0.02324459572165994,False,1.2727272727272727,2026-04-27,13,smooth,short,2.8461538461538463,0.0
CC-CC-15-CHCV20-BKRD-STR,4.404255319148936,2.0489704157452753,0.4652251668600384,0.02127659574468085,0.02763644773357997,True,3.8181818181818183,2025-09-01,46,smooth,short,5.538461538461538,0.0
CC-CC-15-CHCV20-GR-1TO,0.2545454545454545,0.6665564647208493,2.6186146828319083,0.8363636363636363,0.009115704528548567,False,0.509090909090909,2024-06-17,109,intermittent,full,1.0,0.46153846153846156
CC-CC-15-CHCV20-GRBK-STR,0.4,0.9458041311738147,2.3645103279345365,0.8,0.008024705272411696,False,0.8,2024-06-17,109,intermittent,full,0.07692307692307693,0.9230769230769231
CC-CC-15-CHCV20-LGBK-STR,0.16363636363636364,0.6812725089161888,4.163331998932265,0.9363636363636364,0.008403399229087302,False,0.32727272727272727,2024-06-17,109,intermittent,full,1.3846153846153846,0.46153846153846156
CC-CC-15-CHCV21-BKGR-STR,0.8454545454545455,0.9925757460114808,1.1740143232393858,0.4818181818181818,0.020075287965196222,False,1.4,2024-06-17,109,intermittent,full,1.7692307692307692,0.07692307692307693
CC-CC-15-CHCV21-BKRD-STR,3.2884615384615383,1.9742236883386932,0.6003487239392518,0.057692307692307696,0.02104499274310595,True,3.1636363636363636,2025-07-28,51,smooth,medium,3.5384615384615383,0.0
CC-CC-15-CHCV21-BLLG-STR,0.15454545454545454,0.43035637740162264,2.7846589125987347,0.8727272727272727,0.005252124518179565,False,0.3090909090909091,2024-06-17,109,intermittent,full,0.38461538461538464,0.6923076923076923
CC-CC-15-CHCV21-DGBK-STR,0.2545454545454545,0.6386970207363742,2.5091668671786134,0.8272727272727273,0.00875504361742894,False,0.509090909090909,2024-06-17,109,intermittent,full,0.7692307692307693,0.46153846153846156
CC-CC-15-CHCV21-GR-1TO,0.11818181818181818,0.39844740001474777,3.371478000124789,0.9,0.002898812073124,False,0.23636363636363636,2024-06-17,109,intermittent,full,0.15384615384615385,0.8461538461538461
CC-CC-15-CHCV21-GRBK-STR,0.2818181818181818,0.6050066593445396,2.1467978234806244,0.7909090909090909,0.00990465027162275,False,0.5636363636363636,2024-06-17,109,intermittent,full,0.9230769230769231,0.3076923076923077
CC-CC-15-CHCV21-LGBK-STR,0.21818181818181817,0.6087516015557529,2.7901115071305345,0.8545454545454545,0.008448481842977256,False,0.43636363636363634,2024-06-17,109,intermittent,full,1.0,0.38461538461538464
CC-CC-15-CHCV22-BKGR-STR,0.19090909090909092,0.6104462532436199,3.197575612228485,0.8818181818181818,0.00517999233595564,False,0.38181818181818183,2024-06-17,109,intermittent,full,0.38461538461538464,0.8461538461538461
CC-CC-15-CHCV22-BKLG-STR,0.20909090909090908,0.5575181129622531,2.6663909750368626,0.8363636363636363,0.004539819218718302,False,0.3090909090909091,2024-06-17,109,intermittent,full,0.6923076923076923,0.6923076923076923
CC-CC-15-CHCV22-BKRD-STR,1.1181818181818182,1.593919230198536,1.425456222128772,0.5363636363636364,0.032842684218831006,False,2.1454545454545455,2026-04-27,13,smooth,short,2.3846153846153846,0.0
CC-CC-15-CHCV22-GR-1TO,0.18181818181818182,0.4508944279140816,2.4799193535274484,0.8454545454545455,0.005680409350134122,False,0.36363636363636365,2024-06-17,109,intermittent,full,0.5384615384615384,0.5384615384615384
CC-CC-15-CHCV22-GRBK-STR,0.2636363636363636,0.5669258846425042,2.150408527954326,0.7909090909090909,0.008588237946036109,False,0.5272727272727272,2024-06-17,109,intermittent,full,0.6153846153846154,0.46153846153846156
CC-CC-15-CHCV22-LGBK-STR,0.045454545454545456,0.20829889522526548,4.582575694955841,0.9545454545454546,0.002105358068660821,False,0.09090909090909091,2024-06-17,109,intermittent,full,0.3076923076923077,0.6923076923076923
CC-CC-15-CHCV25-DGBK-STR,0.00909090909090909,0.09491187735373227,10.44030650891055,0.990909090909091,0.0002389378536167527,False,0.01818181818181818,2024-06-17,109,intermittent,full,0.0,1.0
CC-CC-15-CHEL03-BKGR-STR,0.17272727272727273,0.40134072826625666,2.3235515846993806,0.8363636363636363,0.00303405991479386,False,0.2909090909090909,2024-06-17,109,intermittent,full,0.23076923076923078,0.8461538461538461
CC-CC-15-CHEL03-BKRD-STR,0.17272727272727273,0.5369796154771767,3.1088293527626014,0.8727272727272727,0.004278340058156572,False,0.3090909090909091,2024-06-17,109,intermittent,full,0.3076923076923077,0.7692307692307693
CC-CC-15-CHEL03-GR-1TO,0.03636363636363636,0.18719327529067276,5.147815070493501,0.9636363636363636,0.0008385366183531322,False,0.07272727272727272,2024-06-17,109,intermittent,full,0.07692307692307693,0.9230769230769231
CC-CC-15-CHEL03-GRBK-STR,0.07272727272727272,0.25968830649246727,3.570714214271425,0.9272727272727272,0.0012983792800306563,False,0.10909090909090909,2024-06-17,109,intermittent,full,0.07692307692307693,0.9230769230769231
CC-CC-15-CHSI01-BKLG-STR,0.01818181818181818,0.18982375470746454,10.44030650891055,0.990909090909091,0.0009828009828009826,False,0.03636363636363636,2024-06-17,109,intermittent,full,0.15384615384615385,0.9230769230769231
CC-CC-15-DGCA08-BK-1TO,0.00909090909090909,0.09491187735373227,10.44030650891055,0.990909090909091,0.00010369001194689274,False,0.01818181818181818,2024-06-17,109,intermittent,full,0.0,1.0
CC-CC-15-DGCA08-BKGR-STR,0.36363636363636365,0.656814249752307,1.806239186818844,0.7272727272727273,0.005986971124585805,False,0.5272727272727272,2024-06-17,109,intermittent,full,0.5384615384615384,0.5384615384615384
CC-CC-15-DGCA08-BKRD-STR,0.7181818181818181,1.229425720938758,1.711858598775486,0.6454545454545455,0.02096792372021729,False,1.290909090909091,2026-04-27,13,smooth,short,2.3846153846153846,0.15384615384615385
CC-CC-15-DGCA08-GRBK-STR,0.18181818181818182,0.4508944279140816,2.4799193535274484,0.8454545454545455,0.006086152875143701,False,0.36363636363636365,2024-06-17,109,intermittent,full,0.5384615384615384,0.6153846153846154
CC-CC-15-DGCH05-BK-1TO,0.3181818181818182,1.0174104220726996,3.1975756122284844,0.8636363636363636,0.005883281112638912,False,0.6363636363636364,2024-06-17,109,intermittent,full,0.0,1.0
CC-CC-15-DGCH05-BKGR-STR,0.2818181818181818,0.7523516849527485,2.669635011122656,0.8363636363636363,0.008416924013254286,False,0.5636363636363636,2024-06-17,109,intermittent,full,0.8461538461538461,0.6153846153846154
CC-CC-15-DGCH05-BKLG-STR,0.4,0.635323825805678,1.588309564514195,0.6727272727272727,0.007150102562946601,False,0.6181818181818182,2024-06-17,109,intermittent,full,0.6153846153846154,0.6153846153846154
CC-CC-15-DGCH05-BKRD-STR,3.730769230769231,2.9943240191002953,0.8026023143980173,0.08974358974358974,0.057929412359792085,True,4.545454545454546,2025-01-27,77,smooth,medium,4.923076923076923,0.0
CC-CC-15-DGCH05-BLLG-STR,0.19090909090909092,0.5307876573452727,2.7803163003799996,0.8636363636363636,0.007181660392669567,False,0.38181818181818183,2024-06-17,109,intermittent,full,0.8461538461538461,0.38461538461538464
CC-CC-15-DGCH05-DGBK-STR,0.39090909090909093,0.8644015748739864,2.2112598427008954,0.7727272727272727,0.013817821157270697,False,0.7818181818181819,2024-06-17,109,intermittent,full,1.2307692307692308,0.3076923076923077
CC-CC-15-DGCH05-GR-1TO,0.17272727272727273,0.519774267597193,3.009219443983749,0.8636363636363636,0.005423438450961387,False,0.34545454545454546,2024-06-17,109,intermittent,full,0.6153846153846154,0.6153846153846154
CC-CC-15-DGCH05-GRBK-STR,0.42727272727272725,0.8682175147349667,2.0319984387414114,0.7454545454545455,0.009796451998286862,False,0.8181818181818182,2024-06-17,109,intermittent,full,0.6923076923076923,0.46153846153846156
CC-CC-15-DGCH05-LGBK-STR,0.14545454545454545,0.5532772383528342,3.803781013675735,0.9090909090909091,0.005887789374027907,False,0.2909090909090909,2024-06-17,109,intermittent,full,0.7692307692307693,0.6153846153846154
CC-CC-15-DGCH26-BKLG-STR,0.00909090909090909,0.09491187735373227,10.44030650891055,0.990909090909091,0.000419268309176566,False,0.01818181818181818,2024-06-17,109,intermittent,full,0.07692307692307693,0.9230769230769231
CC-CC-15-FDRO01-BKLG-STR,0.00909090909090909,0.09491187735373227,10.44030650891055,0.990909090909091,-0.0004192683091765657,False,0.0,2024-06-17,109,intermittent,full,0.0,1.0
CC-CC-15-FOBR11-BKGR-STR,0.06363636363636363,0.24410402876541004,3.8359204520278727,0.9363636363636364,0.0017176475892072224,False,0.10909090909090909,2024-06-17,109,intermittent,full,0.23076923076923078,0.7692307692307693
CC-CC-15-FOBR11-BKRD-STR,0.08181818181818182,0.27408751693966066,3.3499585403736303,0.9181818181818182,0.002303721569776616,False,0.14545454545454545,2024-06-17,109,intermittent,full,0.15384615384615385,0.8461538461538461
CC-CC-15-FOBR11-GRBK-STR,0.09090909090909091,0.2874797872880344,3.1622776601683786,0.9090909090909091,0.0029393864256249576,False,0.18181818181818182,2024-06-17,109,intermittent,full,0.15384615384615385,0.8461538461538461
CC-CC-15-FOBR12-BKGR-STR,0.08181818181818182,0.30545995666202624,3.733399470313654,0.9272727272727272,0.0014561684286454933,False,0.12727272727272726,2024-06-17,109,intermittent,full,0.07692307692307693,0.9230769230769231
CC-CC-15-FOBR12-BKRD-STR,0.11818181818181818,0.32282328917390374,2.731581677625339,0.8818181818181818,0.002547167684782364,False,0.2,2024-06-17,109,intermittent,full,0.07692307692307693,0.9230769230769231
CC-CC-15-FOBR12-GRBK-STR,0.045454545454545456,0.20829889522526548,4.582575694955841,0.9545454545454546,0.0019160110903230167,False,0.09090909090909091,2024-06-17,109,intermittent,full,0.23076923076923078,0.7692307692307693
CC-CC-15-FOBR13-BKGR-STR,0.41818181818181815,0.7055857422520819,1.6872702532115003,0.6909090909090909,0.006672226855713095,False,0.5818181818181818,2024-06-17,109,intermittent,full,0.7692307692307693,0.46153846153846156
CC-CC-15-FOBR13-BKRD-STR,0.39090909090909093,0.7397229769613947,1.8923145922268234,0.7181818181818181,0.012104681829452473,False,0.7818181818181819,2024-06-17,109,intermittent,full,0.8461538461538461,0.3076923076923077
CC-CC-15-FOBR13-GRBK-STR,0.21818181818181817,0.49326036240911036,2.260776661041756,0.8181818181818182,0.006518945968487253,False,0.43636363636363634,2024-06-17,109,intermittent,full,0.46153846153846156,0.6923076923076923
CC-CC-15-FOBR13-LGBK-STR,0.00909090909090909,0.09491187735373227,10.44030650891055,0.990909090909091,0.0004733674458445101,False,0.01818181818181818,2024-06-17,109,intermittent,full,0.07692307692307693,0.9230769230769231
CC-CC-15-FOMU12-BKGR-STR,0.41818181818181815,0.7790649194774019,1.8629813291850916,0.7181818181818181,0.010693596014696933,False,0.6909090909090909,2024-06-17,109,intermittent,full,1.3846153846153846,0.38461538461538464
CC-CC-15-FOMU12-BKRD-STR,0.9727272727272728,1.1156660538896273,1.1469464105407383,0.43636363636363634,0.018713793025719638,False,1.5454545454545454,2024-06-17,109,intermittent,full,1.7692307692307692,0.15384615384615385
CC-CC-15-FOMU12-GR-1TO,0.02727272727272727,0.16287702606517196,5.972157622389639,0.9727272727272728,0.0005184500597344635,False,0.05454545454545454,2024-06-17,109,intermittent,full,0.0,1.0
CC-CC-15-FOMU12-GRBK-STR,0.21818181818181817,0.49326036240911036,2.260776661041756,0.8181818181818182,0.0060140206929197755,False,0.43636363636363634,2024-06-17,109,intermittent,full,0.46153846153846156,0.6923076923076923
CC-CC-15-FOMU12-LGBK-STR,0.06363636363636363,0.24410402876541004,3.8359204520278727,0.9363636363636364,0.0025471676847823635,False,0.12727272727272726,2024-06-17,109,intermittent,full,0.15384615384615385,0.8461538461538461
CC-CC-15-FOMU183-BK-1TO,0.14545454545454545,0.44387474966304374,3.051638903933426,0.8818181818181818,0.0032910308139665937,False,0.2909090909090909,2024-06-17,109,intermittent,full,0.07692307692307693,0.9230769230769231
CC-CC-15-FOMU183-BKGR-STR,0.33636363636363636,0.7295985537175749,2.16907678132252,0.7545454545454545,0.004756215765390079,False,0.509090909090909,2024-06-17,109,intermittent,full,0.6923076923076923,0.5384615384615384
CC-CC-15-FOMU183-BKRD-STR,0.7,1.0139930069688934,1.4485614385269907,0.5818181818181818,0.018172801659040193,False,1.2,2026-04-27,13,smooth,short,2.0,0.15384615384615385
CC-CC-15-FOMU183-GR-1TO,0.00909090909090909,0.09491187735373227,10.44030650891055,0.990909090909091,9.467348916890206e-05,False,0.01818181818181818,2024-06-17,109,intermittent,full,0.0,1.0
CC-CC-15-FOMU183-GRBK-STR,0.18181818181818182,0.6057574999620975,3.331666249791536,0.8909090909090909,0.0028852872889570153,False,0.36363636363636365,2024-06-17,109,intermittent,full,0.07692307692307693,0.9230769230769231
CC-CC-15-FOMU183-LGBK-STR,0.09090909090909091,0.41659779045053097,4.582575694955841,0.9454545454545454,0.0046615422762211756,False,0.18181818181818182,2024-06-17,109,intermittent,full,0.7692307692307693,0.5384615384615384
CC-CC-15-FOMU187-BK-1TO,0.15454545454545454,0.5906293043920285,3.8217190284190083,0.9181818181818182,0.0021955232964407283,False,0.3090909090909091,2024-06-17,109,intermittent,full,0.0,1.0
CC-CC-15-FOMU187-BKGR-STR,0.990909090909091,1.344993778596321,1.3573331710605074,0.5272727272727272,0.02580979645199829,False,1.8,2026-04-27,13,smooth,short,2.3076923076923075,0.0
CC-CC-15-FOMU187-BKLG-STR,0.00909090909090909,0.09491187735373227,10.44030650891055,0.990909090909091,-0.0001397561030588552,False,0.0,2024-06-17,109,intermittent,full,0.0,1.0
CC-CC-15-FOMU187-BKRD-STR,1.9811320754716981,2.4876340660770455,1.2556629095436516,0.39622641509433965,0.0506234728065093,True,3.5090909090909093,2026-04-27,13,smooth,short,4.153846153846154,0.0
CC-CC-15-FOMU187-GR-1TO,0.4,0.854932214218818,2.137330535547045,0.7636363636363637,0.011568198724162029,False,0.8,2024-06-17,109,intermittent,full,0.6923076923076923,0.5384615384615384
CC-CC-15-FOMU187-GRBK-STR,0.509090909090909,1.1016141425237167,2.163884922814444,0.7636363636363637,0.010215720307463427,False,1.018181818181818,2024-06-17,109,intermittent,full,0.0,1.0
CC-CC-15-FOMU187-LGBK-STR,0.13636363636363635,0.6938335237488067,5.08811250749125,0.9454545454545454,0.006884115140995875,False,0.2727272727272727,2024-06-17,109,intermittent,full,1.0769230769230769,0.6153846153846154
CC-CC-15-JEGL11-BKGR-STR,0.11818181818181818,0.34985238917988837,2.960289446906748,0.8909090909090909,0.002655365958118252,False,0.2,2024-06-17,109,intermittent,full,0.23076923076923078,0.7692307692307693
CC-CC-15-JEGL11-BKRD-STR,0.2818181818181818,0.6892923668097223,2.445876140292563,0.8181818181818182,0.00788494916935284,False,0.5636363636363636,2024-06-17,109,intermittent,full,0.6153846153846154,0.46153846153846156
CC-CC-15-JEGL11-GRBK-STR,0.045454545454545456,0.2082988952252655,4.582575694955841,0.9545454545454546,0.00114059013141582,False,0.09090909090909091,2024-06-17,109,intermittent,full,0.07692307692307693,0.9230769230769231
CC-CC-15-JEWR06-BKGR-STR,0.00909090909090909,0.09491187735373227,10.44030650891055,0.990909090909091,0.00013975610305885536,False,0.01818181818181818,2024-06-17,109,intermittent,full,0.0,1.0
CC-CC-15-JEWR06-BKLG-STR,0.1,0.32891004572955534,3.2891004572955533,0.9090909090909091,0.003611117372585262,False,0.2,2024-06-17,109,intermittent,full,0.3076923076923077,0.6923076923076923
CC-CC-15-JEWR06-BKRD-STR,0.13636363636363635,0.39259677966707607,2.8790430508918914,0.8818181818181818,0.004765232288168068,False,0.2727272727272727,2024-06-17,109,intermittent,full,0.46153846153846156,0.6153846153846154
CC-CC-15-JEWR06-LGBK-STR,0.1,0.32891004572955534,3.2891004572955533,0.9090909090909091,0.00398981132926087,False,0.2,2024-06-17,109,intermittent,full,0.38461538461538464,0.6923076923076923
CC-CC-15-JEWR12-BKGR-STR,0.32727272727272727,0.7020630755021027,2.1451927307008694,0.7818181818181819,0.009467348916890203,False,0.6181818181818182,2024-06-17,109,intermittent,full,1.0769230769230769,0.3076923076923077
CC-CC-15-JEWR12-BKRD-STR,0.6272727272727273,1.0690615333008062,1.7043009951172272,0.6727272727272727,0.02084169240132543,False,1.2545454545454546,2024-06-17,109,intermittent,full,1.7692307692307692,0.23076923076923078
CC-CC-15-JEWR12-GRBK-STR,0.2,0.4631905164675272,2.3159525823376357,0.8272727272727273,0.00592385546513987,False,0.4,2024-06-17,109,intermittent,full,0.38461538461538464,0.6923076923076923
CC-CC-15-JEWR12-LGBK-STR,0.03636363636363636,0.2307014098263549,6.34428877022476,0.9727272727272728,0.0018844532606000493,False,0.07272727272727272,2024-06-17,109,intermittent,full,0.3076923076923077,0.7692307692307693
CC-CC-15-MZMX38-BKGR-STR,0.05454545454545454,0.22709083630539634,4.163331998932266,0.9454545454545454,0.002046750670603882,False,0.10909090909090909,2024-06-17,109,intermittent,full,0.23076923076923078,0.7692307692307693
CC-CC-15-MZMX38-BKLG-STR,0.08181818181818182,0.27408751693966066,3.3499585403736303,0.9181818181818182,-0.0004553344002885278,False,0.07272727272727272,2024-06-17,109,intermittent,full,0.0,1.0
CC-CC-15-MZMX38-BKRD-STR,0.6181818181818182,1.0952942168602933,1.7717994684504745,0.6727272727272727,0.018303541239321056,False,1.2,2024-06-17,109,intermittent,full,1.4615384615384615,0.38461538461538464
CC-CC-15-MZMX38-GRBK-STR,0.2636363636363636,0.613147953778809,2.32573361778169,0.8090909090909091,0.007749701327682978,False,0.5272727272727272,2024-06-17,109,intermittent,full,0.8461538461538461,0.46153846153846156
CC-CC-15-TEM301-BKGR-STR,0.03636363636363636,0.18719327529067276,5.147815070493501,0.9636363636363636,0.0010909992561368707,False,0.07272727272727272,2024-06-17,109,intermittent,full,0.07692307692307693,0.9230769230769231
CC-CC-15-TEM301-BKRD-STR,0.02727272727272727,0.16287702606517196,5.972157622389639,0.9727272727272728,0.0009602596758560061,False,0.05454545454545454,2024-06-17,109,intermittent,full,0.07692307692307693,0.9230769230769231
CC-CC-15-TEM301-LGBK-STR,0.00909090909090909,0.09491187735373227,10.44030650891055,0.990909090909091,0.0004823839686225006,False,0.01818181818181818,2024-06-17,109,intermittent,full,0.07692307692307693,0.9230769230769231
CC-CC-15-TEMY01-BKGR-STR,0.1,0.3554766326548573,3.554766326548573,0.9181818181818182,0.004377521808714468,False,0.2,2024-06-17,109,intermittent,full,0.6923076923076923,0.46153846153846156
CC-CC-15-TEMY01-BKRD-STR,0.09090909090909091,0.28747978728803447,3.162277660168379,0.9090909090909091,0.0033811960417464994,False,0.18181818181818182,2024-06-17,109,intermittent,full,0.46153846153846156,0.5384615384615384
CC-CC-15-TEMY01-GRBK-STR,0.03636363636363636,0.18719327529067276,5.147815070493501,0.9636363636363636,0.001469693212812479,False,0.07272727272727272,2024-06-17,109,intermittent,full,0.15384615384615385,0.8461538461538461
CC-CC-15-VWNB12-BKGR-STR,0.01818181818181818,0.13360853142453696,7.348469228349534,0.9818181818181818,0.0002704956833397201,False,0.03636363636363636,2024-06-17,109,intermittent,full,0.0,1.0
CC-CC-15-VWNB12-BKRD-STR,0.06363636363636363,0.24410402876541,3.8359204520278722,0.9363636363636364,0.001988143272546942,False,0.12727272727272726,2024-06-17,109,intermittent,full,0.07692307692307693,0.9230769230769231
CC-CC-15-VWNB12-GRBK-STR,0.01818181818181818,0.13360853142453696,7.348469228349534,0.9818181818181818,0.0005139417983454681,False,0.03636363636363636,2024-06-17,109,intermittent,full,0.07692307692307693,0.9230769230769231
CC-CN-03-B-GR-1TO,27.01818181818182,15.993738444200204,0.5919620554717437,0.00909090909090909,0.34499921105425696,False,37.38181818181818,2024-06-17,109,smooth,full,35.84615384615385,0.0
CC-CN-03-D-GR-1TO,60.4,35.835533406738264,0.5933035332241434,0.0,0.802759055970065,False,84.78181818181818,2024-06-17,109,smooth,full,80.61538461538461,0.0
CC-CN-03-F-GR-1TO,19.29090909090909,10.607326331400692,0.5498614026645035,0.00909090909090909,0.24762076505195776,False,25.963636363636365,2024-06-17,109,smooth,full,27.23076923076923,0.0
CC-CN-03-G-GR-1TO,6.5636363636363635,4.501569974065155,0.685834760591644,0.05454545454545454,0.10389739197078646,False,9.618181818181819,2024-06-17,109,smooth,full,11.076923076923077,0.0
CC-CN-03-H-GR-1TO,9.709090909090909,5.829931318082033,0.6004610908136926,0.01818181818181818,0.11888285282780699,False,13.090909090909092,2024-06-17,109,smooth,full,14.923076923076923,0.0
CC-CN-03-I-GR-1TO,12.381818181818181,5.322306093110424,0.4298485097225746,0.00909090909090909,0.08396186010864912,False,14.545454545454545,2024-06-17,109,smooth,full,18.23076923076923,0.0
CC-CN-03-J-GR-1TO,56.127272727272725,36.03284085157193,0.6419845308832058,0.0,0.6182088677501523,False,75.8,2024-06-17,109,smooth,full,58.30769230769231,0.0
CC-CN-03-K-GR-1TO,52.31818181818182,31.67790506680465,0.6054855877234598,0.0,0.7568514302459258,False,75.07272727272728,2024-06-17,109,smooth,full,74.92307692307692,0.0
CC-CN-03-L-GR-1TO,36.06363636363636,24.127418304692004,0.6690234468152559,0.01818181818181818,0.5916146338164687,False,53.07272727272727,2024-06-17,109,smooth,full,55.84615384615385,0.0
CC-CN-03-M-GR-1TO,51.5,29.490445293965358,0.5726300057080652,0.00909090909090909,0.7601695106282262,False,73.76363636363637,2024-06-17,109,smooth,full,82.6923076923077,0.0
CC-CN-03-N-GR-1TO,47.9,26.621915100840578,0.5557811085770475,0.00909090909090909,0.6037057908617544,False,65.65454545454546,2024-06-17,109,smooth,full,63.38461538461539,0.0
CC-CN-03-P-GR-1TO,62.663636363636364,33.42516125553739,0.5334060261292779,0.0,0.8563667921466089,False,86.78181818181818,2024-06-17,109,smooth,full,92.07692307692308,0.0
CC-CN-03-R-GR-1TO,29.827272727272728,14.075677985226916,0.4719063024611279,0.00909090909090909,0.33303879358925237,False,39.69090909090909,2024-06-17,109,smooth,full,42.07692307692308,0.0
CC-CN-03-T-GR-1TO,12.154545454545454,5.877826381852956,0.4835908017979246,0.0,0.12430629127876831,False,15.545454545454545,2024-06-17,109,smooth,full,19.0,0.0
CC-CN-03-X-GR-1TO,64.53636363636363,41.99300315587809,0.6506874696642613,0.0,0.7473299821923677,False,87.89090909090909,2024-06-17,109,smooth,full,68.84615384615384,0.0
CC-CN-15-B-BK-1TO,0.2636363636363636,0.5165844598245589,1.959458295886258,0.7727272727272727,0.0008069787886301647,False,0.2727272727272727,2024-06-17,109,intermittent,full,0.3076923076923077,0.6923076923076923
CC-CN-15-B-BKGR-STR,0.2909090909090909,0.6082083157700995,2.090716085459717,0.7818181818181819,0.0047336744584451015,False,0.45454545454545453,2024-06-17,109,intermittent,full,0.38461538461538464,0.7692307692307693
CC-CN-15-B-BKRD-STR,0.8090909090909091,1.091249946749594,1.3487358892410712,0.5454545454545454,0.017550661587358834,False,1.3636363636363635,2026-04-27,13,smooth,short,2.1538461538461537,0.07692307692307693
CC-CN-15-B-GR-1TO,0.16363636363636364,0.43749852420058055,2.673602092336881,0.8636363636363636,0.0014606766900344887,False,0.21818181818181817,2024-06-17,109,intermittent,full,0.07692307692307693,0.9230769230769231
CC-CN-15-B-GRBK-STR,0.24545454545454545,0.649284412206149,2.6452327904694957,0.8181818181818182,0.007452156076009286,False,0.43636363636363634,2024-06-17,109,intermittent,full,0.9230769230769231,0.46153846153846156
CC-CN-15-B-LGBK-STR,0.11818181818181818,0.4417283859365943,3.737701727155798,0.9181818181818182,0.0043685052859364784,False,0.2,2024-06-17,109,intermittent,full,0.6923076923076923,0.6153846153846154
CC-CN-15-D-BK-1TO,0.4909090909090909,0.8393228281879122,1.7097316870494508,0.6727272727272727,0.008709961003538986,False,0.7818181818181819,2024-06-17,109,intermittent,full,0.46153846153846156,0.7692307692307693
CC-CN-15-D-BKGR-STR,1.0272727272727273,1.3311586949249816,1.2958181985995396,0.41818181818181815,0.01560309266731285,False,1.4727272727272727,2026-04-27,13,smooth,short,2.076923076923077,0.15384615384615385
CC-CN-15-D-BKRD-STR,2.4842105263157896,2.721698996833206,1.0955991724540448,0.35789473684210527,0.0652575587905935,True,3.981818181818182,2026-04-27,13,smooth,short,5.538461538461538,0.0
CC-CN-15-D-BLLG-STR,0.19090909090909092,0.5640028134271308,2.9543004512849707,0.8727272727272727,0.005684917611523117,False,0.38181818181818183,2024-06-17,109,intermittent,full,0.3076923076923077,0.7692307692307693
CC-CN-15-D-DGBK-STR,0.35454545454545455,0.7697267949363432,2.171024293410199,0.7818181818181819,0.01287108626558168,False,0.7090909090909091,2024-06-17,109,intermittent,full,1.2307692307692308,0.3076923076923077
CC-CN-15-D-GR-1TO,0.5545454545454546,1.0667398390880134,1.9236292180275651,0.7090909090909091,0.014989969118409488,False,0.9636363636363636,2024-06-17,109,intermittent,full,1.6153846153846154,0.3076923076923077
CC-CN-15-D-GRBK-STR,0.6818181818181818,1.008435495587264,1.4790387268613208,0.6181818181818182,0.014286680341726216,False,1.1818181818181819,2024-06-17,109,intermittent,full,1.3076923076923077,0.23076923076923078
CC-CN-15-D-LGBK-STR,0.4818181818181818,1.042129098457211,2.1629094496281738,0.7545454545454545,0.018353132114600004,False,0.9090909090909091,2026-04-27,13,smooth,short,2.1538461538461537,0.15384615384615385
CC-CN-15-F-BK-1TO,0.2,0.5187397315522584,2.593698657761292,0.8454545454545455,0.004409079638437437,False,0.3090909090909091,2024-06-17,109,intermittent,full,0.5384615384615384,0.6923076923076923
CC-CN-15-F-BKGR-STR,0.045454545454545456,0.24813352843556696,5.458937625582473,0.9636363636363636,0.0005454996280684357,False,0.09090909090909091,2024-06-17,109,intermittent,full,0.0,1.0
CC-CN-15-F-BKLG-STR,0.19090909090909092,0.41550526843732505,2.176456168005036,0.8181818181818182,0.004152108739264701,False,0.3090909090909091,2024-06-17,109,intermittent,full,0.6153846153846154,0.38461538461538464
CC-CN-15-F-BKRD-STR,0.8545454545454545,1.1664738132614867,1.3650225474336548,0.5454545454545454,0.020846200662714424,False,1.5272727272727273,2024-06-17,109,intermittent,full,1.8461538461538463,0.07692307692307693
CC-CN-15-F-GR-1TO,0.33636363636363636,0.6643831414761259,1.9751931233074012,0.7454545454545455,0.008498072718256205,False,0.6,2024-06-17,109,intermittent,full,0.7692307692307693,0.46153846153846156
CC-CN-15-F-GRBK-STR,0.19090909090909092,0.45717421675200576,2.3947220877486015,0.8363636363636363,0.00546852106485134,False,0.36363636363636365,2024-06-17,109,intermittent,full,0.38461538461538464,0.7692307692307693
CC-CN-15-F-LGBK-STR,0.20909090909090908,0.6754857450276336,3.230583997958248,0.8636363636363636,0.003980794806482879,False,0.3090909090909091,2024-06-17,109,intermittent,full,0.9230769230769231,0.38461538461538464
CC-CN-15-G-BK-1TO,0.15454545454545454,0.43035637740162264,2.7846589125987347,0.8727272727272727,0.0041791583075986745,False,0.2727272727272727,2024-06-17,109,intermittent,full,0.46153846153846156,0.6153846153846154
CC-CN-15-G-BKGR-STR,0.00909090909090909,0.09491187735373227,10.44030650891055,0.990909090909091,9.467348916890206e-05,False,0.01818181818181818,2024-06-17,109,intermittent,full,0.0,1.0
CC-CN-15-G-BKLG-STR,0.15454545454545454,0.3858017304349626,2.4963641381085813,0.8545454545454545,0.003160291233685728,False,0.2545454545454545,2024-06-17,109,intermittent,full,0.46153846153846156,0.6153846153846154
CC-CN-15-G-BKRD-STR,0.2727272727272727,0.5206480386645946,1.9090428084368471,0.7636363636363637,0.008836192322430853,False,0.509090909090909,2024-06-17,109,intermittent,full,1.0,0.23076923076923078
CC-CN-15-G-GR-1TO,0.02727272727272727,0.162877026065172,5.9721576223896395,0.9727272727272728,0.000635664855848342,False,0.03636363636363636,2024-06-17,109,intermittent,full,0.07692307692307693,0.9230769230769231
CC-CN-15-G-GRBK-STR,0.08181818181818182,0.27408751693966066,3.3499585403736303,0.9181818181818182,0.0006446813786263333,False,0.10909090909090909,2024-06-17,109,intermittent,full,0.0,1.0
CC-CN-15-G-LGBK-STR,0.02727272727272727,0.16287702606517196,5.972157622389639,0.9727272727272728,-0.0005184500597344631,False,0.01818181818181818,2024-06-17,109,intermittent,full,0.0,1.0
CC-CN-15-H-BK-1TO,0.09090909090909091,0.3175318035740542,3.492849839314596,0.9181818181818182,0.0018033045555981334,False,0.14545454545454545,2024-06-17,109,intermittent,full,0.07692307692307693,0.9230769230769231
CC-CN-15-H-BKGR-STR,0.10909090909090909,0.3396643944048982,3.1135902820449,0.9,0.002470527241169443,False,0.16363636363636364,2024-06-17,109,intermittent,full,0.38461538461538464,0.6153846153846154
CC-CN-15-H-BKRD-STR,0.34545454545454546,0.6386970207363742,1.8488597968684517,0.7181818181818181,0.0075378130424002,False,0.5454545454545454,2024-06-17,109,intermittent,full,1.0769230769230769,0.3076923076923077
CC-CN-15-H-GR-1TO,0.05454545454545454,0.22709083630539637,4.163331998932267,0.9454545454545454,0.0014967427811464508,False,0.10909090909090909,2024-06-17,109,intermittent,full,0.07692307692307693,0.9230769230769231
CC-CN-15-H-GRBK-STR,0.06363636363636363,0.24410402876541004,3.8359204520278727,0.9363636363636364,0.002249622433108671,False,0.12727272727272726,2024-06-17,109,intermittent,full,0.23076923076923078,0.7692307692307693
CC-CN-15-I-BK-1TO,0.13636363636363635,0.39259677966707607,2.8790430508918914,0.8818181818181818,0.001311904064197643,False,0.12727272727272726,2024-06-17,109,intermittent,full,0.15384615384615385,0.8461538461538461
CC-CN-15-I-BKGR-STR,0.11818181818181818,0.32282328917390374,2.731581677625339,0.8818181818181818,0.0009241935847440438,False,0.14545454545454545,2024-06-17,109,intermittent,full,0.15384615384615385,0.8461538461538461
CC-CN-15-I-BKRD-STR,0.3090909090909091,0.6287860533014757,2.0343078195047744,0.7454545454545455,0.0070599373351666935,False,0.4909090909090909,2024-06-17,109,intermittent,full,0.7692307692307693,0.46153846153846156
CC-CN-15-I-GR-1TO,0.12727272727272726,0.3595221806051852,2.8248171333264556,0.8818181818181818,0.003768906521200099,False,0.23636363636363636,2024-06-17,109,intermittent,full,0.38461538461538464,0.6923076923076923
CC-CN-15-I-GRBK-STR,0.18181818181818182,0.5077905470461432,2.7928480087537877,0.8727272727272727,0.004679575321777156,False,0.3090909090909091,2024-06-17,109,intermittent,full,0.38461538461538464,0.7692307692307693
CC-CN-15-I-LGBK-STR,0.01818181818181818,0.13360853142453696,7.348469228349534,0.9818181818181818,0.00021639654667177612,False,0.01818181818181818,2024-06-17,109,intermittent,full,0.07692307692307693,0.9230769230769231
CC-CN-15-J-BK-1TO,0.11818181818181818,0.34985238917988837,2.960289446906748,0.8909090909090909,0.0023217546153325966,False,0.16363636363636364,2024-06-17,109,intermittent,full,0.3076923076923077,0.6923076923076923
CC-CN-15-J-BKGR-STR,0.5909090909090909,0.8974251505426214,1.518719485533667,0.6272727272727273,0.003674233032031199,False,0.7090909090909091,2024-06-17,109,intermittent,full,0.23076923076923078,0.8461538461538461
CC-CN-15-J-BKLG-STR,0.02727272727272727,0.16287702606517196,5.972157622389639,0.9727272727272728,-0.00010369001194689258,False,0.01818181818181818,2024-06-17,109,intermittent,full,0.0,1.0
CC-CN-15-J-BKRD-STR,0.2545454545454545,0.512327374676559,2.012714686229339,0.7818181818181819,0.006663210332935104,False,0.45454545454545453,2024-06-17,109,intermittent,full,0.7692307692307693,0.46153846153846156
CC-CN-15-J-GR-1TO,0.10909090909090909,0.4541816726107927,4.163331998932266,0.9272727272727272,0.0032820142911886034,False,0.2,2024-06-17,109,intermittent,full,0.38461538461538464,0.7692307692307693
CC-CN-15-J-GRBK-STR,0.11818181818181818,0.4206449200457918,3.5593031696182384,0.9090909090909091,0.0011405901314158204,False,0.14545454545454545,2024-06-17,109,intermittent,full,0.15384615384615385,0.8461538461538461
CC-CN-15-K-BK-1TO,0.32727272727272727,0.634021664515007,1.9372884193514102,0.7454545454545455,0.004895971868448935,False,0.45454545454545453,2024-06-17,109,intermittent,full,0.46153846153846156,0.6923076923076923
CC-CN-15-K-BKGR-STR,0.22727272727272727,0.5162643950727521,2.2715633383201093,0.8181818181818182,0.003962761760926899,False,0.41818181818181815,2024-06-17,109,intermittent,full,0.3076923076923077,0.6923076923076923
CC-CN-15-K-BKLG-STR,0.23636363636363636,0.5209654102507056,2.2040844279837546,0.8,0.0029393864256249585,False,0.34545454545454546,2024-06-17,109,intermittent,full,0.46153846153846156,0.7692307692307693
CC-CN-15-K-BKRD-STR,1.190909090909091,1.5637684933603333,1.313088047859822,0.5,0.03036314045488357,False,2.109090909090909,2026-04-27,13,smooth,short,3.230769230769231,0.07692307692307693
CC-CN-15-K-GR-1TO,0.19090909090909092,0.5476471084301467,2.868627710824578,0.8545454545454545,0.006631652503212136,False,0.36363636363636365,2024-06-17,109,intermittent,full,0.7692307692307693,0.5384615384615384
CC-CN-15-K-GRBK-STR,0.2545454545454545,0.5466653228499239,2.147613768338987,0.7909090909090909,0.0038139891350900527,False,0.41818181818181815,2024-06-17,109,intermittent,full,0.38461538461538464,0.6153846153846154
CC-CN-15-K-LGBK-STR,0.07272727272727272,0.3492613220417917,4.802343178074636,0.9454545454545454,0.0028943038117350043,False,0.14545454545454545,2024-06-17,109,intermittent,full,0.38461538461538464,0.7692307692307693
CC-CN-15-L-BK-1TO,0.16363636363636364,0.43749852420058055,2.673602092336881,0.8636363636363636,0.0014696932128124797,False,0.23636363636363636,2024-06-17,109,intermittent,full,0.07692307692307693,0.9230769230769231
CC-CN-15-L-BKGR-STR,0.1,0.3554766326548573,3.554766326548573,0.9181818181818182,0.0029889773009039063,False,0.16363636363636364,2024-06-17,109,intermittent,full,0.6153846153846154,0.5384615384615384
CC-CN-15-L-BKLG-STR,0.09090909090909091,0.31753180357405414,3.4928498393145953,0.9181818181818182,0.0006942722539052824,False,0.09090909090909091,2024-06-17,109,intermittent,full,0.15384615384615385,0.8461538461538461
CC-CN-15-L-BKRD-STR,0.6363636363636364,0.9975175799523783,1.5675276256394517,0.5909090909090909,0.010585397741361045,False,1.018181818181818,2024-06-17,109,intermittent,full,1.0769230769230769,0.38461538461538464
CC-CN-15-L-GR-1TO,0.11818181818181818,0.32282328917390374,2.731581677625339,0.8818181818181818,0.0018799449992110548,False,0.18181818181818182,2024-06-17,109,intermittent,full,0.15384615384615385,0.8461538461538461
CC-CN-15-L-GRBK-STR,0.2636363636363636,0.5669258846425042,2.150408527954326,0.7909090909090909,0.0056759010887451255,False,0.43636363636363634,2024-06-17,109,intermittent,full,0.6153846153846154,0.6153846153846154
CC-CN-15-L-LGBK-STR,0.00909090909090909,0.09491187735373227,10.44030650891055,0.990909090909091,-0.00024795437639474316,False,0.0,2024-06-17,109,intermittent,full,0.0,1.0
CC-CN-15-M-BK-1TO,0.44545454545454544,0.7209383233784307,1.6184329708495384,0.6545454545454545,0.003773414782589098,False,0.5454545454545454,2024-06-17,109,intermittent,full,0.46153846153846156,0.5384615384615384
CC-CN-15-M-BKGR-STR,0.6818181818181818,1.094879139712924,1.605822738245622,0.6272727272727273,0.011572706985551025,False,1.0545454545454545,2024-06-17,109,intermittent,full,0.8461538461538461,0.5384615384615384
CC-CN-15-M-BKLG-STR,0.00909090909090909,0.09491187735373227,10.44030650891055,0.990909090909091,0.0004823839686225006,False,0.01818181818181818,2024-06-17,109,intermittent,full,0.07692307692307693,0.9230769230769231
CC-CN-15-M-BKRD-STR,0.8454545454545455,1.3292948481764417,1.5722842290258987,0.5636363636363636,0.021734328156346506,False,1.509090909090909,2026-04-27,13,smooth,short,2.230769230769231,0.07692307692307693
CC-CN-15-M-GR-1TO,0.20909090909090908,0.4689534682374158,2.2428209350485107,0.8181818181818182,0.005044744494285779,False,0.36363636363636365,2024-06-17,109,intermittent,full,0.38461538461538464,0.6153846153846154
CC-CN-15-M-GRBK-STR,0.15454545454545454,0.5254671278770336,3.4000814156749235,0.9090909090909091,0.0010955075175258676,False,0.23636363636363636,2024-06-17,109,intermittent,full,0.0,1.0
CC-CN-15-M-LGBK-STR,0.09090909090909091,0.4165977904505309,4.58257569495584,0.9454545454545454,0.004165633523431689,False,0.18181818181818182,2024-06-17,109,intermittent,full,0.5384615384615384,0.6923076923076923
CC-CN-15-N-BK-1TO,0.24545454545454545,0.6206501523163013,2.5285746946219683,0.8272727272727273,0.0021143745914388124,False,0.38181818181818183,2024-06-17,109,intermittent,full,0.07692307692307693,0.9230769230769231
CC-CN-15-N-BKGR-STR,0.08181818181818182,0.3600964058243338,4.401178293408524,0.9363636363636364,0.0006987805152942772,False,0.14545454545454545,2024-06-17,109,intermittent,full,0.0,1.0
CC-CN-15-N-BKLG-STR,0.45454545454545453,0.8907235428302466,1.9595917942265426,0.7272727272727273,0.008511597502423189,False,0.6909090909090909,2024-06-17,109,intermittent,full,1.3846153846153846,0.38461538461538464
CC-CN-15-N-BKRD-STR,1.2727272727272727,1.5892198824299753,1.248672764766409,0.45454545454545453,0.028501228501228496,False,2.2,2026-04-27,13,smooth,short,2.8461538461538463,0.15384615384615385
CC-CN-15-N-GR-1TO,0.45454545454545453,0.7463409364281379,1.6419500601419035,0.6909090909090909,0.007240267790726508,False,0.6909090909090909,2024-06-17,109,intermittent,full,0.6153846153846154,0.5384615384615384
CC-CN-15-N-GRBK-STR,0.5363636363636364,0.8166146607379955,1.5225019098505,0.6272727272727273,0.005811148930414989,False,0.7454545454545455,2024-06-17,109,intermittent,full,0.8461538461538461,0.6153846153846154
CC-CN-15-N-LGBK-STR,0.12727272727272726,0.44942571252030095,3.531202026945222,0.9090909090909091,0.004210716137321642,False,0.2,2024-06-17,109,intermittent,full,0.6923076923076923,0.6153846153846154
CC-CN-15-P-BK-1TO,0.45454545454545453,0.8272227757147145,1.8198901065723718,0.7,0.009268985415774408,False,0.7454545454545455,2024-06-17,109,intermittent,full,0.7692307692307693,0.46153846153846156
CC-CN-15-P-BKGR-STR,0.6727272727272727,0.8432522636585622,1.2534830946275926,0.5272727272727272,0.0024254446272794898,False,0.8,2024-06-17,109,intermittent,full,0.6923076923076923,0.3076923076923077
CC-CN-15-P-BKLG-STR,0.03636363636363636,0.18719327529067276,5.147815070493501,0.9636363636363636,0.0014426436444785065,False,0.07272727272727272,2024-06-17,109,intermittent,full,0.15384615384615385,0.8461538461538461
CC-CN-15-P-BKRD-STR,1.2818181818181817,1.5499666751949464,1.2091938600811638,0.41818181818181815,0.029885264747650072,False,2.2363636363636363,2026-04-27,13,smooth,short,3.076923076923077,0.0
CC-CN-15-P-GR-1TO,0.4,0.7286350876186866,1.8215877190467162,0.7181818181818181,0.006681243378491087,False,0.5818181818181818,2024-06-17,109,intermittent,full,0.6153846153846154,0.5384615384615384
CC-CN-15-P-GRBK-STR,0.17272727272727273,0.5369796154771767,3.1088293527626014,0.8909090909090909,0.002844712936456056,False,0.32727272727272727,2024-06-17,109,intermittent,full,0.15384615384615385,0.8461538461538461
CC-CN-15-P-LGBK-STR,0.24545454545454545,0.6351286718075843,2.58756125551238,0.8272727272727273,0.008777584924373916,False,0.4727272727272727,2024-06-17,109,intermittent,full,0.8461538461538461,0.5384615384615384
CC-CN-15-R-BK-1TO,0.15454545454545454,0.43035637740162264,2.7846589125987347,0.8727272727272727,-0.0004102517863985754,False,0.16363636363636364,2024-06-17,109,intermittent,full,0.0,1.0
CC-CN-15-R-BKGR-STR,0.35454545454545455,0.6820605629782798,1.92376056224643,0.7272727272727273,0.003538985190361337,False,0.4727272727272727,2024-06-17,109,intermittent,full,0.8461538461538461,0.46153846153846156
CC-CN-15-R-BKRD-STR,0.6454545454545455,0.9203394989830816,1.4258780970160418,0.5818181818181818,0.014232581205058274,False,1.018181818181818,2024-06-17,109,intermittent,full,1.9230769230769231,0.07692307692307693
CC-CN-15-R-GR-1TO,0.3,0.6543560331973858,2.181186777324619,0.7818181818181819,0.006433289002096343,False,0.4909090909090909,2024-06-17,109,intermittent,full,0.6923076923076923,0.46153846153846156
CC-CN-15-R-GRBK-STR,0.16363636363636364,0.43749852420058055,2.673602092336881,0.8636363636363636,0.00377792304397809,False,0.2727272727272727,2024-06-17,109,intermittent,full,0.3076923076923077,0.7692307692307693
CC-CN-15-R-LGBK-STR,0.05454545454545454,0.2641061644787991,4.8419463487779835,0.9545454545454546,0.0013524784166986004,False,0.07272727272727272,2024-06-17,109,intermittent,full,0.3076923076923077,0.7692307692307693
CC-CN-15-T-BK-1TO,0.23636363636363636,0.5709206715675483,2.415433610478089,0.8272727272727273,0.0030746342672948184,False,0.34545454545454546,2024-06-17,109,intermittent,full,0.07692307692307693,0.9230769230769231
CC-CN-15-T-BKGR-STR,0.05454545454545454,0.22709083630539637,4.163331998932267,0.9454545454545454,0.0007213218222392531,False,0.07272727272727272,2024-06-17,109,intermittent,full,0.23076923076923078,0.7692307692307693
CC-CN-15-T-BKRD-STR,0.21818181818181817,0.4549089455707928,2.0849993338661337,0.8,0.005103351892342719,False,0.38181818181818183,2024-06-17,109,intermittent,full,0.3076923076923077,0.7692307692307693
CC-CN-15-T-GR-1TO,0.16363636363636364,0.3937528695946857,2.4062675364119683,0.8454545454545455,0.003931203931203932,False,0.2909090909090909,2024-06-17,109,intermittent,full,0.38461538461538464,0.6153846153846154
CC-CN-15-T-GRBK-STR,0.10909090909090909,0.3654500225862142,3.3499585403736303,0.9090909090909091,0.000135247841669859,False,0.12727272727272726,2024-06-17,109,intermittent,full,0.3076923076923077,0.7692307692307693
CC-CN-15-T-LGBK-STR,0.00909090909090909,0.09491187735373227,10.44030650891055,0.990909090909091,-0.0003381196041746501,False,0.0,2024-06-17,109,intermittent,full,0.0,1.0
CC-CN-15-X-BK-1TO,0.33636363636363636,0.7042374693405204,2.09367896290425,0.7636363636363637,0.009390708473277281,False,0.6181818181818182,2024-06-17,109,intermittent,full,0.7692307692307693,0.46153846153846156
CC-CN-15-X-BKGR-STR,0.13636363636363635,0.5796122956107302,4.250490167812022,0.9363636363636364,0.001149606654193811,False,0.23636363636363636,2024-06-17,109,intermittent,full,0.0,1.0
CC-CN-15-X-BKLG-STR,0.6,1.046205264059331,1.743675440098885,0.6363636363636364,0.013533800689763993,False,0.9454545454545454,2024-06-17,109,intermittent,full,1.6923076923076923,0.38461538461538464
CC-CN-15-X-BKRD-STR,2.15,2.3468063405402666,1.0915378328094263,0.35,0.0563036303630363,True,3.6,2026-04-27,13,smooth,short,5.076923076923077,0.0
CC-CN-15-X-GR-1TO,0.32727272727272727,0.6195172740873025,1.892969448600091,0.7454545454545455,0.009341117597998333,False,0.6,2024-06-17,109,intermittent,full,0.9230769230769231,0.3076923076923077
CC-CN-15-X-GRBK-STR,0.37272727272727274,0.892993850218984,2.3958371591241034,0.7818181818181819,0.0058922976354169035,False,0.6727272727272727,2024-06-17,109,intermittent,full,0.0,1.0
CC-CN-15-X-LGBK-STR,0.14545454545454545,0.463903666260839,3.1893377055432683,0.8909090909090909,0.004571377048441269,False,0.21818181818181817,2024-06-17,109,intermittent,full,0.9230769230769231,0.38461538461538464
CC-CP-03-F-GR-1TO,7.7727272727272725,4.144347938422973,0.5331909628380433,0.01818181818181818,0.05975700471113319,False,9.527272727272727,2024-06-17,109,smooth,full,10.76923076923077,0.0
CC-CP-03-G-GR-1TO,58.127272727272725,36.18817212367727,0.6225678657498436,0.0,0.8644320717715214,False,84.47272727272727,2024-06-17,109,smooth,full,82.07692307692308,0.0
CC-CP-03-H-GR-1TO,9.872727272727273,6.03641840062781,0.6114235949070526,0.01818181818181818,0.13832247593715483,False,14.072727272727272,2024-06-17,109,smooth,full,16.76923076923077,0.0
CC-CP-03-I-GR-1TO,33.70909090909091,17.614222277644874,0.5225362595849342,0.0,0.3551608322250525,False,43.836363636363636,2024-06-17,109,smooth,full,42.76923076923077,0.0
CC-CP-03-J-GR-1TO,57.5,33.34277896473102,0.5798744167779307,0.0,0.6206027545477086,False,75.81818181818181,2024-06-17,109,smooth,full,66.92307692307692,0.0
CC-CP-03-K-GR-1TO,62.54545454545455,39.87996452164838,0.6376157118286805,0.0,0.927719045150238,False,90.56363636363636,2024-06-17,109,smooth,full,92.15384615384616,0.0
CC-CP-03-L-GR-1TO,4.463636363636364,3.067949486153052,0.6873206588122927,0.09090909090909091,0.04786421116696347,False,6.0,2024-06-17,109,smooth,full,4.538461538461538,0.0
CC-CP-03-M-GR-1TO,5.8090909090909095,3.217835112294811,0.5539309269991066,0.03636363636363636,0.04237314879516715,False,6.9818181818181815,2024-06-17,109,smooth,full,6.846153846153846,0.0
CC-CP-15-F-BK-1TO,0.18181818181818182,0.5424157778245926,2.9832867780352594,0.8636363636363636,0.004625476185109213,False,0.36363636363636365,2024-06-17,109,intermittent,full,0.07692307692307693,0.9230769230769231
CC-CP-15-F-BKGR-STR,0.4090909090909091,0.778056489482895,1.9019158631804098,0.7363636363636363,0.01196943398778261,False,0.7454545454545455,2024-06-17,109,intermittent,full,1.2307692307692308,0.38461538461538464
CC-CP-15-F-BKRD-STR,0.5909090909090909,1.1143318792846604,1.8857924110971174,0.6727272727272727,0.01590063791898654,False,1.0727272727272728,2024-06-17,109,intermittent,full,1.8461538461538463,0.3076923076923077
CC-CP-15-F-GR-1TO,0.21818181818181817,0.5113585858336448,2.343726851737539,0.8272727272727273,0.007736176543515992,False,0.41818181818181815,2024-06-17,109,intermittent,full,0.8461538461538461,0.38461538461538464
CC-CP-15-F-GRBK-STR,0.34545454545454546,0.6243012623050688,1.8071878645673043,0.7272727272727273,0.007727160020738003,False,0.6181818181818182,2024-06-17,109,intermittent,full,0.7692307692307693,0.46153846153846156
CC-CP-15-F-LGBK-STR,0.03636363636363636,0.23070140982635495,6.344288770224762,0.9727272727272728,0.0017762549872641612,False,0.07272727272727272,2024-06-17,109,intermittent,full,0.23076923076923078,0.8461538461538461
CC-CP-15-G-BK-1TO,0.4636363636363636,0.7589139695796491,1.6368732677208118,0.6818181818181818,0.010039898113292608,False,0.7636363636363637,2024-06-17,109,intermittent,full,1.0,0.3076923076923077
CC-CP-15-G-BKGR-STR,0.45454545454545453,0.8161591159077614,1.795550054997075,0.6909090909090909,0.010251786398575389,False,0.7454545454545455,2024-06-17,109,intermittent,full,1.0769230769230769,0.3076923076923077
CC-CP-15-G-BKRD-STR,1.1636363636363636,1.5346143888006685,1.3188092403755745,0.42727272727272725,0.028988120731239995,False,2.036363636363636,2026-04-27,13,smooth,short,2.6153846153846154,0.0
CC-CP-15-G-BLLG-STR,0.17272727272727273,0.4835304053444437,2.7993865572573053,0.8636363636363636,0.005982462863196808,False,0.34545454545454546,2024-06-17,109,intermittent,full,0.5384615384615384,0.6923076923076923
CC-CP-15-G-DGBK-STR,0.35454545454545455,0.7929962012561041,2.2366559522608065,0.7727272727272727,0.013339945450037194,False,0.7090909090909091,2024-06-17,109,intermittent,full,1.4615384615384615,0.23076923076923078
CC-CP-15-G-GR-1TO,0.43636363636363634,0.836956311744284,1.9180248810806508,0.7363636363636363,0.0067984581746049644,False,0.6181818181818182,2024-06-17,109,intermittent,full,0.7692307692307693,0.5384615384615384
CC-CP-15-G-GRBK-STR,0.36363636363636365,0.7830856533584738,2.1534855467358027,0.7727272727272727,0.006978788630164777,False,0.6727272727272727,2024-06-17,109,intermittent,full,0.46153846153846156,0.7692307692307693
CC-CP-15-G-LGBK-STR,0.2636363636363636,0.6277995152952562,2.3813085062923514,0.8181818181818182,0.010508757297748125,False,0.5272727272727272,2024-06-17,109,intermittent,full,1.1538461538461537,0.23076923076923078
CC-CP-15-H-BK-1TO,0.08181818181818182,0.3845142905919382,4.6996191072348,0.9454545454545454,0.001465184951423484,False,0.16363636363636364,2024-06-17,109,intermittent,full,0.07692307692307693,0.9230769230769231
CC-CP-15-H-BKGR-STR,0.23636363636363636,0.5709206715675486,2.41543361047809,0.8272727272727273,0.005058269278452766,False,0.43636363636363634,2024-06-17,109,intermittent,full,0.3076923076923077,0.7692307692307693
CC-CP-15-H-BKLG-STR,0.32727272727272727,0.6046650599387595,1.8475876831462097,0.7363636363636363,0.00892635755021076,False,0.5636363636363636,2024-06-17,109,intermittent,full,0.7692307692307693,0.3076923076923077
CC-CP-15-H-BKRD-STR,1.1545454545454545,1.596509622647672,1.382803610167275,0.5272727272727272,0.028956562901517022,False,2.1272727272727274,2026-04-27,13,smooth,short,2.5384615384615383,0.07692307692307693
CC-CP-15-H-GR-1TO,0.3090909090909091,0.783296699219564,2.534195203357413,0.8181818181818182,0.006933706016274825,False,0.5818181818181818,2024-06-17,109,intermittent,full,0.38461538461538464,0.8461538461538461
CC-CP-15-H-GRBK-STR,0.23636363636363636,0.7125788342641973,3.0147566065023734,0.8818181818181818,0.003309063859522576,False,0.4727272727272727,2024-06-17,109,intermittent,full,0.0,1.0
CC-CP-15-H-LGBK-STR,0.34545454545454546,0.6665564647208495,1.9295055557708802,0.7545454545454545,0.01295674323197259,False,0.6727272727272727,2024-06-17,109,intermittent,full,1.4615384615384615,0.15384615384615385
CC-CP-15-I-BK-1TO,0.2636363636363636,0.6964490809198112,2.641703410385491,0.8454545454545455,0.004981628834839847,False,0.4909090909090909,2024-06-17,109,intermittent,full,0.0,1.0
CC-CP-15-I-BKGR-STR,0.5636363636363636,0.8793310755886362,1.5601035212056449,0.6454545454545455,0.014264139034781237,False,0.9636363636363636,2024-06-17,109,intermittent,full,1.6153846153846154,0.23076923076923078
CC-CP-15-I-BKRD-STR,1.0,1.4893561757289013,1.4893561757289013,0.5727272727272728,0.027987286702883033,False,1.8181818181818181,2026-04-27,13,smooth,short,3.0,0.15384615384615385
CC-CP-15-I-GR-1TO,0.39090909090909093,0.6888126087096224,1.7620787664664757,0.7090909090909091,0.009841534612176813,False,0.6545454545454545,2024-06-17,109,intermittent,full,1.0769230769230769,0.3076923076923077
CC-CP-15-I-GRBK-STR,0.5,0.8284706611363111,1.6569413222726221,0.6636363636363637,0.008642337082704054,False,0.8363636363636363,2024-06-17,109,intermittent,full,0.9230769230769231,0.38461538461538464
CC-CP-15-I-LGBK-STR,0.15454545454545454,0.6631380445395231,4.290893229373385,0.9181818181818182,0.00520704190428961,False,0.2545454545454545,2024-06-17,109,intermittent,full,0.9230769230769231,0.6923076923076923
CC-CP-15-J-BK-1TO,0.8272727272727273,1.1430349625535676,1.381690614075741,0.5454545454545454,0.013628474178932898,False,1.1818181818181819,2024-06-17,109,intermittent,full,1.3076923076923077,0.3076923076923077
CC-CP-15-J-BKGR-STR,0.5272727272727272,0.7944019009073991,1.5066242948243778,0.6363636363636364,0.011279669995266327,False,0.8363636363636363,2024-06-17,109,intermittent,full,1.2307692307692308,0.23076923076923078
CC-CP-15-J-BKRD-STR,1.0363636363636364,1.5071180971236746,1.454236760382493,0.5363636363636364,0.026021684737281066,False,1.9090909090909092,2026-04-27,13,smooth,short,2.3076923076923075,0.15384615384615385
CC-CP-15-J-GR-1TO,0.8727272727272727,0.9826595721361205,1.1259640930726382,0.4636363636363636,0.00526564930234655,False,0.9090909090909091,2024-06-17,109,intermittent,full,1.0,0.23076923076923078
CC-CP-15-J-GRBK-STR,0.45454545454545453,0.7340592450249581,1.614930339054908,0.6727272727272727,0.007826341771295901,False,0.7090909090909091,2024-06-17,109,intermittent,full,0.6923076923076923,0.5384615384615384
CC-CP-15-J-LGBK-STR,0.14545454545454545,0.5365947113954075,3.6890886408434267,0.9090909090909091,0.006401731172373373,False,0.2727272727272727,2024-06-17,109,intermittent,full,1.1538461538461537,0.3076923076923077
CC-CP-15-K-BK-1TO,0.5181818181818182,0.8391751164286616,1.6194607510026802,0.6636363636363637,0.013484209814485044,False,1.0363636363636364,2024-06-17,109,intermittent,full,0.8461538461538461,0.38461538461538464
CC-CP-15-K-BKGR-STR,0.08181818181818182,0.33389759404012653,4.080970593823769,0.9363636363636364,0.0010684579491918949,False,0.16363636363636364,2024-06-17,109,intermittent,full,0.0,1.0
CC-CP-15-K-BKLG-STR,0.2818181818181818,0.6343474554334367,2.25091032573155,0.7909090909090909,0.0071726438698915766,False,0.43636363636363634,2024-06-17,109,intermittent,full,1.1538461538461537,0.3076923076923077
CC-CP-15-K-BKRD-STR,1.0545454545454545,1.5364443227871272,1.456973064711931,0.5272727272727272,0.027076617902305977,False,1.8545454545454545,2026-04-27,13,smooth,short,2.769230769230769,0.07692307692307693
CC-CP-15-K-BLLG-STR,0.11818181818181818,0.3984474000147477,3.3714780001247884,0.9,0.004314406149268535,False,0.23636363636363636,2024-06-17,109,intermittent,full,0.23076923076923078,0.7692307692307693
CC-CP-15-K-DGBK-STR,0.2,0.6,2.9999999999999996,0.8727272727272727,0.007411581723508328,False,0.4,2024-06-17,109,intermittent,full,0.6923076923076923,0.6923076923076923
CC-CP-15-K-GR-1TO,0.22727272727272727,0.46041662771274905,2.025833161936096,0.7909090909090909,0.005387372359849423,False,0.38181818181818183,2024-06-17,109,intermittent,full,0.6153846153846154,0.5384615384615384
CC-CP-15-K-GRBK-STR,0.43636363636363634,0.8793310755886361,2.0151337148906245,0.6909090909090909,0.008150936591303563,False,0.7272727272727273,2024-06-17,109,intermittent,full,0.7692307692307693,0.46153846153846156
CC-CP-15-K-LGBK-STR,0.2,0.44312936752559784,2.215646837627989,0.8181818181818182,0.005427946712350382,False,0.34545454545454546,2024-06-17,109,intermittent,full,0.5384615384615384,0.5384615384615384
CC-CP-15-L-BK-1TO,0.00909090909090909,0.09491187735373227,10.44030650891055,0.990909090909091,0.00020287176250479005,False,0.01818181818181818,2024-06-17,109,intermittent,full,0.0,1.0
CC-CP-15-L-BKGR-STR,0.3181818181818182,0.7499311263141943,2.356926396987468,0.7818181818181819,0.008218560512138493,False,0.5636363636363636,2024-06-17,109,intermittent,full,1.1538461538461537,0.46153846153846156
CC-CP-15-L-BKLG-STR,0.01818181818181818,0.13360853142453696,7.348469228349534,0.9818181818181818,0.0003696774338976174,False,0.03636363636363636,2024-06-17,109,intermittent,full,0.0,1.0
CC-CP-15-L-BKRD-STR,0.5181818181818182,0.9018346772684931,1.7403827105181446,0.6727272727272727,0.013321912404481212,False,0.9636363636363636,2024-06-17,109,intermittent,full,1.3076923076923077,0.38461538461538464
CC-CP-15-L-GR-1TO,0.19090909090909092,0.495350280939101,2.5946919477762433,0.8454545454545455,0.0049906453576178365,False,0.32727272727272727,2024-06-17,109,intermittent,full,0.38461538461538464,0.6153846153846154
CC-CP-15-L-GRBK-STR,0.21818181818181817,0.5288378026272359,2.4238399287081647,0.8272727272727273,0.005193517120122625,False,0.4,2024-06-17,109,intermittent,full,0.46153846153846156,0.6153846153846154
CC-CP-15-L-LGBK-STR,0.03636363636363636,0.18719327529067276,5.147815070493501,0.9636363636363636,6.311565944593476e-05,False,0.03636363636363636,2024-06-17,109,intermittent,full,0.0,1.0
CC-CP-15-M-BK-1TO,0.18181818181818182,0.5424157778245926,2.9832867780352594,0.8636363636363636,0.0045172779117733245,False,0.34545454545454546,2024-06-17,109,intermittent,full,0.15384615384615385,0.8461538461538461
CC-CP-15-M-BKGR-STR,0.14545454545454545,0.4008255942736109,2.7556759606310752,0.8727272727272727,0.004354980501769493,False,0.2545454545454545,2024-06-17,109,intermittent,full,0.46153846153846156,0.6153846153846154
CC-CP-15-M-BKRD-STR,0.2909090909090909,0.6082083157700994,2.0907160854597167,0.7818181818181819,0.008791109708540901,False,0.5454545454545454,2024-06-17,109,intermittent,full,0.7692307692307693,0.46153846153846156
CC-CP-15-M-GR-1TO,0.1,0.32891004572955534,3.2891004572955533,0.9090909090909091,0.0019610937042129706,False,0.14545454545454545,2024-06-17,109,intermittent,full,0.3076923076923077,0.7692307692307693
CC-CP-15-M-GRBK-STR,0.18181818181818182,0.470624694747083,2.5884358211089564,0.8545454545454545,0.002867254243401033,False,0.2727272727272727,2024-06-17,109,intermittent,full,0.3076923076923077,0.7692307692307693
CC-CP-15-M-LGBK-STR,0.03636363636363636,0.18719327529067276,5.147815070493501,0.9636363636363636,0.0017942880328201429,False,0.07272727272727272,2024-06-17,109,intermittent,full,0.23076923076923078,0.7692307692307693
CC-CS-03-F-GR-1TO,1.2,1.2343566598177218,1.0286305498481016,0.33636363636363636,0.012839528435858711,False,1.509090909090909,2024-06-17,109,intermittent,full,1.9230769230769231,0.07692307692307693
CC-CS-03-G-GR-1TO,6.9,3.648038077951191,0.5287011707175638,0.01818181818181818,0.04815273989585919,False,8.50909090909091,2024-06-17,109,smooth,full,8.846153846153847,0.0
CC-CS-03-H-GR-1TO,12.918181818181818,5.238202013150935,0.4054906554867015,0.0,0.08565245812952241,False,15.309090909090909,2024-06-17,109,smooth,full,15.538461538461538,0.0
CC-CS-03-I-GR-1TO,17.336363636363636,6.634999859871579,0.3827215440932741,0.00909090909090909,0.12216937538038466,False,20.945454545454545,2024-06-17,109,smooth,full,20.923076923076923,0.0
CC-CS-03-J-GR-1TO,8.354545454545455,4.52585775624379,0.5417239969388649,0.01818181818181818,0.06556364538015913,False,9.781818181818181,2024-06-17,109,smooth,full,14.0,0.0
CC-CS-03-K-GR-1TO,28.636363636363637,10.560412588984711,0.36877631263121213,0.0,0.1906994567545026,False,33.763636363636365,2024-06-17,109,smooth,full,34.69230769230769,0.0
CC-CS-03-L-GR-1TO,13.809090909090909,7.400854317448707,0.5359407339824607,0.00909090909090909,0.16564704821585557,False,18.654545454545456,2024-06-17,109,smooth,full,22.153846153846153,0.0
CC-CS-03-M-GR-1TO,13.554545454545455,5.745490506216575,0.42387924593147097,0.00909090909090909,0.08916890201293876,False,15.690909090909091,2024-06-17,109,smooth,full,13.615384615384615,0.0
CC-CS-03-N-GR-1TO,6.2272727272727275,3.471072904368045,0.5573985685846495,0.05454545454545454,0.041642810450149906,False,7.381818181818182,2024-06-17,109,smooth,full,6.230769230769231,0.07692307692307693
CC-CS-15-F-BKGR-STR,0.03636363636363636,0.18719327529067276,5.147815070493501,0.9636363636363636,0.00026147916056172966,False,0.05454545454545454,2024-06-17,109,intermittent,full,0.07692307692307693,0.9230769230769231
CC-CS-15-F-BKRD-STR,0.09090909090909091,0.34497574474564136,3.7947331922020546,0.9272727272727272,0.002497576809503415,False,0.16363636363636364,2024-06-17,109,intermittent,full,0.23076923076923078,0.8461538461538461
CC-CS-15-F-GR-1TO,0.03636363636363636,0.18719327529067276,5.147815070493501,0.9636363636363636,0.0008024705272411695,False,0.07272727272727272,2024-06-17,109,intermittent,full,0.0,1.0
CC-CS-15-F-GRBK-STR,0.07272727272727272,0.3492613220417917,4.802343178074636,0.9454545454545454,0.0018033045555981336,False,0.12727272727272726,2024-06-17,109,intermittent,full,0.3076923076923077,0.8461538461538461
CC-CS-15-G-BK-1TO,0.06363636363636363,0.24410402876541004,3.8359204520278727,0.9363636363636364,0.001429118860311521,False,0.12727272727272726,2024-06-17,109,intermittent,full,0.07692307692307693,0.9230769230769231
CC-CS-15-G-BKGR-STR,0.14545454545454545,0.37746435440048537,2.595067436503337,0.8636363636363636,0.004841872731780989,False,0.2909090909090909,2024-06-17,109,intermittent,full,0.46153846153846156,0.5384615384615384
CC-CS-15-G-BKRD-STR,0.38181818181818183,0.6873112062340291,1.800100778231981,0.7272727272727273,0.011342785654712261,False,0.6909090909090909,2024-06-17,109,intermittent,full,1.3846153846153846,0.23076923076923078
CC-CS-15-G-GR-1TO,0.16363636363636364,0.43749852420058044,2.6736020923368806,0.8636363636363636,0.005031219710118793,False,0.3090909090909091,2024-06-17,109,intermittent,full,0.6153846153846154,0.46153846153846156
CC-CS-15-G-GRBK-STR,0.11818181818181818,0.34985238917988837,2.960289446906748,0.8909090909090909,0.0020151928408809147,False,0.2,2024-06-17,109,intermittent,full,0.15384615384615385,0.8461538461538461
CC-CS-15-G-LGBK-STR,0.01818181818181818,0.13360853142453696,7.348469228349534,0.9818181818181818,0.0009557514144670108,False,0.03636363636363636,2024-06-17,109,intermittent,full,0.15384615384615385,0.8461538461538461
CC-CS-15-H-BK-1TO,0.2727272727272727,0.5028842431250665,1.8439088914585773,0.7545454545454545,0.004850889254558981,False,0.41818181818181815,2024-06-17,109,intermittent,full,0.46153846153846156,0.6153846153846154
CC-CS-15-H-BKGR-STR,0.2818181818181818,0.5415771275856902,1.9217252914330945,0.7636363636363637,0.006830016004327931,False,0.45454545454545453,2024-06-17,109,intermittent,full,0.8461538461538461,0.3076923076923077
CC-CS-15-H-BKRD-STR,0.5909090909090909,1.1061436249458136,1.8719353652929154,0.6636363636363637,0.01544079525730902,False,1.0727272727272728,2024-06-17,109,intermittent,full,1.6153846153846154,0.3076923076923077
CC-CS-15-H-GR-1TO,0.43636363636363634,0.8149430847641806,1.8675779025845807,0.7090909090909091,0.009061605391880619,False,0.7454545454545455,2024-06-17,109,intermittent,full,0.8461538461538461,0.6153846153846154
CC-CS-15-H-GRBK-STR,0.18181818181818182,0.470624694747083,2.5884358211089564,0.8545454545454545,0.0013434618939206103,False,0.2727272727272727,2024-06-17,109,intermittent,full,0.07692307692307693,0.9230769230769231
CC-CS-15-H-LGBK-STR,0.06363636363636363,0.30975863704365125,4.867635724971663,0.9545454545454546,0.002420936365890495,False,0.10909090909090909,2024-06-17,109,intermittent,full,0.46153846153846156,0.6923076923076923
CC-CS-15-I-BK-1TO,0.33636363636363636,0.7894448305587083,2.346998144904268,0.8,0.004657034014832181,False,0.5636363636363636,2024-06-17,109,intermittent,full,0.0,1.0
CC-CS-15-I-BKGR-STR,0.5181818181818182,0.8605687145119176,1.6607466420405428,0.6727272727272727,0.011825169623334762,False,0.8363636363636363,2024-06-17,109,intermittent,full,1.2307692307692308,0.38461538461538464
CC-CS-15-I-BKRD-STR,1.2181818181818183,1.8847802774368356,1.5472076904332233,0.5727272727272728,0.037130040799765576,False,2.327272727272727,2026-04-27,13,smooth,short,3.6923076923076925,0.07692307692307693
CC-CS-15-I-GR-1TO,0.6545454545454545,0.994862837840324,1.519929335589384,0.6090909090909091,0.014732998219236753,False,1.0727272727272728,2024-06-17,109,intermittent,full,1.0769230769230769,0.3076923076923077
CC-CS-15-I-GRBK-STR,0.509090909090909,0.8712108036880685,1.711306935815849,0.6818181818181818,0.009701778509117959,False,0.9090909090909091,2024-06-17,109,intermittent,full,0.7692307692307693,0.46153846153846156
CC-CS-15-I-LGBK-STR,0.14545454545454545,0.6719897677300483,4.619929653144082,0.9363636363636364,0.007213218222392534,False,0.2909090909090909,2024-06-17,109,intermittent,full,1.1538461538461537,0.5384615384615384
CC-CS-15-J-BK-1TO,0.4909090909090909,0.8061745191780133,1.6422073538811381,0.6636363636363637,0.008141920068525575,False,0.7818181818181819,2024-06-17,109,intermittent,full,0.46153846153846156,0.5384615384615384
CC-CS-15-J-BKGR-STR,0.2818181818181818,0.6198506884993014,2.199470184997521,0.8090909090909091,0.006694768162658072,False,0.5272727272727272,2024-06-17,109,intermittent,full,0.6923076923076923,0.6153846153846154
CC-CS-15-J-BKRD-STR,0.8090909090909091,1.317680155324325,1.628593450400851,0.5909090909090909,0.022365484750805856,False,1.5454545454545454,2024-06-17,109,intermittent,full,1.7692307692307692,0.23076923076923078
CC-CS-15-J-GR-1TO,0.36363636363636365,0.7351842406965718,2.0217566619155725,0.7363636363636363,0.009187836710772493,False,0.6181818181818182,2024-06-17,109,intermittent,full,0.9230769230769231,0.5384615384615384
CC-CS-15-J-GRBK-STR,0.3090909090909091,0.6287860533014757,2.0343078195047744,0.7727272727272727,0.008511597502423189,False,0.6,2024-06-17,109,intermittent,full,0.6923076923076923,0.5384615384615384
CC-CS-15-J-LGBK-STR,0.01818181818181818,0.133608531424537,7.3484692283495345,0.9818181818181818,0.0009647679372450012,False,0.03636363636363636,2024-06-17,109,intermittent,full,0.15384615384615385,0.8461538461538461
CC-CS-15-K-BK-1TO,0.4727272727272727,0.9410737668805481,1.9907329684011594,0.7272727272727273,0.004291864842323559,False,0.7636363636363637,2024-06-17,109,intermittent,full,0.0,1.0
CC-CS-15-K-BKGR-STR,0.5909090909090909,0.9751033003128395,1.6501748159140361,0.6363636363636364,0.010770236458309854,False,0.9454545454545454,2024-06-17,109,intermittent,full,1.1538461538461537,0.3076923076923077
CC-CS-15-K-BKLG-STR,0.08181818181818182,0.2740875169396606,3.3499585403736294,0.9181818181818182,0.0012938710186416612,False,0.14545454545454545,2024-06-17,109,intermittent,full,0.07692307692307693,0.9230769230769231
CC-CS-15-K-BKRD-STR,2.392405063291139,2.4516474518838947,1.0247626915281889,0.34177215189873417,0.06906037000973712,True,3.309090909090909,2026-04-27,13,smooth,short,5.0,0.07692307692307693
CC-CS-15-K-BLLG-STR,0.19090909090909092,0.4766446083243029,2.496709853127301,0.8454545454545455,0.006658702071546107,False,0.38181818181818183,2024-06-17,109,intermittent,full,0.5384615384615384,0.6153846153846154
CC-CS-15-K-DGBK-STR,0.6454545454545455,1.3657256721502484,2.1159130131905255,0.7272727272727273,0.025990126907558097,False,1.290909090909091,2026-04-27,13,smooth,short,2.923076923076923,0.15384615384615385
CC-CS-15-K-GR-1TO,0.9545454545454546,1.3442562231168693,1.4082684242176726,0.5272727272727272,0.01908347045961725,False,1.5636363636363637,2024-06-17,109,intermittent,full,1.8461538461538463,0.15384615384615385
CC-CS-15-K-GRBK-STR,0.7363636363636363,1.1807337682157477,1.6034656111571883,0.5909090909090909,0.018867073912945474,False,1.2727272727272727,2026-04-27,13,smooth,short,2.3846153846153846,0.0
CC-CS-15-K-LGBK-STR,0.33636363636363636,0.8232670253577039,2.447550615928309,0.7909090909090909,0.012645673196131909,False,0.6363636363636364,2024-06-17,109,intermittent,full,1.4615384615384615,0.38461538461538464
CC-CS-15-L-BK-1TO,0.4,0.8964576753178946,2.241144188294736,0.7909090909090909,0.007636994792958097,False,0.7636363636363637,2024-06-17,109,intermittent,full,0.0,1.0
CC-CS-15-L-BKGR-STR,0.5727272727272728,0.9091363625000568,1.5873809503969245,0.6545454545454545,0.00910217974438158,False,0.8909090909090909,2024-06-17,109,intermittent,full,1.3076923076923077,0.3076923076923077
CC-CS-15-L-BKRD-STR,1.5,1.9713862220183127,1.3142574813455419,0.42727272727272725,0.03312219642494872,False,2.6545454545454548,2026-04-27,13,smooth,short,3.0,0.07692307692307693
CC-CS-15-L-BLLG-STR,0.15454545454545454,0.4509860638113622,2.9181451187794023,0.8818181818181818,0.005820165453192977,False,0.3090909090909091,2024-06-17,109,intermittent,full,0.46153846153846156,0.6153846153846154
CC-CS-15-L-DGBK-STR,0.4636363636363636,0.9113154600732915,1.965582364863962,0.7363636363636363,0.01829001645515407,False,0.9272727272727272,2026-04-27,13,smooth,short,2.0,0.15384615384615385
CC-CS-15-L-GR-1TO,0.5363636363636364,0.9012846662330259,1.6803612421293703,0.6727272727272727,0.015621125712868831,False,1.018181818181818,2024-06-17,109,intermittent,full,1.6923076923076923,0.07692307692307693
CC-CS-15-L-GRBK-STR,0.5181818181818182,0.8499392297187347,1.6402336012115932,0.6454545454545455,0.012285012285012288,False,0.9454545454545454,2024-06-17,109,intermittent,full,1.0,0.38461538461538464
CC-CS-15-L-LGBK-STR,0.16363636363636364,0.5139379645491844,3.140732005578349,0.8909090909090909,0.006852557311272907,False,0.32727272727272727,2024-06-17,109,intermittent,full,0.6153846153846154,0.5384615384615384
CC-CS-15-M-BK-1TO,0.35454545454545455,0.7457316558114848,2.103345695878547,0.7727272727272727,0.007533304781011203,False,0.5636363636363636,2024-06-17,109,intermittent,full,0.6153846153846154,0.5384615384615384
CC-CS-15-M-BKGR-STR,0.14545454545454545,0.4228983036222912,2.907425837403252,0.8818181818181818,0.00228118026283164,False,0.2727272727272727,2024-06-17,109,intermittent,full,0.0,1.0
CC-CS-15-M-BKLG-STR,0.17272727272727273,0.4643488286953503,2.6883353240257124,0.8545454545454545,0.004657034014832179,False,0.2727272727272727,2024-06-17,109,intermittent,full,0.8461538461538461,0.38461538461538464
CC-CS-15-M-BKRD-STR,0.7181818181818181,1.0798301060126263,1.5035609071061886,0.6,0.021049072425219216,False,1.3636363636363635,2026-04-27,13,smooth,short,2.0,0.07692307692307693
CC-CS-15-M-GR-1TO,0.41818181818181815,0.6793287888097964,1.6244818862842958,0.6818181818181818,0.007754209589071975,False,0.5636363636363636,2024-06-17,109,intermittent,full,1.2307692307692308,0.23076923076923078
CC-CS-15-M-GRBK-STR,0.2,0.6,2.9999999999999996,0.8727272727272727,0.0032639812456326223,False,0.32727272727272727,2024-06-17,109,intermittent,full,0.07692307692307693,0.9230769230769231
CC-CS-15-M-LGBK-STR,0.06363636363636363,0.33783462138294634,5.308829764589158,0.9545454545454546,0.003268489507021617,False,0.12727272727272726,2024-06-17,109,intermittent,full,0.5384615384615384,0.6153846153846154
CC-CS-15-N-BK-1TO,0.44545454545454544,0.8375979034918154,1.8803218241653,0.7181818181818181,0.011906318328336678,False,0.8181818181818182,2024-06-17,109,intermittent,full,0.9230769230769231,0.3076923076923077
CC-CS-15-N-BKGR-STR,0.20909090909090908,0.5062420288118493,2.421157529100149,0.8363636363636363,0.0023578207064445605,False,0.3090909090909091,2024-06-17,109,intermittent,full,0.0,1.0
CC-CS-15-N-BKLG-STR,0.23636363636363636,0.5381326758890452,2.276715167222884,0.8090909090909091,0.005049252755674775,False,0.34545454545454546,2024-06-17,109,intermittent,full,0.9230769230769231,0.46153846153846156
CC-CS-15-N-BKRD-STR,0.8181818181818182,1.3085857611233878,1.5993825969285849,0.5909090909090909,0.02265852174109055,False,1.509090909090909,2024-06-17,109,intermittent,full,2.4615384615384617,0.23076923076923078
CC-CS-15-N-GR-1TO,0.2636363636363636,0.5338926130918553,2.025109911727727,0.7818181818181819,0.005378355837071434,False,0.41818181818181815,2024-06-17,109,intermittent,full,0.6153846153846154,0.5384615384615384
CC-CS-15-N-GRBK-STR,0.3,0.5807518637703432,1.935839545901144,0.7545454545454545,0.007389040416563351,False,0.45454545454545453,2024-06-17,109,intermittent,full,0.8461538461538461,0.5384615384615384
CC-CS-15-N-LGBK-STR,0.02727272727272727,0.162877026065172,5.9721576223896395,0.9727272727272728,0.0006897639925162861,False,0.03636363636363636,2024-06-17,109,intermittent,full,0.07692307692307693,0.9230769230769231
CC-SN-03-B-GR-1TO,4.672727272727273,3.1220887265625437,0.6681512838947078,0.05454545454545454,0.046651488853323736,False,6.0181818181818185,2024-06-17,109,smooth,full,6.230769230769231,0.07692307692307693
CC-SN-03-D-GR-1TO,6.754545454545455,3.986765295406937,0.5902344313523056,0.00909090909090909,0.07822284336045805,False,9.290909090909091,2024-06-17,109,smooth,full,8.461538461538462,0.0
CC-SN-15-B-BK-1TO,0.2545454545454545,0.6243012623050688,2.4526121019127705,0.8181818181818182,0.0064738633545973,False,0.509090909090909,2024-06-17,109,intermittent,full,0.3076923076923077,0.6923076923076923
CC-SN-15-B-BKGR-STR,0.34545454545454546,0.6527753844005906,1.8896129548438148,0.7454545454545455,0.009909158533011742,False,0.6545454545454545,2024-06-17,109,intermittent,full,0.8461538461538461,0.46153846153846156
CC-SN-15-B-BKRD-STR,0.5909090909090909,1.0117083171587868,1.7121217674994853,0.6727272727272727,0.019182652210175153,False,1.1818181818181819,2024-06-17,109,intermittent,full,1.7692307692307692,0.3076923076923077
CC-SN-15-B-GR-1TO,0.18181818181818182,0.4508944279140816,2.4799193535274484,0.8363636363636363,0.006131235489033653,False,0.36363636363636365,2024-06-17,109,intermittent,full,0.46153846153846156,0.6923076923076923
CC-SN-15-B-GRBK-STR,0.15454545454545454,0.4086866689634367,2.644443152116355,0.8636363636363636,0.004107026125374749,False,0.3090909090909091,2024-06-17,109,intermittent,full,0.3076923076923077,0.7692307692307693
CC-SN-15-B-LGBK-STR,0.2,0.5187397315522585,2.5936986577612924,0.8545454545454545,0.00852963054797917,False,0.4,2024-06-17,109,intermittent,full,0.8461538461538461,0.38461538461538464
CC-SN-15-D-BK-1TO,0.00909090909090909,0.09491187735373227,10.44030650891055,0.990909090909091,0.00016680567139282736,False,0.01818181818181818,2024-06-17,109,intermittent,full,0.0,1.0
CC-SN-15-D-BKGR-STR,0.21818181818181817,0.5288378026272359,2.4238399287081647,0.8272727272727273,0.006176318102923607,False,0.43636363636363634,2024-06-17,109,intermittent,full,0.5384615384615384,0.5384615384615384
CC-SN-15-D-BKRD-STR,0.36363636363636365,0.7100226978096957,1.9525624189766633,0.7545454545454545,0.010729662105808896,False,0.7272727272727273,2024-06-17,109,intermittent,full,0.7692307692307693,0.3076923076923077
CC-SN-15-D-GR-1TO,0.11818181818181818,0.4206449200457918,3.5593031696182384,0.9090909090909091,0.0030881590514618036,False,0.2,2024-06-17,109,intermittent,full,0.3076923076923077,0.6923076923076923
CC-SN-15-D-GRBK-STR,0.17272727272727273,0.42338658262527334,2.451185478356846,0.8454545454545455,0.005315240177625498,False,0.34545454545454546,2024-06-17,109,intermittent,full,0.6153846153846154,0.46153846153846156
CC-SN-15-D-LGBK-STR,0.1,0.3554766326548573,3.554766326548573,0.9181818181818182,0.004530802695940309,False,0.2,2024-06-17,109,intermittent,full,0.6153846153846154,0.5384615384615384
CC-SS-03-G-GR-1TO,6.509090909090909,3.5948080099080637,0.5522749735892277,0.03636363636363636,0.05315240177625499,False,7.872727272727273,2024-06-17,109,smooth,full,7.538461538461538,0.07692307692307693
CC-SS-03-H-GR-1TO,5.163636363636364,3.2877936031417034,0.6367205921577243,0.01818181818181818,0.03673331379753398,False,5.927272727272728,2024-06-17,109,smooth,full,5.0,0.0
CC-SS-03-I-GR-1TO,8.709090909090909,5.356975833681222,0.6151016092953386,0.00909090909090909,0.0896963685954512,False,11.418181818181818,2024-06-17,109,smooth,full,11.307692307692308,0.07692307692307693
CC-SS-03-J-GR-1TO,10.963636363636363,6.253620438997023,0.5703965574541232,0.0,0.13213714131145324,False,14.545454545454545,2024-06-17,109,smooth,full,16.615384615384617,0.0
CC-SS-03-K-GR-1TO,17.12727272727273,9.360564368095345,0.5465297667146963,0.0,0.16863602551675952,False,21.10909090909091,2024-06-17,109,smooth,full,21.923076923076923,0.0
CC-SS-03-M-GR-1TO,19.10909090909091,11.239820003852742,0.5881922932558523,0.00909090909090909,0.227081126163695,False,25.381818181818183,2024-06-17,109,smooth,full,23.846153846153847,0.0
CC-SS-03-N-GR-1TO,7.863636363636363,5.130084657687563,0.6523807079140254,0.045454545454545456,0.0652751166512635,False,9.036363636363637,2024-06-17,109,smooth,full,9.461538461538462,0.0
CC-SS-03-P-GR-1TO,1.509090909090909,1.3399148856649241,0.8878954061635039,0.24545454545454545,0.005184500597344638,False,1.5454545454545454,2024-06-17,109,intermittent,full,2.0,0.23076923076923078
CC-SS-03-R-GR-1TO,4.009090909090909,2.6917228499283588,0.6714047924991372,0.08181818181818182,0.03642224376169331,False,5.054545454545455,2024-06-17,109,smooth,full,5.615384615384615,0.07692307692307693
CC-SS-15-G-BKGR-STR,0.4636363636363636,0.7707997349538717,1.6625092322534487,0.6636363636363637,0.010887451254423733,False,0.7636363636363637,2024-06-17,109,intermittent,full,0.9230769230769231,0.38461538461538464
CC-SS-15-G-BKRD-STR,0.45454545454545453,0.9008719375881815,1.9819182626939993,0.7363636363636363,0.014832179969794647,False,0.8727272727272727,2024-06-17,109,intermittent,full,1.6153846153846154,0.3076923076923077
CC-SS-15-G-GR-1TO,0.24545454545454545,0.5078719172168518,2.06910781088347,0.7909090909090909,0.007262809097671483,False,0.4727272727272727,2024-06-17,109,intermittent,full,0.6923076923076923,0.38461538461538464
CC-SS-15-G-GRBK-STR,0.16363636363636364,0.4772510817602432,2.91653438853482,0.8818181818181818,0.00484187273178099,False,0.32727272727272727,2024-06-17,109,intermittent,full,0.46153846153846156,0.7692307692307693
CC-SS-15-G-LGBK-STR,0.07272727272727272,0.3492613220417917,4.802343178074636,0.9454545454545454,0.0036877578161981827,False,0.14545454545454545,2024-06-17,109,intermittent,full,0.6153846153846154,0.5384615384615384
CC-SS-15-H-BKGR-STR,0.37272727272727274,0.6304268526394838,1.6913891168376396,0.7,0.009327592813831347,False,0.6181818181818182,2024-06-17,109,intermittent,full,1.0,0.23076923076923078
CC-SS-15-H-BKRD-STR,0.6454545454545455,1.0920070232571655,1.6918418670181437,0.7,0.018695759980163647,False,1.290909090909091,2024-06-17,109,intermittent,full,1.4615384615384615,0.38461538461538464
CC-SS-15-H-GR-1TO,0.22727272727272727,0.49834436631511797,2.192715211786519,0.8090909090909091,0.006820999481549939,False,0.43636363636363634,2024-06-17,109,intermittent,full,0.6923076923076923,0.38461538461538464
CC-SS-15-H-GRBK-STR,0.11818181818181818,0.5348205847302809,4.525404947717762,0.9454545454545454,0.001672564975317269,False,0.23636363636363636,2024-06-17,109,intermittent,full,0.0,1.0
CC-SS-15-H-LGBK-STR,0.20909090909090908,0.5892283790217746,2.8180487692345744,0.8636363636363636,0.008651353605482043,False,0.41818181818181815,2024-06-17,109,intermittent,full,0.8461538461538461,0.38461538461538464
CC-SS-15-I-BK-1TO,0.00909090909090909,0.09491187735373227,10.44030650891055,0.990909090909091,0.00017582219417081808,False,0.01818181818181818,2024-06-17,109,intermittent,full,0.0,1.0
CC-SS-15-I-BKGR-STR,0.2727272727272727,0.7496555682941202,2.7487370837451075,0.8181818181818182,0.006699276424047067,False,0.5454545454545454,2024-06-17,109,intermittent,full,0.0,1.0
CC-SS-15-I-BKLG-STR,0.37272727272727274,0.6446858418724144,1.7296449416089166,0.7,0.004494736604828351,False,0.43636363636363634,2024-06-17,109,intermittent,full,1.0769230769230769,0.23076923076923078
CC-SS-15-I-BKRD-STR,2.3404255319148937,1.7778375071702457,0.7596214803363777,0.1702127659574468,0.04209065679925996,True,2.036363636363636,2026-04-27,13,smooth,short,3.1538461538461537,0.07692307692307693
CC-SS-15-I-GR-1TO,0.4909090909090909,0.8712108036880684,1.7746886741793986,0.7,0.013912494646439602,False,0.9090909090909091,2024-06-17,109,intermittent,full,1.1538461538461537,0.46153846153846156
CC-SS-15-I-GRBK-STR,0.4727272727272727,1.0419308205014113,2.2040844279837546,0.7454545454545455,0.01201902486306156,False,0.9272727272727272,2024-06-17,109,intermittent,full,0.9230769230769231,0.7692307692307693
CC-SS-15-I-LGBK-STR,0.17272727272727273,0.8074549343922423,4.674739093849824,0.9363636363636364,0.008795617969929897,False,0.34545454545454546,2024-06-17,109,intermittent,full,1.3846153846153846,0.5384615384615384
CC-SS-15-J-BK-1TO,0.01818181818181818,0.13360853142453696,7.348469228349534,0.9818181818181818,0.00025246263778373886,False,0.03636363636363636,2024-06-17,109,intermittent,full,0.0,1.0
CC-SS-15-J-BKGR-STR,0.36363636363636365,0.9603718288177641,2.641022529248851,0.8090909090909091,0.005445979757906367,False,0.6909090909090909,2024-06-17,109,intermittent,full,0.0,1.0
CC-SS-15-J-BKLG-STR,0.5,1.0850219939119794,2.170043987823959,0.7,0.01291616887947163,False,0.7454545454545455,2026-04-27,13,smooth,short,2.6153846153846154,0.07692307692307693
CC-SS-15-J-BKRD-STR,1.2272727272727273,1.8422273618890153,1.5010741467243829,0.5909090909090909,0.038387845727295276,False,2.4363636363636365,2026-04-27,13,smooth,short,2.923076923076923,0.07692307692307693
CC-SS-15-J-GR-1TO,0.5272727272727272,0.9601997037462467,1.821068403656675,0.6909090909090909,0.014895295629240583,False,1.0,2024-06-17,109,intermittent,full,1.0,0.46153846153846156
CC-SS-15-J-GRBK-STR,0.38181818181818183,0.7383251092453439,1.9337086194520912,0.7454545454545455,0.010982124743592635,False,0.7636363636363637,2024-06-17,109,intermittent,full,0.3076923076923077,0.8461538461538461
CC-SS-15-J-LGBK-STR,0.21818181818181817,0.8244206580912461,3.7785946829182113,0.9,0.010864909947478752,False,0.43636363636363634,2024-06-17,109,intermittent,full,1.6923076923076923,0.3076923076923077
CC-SS-15-K-BK-1TO,0.2545454545454545,0.7062881672565465,2.7747035142221472,0.8454545454545455,0.004959087527894869,False,0.4909090909090909,2024-06-17,109,intermittent,full,0.0,1.0
CC-SS-15-K-BKGR-STR,1.2818181818181817,1.7587796294942606,1.3720975832933948,0.4909090909090909,0.032851700741608994,False,2.3454545454545452,2026-04-27,13,smooth,short,3.3076923076923075,0.07692307692307693
CC-SS-15-K-BKRD-STR,3.978723404255319,2.3200271614525922,0.5831084309533253,0.0,0.02081406105457912,True,3.418181818181818,2025-09-01,46,smooth,short,5.0,0.0
CC-SS-15-K-BLLG-STR,0.15454545454545454,0.4509860638113622,2.9181451187794023,0.8727272727272727,0.0058652480670829295,False,0.3090909090909091,2024-06-17,109,intermittent,full,0.38461538461538464,0.6153846153846154
CC-SS-15-K-DGBK-STR,0.5636363636363636,1.2397013769986027,2.199470184997521,0.7272727272727273,0.021829001645515402,False,1.1272727272727272,2026-04-27,13,smooth,short,2.076923076923077,0.15384615384615385
CC-SS-15-K-GR-1TO,0.6090909090909091,0.9638507480221249,1.5824415266034886,0.6181818181818182,0.012023533124450557,False,0.9454545454545454,2024-06-17,109,intermittent,full,1.2307692307692308,0.38461538461538464
CC-SS-15-K-GRBK-STR,0.6636363636363637,1.37031696882193,2.064861185896059,0.7181818181818181,0.02159908031467665,False,1.3272727272727274,2026-04-27,13,smooth,short,2.3076923076923075,0.07692307692307693
CC-SS-15-K-LGBK-STR,0.5363636363636364,1.1255485347741478,2.098480319070445,0.7454545454545455,0.021076121993553184,False,1.0727272727272728,2026-04-27,13,smooth,short,2.3076923076923075,0.15384615384615385
CC-SS-15-M-BK-1TO,0.01818181818181818,0.18982375470746454,10.44030650891055,0.990909090909091,0.0002434461150057482,False,0.03636363636363636,2024-06-17,109,intermittent,full,0.0,1.0
CC-SS-15-M-BKGR-STR,0.6363636363636364,1.270127214296217,1.9959141938940552,0.7272727272727273,0.011658363951941936,False,1.2181818181818183,2024-06-17,109,intermittent,full,0.0,1.0
CC-SS-15-M-BKLG-STR,0.7636363636363637,1.299841058306555,1.70217281444906,0.5727272727272728,0.011937876158059647,False,0.9818181818181818,2026-04-27,13,smooth,short,2.5384615384615383,0.07692307692307693
CC-SS-15-M-BKRD-STR,5.170212765957447,2.3996378178504996,0.46412747917273034,0.0,-0.024398704902867604,True,4.472727272727273,2025-09-01,46,smooth,short,5.3076923076923075,0.0
CC-SS-15-M-BLLG-STR,0.19090909090909092,0.495350280939101,2.5946919477762433,0.8454545454545455,0.0066857516398800805,False,0.38181818181818183,2024-06-17,109,intermittent,full,0.5384615384615384,0.5384615384615384
CC-SS-15-M-DGBK-STR,0.44545454545454544,0.9398874558967506,2.1099514316049506,0.7636363636363637,0.01573834050898271,False,0.8909090909090909,2024-06-17,109,intermittent,full,1.1538461538461537,0.3076923076923077
CC-SS-15-M-GR-1TO,0.6545454545454545,1.0739592309543535,1.6407710472913735,0.6454545454545455,0.019448639632125873,False,1.2727272727272727,2024-06-17,109,intermittent,full,1.6923076923076923,0.3076923076923077
CC-SS-15-M-GRBK-STR,0.37272727272727274,0.7729411468727263,2.073744540390241,0.7545454545454545,0.010472691206636162,False,0.7454545454545455,2024-06-17,109,intermittent,full,0.6153846153846154,0.5384615384615384
CC-SS-15-M-LGBK-STR,0.4818181818181818,1.015621781622364,2.1078942637445293,0.7636363636363637,0.019876924464080434,False,0.9636363636363636,2026-04-27,13,smooth,short,2.1538461538461537,0.07692307692307693
CC-SS-15-N-BK-1TO,0.13636363636363635,0.41510727479384996,3.0441200151549,0.8818181818181818,0.003448819962581431,False,0.2727272727272727,2024-06-17,109,intermittent,full,0.15384615384615385,0.8461538461538461
CC-SS-15-N-BKGR-STR,0.20909090909090908,0.5575181129622531,2.6663909750368626,0.8454545454545455,0.0033947208259134877,False,0.4,2024-06-17,109,intermittent,full,0.0,1.0
CC-SS-15-N-BKLG-STR,0.3,0.6543560331973858,2.181186777324619,0.7818181818181819,0.006036561999864754,False,0.45454545454545453,2024-06-17,109,intermittent,full,1.3076923076923077,0.3076923076923077
CC-SS-15-N-BKRD-STR,0.5818181818181818,1.2164166315401985,2.090716085459716,0.7090909090909091,0.01887158217433447,False,1.1636363636363636,2024-06-17,109,intermittent,full,1.7692307692307692,0.15384615384615385
CC-SS-15-N-GR-1TO,0.10909090909090909,0.3654500225862142,3.3499585403736303,0.9090909090909091,0.00404841872731781,False,0.2,2024-06-17,109,intermittent,full,0.46153846153846156,0.6923076923076923
CC-SS-15-N-GRBK-STR,0.2818181818181818,0.6759749616371383,2.398620831615652,0.8090909090909091,0.00884971710659784,False,0.5636363636363636,2024-06-17,109,intermittent,full,0.7692307692307693,0.5384615384615384
CC-SS-15-N-LGBK-STR,0.07272727272727272,0.3221826390303518,4.430011286667338,0.9454545454545454,0.003732840430088136,False,0.14545454545454545,2024-06-17,109,intermittent,full,0.6153846153846154,0.5384615384615384
CC-SS-15-P-BKGR-STR,0.3,0.668104510060841,2.2270150335361367,0.7909090909090909,0.008425940536032277,False,0.5272727272727272,2024-06-17,109,intermittent,full,0.6923076923076923,0.5384615384615384
CC-SS-15-P-BKRD-STR,0.37272727272727274,0.8296668653369353,2.2259354923673875,0.7636363636363637,0.013493226337263034,False,0.7454545454545455,2024-06-17,109,intermittent,full,1.5384615384615385,0.3076923076923077
CC-SS-15-P-GR-1TO,0.045454545454545456,0.20829889522526554,4.582575694955842,0.9545454545454546,0.00029303699028469695,False,0.05454545454545454,2024-06-17,109,intermittent,full,0.0,1.0
CC-SS-15-P-GRBK-STR,0.1,0.32891004572955534,3.2891004572955533,0.9090909090909091,0.003701282600365169,False,0.2,2024-06-17,109,intermittent,full,0.38461538461538464,0.6923076923076923
CC-SS-15-R-BK-1TO,0.11818181818181818,0.4206449200457918,3.5593031696182384,0.9090909090909091,0.0034848860536933935,False,0.23636363636363636,2024-06-17,109,intermittent,full,0.23076923076923078,0.7692307692307693
CC-SS-15-R-BKGR-STR,0.14545454545454545,0.37746435440048537,2.595067436503337,0.8636363636363636,0.004120550909541736,False,0.2909090909090909,2024-06-17,109,intermittent,full,0.23076923076923078,0.7692307692307693
CC-SS-15-R-BKLG-STR,0.00909090909090909,0.09491187735373227,10.44030650891055,0.990909090909091,-5.860739805693937e-05,False,0.0,2024-06-17,109,intermittent,full,0.0,1.0
CC-SS-15-R-BKRD-STR,0.3090909090909091,0.6973385058460039,2.2560951659723654,0.8,0.011117372585262492,False,0.6181818181818182,2024-06-17,109,intermittent,full,1.2307692307692308,0.3076923076923077
CC-SS-15-R-GR-1TO,0.00909090909090909,0.09491187735373227,10.44030650891055,0.990909090909091,0.0002209048080607714,False,0.01818181818181818,2024-06-17,109,intermittent,full,0.0,1.0
CC-SS-15-R-GRBK-STR,0.08181818181818182,0.3054599566620262,3.7333994703136533,0.9272727272727272,0.0014020692919775493,False,0.16363636363636364,2024-06-17,109,intermittent,full,0.07692307692307693,0.9230769230769231
CC-SS-15-R-LGBK-STR,0.08181818181818182,0.4074715423820903,4.9802077402255485,0.9545454545454546,0.004098009602596759,False,0.16363636363636364,2024-06-17,109,intermittent,full,0.6153846153846154,0.6923076923076923
CC-TC-03-N-GR-1TO,5.0181818181818185,3.005999510620592,0.5990216416091759,0.03636363636363636,0.03716610689087756,False,6.127272727272727,2024-06-17,109,smooth,full,5.923076923076923,0.0
CC-TC-03-P-GR-1TO,3.7454545454545456,2.7746788958736484,0.7408123265682071,0.1,0.04208011180488245,False,4.636363636363637,2024-06-17,109,smooth,full,6.461538461538462,0.0
CC-TC-03-R-GR-1TO,2.3363636363636364,2.20444704560112,0.943537645977133,0.21818181818181817,0.023708946644726454,False,2.6545454545454548,2026-04-27,13,smooth,short,4.230769230769231,0.07692307692307693
CC-TC-15-N-BKGR-STR,0.22727272727272727,0.460416627712749,2.0258331619360956,0.7909090909090909,0.004143092216486712,False,0.36363636363636365,2024-06-17,109,intermittent,full,0.46153846153846156,0.5384615384615384
CC-TC-15-N-BKLG-STR,0.01818181818181818,0.13360853142453696,7.348469228349534,0.9818181818181818,4.5082613889953465e-05,False,0.01818181818181818,2024-06-17,109,intermittent,full,0.0,1.0
CC-TC-15-N-BKRD-STR,0.2545454545454545,0.6095656223360076,2.3947220877486015,0.8090909090909091,0.009142754096882538,False,0.509090909090909,2024-06-17,109,intermittent,full,1.0,0.38461538461538464
CC-TC-15-N-GR-1TO,0.05454545454545454,0.22709083630539634,4.163331998932266,0.9454545454545454,0.0017311723733742079,False,0.10909090909090909,2024-06-17,109,intermittent,full,0.23076923076923078,0.7692307692307693
CC-TC-15-N-GRBK-STR,0.05454545454545454,0.22709083630539637,4.163331998932267,0.9454545454545454,0.0009467348916890205,False,0.10909090909090909,2024-06-17,109,intermittent,full,0.0,1.0
CC-TC-15-N-LGBK-STR,0.03636363636363636,0.2307014098263549,6.34428877022476,0.9727272727272728,0.0018123210783761242,False,0.07272727272727272,2024-06-17,109,intermittent,full,0.3076923076923077,0.7692307692307693
CC-TC-15-P-BK-1TO,0.3,0.6947857747012908,2.315952582337636,0.8,0.011735004395554855,False,0.6,2024-06-17,109,intermittent,full,1.3076923076923077,0.38461538461538464
CC-TC-15-P-BKGR-STR,0.11818181818181818,0.3749380114054779,3.172552404200198,0.9,0.0028176633681220842,False,0.23636363636363636,2024-06-17,109,intermittent,full,0.0,1.0
CC-TC-15-P-BKLG-STR,0.39090909090909093,0.7988111000441337,2.0434702559268536,0.7363636363636363,0.004016860897594843,False,0.4,2024-06-17,109,intermittent,full,1.1538461538461537,0.3076923076923077
CC-TC-15-P-BKRD-STR,0.7727272727272727,1.1958951832230944,1.5476290606416516,0.6363636363636364,0.024547483263079598,False,1.5454545454545454,2026-04-27,13,smooth,short,2.3076923076923075,0.07692307692307693
CC-TC-15-P-GR-1TO,0.24545454545454545,0.5589985141688439,2.277401354021216,0.8181818181818182,0.007587403917679147,False,0.45454545454545453,2024-06-17,109,intermittent,full,0.6923076923076923,0.46153846153846156
CC-TC-15-P-GRBK-STR,0.2545454545454545,0.6243012623050688,2.4526121019127705,0.8181818181818182,0.006942722539052813,False,0.509090909090909,2024-06-17,109,intermittent,full,0.6153846153846154,0.6923076923076923
CC-TC-15-P-LGBK-STR,0.13636363636363635,0.6938335237488067,5.08811250749125,0.9454545454545454,0.007019362982665734,False,0.2727272727272727,2024-06-17,109,intermittent,full,1.1538461538461537,0.5384615384615384
CC-TC-15-R-BK-1TO,0.03636363636363636,0.18719327529067276,5.147815070493501,0.9636363636363636,0.0013164123255866374,False,0.07272727272727272,2024-06-17,109,intermittent,full,0.15384615384615385,0.8461538461538461
CC-TC-15-R-BKGR-STR,0.2636363636363636,0.6421168504149202,2.43561563950487,0.8272727272727273,0.007794783941572932,False,0.4909090909090909,2024-06-17,109,intermittent,full,0.8461538461538461,0.5384615384615384
CC-TC-15-R-BKRD-STR,0.19090909090909092,0.495350280939101,2.5946919477762433,0.8454545454545455,0.006748867299326015,False,0.38181818181818183,2024-06-17,109,intermittent,full,0.7692307692307693,0.46153846153846156
CC-TC-15-R-GR-1TO,0.045454545454545456,0.20829889522526554,4.582575694955842,0.9545454545454546,-0.0007438631291842297,False,0.0,2024-06-17,109,intermittent,full,0.0,1.0
CC-TC-15-R-GRBK-STR,0.01818181818181818,0.13360853142453696,7.348469228349534,0.9818181818181818,0.0002795122061177107,False,0.03636363636363636,2024-06-17,109,intermittent,full,0.0,1.0
CC-TC-15-R-LGBK-STR,0.00909090909090909,0.09491187735373227,10.44030650891055,0.990909090909091,0.00044631787751053814,False,0.01818181818181818,2024-06-17,109,intermittent,full,0.07692307692307693,0.9230769230769231
CC-TME-03-W-GR-1TO,1.4727272727272727,1.5937896000589908,1.0822028148548704,0.38181818181818183,0.02555282555282555,False,2.018181818181818,2026-04-27,13,smooth,short,3.1538461538461537,0.07692307692307693
CC-TME-15-W-BK-1TO,0.00909090909090909,0.09491187735373227,10.44030650891055,0.990909090909091,9.467348916890206e-05,False,0.01818181818181818,2024-06-17,109,intermittent,full,0.0,1.0
CC-TME-15-W-BKGR-STR,0.07272727272727272,0.25968830649246727,3.570714214271425,0.9272727272727272,0.002605775082839303,False,0.14545454545454545,2024-06-17,109,intermittent,full,0.23076923076923078,0.7692307692307693
CC-TME-15-W-BKRD-STR,0.18181818181818182,0.4508944279140816,2.4799193535274484,0.8454545454545455,0.006491896400153281,False,0.36363636363636365,2024-06-17,109,intermittent,full,0.6923076923076923,0.38461538461538464
CC-TME-15-W-GR-1TO,0.03636363636363636,0.18719327529067276,5.147815070493501,0.9636363636363636,0.00019836350111579484,False,0.05454545454545454,2024-06-17,109,intermittent,full,0.0,1.0
CC-TME-15-W-GRBK-STR,0.03636363636363636,0.18719327529067276,5.147815070493501,0.9636363636363636,0.0014516601672564973,False,0.07272727272727272,2024-06-17,109,intermittent,full,0.15384615384615385,0.8461538461538461
CC-TN-03-S-GR-1TO,0.00909090909090909,0.09491187735373227,10.44030650891055,0.990909090909091,-3.155782972296735e-05,False,0.0,2024-06-17,109,intermittent,full,0.0,1.0
CC-TN-03-T-GR-1TO,0.03636363636363636,0.18719327529067276,5.147815070493501,0.9636363636363636,0.0014696932128124788,False,0.07272727272727272,2024-06-17,109,intermittent,full,0.15384615384615385,0.8461538461538461
CC-TN-03-V-GR-1TO,1.1636363636363636,1.4303672301975952,1.2292218384510585,0.41818181818181815,0.020873250231048402,False,1.8181818181818181,2024-06-17,109,intermittent,full,2.4615384615384617,0.23076923076923078
CC-TN-03-X-GR-1TO,0.03636363636363636,0.18719327529067276,5.147815070493501,0.9636363636363636,-9.016522777990655e-05,False,0.03636363636363636,2024-06-17,109,intermittent,full,0.0,1.0
CC-TN-03-Y-GR-1TO,0.02727272727272727,0.2114491518111456,7.753135566408672,0.9818181818181818,0.00142010233753353,False,0.05454545454545454,2024-06-17,109,intermittent,full,0.23076923076923078,0.8461538461538461
CC-TN-15-S-BKRD-STR,0.00909090909090909,0.09491187735373227,10.44030650891055,0.990909090909091,0.00022992133083876205,False,0.01818181818181818,2024-06-17,109,intermittent,full,0.0,1.0
CC-TN-15-V-BKGR-STR,0.03636363636363636,0.18719327529067276,5.147815070493501,0.9636363636363636,-0.00018934697833780374,False,0.03636363636363636,2024-06-17,109,intermittent,full,0.0,1.0
CC-TN-15-V-GR-1TO,0.01818181818181818,0.13360853142453696,7.348469228349534,0.9818181818181818,0.00027951220611771067,False,0.03636363636363636,2024-06-17,109,intermittent,full,0.0,1.0
CC-TNC-03-K-GR-1TO,0.06363636363636363,0.24410402876541004,3.8359204520278727,0.9363636363636364,-0.0011135405630818477,False,0.0,2024-06-17,109,intermittent,full,0.0,1.0
CC-TNS-03-M-GR-1TO,0.8818181818181818,1.1178861397689854,1.2677059316967876,0.5181818181818182,0.009345625859387332,False,1.1454545454545455,2024-06-17,109,intermittent,full,0.9230769230769231,0.5384615384615384
CC-TNS-03-N-GR-1TO,0.39090909090909093,0.701886478071186,1.7955235485541967,0.7181818181818181,0.0043504722403804996,False,0.4909090909090909,2024-06-17,109,intermittent,full,0.6153846153846154,0.6153846153846154
CC-TNS-03-P-GR-1TO,1.1454545454545455,1.6283642860041743,1.4215878687338028,0.509090909090909,0.02141424159772784,False,1.7272727272727273,2024-06-17,109,intermittent,full,2.6153846153846154,0.23076923076923078
CC-TNS-03-R-GR-1TO,0.8,0.9890307468333925,1.2362884335417406,0.509090909090909,0.013110024119198432,False,1.2363636363636363,2024-06-17,109,intermittent,full,1.3846153846153846,0.15384615384615385
CC-TNS-03-S-GR-1TO,0.8909090909090909,1.2456867733062285,1.3982198475886238,0.5181818181818182,0.020350291909924937,False,1.490909090909091,2026-04-27,13,smooth,short,2.0,0.15384615384615385
CC-TNS-03-V-GR-1TO,0.03636363636363636,0.18719327529067276,5.147815070493501,0.9636363636363636,0.0013614949394765905,False,0.07272727272727272,2024-06-17,109,intermittent,full,0.23076923076923078,0.7692307692307693
CC-TNS-15-P-BKLG-STR,0.01818181818181818,0.13360853142453696,7.348469228349534,0.9818181818181818,-0.00036967743389761733,False,0.01818181818181818,2024-06-17,109,intermittent,full,0.0,1.0
CC-TNS-15-P-BKRD-STR,0.00909090909090909,0.09491187735373227,10.44030650891055,0.990909090909091,0.0004823839686225006,False,0.01818181818181818,2024-06-17,109,intermittent,full,0.07692307692307693,0.9230769230769231
CC-TNS-15-R-BKGR-STR,0.06363636363636363,0.27887021182141764,4.382246185765135,0.9454545454545454,-0.00013073958028086516,False,0.05454545454545454,2024-06-17,109,intermittent,full,0.15384615384615385,0.9230769230769231
CC-TNS-15-R-BKRD-STR,0.06363636363636363,0.24410402876541004,3.8359204520278727,0.9363636363636364,0.0022766720014426433,False,0.12727272727272726,2024-06-17,109,intermittent,full,0.23076923076923078,0.7692307692307693
CC-TNS-15-R-GRBK-STR,0.01818181818181818,0.13360853142453696,7.348469228349534,0.9818181818181818,0.0004688591844555147,False,0.03636363636363636,2024-06-17,109,intermittent,full,0.0,1.0
CC-TNS-15-S-BKRD-STR,0.02727272727272727,0.2114491518111456,7.753135566408672,0.9818181818181818,0.0010504249036359127,False,0.05454545454545454,2024-06-17,109,intermittent,full,0.15384615384615385,0.9230769230769231
CC-TNS-15-T-BKLG-STR,0.01818181818181818,0.13360853142453696,7.348469228349534,0.9818181818181818,0.00014426436444785076,False,0.01818181818181818,2024-06-17,109,intermittent,full,0.0,1.0
CC-TNS-15-T-BKRD-STR,0.00909090909090909,0.09491187735373227,10.44030650891055,0.990909090909091,0.00033811960417465,False,0.01818181818181818,2024-06-17,109,intermittent,full,0.0,1.0
CC-TNS-15-V-BKRD-STR,0.01818181818181818,0.13360853142453696,7.348469228349534,0.9818181818181818,0.0006762392083493002,False,0.03636363636363636,2024-06-17,109,intermittent,full,0.07692307692307693,0.9230769230769231
CC-TS-03-K-GR-1TO,0.35454545454545455,0.7082162437659025,1.997532995237161,0.7181818181818181,-0.001798796294209136,False,0.2727272727272727,2024-06-17,109,intermittent,full,0.0,1.0
CC-TS-03-M-GR-1TO,1.9545454545454546,1.8751308494287375,0.9593692718007494,0.19090909090909092,0.025133557243648998,False,2.6,2026-04-27,13,smooth,short,4.153846153846154,0.07692307692307693
CC-TS-03-N-GR-1TO,3.5636363636363635,2.278465483319351,0.6393653141967567,0.045454545454545456,0.023145413971102043,False,3.9272727272727272,2024-06-17,109,smooth,full,4.615384615384615,0.0
CC-TS-03-P-GR-1TO,2.0272727272727273,2.055852359878947,1.014097576621902,0.23636363636363636,0.008371841399364342,False,2.4545454545454546,2024-06-17,109,intermittent,full,1.3846153846153846,0.23076923076923078
CC-TS-03-R-GR-1TO,4.490909090909091,2.953412370140542,0.6576424305980964,0.06363636363636363,0.055163086355746904,False,6.109090909090909,2024-06-17,109,smooth,full,6.923076923076923,0.0
CC-TS-03-S-GR-1TO,25.272727272727273,16.2798866932114,0.6441681785083647,0.0,0.19341343011067785,False,27.727272727272727,2024-06-17,109,smooth,full,28.615384615384617,0.0
CC-TS-03-T-GR-1TO,9.972727272727273,6.7587775803147485,0.6777261019458727,0.07272727272727272,0.0793589252304849,False,10.690909090909091,2024-06-17,109,smooth,full,12.461538461538462,0.0
CC-TS-03-U-GR-1TO,2.518181818181818,1.8177499487094086,0.7218501601373103,0.11818181818181818,0.0171088519712373,False,2.9454545454545453,2026-04-27,13,smooth,short,2.0,0.07692307692307693
CC-TS-03-V-GR-1TO,5.218181818181818,4.425919150931081,0.8481726595860958,0.08181818181818182,0.012433784910849146,False,4.527272727272727,2024-06-17,109,smooth,full,4.461538461538462,0.0
CC-TS-03-W-GR-1TO,1.4454545454545455,1.4050969790947372,0.9720796710718307,0.3,0.016856389333453556,False,1.8909090909090909,2024-06-17,109,intermittent,full,2.0,0.23076923076923078
CC-TS-03-X-GR-1TO,0.07272727272727272,0.25968830649246727,3.570714214271425,0.9272727272727272,-0.000504925275567477,False,0.05454545454545454,2024-06-17,109,intermittent,full,0.0,1.0
CC-TS-03-Y-GR-1TO,1.309090909090909,1.571018514707487,1.200083587623775,0.41818181818181815,0.026661857854518408,False,2.1272727272727274,2026-04-27,13,smooth,short,2.5384615384615383,0.07692307692307693
CC-TS-15-M-BK-1TO,0.10909090909090909,0.38953245973870093,3.570714214271425,0.9181818181818182,0.003606609111196268,False,0.21818181818181817,2024-06-17,109,intermittent,full,0.38461538461538464,0.6923076923076923
CC-TS-15-M-BKGR-STR,0.1,0.32891004572955534,3.2891004572955533,0.9090909090909091,0.0029348781642359626,False,0.18181818181818182,2024-06-17,109,intermittent,full,0.3076923076923077,0.7692307692307693
CC-TS-15-M-BKRD-STR,0.3181818181818182,0.7499311263141942,2.3569263969874674,0.7909090909090909,0.010977616482203637,False,0.6363636363636364,2024-06-17,109,intermittent,full,1.0,0.38461538461538464
CC-TS-15-M-GR-1TO,0.05454545454545454,0.26410616447879914,4.841946348777984,0.9545454545454546,0.00013524784166986023,False,0.05454545454545454,2024-06-17,109,intermittent,full,0.0,1.0
CC-TS-15-M-GRBK-STR,0.02727272727272727,0.162877026065172,5.9721576223896395,0.9727272727272728,0.0009963257669679685,False,0.05454545454545454,2024-06-17,109,intermittent,full,0.15384615384615385,0.8461538461538461
CC-TS-15-M-LGBK-STR,0.03636363636363636,0.2307014098263549,6.34428877022476,0.9727272727272728,0.001704122805040236,False,0.07272727272727272,2024-06-17,109,intermittent,full,0.3076923076923077,0.7692307692307693
CC-TS-15-N-BK-1TO,0.00909090909090909,0.09491187735373227,10.44030650891055,0.990909090909091,8.565696639091142e-05,False,0.01818181818181818,2024-06-17,109,intermittent,full,0.0,1.0
CC-TS-15-N-BKGR-STR,0.2818181818181818,0.5068946130709328,1.7986583044452453,0.7454545454545455,0.00013975610305885333,False,0.32727272727272727,2024-06-17,109,intermittent,full,0.38461538461538464,0.6153846153846154
CC-TS-15-N-BKRD-STR,0.33636363636363636,0.6912080692825586,2.054942908677877,0.7545454545454545,0.012140747920564432,False,0.6727272727272727,2024-06-17,109,intermittent,full,1.1538461538461537,0.23076923076923078
CC-TS-15-N-GR-1TO,0.7181818181818181,1.4278516486591006,1.9881478652215325,0.7090909090909091,-0.0013209205869756289,False,0.509090909090909,2024-06-17,109,intermittent,full,0.23076923076923078,0.8461538461538461
CC-TS-15-N-GRBK-STR,0.045454545454545456,0.20829889522526548,4.582575694955841,0.9545454545454546,0.0017266641119852127,False,0.09090909090909091,2024-06-17,109,intermittent,full,0.15384615384615385,0.8461538461538461
CC-TS-15-P-BKGR-STR,0.14545454545454545,0.37746435440048537,2.595067436503337,0.8636363636363636,0.0008655861866871054,False,0.2,2024-06-17,109,intermittent,full,0.15384615384615385,0.8461538461538461
CC-TS-15-P-BKRD-STR,0.1,0.3554766326548573,3.554766326548573,0.9181818181818182,0.0034037373486914767,False,0.2,2024-06-17,109,intermittent,full,0.38461538461538464,0.6153846153846154
CC-TS-15-P-GR-1TO,0.05454545454545454,0.22709083630539637,4.163331998932267,0.9454545454545454,0.0003696774338976177,False,0.07272727272727272,2024-06-17,109,intermittent,full,0.0,1.0
CC-TS-15-P-GRBK-STR,0.00909090909090909,0.09491187735373227,10.44030650891055,0.990909090909091,0.0004823839686225006,False,0.01818181818181818,2024-06-17,109,intermittent,full,0.07692307692307693,0.9230769230769231
CC-TS-15-P-LGBK-STR,0.00909090909090909,0.09491187735373227,10.44030650891055,0.990909090909091,0.0004914004914004913,False,0.01818181818181818,2024-06-17,109,intermittent,full,0.07692307692307693,0.9230769230769231
CC-TS-15-R-BK-1TO,0.00909090909090909,0.09491187735373227,10.44030650891055,0.990909090909091,2.2541306944976733e-05,False,0.01818181818181818,2024-06-17,109,intermittent,full,0.0,1.0
CC-TS-15-R-BKGR-STR,0.1,0.32891004572955534,3.2891004572955533,0.9090909090909091,0.002429952888668485,False,0.18181818181818182,2024-06-17,109,intermittent,full,0.23076923076923078,0.7692307692307693
CC-TS-15-R-BKLG-STR,0.07272727272727272,0.25968830649246727,3.570714214271425,0.9272727272727272,0.0015328088722584138,False,0.12727272727272726,2024-06-17,109,intermittent,full,0.0,1.0
CC-TS-15-R-BKRD-STR,0.18181818181818182,0.5253884827927232,2.8896366553599777,0.8727272727272727,0.006518945968487253,False,0.36363636363636365,2024-06-17,109,intermittent,full,0.6923076923076923,0.6153846153846154
CC-TS-15-R-GR-1TO,0.07272727272727272,0.25968830649246727,3.570714214271425,0.9272727272727272,0.0014246105989225257,False,0.12727272727272726,2024-06-17,109,intermittent,full,0.15384615384615385,0.8461538461538461
CC-TS-15-R-GRBK-STR,0.08181818181818182,0.27408751693966066,3.3499585403736303,0.9181818181818182,0.002330771138110588,False,0.16363636363636364,2024-06-17,109,intermittent,full,0.15384615384615385,0.8461538461538461
CC-TS-15-S-BK-1TO,0.6272727272727273,1.1974145701855152,1.9089217785566184,0.7,0.023645830985280523,False,1.2545454545454546,2026-04-27,13,smooth,short,2.0,0.15384615384615385
CC-TS-15-S-BKGR-STR,1.3545454545454545,1.492931001488887,1.102163826602534,0.38181818181818183,0.0187498591168316,False,1.9454545454545455,2026-04-27,13,smooth,short,2.923076923076923,0.0
CC-TS-15-S-BKRD-STR,3.5319148936170213,3.469324931758138,0.98227874573875,0.06382978723404255,0.058741905642923246,True,3.0727272727272728,2025-09-01,46,smooth,short,4.076923076923077,0.07692307692307693
CC-TS-15-S-BLLG-STR,0.18181818181818182,0.5749595745760689,3.162277660168379,0.8909090909090909,0.007213218222392534,False,0.36363636363636365,2024-06-17,109,intermittent,full,0.7692307692307693,0.6153846153846154
CC-TS-15-S-DGBK-STR,0.5818181818181818,1.2164166315401987,2.0907160854597167,0.7363636363636363,0.02185605121384938,False,1.1636363636363636,2024-06-17,109,intermittent,full,1.8461538461538463,0.15384615384615385
CC-TS-15-S-GR-1TO,0.5818181818181818,0.9183168217581374,1.5783570373967988,0.6181818181818182,0.006681243378491087,False,0.7090909090909091,2024-06-17,109,intermittent,full,0.7692307692307693,0.46153846153846156
CC-TS-15-S-GRBK-STR,0.24545454545454545,0.7158766226403648,2.9165343885348194,0.8545454545454545,0.007875932646574846,False,0.4909090909090909,2024-06-17,109,intermittent,full,0.8461538461538461,0.46153846153846156
CC-TS-15-S-LGBK-STR,0.44545454545454544,0.9590370514822161,2.1529403196539545,0.7454545454545455,0.017253116335685142,False,0.8909090909090909,2024-06-17,109,intermittent,full,1.5384615384615385,0.15384615384615385
CC-TS-15-T-BK-1TO,0.15454545454545454,0.605825712056223,3.9200487250696785,0.9181818181818182,0.003421770394247459,False,0.3090909090909091,2024-06-17,109,intermittent,full,0.0,1.0
CC-TS-15-T-BKGR-STR,0.45454545454545453,0.9499891256445913,2.089976076418101,0.7636363636363637,0.006654193810157113,False,0.7090909090909091,2024-06-17,109,intermittent,full,1.0769230769230769,0.46153846153846156
CC-TS-15-T-BKLG-STR,0.6181818181818182,0.9532892166486059,1.5420854975198037,0.6181818181818182,0.012803462344746747,False,0.9454545454545454,2024-06-17,109,intermittent,full,1.0769230769230769,0.46153846153846156
CC-TS-15-T-BKRD-STR,3.404255319148936,2.0696343028607953,0.6079550764653586,0.0851063829787234,-0.010522664199814975,True,2.9454545454545453,2025-09-01,46,smooth,short,3.3846153846153846,0.07692307692307693
CC-TS-15-T-BLLG-STR,0.1,0.32891004572955534,3.2891004572955533,0.9090909090909091,0.003755381737033113,False,0.2,2024-06-17,109,intermittent,full,0.3076923076923077,0.6923076923076923
CC-TS-15-T-DGBK-STR,0.36363636363636365,0.7227129787037014,1.987460691435179,0.7545454545454545,0.01392151116921759,False,0.7272727272727273,2024-06-17,109,intermittent,full,1.4615384615384615,0.23076923076923078
CC-TS-15-T-GR-1TO,0.6545454545454545,1.0654607508351719,1.6277872582204016,0.6545454545454545,0.009178820187994501,False,0.6909090909090909,2024-06-17,109,intermittent,full,1.4615384615384615,0.23076923076923078
CC-TS-15-T-GRBK-STR,0.19090909090909092,0.45717421675200576,2.3947220877486015,0.8363636363636363,0.005648851520411153,False,0.38181818181818183,2024-06-17,109,intermittent,full,0.46153846153846156,0.6153846153846154
CC-TS-15-T-LGBK-STR,0.4,0.9648363026488436,2.4120907566221086,0.8,0.017176475892072218,False,0.8,2026-04-27,13,smooth,short,2.0,0.0
CC-TS-15-U-BKGR-STR,0.24545454545454545,0.5254671278770336,2.140792002461989,0.8,0.0026733990036742344,False,0.36363636363636365,2024-06-17,109,intermittent,full,0.23076923076923078,0.7692307692307693
CC-TS-15-U-BKRD-STR,0.34545454545454546,0.7797011506324206,2.2570296465675335,0.7818181818181819,0.013479701553096045,False,0.6909090909090909,2024-06-17,109,intermittent,full,1.5384615384615385,0.3076923076923077
CC-TS-15-U-DGBK-STR,0.00909090909090909,0.09491187735373227,10.44030650891055,0.990909090909091,0.00032008655861866865,False,0.01818181818181818,2024-06-17,109,intermittent,full,0.0,1.0
CC-TS-15-U-GR-1TO,0.11818181818181818,0.3498523891798883,2.960289446906747,0.8909090909090909,0.0023668372292225508,False,0.16363636363636364,2024-06-17,109,intermittent,full,0.23076923076923078,0.7692307692307693
CC-TS-15-U-GRBK-STR,0.13636363636363635,0.3431742925123068,2.5166114784235836,0.8636363636363636,0.004855397515947975,False,0.2727272727272727,2024-06-17,109,intermittent,full,0.38461538461538464,0.6153846153846154
CC-TS-15-U-LGBK-STR,0.00909090909090909,0.09491187735373227,10.44030650891055,0.990909090909091,0.00044631787751053814,False,0.01818181818181818,2024-06-17,109,intermittent,full,0.07692307692307693,0.9230769230769231
CC-TS-15-V-BK-1TO,0.00909090909090909,0.09491187735373227,10.44030650891055,0.990909090909091,0.00016680567139282736,False,0.01818181818181818,2024-06-17,109,intermittent,full,0.0,1.0
CC-TS-15-V-BKGR-STR,0.33636363636363636,0.5270375651140271,1.566868436825486,0.6909090909090909,0.0031873408020197044,False,0.4727272727272727,2024-06-17,109,intermittent,full,0.5384615384615384,0.5384615384615384
CC-TS-15-V-BKRD-STR,0.5454545454545454,1.01476700090006,1.8604061683167767,0.7090909090909091,0.02053062236548475,False,1.0909090909090908,2026-04-27,13,smooth,short,2.1538461538461537,0.15384615384615385
CC-TS-15-V-GR-1TO,0.18181818181818182,0.47062469474708296,2.5884358211089564,0.8454545454545455,0.002001668056713928,False,0.2,2024-06-17,109,intermittent,full,0.3076923076923077,0.8461538461538461
CC-TS-15-V-GRBK-STR,0.07272727272727272,0.25968830649246727,3.570714214271425,0.9272727272727272,0.0025065933322814056,False,0.14545454545454545,2024-06-17,109,intermittent,full,0.23076923076923078,0.7692307692307693
CC-TS-15-W-BK-1TO,0.00909090909090909,0.09491187735373227,10.44030650891055,0.990909090909091,0.00015778914861483672,False,0.01818181818181818,2024-06-17,109,intermittent,full,0.0,1.0
CC-TS-15-W-BKGR-STR,0.15454545454545454,0.43035637740162264,2.7846589125987347,0.8727272727272727,0.0018979780447670365,False,0.21818181818181817,2024-06-17,109,intermittent,full,0.38461538461538464,0.6923076923076923
CC-TS-15-W-BKRD-STR,0.11818181818181818,0.4206449200457918,3.5593031696182384,0.9090909090909091,0.003674233032031197,False,0.23636363636363636,2024-06-17,109,intermittent,full,0.3076923076923077,0.7692307692307693
CC-TS-15-W-GR-1TO,0.06363636363636363,0.24410402876541004,3.8359204520278727,0.9363636363636364,0.0011315736086378286,False,0.10909090909090909,2024-06-17,109,intermittent,full,0.15384615384615385,0.8461538461538461
CC-TS-15-W-GRBK-STR,0.02727272727272727,0.2114491518111456,7.753135566408672,0.9818181818181818,0.0014561684286454925,False,0.05454545454545454,2024-06-17,109,intermittent,full,0.23076923076923078,0.8461538461538461
CC-TS-15-Y-BK-1TO,0.00909090909090909,0.09491187735373227,10.44030650891055,0.990909090909091,6.762392083492998e-05,False,0.01818181818181818,2024-06-17,109,intermittent,full,0.0,1.0
CC-TS-15-Y-BKGR-STR,0.00909090909090909,0.09491187735373227,10.44030650891055,0.990909090909091,0.0001217230575028741,False,0.01818181818181818,2024-06-17,109,intermittent,full,0.0,1.0
CC-TS-15-Y-BKLG-STR,0.06363636363636363,0.27887021182141764,4.382246185765135,0.9454545454545454,0.0009692761986339969,False,0.07272727272727272,2024-06-17,109,intermittent,full,0.23076923076923078,0.7692307692307693
CC-TS-15-Y-BKRD-STR,0.11818181818181818,0.3749380114054779,3.172552404200198,0.9,0.004043910465928814,False,0.23636363636363636,2024-06-17,109,intermittent,full,0.38461538461538464,0.6153846153846154
CC-TT-03-N-GR-1TO,0.03636363636363636,0.18719327529067276,5.147815070493501,0.9636363636363636,0.00035164438834163594,False,0.03636363636363636,2024-06-17,109,intermittent,full,0.07692307692307693,0.9230769230769231
CC-TT-03-P-GR-1TO,0.02727272727272727,0.162877026065172,5.9721576223896395,0.9727272727272728,0.0007168135608502581,False,0.03636363636363636,2024-06-17,109,intermittent,full,0.07692307692307693,0.9230769230769231
CC-TT-03-R-GR-1TO,0.5272727272727272,0.6968642871540653,1.321639165292193,0.5727272727272728,0.0004778757072335068,False,0.4909090909090909,2024-06-17,109,intermittent,full,0.6153846153846154,0.6153846153846154
CC-TT-03-S-GR-1TO,3.1,2.6109907558765366,0.8422550825408183,0.16363636363636364,0.035746004553344,False,4.181818181818182,2024-06-17,109,smooth,full,3.6923076923076925,0.0
CC-TT-03-T-GR-1TO,0.6636363636363637,0.9842142479919772,1.4830625654673628,0.5818181818181818,0.015341613506751122,False,1.018181818181818,2026-04-27,13,smooth,short,2.076923076923077,0.15384615384615385
CC-TT-03-U-GR-1TO,3.7818181818181817,2.797342304213439,0.7396818592872074,0.13636363636363635,0.052196650361787986,False,5.4,2024-06-17,109,smooth,full,5.461538461538462,0.0
CC-TT-03-V-GR-1TO,1.1363636363636365,1.0910984684108922,0.960166652201585,0.33636363636363636,-0.002484052025336432,False,0.9636363636363636,2024-06-17,109,intermittent,full,0.5384615384615384,0.6153846153846154
CC-TT-03-W-GR-1TO,2.8545454545454545,2.365803202590703,0.8287845614171253,0.14545454545454545,0.027491377950093557,False,3.7636363636363637,2026-04-27,13,smooth,short,4.538461538461538,0.0
CC-TT-03-X-GR-1TO,0.9090909090909091,1.132539018356177,1.2457929201917948,0.5272727272727272,0.005995987647363797,False,0.8363636363636363,2024-06-17,109,intermittent,full,1.2307692307692308,0.3076923076923077
CC-TT-03-Y-GR-1TO,2.8181818181818183,2.2530053390640776,0.7994535074098339,0.12727272727272726,0.028131551067330895,False,3.581818181818182,2026-04-27,13,smooth,short,3.4615384615384617,0.07692307692307693
CC-TT-15-R-BKGR-STR,0.05454545454545454,0.22709083630539628,4.163331998932265,0.9454545454545454,0.0010188670739129453,False,0.07272727272727272,2024-06-17,109,intermittent,full,0.23076923076923078,0.7692307692307693
CC-TT-15-R-BKRD-STR,0.02727272727272727,0.16287702606517196,5.972157622389639,0.9727272727272728,0.0007799292202961927,False,0.05454545454545454,2024-06-17,109,intermittent,full,0.07692307692307693,0.9230769230769231
CC-TT-15-R-GR-1TO,0.00909090909090909,0.09491187735373227,10.44030650891055,0.990909090909091,0.0004012352636205847,False,0.01818181818181818,2024-06-17,109,intermittent,full,0.07692307692307693,0.9230769230769231
CC-TT-15-R-GRBK-STR,0.00909090909090909,0.09491187735373227,10.44030650891055,0.990909090909091,0.0004553344002885287,False,0.01818181818181818,2024-06-17,109,intermittent,full,0.07692307692307693,0.9230769230769231
CC-TT-15-S-BKGR-STR,0.06363636363636363,0.24410402876541004,3.8359204520278727,0.9363636363636364,0.0010053422897459596,False,0.10909090909090909,2024-06-17,109,intermittent,full,0.07692307692307693,0.9230769230769231
CC-TT-15-S-BKRD-STR,0.13636363636363635,0.36871454164860445,2.703906638756433,0.8727272727272727,0.00520704190428961,False,0.2727272727272727,2024-06-17,109,intermittent,full,0.6923076923076923,0.38461538461538464
CC-TT-15-S-GR-1TO,0.16363636363636364,0.39375286959468575,2.4062675364119683,0.8454545454545455,0.0018393706467100964,False,0.23636363636363636,2024-06-17,109,intermittent,full,0.07692307692307693,0.9230769230769231
CC-TT-15-S-GRBK-STR,0.02727272727272727,0.16287702606517196,5.972157622389639,0.9727272727272728,0.0007348466064062396,False,0.05454545454545454,2024-06-17,109,intermittent,full,0.07692307692307693,0.9230769230769231
CC-TT-15-T-BKGR-STR,0.11818181818181818,0.42064492004579174,3.559303169618238,0.9090909090909091,0.003800464350923066,False,0.21818181818181817,2024-06-17,109,intermittent,full,0.23076923076923078,0.7692307692307693
CC-TT-15-T-BKRD-STR,0.3,0.6947857747012908,2.315952582337636,0.8181818181818182,0.010959583436647657,False,0.6,2024-06-17,109,intermittent,full,1.0769230769230769,0.46153846153846156
CC-TT-15-T-GR-1TO,0.06363636363636363,0.33783462138294645,5.308829764589159,0.9545454545454546,0.000644681378626333,False,0.05454545454545454,2024-06-17,109,intermittent,full,0.15384615384615385,0.8461538461538461
CC-TT-15-T-GRBK-STR,0.05454545454545454,0.26410616447879914,4.841946348777984,0.9545454545454546,0.0012713297116966845,False,0.10909090909090909,2024-06-17,109,intermittent,full,0.0,1.0
CC-TT-15-T-LGBK-STR,0.01818181818181818,0.18982375470746454,10.44030650891055,0.990909090909091,0.0009287018461330386,False,0.03636363636363636,2024-06-17,109,intermittent,full,0.15384615384615385,0.9230769230769231
CC-TT-15-U-BK-1TO,0.13636363636363635,0.4950164869113448,3.630120904016529,0.9090909090909091,0.005252124518179565,False,0.2727272727272727,2024-06-17,109,intermittent,full,0.6153846153846154,0.6923076923076923
CC-TT-15-U-BKGR-STR,0.23636363636363636,0.5032128182944745,2.1289773081689307,0.7909090909090909,0.003038568176182856,False,0.32727272727272727,2024-06-17,109,intermittent,full,0.46153846153846156,0.7692307692307693
CC-TT-15-U-BKRD-STR,0.23636363636363636,0.6456465783478074,2.7315816776253388,0.8636363636363636,0.008727994049094965,False,0.4727272727272727,2024-06-17,109,intermittent,full,1.1538461538461537,0.38461538461538464
CC-TT-15-U-GR-1TO,0.16363636363636364,0.4578064840732426,2.7977062915587045,0.8727272727272727,0.003813989135090052,False,0.2727272727272727,2024-06-17,109,intermittent,full,0.38461538461538464,0.6923076923076923
CC-TT-15-U-GRBK-STR,0.045454545454545456,0.24813352843556696,5.458937625582473,0.9636363636363636,0.0011676396997497916,False,0.09090909090909091,2024-06-17,109,intermittent,full,0.07692307692307693,0.9230769230769231
CC-TT-15-V-BK-1TO,0.00909090909090909,0.09491187735373227,10.44030650891055,0.990909090909091,0.00015778914861483672,False,0.01818181818181818,2024-06-17,109,intermittent,full,0.0,1.0
CC-TT-15-V-BKGR-STR,0.02727272727272727,0.162877026065172,5.9721576223896395,0.9727272727272728,0.001158623176971801,False,0.05454545454545454,2024-06-17,109,intermittent,full,0.15384615384615385,0.8461538461538461
CC-TT-15-V-BKLG-STR,0.00909090909090909,0.09491187735373227,10.44030650891055,0.990909090909091,6.762392083492998e-05,False,0.01818181818181818,2024-06-17,109,intermittent,full,0.0,1.0
CC-TT-15-V-BKRD-STR,0.2,0.6149648918286459,3.074824459143229,0.8727272727272727,0.0066181277190451495,False,0.4,2024-06-17,109,intermittent,full,0.5384615384615384,0.6153846153846154
CC-TT-15-V-GR-1TO,0.11818181818181818,0.34985238917988837,2.960289446906748,0.8909090909090909,0.002772580754232131,False,0.2,2024-06-17,109,intermittent,full,0.23076923076923078,0.7692307692307693
CC-TT-15-V-GRBK-STR,0.00909090909090909,0.09491187735373227,10.44030650891055,0.990909090909091,4.959087527894866e-05,False,0.01818181818181818,2024-06-17,109,intermittent,full,0.0,1.0
CC-TT-15-W-BKGR-STR,0.15454545454545454,0.40868666896343664,2.644443152116355,0.8636363636363636,0.0036291504181412437,False,0.2727272727272727,2024-06-17,109,intermittent,full,0.38461538461538464,0.6923076923076923
CC-TT-15-W-BKLG-STR,0.17272727272727273,0.42338658262527334,2.451185478356846,0.8454545454545455,0.0014471519058675028,False,0.18181818181818182,2024-06-17,109,intermittent,full,0.46153846153846156,0.6923076923076923
CC-TT-15-W-BKRD-STR,0.33636363636363636,0.6779282977273513,2.0154625067569905,0.7636363636363637,0.012194847057232377,False,0.6727272727272727,2024-06-17,109,intermittent,full,1.2307692307692308,0.23076923076923078
CC-TT-15-W-GR-1TO,0.3090909090909091,0.6841777353537012,2.2135162026149158,0.7818181818181819,0.004030385681761829,False,0.32727272727272727,2024-06-17,109,intermittent,full,0.7692307692307693,0.38461538461538464
CC-TT-15-W-GRBK-STR,0.13636363636363635,0.39259677966707607,2.8790430508918914,0.8818181818181818,0.005270157563735545,False,0.2727272727272727,2024-06-17,109,intermittent,full,0.6923076923076923,0.46153846153846156
CC-TT-15-X-BKGR-STR,0.07272727272727272,0.25968830649246727,3.570714214271425,0.9272727272727272,0.0007213218222392538,False,0.07272727272727272,2024-06-17,109,intermittent,full,0.0,1.0
CC-TT-15-X-BKRD-STR,0.01818181818181818,0.13360853142453696,7.348469228349534,0.9818181818181818,0.0004327930933435522,False,0.03636363636363636,2024-06-17,109,intermittent,full,0.0,1.0
CC-TT-15-X-GR-1TO,0.03636363636363636,0.23070140982635487,6.344288770224759,0.9727272727272728,0.00046885918445551463,False,0.03636363636363636,2024-06-17,109,intermittent,full,0.0,1.0
CC-TT-15-X-GRBK-STR,0.01818181818181818,0.13360853142453696,7.348469228349534,0.9818181818181818,0.0006491896400153281,False,0.03636363636363636,2024-06-17,109,intermittent,full,0.0,1.0
CC-TT-15-Y-BK-1TO,0.15454545454545454,0.4509860638113622,2.9181451187794023,0.8727272727272727,0.00506277753984176,False,0.3090909090909091,2024-06-17,109,intermittent,full,0.23076923076923078,0.7692307692307693
CC-TT-15-Y-BKGR-STR,0.37272727272727274,0.6446858418724144,1.7296449416089166,0.7090909090909091,0.007461172598787279,False,0.6363636363636364,2024-06-17,109,intermittent,full,0.5384615384615384,0.5384615384615384
CC-TT-15-Y-BKRD-STR,0.42727272727272725,0.8029388169727834,1.879218507808642,0.7272727272727273,0.015305547415639161,False,0.8545454545454545,2024-06-17,109,intermittent,full,1.6153846153846154,0.15384615384615385
CC-TT-15-Y-GR-1TO,0.4727272727272727,0.8496961051307581,1.7974340685458345,0.6818181818181818,0.0020828167617158466,False,0.4,2024-06-17,109,intermittent,full,0.7692307692307693,0.46153846153846156
CC-TT-15-Y-GRBK-STR,0.08181818181818182,0.33389759404012653,4.080970593823769,0.9363636363636364,0.0026102833442282983,False,0.16363636363636364,2024-06-17,109,intermittent,full,0.23076923076923078,0.8461538461538461
CC-TT-15-Y-LGBK-STR,0.00909090909090909,0.09491187735373227,10.44030650891055,0.990909090909091,0.00044631787751053814,False,0.01818181818181818,2024-06-17,109,intermittent,full,0.07692307692307693,0.9230769230769231
CS-07-F-GR,0.10909090909090909,0.3396643944048982,3.1135902820449,0.9,0.00216396546671776,False,0.16363636363636364,2024-06-17,109,intermittent,full,0.23076923076923078,0.7692307692307693
