unique_id,model_version,window,cutoff,bucket,history_length,yhat_total,y_total,ae,bias
CA-CL-AT-CBL,v11,Mar-May,2026-02-23,smooth,long,43.45372389364447,51,7.546276106355528,-7.546276106355528
CA-SC-10-B-10-BE-1TO,v11,Mar-May,2026-02-23,smooth,short,145.93078454033335,143,2.930784540333349,2.930784540333349
CA-SC-10-B-10-BK-1TO,v11,Mar-May,2026-02-23,smooth,short,539.7904110218319,632,92.20958897816809,-92.20958897816809
CA-SC-10-B-10-BR-1TO,v11,Mar-May,2026-02-23,smooth,short,91.8562307223281,55,36.85623072232811,36.85623072232811
CA-SC-10-B-10-DB-1TO,v11,Mar-May,2026-02-23,smooth,short,77.82107873347758,107,29.178921266522423,-29.178921266522423
CA-SC-10-B-10-DG-1TO,v11,Mar-May,2026-02-23,smooth,short,194.11297123075602,226,31.887028769243983,-31.887028769243983
CA-SC-10-B-10-GR-1TO,v11,Mar-May,2026-02-23,smooth,short,150.97625373542854,169,18.023746264571457,-18.023746264571457
CA-SC-10-B-10-WR-1TO,v11,Mar-May,2026-02-23,smooth,short,124.18459430708604,121,3.1845943070860443,3.1845943070860443
CA-SC-10-B-124-BK-1TO,v11,Mar-May,2026-02-23,smooth,short,152.22371512505342,155,2.776284874946583,-2.776284874946583
CA-SC-10-B-124-DB-1TO,v11,Mar-May,2026-02-23,smooth,short,47.464859281549394,43,4.464859281549394,4.464859281549394
CA-SC-10-B-124-DG-1TO,v11,Mar-May,2026-02-23,smooth,short,35.06970367417375,38,2.930296325826248,-2.930296325826248
CA-SC-10-B-125-BK-1TO,v11,Mar-May,2026-02-23,smooth,short,97.10732616045742,102,4.8926738395425815,-4.8926738395425815
CA-SC-10-B-125-DG-1TO,v11,Mar-May,2026-02-23,smooth,short,78.54055199754784,58,20.540551997547837,20.540551997547837
CA-SC-10-B-127-BK-1TO,v11,Mar-May,2026-02-23,smooth,short,278.0018073740095,251,27.001807374009502,27.001807374009502
CA-SC-10-B-127-DB-1TO,v11,Mar-May,2026-02-23,smooth,short,81.23197353308055,62,19.23197353308055,19.23197353308055
CA-SC-10-B-127-DG-1TO,v11,Mar-May,2026-02-23,smooth,short,78.85168015134107,59,19.85168015134107,19.85168015134107
CA-SC-10-B-129-BK-1TO,v11,Mar-May,2026-02-23,smooth,short,49.746395014345595,33,16.746395014345595,16.746395014345595
CA-SC-10-B-131-BK-1TO,v11,Mar-May,2026-02-23,smooth,short,34.97956921815257,48,13.02043078184743,-13.02043078184743
CA-SC-10-B-132-BK-1TO,v11,Mar-May,2026-02-23,smooth,short,98.33746063925231,107,8.662539360747687,-8.662539360747687
CA-SC-10-B-132-DB-1TO,v11,Mar-May,2026-02-23,smooth,short,45.2435391878893,48,2.756460812110703,-2.756460812110703
CA-SC-10-B-132-DG-1TO,v11,Mar-May,2026-02-23,smooth,short,41.96175691295254,54,12.038243087047462,-12.038243087047462
CA-SC-10-B-137-BK-1TO,v11,Mar-May,2026-02-23,smooth,short,49.936945362279864,83,33.063054637720136,-33.063054637720136
CA-SC-10-B-138-BK-1TO,v11,Mar-May,2026-02-23,smooth,short,180.10307324081154,69,111.10307324081154,111.10307324081154
CA-SC-10-B-138-DG-1TO,v11,Mar-May,2026-02-23,smooth,short,97.34702968571354,39,58.34702968571354,58.34702968571354
CA-SC-10-B-141-BK-1TO,v11,Mar-May,2026-02-23,smooth,short,51.528779332194034,28,23.528779332194034,23.528779332194034
CA-SC-10-B-147-BK-1TO,v11,Mar-May,2026-02-23,smooth,short,60.349049873519,33,27.349049873519,27.349049873519
CA-SC-10-B-149-DG-1TO,v11,Mar-May,2026-02-23,smooth,short,44.47342490571574,34,10.473424905715738,10.473424905715738
CA-SC-10-B-15-BK-1TO,v11,Mar-May,2026-02-23,smooth,short,71.508410735322,44,27.508410735322002,27.508410735322002
CA-SC-10-B-151-BK-1TO,v11,Mar-May,2026-02-23,smooth,short,53.408001903904356,29,24.408001903904356,24.408001903904356
CA-SC-10-B-159-BK-1TO,v11,Mar-May,2026-02-23,smooth,short,27.643300536863624,52,24.356699463136376,-24.356699463136376
CA-SC-10-B-16-BE-1TO,v11,Mar-May,2026-02-23,smooth,short,38.96824711074179,42,3.0317528892582075,-3.0317528892582075
CA-SC-10-B-16-BK-1TO,v11,Mar-May,2026-02-23,smooth,short,92.42382932008444,80,12.423829320084437,12.423829320084437
CA-SC-10-B-162-BK-1TO,v11,Mar-May,2026-02-23,smooth,short,71.08377769817227,10,61.08377769817227,61.08377769817227
CA-SC-10-B-176-BK-1TO,v11,Mar-May,2026-02-23,smooth,short,173.80814272220516,155,18.80814272220516,18.80814272220516
CA-SC-10-B-176-DG-1TO,v11,Mar-May,2026-02-23,smooth,short,80.63971321401658,48,32.63971321401658,32.63971321401658
CA-SC-10-B-177-BK-1TO,v11,Mar-May,2026-02-23,smooth,short,163.57869007197854,130,33.57869007197854,33.57869007197854
CA-SC-10-B-177-DG-1TO,v11,Mar-May,2026-02-23,smooth,short,62.330801941171075,69,6.6691980588289255,-6.6691980588289255
CA-SC-10-B-201-GR-1TO,v11,Mar-May,2026-02-23,smooth,short,48.55164195161657,47,1.551641951616567,1.551641951616567
CA-SC-10-B-202-BK-1TO,v11,Mar-May,2026-02-23,smooth,short,23.79562778564893,30,6.204372214351071,-6.204372214351071
CA-SC-10-B-22-BK-1TO,v11,Mar-May,2026-02-23,smooth,short,57.395614288454425,37,20.395614288454425,20.395614288454425
CA-SC-10-B-28-BE-1TO,v11,Mar-May,2026-02-23,smooth,short,108.30957618842001,113,4.69042381157999,-4.69042381157999
CA-SC-10-B-28-BK-1TO,v11,Mar-May,2026-02-23,smooth,short,195.59144642135666,233,37.408553578643335,-37.408553578643335
CA-SC-10-B-28-DB-1TO,v11,Mar-May,2026-02-23,smooth,short,34.09777726678357,43,8.902222733216433,-8.902222733216433
CA-SC-10-B-28-DG-1TO,v11,Mar-May,2026-02-23,smooth,short,84.02799185422612,84,0.02799185422611572,0.02799185422611572
CA-SC-10-B-28-GR-1TO,v11,Mar-May,2026-02-23,smooth,short,62.62387691847565,77,14.376123081524348,-14.376123081524348
CA-SC-10-B-28-WR-1TO,v11,Mar-May,2026-02-23,smooth,short,80.02955807989376,54,26.02955807989376,26.02955807989376
CA-SC-10-B-30-BK-1TO,v11,Mar-May,2026-02-23,smooth,short,38.28829624241026,26,12.288296242410262,12.288296242410262
CA-SC-10-B-32-BE-1TO,v11,Mar-May,2026-02-23,smooth,short,134.0744067770752,105,29.07440677707521,29.07440677707521
CA-SC-10-B-32-BK-1TO,v11,Mar-May,2026-02-23,smooth,short,477.7823552102175,466,11.782355210217474,11.782355210217474
CA-SC-10-B-32-BR-1TO,v11,Mar-May,2026-02-23,smooth,short,59.42589068364705,40,19.425890683647047,19.425890683647047
CA-SC-10-B-32-DB-1TO,v11,Mar-May,2026-02-23,smooth,short,80.22906309488718,75,5.229063094887181,5.229063094887181
CA-SC-10-B-32-DG-1TO,v11,Mar-May,2026-02-23,smooth,short,173.0042638493406,158,15.004263849340589,15.004263849340589
CA-SC-10-B-32-GR-1TO,v11,Mar-May,2026-02-23,smooth,short,103.27434672171213,101,2.274346721712135,2.274346721712135
CA-SC-10-B-32-WR-1TO,v11,Mar-May,2026-02-23,smooth,short,75.44976391165869,89,13.550236088341308,-13.550236088341308
CA-SC-10-B-36-BE-1TO,v11,Mar-May,2026-02-23,smooth,short,38.14172879509047,29,9.141728795090472,9.141728795090472
CA-SC-10-B-36-BK-1TO,v11,Mar-May,2026-02-23,smooth,short,51.09136085592393,51,0.09136085592393073,0.09136085592393073
CA-SC-10-B-37-BK-1TO,v11,Mar-May,2026-02-23,smooth,short,220.8670632632851,190,30.867063263285104,30.867063263285104
CA-SC-10-B-37-DB-1TO,v11,Mar-May,2026-02-23,smooth,short,56.42240011568708,31,25.422400115687083,25.422400115687083
CA-SC-10-B-37-DG-1TO,v11,Mar-May,2026-02-23,smooth,short,130.1493717254438,133,2.850628274556186,-2.850628274556186
CA-SC-10-B-37-GR-1TO,v11,Mar-May,2026-02-23,smooth,short,48.80590808932595,31,17.805908089325953,17.805908089325953
CA-SC-10-B-38-BK-1TO,v11,Mar-May,2026-02-23,smooth,short,43.83225185778645,46,2.167748142213547,-2.167748142213547
CA-SC-10-B-39-BK-1TO,v11,Mar-May,2026-02-23,smooth,long,67.26099621559521,57,10.260996215595213,10.260996215595213
CA-SC-10-B-44-BE-1TO,v11,Mar-May,2026-02-23,smooth,short,109.47924233344163,103,6.479242333441633,6.479242333441633
CA-SC-10-B-44-BK-1TO,v11,Mar-May,2026-02-23,smooth,short,329.59168452949956,285,44.59168452949956,44.59168452949956
CA-SC-10-B-44-DB-1TO,v11,Mar-May,2026-02-23,smooth,short,86.50688605345806,94,7.493113946541939,-7.493113946541939
CA-SC-10-B-44-DG-1TO,v11,Mar-May,2026-02-23,smooth,short,187.86801205562642,181,6.868012055626423,6.868012055626423
CA-SC-10-B-44-GR-1TO,v11,Mar-May,2026-02-23,smooth,short,67.73226162958399,69,1.2677383704160121,-1.2677383704160121
CA-SC-10-B-47-BE-1TO,v11,Mar-May,2026-02-23,smooth,short,51.96672303205484,47,4.966723032054837,4.966723032054837
CA-SC-10-B-47-BK-1TO,v11,Mar-May,2026-02-23,smooth,short,49.53893782538839,56,6.461062174611612,-6.461062174611612
CA-SC-10-B-48-BK-1TO,v11,Mar-May,2026-02-23,smooth,short,47.72427866222883,45,2.7242786622288335,2.7242786622288335
CA-SC-10-B-53-BK-1TO,v11,Mar-May,2026-02-23,smooth,short,61.06765444576852,37,24.067654445768518,24.067654445768518
CA-SC-10-B-56-BK-1TO,v11,Mar-May,2026-02-23,smooth,short,83.18649871465954,69,14.186498714659535,14.186498714659535
CA-SC-10-B-71-BK-1TO,v11,Mar-May,2026-02-23,smooth,short,42.98577490170645,41,1.9857749017064492,1.9857749017064492
CA-SC-10-B-76-BK-1TO,v11,Mar-May,2026-02-23,smooth,short,59.32435775677431,53,6.324357756774312,6.324357756774312
CA-SC-10-B-76-DG-1TO,v11,Mar-May,2026-02-23,smooth,short,46.089617156055255,55,8.910382843944745,-8.910382843944745
CA-SC-10-F-10-BE-1TO,v11,Mar-May,2026-02-23,smooth,short,717.1929741579336,674,43.19297415793358,43.19297415793358
CA-SC-10-F-10-BK-1TO,v11,Mar-May,2026-02-23,smooth,short,1549.9598137651922,1494,55.959813765192166,55.959813765192166
CA-SC-10-F-10-BKRD-STI,v11,Mar-May,2026-02-23,smooth,short,166.22877344276324,266,99.77122655723676,-99.77122655723676
CA-SC-10-F-10-BKWH-STI,v11,Mar-May,2026-02-23,smooth,short,206.74744559993798,177,29.747445599937976,29.747445599937976
CA-SC-10-F-10-BR-1TO,v11,Mar-May,2026-02-23,smooth,short,145.99390974158993,154,8.006090258410069,-8.006090258410069
CA-SC-10-F-10-DB-1TO,v11,Mar-May,2026-02-23,smooth,short,203.0391687386092,249,45.96083126139081,-45.96083126139081
CA-SC-10-F-10-DG-1TO,v11,Mar-May,2026-02-23,smooth,short,483.46383022875796,508,24.536169771242044,-24.536169771242044
CA-SC-10-F-10-GR-1TO,v11,Mar-May,2026-02-23,smooth,short,349.2347173929935,379,29.765282607006498,-29.765282607006498
CA-SC-10-F-10-OR-1TO,v11,Mar-May,2026-02-23,smooth,short,28.48046834563459,33,4.519531654365409,-4.519531654365409
CA-SC-10-F-10-WR-1TO,v11,Mar-May,2026-02-23,smooth,short,238.65193393258969,226,12.651933932589685,12.651933932589685
CA-SC-10-F-102-BE-1TO,v11,Mar-May,2026-02-23,smooth,short,24.027438610295864,28,3.9725613897041363,-3.9725613897041363
CA-SC-10-F-103-BE-1TO,v11,Mar-May,2026-02-23,smooth,short,58.49283057802422,32,26.49283057802422,26.49283057802422
CA-SC-10-F-104-BE-1TO,v11,Mar-May,2026-02-23,smooth,short,62.95775096161795,33,29.957750961617947,29.957750961617947
CA-SC-10-F-104-DG-1TO,v11,Mar-May,2026-02-23,smooth,short,46.28941895286475,33,13.28941895286475,13.28941895286475
CA-SC-10-F-106-BE-1TO,v11,Mar-May,2026-02-23,smooth,short,158.5883144357155,142,16.58831443571549,16.58831443571549
CA-SC-10-F-106-BK-1TO,v11,Mar-May,2026-02-23,smooth,short,88.40379612034575,84,4.403796120345746,4.403796120345746
CA-SC-10-F-106-DG-1TO,v11,Mar-May,2026-02-23,smooth,short,152.57149043767694,122,30.571490437676943,30.571490437676943
CA-SC-10-F-106-GR-1TO,v11,Mar-May,2026-02-23,smooth,short,97.16690701037446,82,15.166907010374459,15.166907010374459
CA-SC-10-F-107-BK-1TO,v11,Mar-May,2026-02-23,smooth,short,77.0845663799822,23,54.084566379982206,54.084566379982206
CA-SC-10-F-107-DG-1TO,v11,Mar-May,2026-02-23,smooth,short,71.35694988728261,43,28.35694988728261,28.35694988728261
CA-SC-10-F-11-BE-1TO,v11,Mar-May,2026-02-23,smooth,short,53.338900412082374,55,1.6610995879176258,-1.6610995879176258
CA-SC-10-F-11-BK-1TO,v11,Mar-May,2026-02-23,smooth,short,365.08953816032346,359,6.089538160323457,6.089538160323457
CA-SC-10-F-11-DB-1TO,v11,Mar-May,2026-02-23,smooth,short,73.95229623794529,46,27.95229623794529,27.95229623794529
CA-SC-10-F-11-DG-1TO,v11,Mar-May,2026-02-23,smooth,short,170.63172561271904,166,4.631725612719038,4.631725612719038
CA-SC-10-F-11-GR-1TO,v11,Mar-May,2026-02-23,smooth,short,85.49834266912411,98,12.501657330875886,-12.501657330875886
CA-SC-10-F-11-WR-1TO,v11,Mar-May,2026-02-23,smooth,short,55.11880875193571,39,16.11880875193571,16.11880875193571
CA-SC-10-F-116-BK-1TO,v11,Mar-May,2026-02-23,smooth,short,21.688126605782962,46,24.311873394217038,-24.311873394217038
CA-SC-10-F-12-BE-1TO,v11,Mar-May,2026-02-23,smooth,short,58.3407532192234,43,15.340753219223402,15.340753219223402
CA-SC-10-F-12-BK-1TO,v11,Mar-May,2026-02-23,smooth,short,99.91668110481352,120,20.08331889518648,-20.08331889518648
CA-SC-10-F-12-DG-1TO,v11,Mar-May,2026-02-23,smooth,short,85.58374741739489,87,1.4162525826051109,-1.4162525826051109
CA-SC-10-F-12-GR-1TO,v11,Mar-May,2026-02-23,smooth,short,38.32367174500007,39,0.6763282549999303,-0.6763282549999303
CA-SC-10-F-13-BE-1TO,v11,Mar-May,2026-02-23,smooth,short,86.57499586908712,73,13.574995869087118,13.574995869087118
CA-SC-10-F-13-BK-1TO,v11,Mar-May,2026-02-23,smooth,short,226.26796175417059,238,11.732038245829415,-11.732038245829415
CA-SC-10-F-13-DG-1TO,v11,Mar-May,2026-02-23,smooth,short,115.17989217289103,114,1.17989217289103,1.17989217289103
CA-SC-10-F-13-GR-1TO,v11,Mar-May,2026-02-23,smooth,short,82.22573529850641,93,10.774264701493593,-10.774264701493593
CA-SC-10-F-13-WR-1TO,v11,Mar-May,2026-02-23,smooth,short,27.674998267367663,38,10.325001732632337,-10.325001732632337
CA-SC-10-F-14-BE-1TO,v11,Mar-May,2026-02-23,smooth,short,131.7732283403564,142,10.226771659643589,-10.226771659643589
CA-SC-10-F-14-BK-1TO,v11,Mar-May,2026-02-23,smooth,short,108.9025674374809,118,9.097432562519103,-9.097432562519103
CA-SC-10-F-14-GR-1TO,v11,Mar-May,2026-02-23,smooth,short,79.33905938952506,71,8.339059389525062,8.339059389525062
CA-SC-10-F-148-BK-1TO,v11,Mar-May,2026-02-23,smooth,short,31.440221559140344,29,2.440221559140344,2.440221559140344
CA-SC-10-F-16-BK-1TO,v11,Mar-May,2026-02-23,smooth,short,37.26538467015543,39,1.7346153298445728,-1.7346153298445728
CA-SC-10-F-169-BK-1TO,v11,Mar-May,2026-02-23,smooth,short,462.6414006324703,323,139.64140063247032,139.64140063247032
CA-SC-10-F-169-DB-1TO,v11,Mar-May,2026-02-23,smooth,short,128.5797406761596,89,39.57974067615959,39.57974067615959
CA-SC-10-F-169-DG-1TO,v11,Mar-May,2026-02-23,smooth,short,124.00967529965129,83,41.00967529965129,41.00967529965129
CA-SC-10-F-17-BK-1TO,v11,Mar-May,2026-02-23,smooth,short,45.21571459946661,42,3.215714599466608,3.215714599466608
CA-SC-10-F-17-DG-1TO,v11,Mar-May,2026-02-23,smooth,short,38.731889976741336,46,7.268110023258664,-7.268110023258664
CA-SC-10-F-173-BK-1TO,v11,Mar-May,2026-02-23,smooth,short,197.5998596363113,255,57.400140363688706,-57.400140363688706
CA-SC-10-F-173-DB-1TO,v11,Mar-May,2026-02-23,smooth,short,46.999774579506266,37,9.999774579506266,9.999774579506266
CA-SC-10-F-173-DG-1TO,v11,Mar-May,2026-02-23,smooth,short,78.24732184952236,87,8.752678150477635,-8.752678150477635
CA-SC-10-F-174-BK-1TO,v11,Mar-May,2026-02-23,smooth,short,80.295508790876,61,19.295508790876,19.295508790876
CA-SC-10-F-177-BK-1TO,v11,Mar-May,2026-02-23,smooth,short,119.4984510513791,33,86.4984510513791,86.4984510513791
CA-SC-10-F-177-DG-1TO,v11,Mar-May,2026-02-23,smooth,short,87.76995357305894,41,46.76995357305894,46.76995357305894
CA-SC-10-F-18-BK-1TO,v11,Mar-May,2026-02-23,smooth,short,78.14269269576974,100,21.85730730423026,-21.85730730423026
CA-SC-10-F-182-BK-1TO,v11,Mar-May,2026-02-23,smooth,short,56.78772218037005,30,26.787722180370046,26.787722180370046
CA-SC-10-F-182-DG-1TO,v11,Mar-May,2026-02-23,smooth,short,126.81425288781206,38,88.81425288781206,88.81425288781206
CA-SC-10-F-182-GR-1TO,v11,Mar-May,2026-02-23,smooth,short,41.02547187024831,26,15.02547187024831,15.02547187024831
CA-SC-10-F-183-BK-1TO,v11,Mar-May,2026-02-23,smooth,short,105.88226244853145,83,22.88226244853145,22.88226244853145
CA-SC-10-F-183-DG-1TO,v11,Mar-May,2026-02-23,smooth,short,67.56469874759509,71,3.435301252404912,-3.435301252404912
CA-SC-10-F-185-BE-1TO,v11,Mar-May,2026-02-23,smooth,short,54.1229538699338,37,17.122953869933802,17.122953869933802
CA-SC-10-F-185-BK-1TO,v11,Mar-May,2026-02-23,smooth,short,39.77358189027506,39,0.7735818902750609,0.7735818902750609
CA-SC-10-F-185-DG-1TO,v11,Mar-May,2026-02-23,smooth,short,39.39680311035343,38,1.3968031103534315,1.3968031103534315
CA-SC-10-F-188-BK-1TO,v11,Mar-May,2026-02-23,smooth,short,99.49737972275022,113,13.502620277249775,-13.502620277249775
CA-SC-10-F-188-DG-1TO,v11,Mar-May,2026-02-23,smooth,short,33.285517099498385,30,3.285517099498385,3.285517099498385
CA-SC-10-F-190-BE-1TO,v11,Mar-May,2026-02-23,smooth,short,50.620252821835805,46,4.620252821835805,4.620252821835805
CA-SC-10-F-190-BK-1TO,v11,Mar-May,2026-02-23,smooth,short,346.6112694233698,281,65.61126942336978,65.61126942336978
CA-SC-10-F-190-DB-1TO,v11,Mar-May,2026-02-23,smooth,short,99.87844364208998,84,15.878443642089977,15.878443642089977
CA-SC-10-F-190-DG-1TO,v11,Mar-May,2026-02-23,smooth,short,90.20353544600496,91,0.7964645539950368,-0.7964645539950368
CA-SC-10-F-193-BK-1TO,v11,Mar-May,2026-02-23,smooth,short,165.09075565666703,59,106.09075565666703,106.09075565666703
CA-SC-10-F-193-DG-1TO,v11,Mar-May,2026-02-23,smooth,short,63.83511808768034,20,43.83511808768034,43.83511808768034
CA-SC-10-F-197-BK-1TO,v11,Mar-May,2026-02-23,smooth,short,104.13134368607028,60,44.13134368607028,44.13134368607028
CA-SC-10-F-197-DG-1TO,v11,Mar-May,2026-02-23,smooth,short,44.89326424668521,44,0.893264246685213,0.893264246685213
CA-SC-10-F-199-BE-1TO,v11,Mar-May,2026-02-23,smooth,short,71.26823689017542,48,23.268236890175416,23.268236890175416
CA-SC-10-F-199-BK-1TO,v11,Mar-May,2026-02-23,smooth,short,413.93797204974084,436,22.062027950259164,-22.062027950259164
CA-SC-10-F-199-DB-1TO,v11,Mar-May,2026-02-23,smooth,short,66.82014339714411,45,21.820143397144108,21.820143397144108
CA-SC-10-F-199-DG-1TO,v11,Mar-May,2026-02-23,smooth,short,223.06944275514041,183,40.069442755140415,40.069442755140415
CA-SC-10-F-199-GR-1TO,v11,Mar-May,2026-02-23,smooth,short,54.4213818398747,52,2.421381839874698,2.421381839874698
CA-SC-10-F-20-BE-1TO,v11,Mar-May,2026-02-23,smooth,short,141.33533033094977,135,6.335330330949773,6.335330330949773
CA-SC-10-F-20-BK-1TO,v11,Mar-May,2026-02-23,smooth,short,107.33397360322675,111,3.6660263967732476,-3.6660263967732476
CA-SC-10-F-20-DG-1TO,v11,Mar-May,2026-02-23,smooth,short,65.03385068755549,75,9.966149312444514,-9.966149312444514
CA-SC-10-F-20-GR-1TO,v11,Mar-May,2026-02-23,smooth,short,59.056108926427676,59,0.056108926427675954,0.056108926427675954
CA-SC-10-F-200-BK-1TO,v11,Mar-May,2026-02-23,smooth,short,105.36461117503848,101,4.364611175038476,4.364611175038476
CA-SC-10-F-200-DG-1TO,v11,Mar-May,2026-02-23,smooth,short,134.16629987990893,89,45.166299879908934,45.166299879908934
CA-SC-10-F-205-DG-1TO,v11,Mar-May,2026-02-23,smooth,short,34.01611375307071,39,4.983886246929288,-4.983886246929288
CA-SC-10-F-208-BK-1TO,v11,Mar-May,2026-02-23,smooth,short,41.22732583426363,75,33.77267416573637,-33.77267416573637
CA-SC-10-F-215-BE-1TO,v11,Mar-May,2026-02-23,smooth,short,128.05210653555622,114,14.05210653555622,14.05210653555622
CA-SC-10-F-215-BK-1TO,v11,Mar-May,2026-02-23,smooth,short,113.13130134177405,114,0.8686986582259522,-0.8686986582259522
CA-SC-10-F-215-DB-1TO,v11,Mar-May,2026-02-23,smooth,short,50.81340027189472,27,23.81340027189472,23.81340027189472
CA-SC-10-F-216-BK-1TO,v11,Mar-May,2026-02-23,smooth,short,193.63034135374133,135,58.63034135374133,58.63034135374133
CA-SC-10-F-216-DG-1TO,v11,Mar-May,2026-02-23,smooth,short,99.37216151380876,86,13.372161513808763,13.372161513808763
CA-SC-10-F-219-BK-1TO,v11,Mar-May,2026-02-23,smooth,short,33.28051713213753,35,1.7194828678624674,-1.7194828678624674
CA-SC-10-F-22-BE-1TO,v11,Mar-May,2026-02-23,smooth,short,92.23157038912944,62,30.231570389129445,30.231570389129445
CA-SC-10-F-22-BK-1TO,v11,Mar-May,2026-02-23,smooth,short,116.92318594900209,197,80.07681405099791,-80.07681405099791
CA-SC-10-F-22-DG-1TO,v11,Mar-May,2026-02-23,smooth,short,33.39812003803397,34,0.6018799619660271,-0.6018799619660271
CA-SC-10-F-221-BK-1TO,v11,Mar-May,2026-02-23,smooth,short,56.945705960587475,56,0.9457059605874747,0.9457059605874747
CA-SC-10-F-232-BK-1TO,v11,Mar-May,2026-02-23,smooth,short,78.04153048805438,54,24.041530488054377,24.041530488054377
CA-SC-10-F-232-GR-1TO,v11,Mar-May,2026-02-23,smooth,short,72.82448142564303,94,21.17551857435697,-21.17551857435697
CA-SC-10-F-234-BE-1TO,v11,Mar-May,2026-02-23,smooth,short,138.84032051425686,109,29.84032051425686,29.84032051425686
CA-SC-10-F-234-BK-1TO,v11,Mar-May,2026-02-23,smooth,short,124.51790394423558,115,9.517903944235584,9.517903944235584
CA-SC-10-F-26-BK-1TO,v11,Mar-May,2026-02-23,smooth,short,42.793811707586215,55,12.206188292413785,-12.206188292413785
CA-SC-10-F-265-BK-1TO,v11,Mar-May,2026-02-23,smooth,short,37.31880959188758,45,7.681190408112421,-7.681190408112421
CA-SC-10-F-30-BE-1TO,v11,Mar-May,2026-02-23,smooth,short,141.6006542350699,177,35.3993457649301,-35.3993457649301
CA-SC-10-F-30-BK-1TO,v11,Mar-May,2026-02-23,smooth,short,316.9416583677299,313,3.9416583677298718,3.9416583677298718
CA-SC-10-F-30-DB-1TO,v11,Mar-May,2026-02-23,smooth,short,34.06996745330596,46,11.930032546694036,-11.930032546694036
CA-SC-10-F-30-DG-1TO,v11,Mar-May,2026-02-23,smooth,short,128.89026306578145,121,7.890263065781454,7.890263065781454
CA-SC-10-F-30-GR-1TO,v11,Mar-May,2026-02-23,smooth,short,107.75187088038547,100,7.751870880385468,7.751870880385468
CA-SC-10-F-30-WR-1TO,v11,Mar-May,2026-02-23,smooth,short,46.78765403938189,56,9.212345960618109,-9.212345960618109
CA-SC-10-F-31-BE-1TO,v11,Mar-May,2026-02-23,smooth,short,124.72540190059938,87,37.72540190059938,37.72540190059938
CA-SC-10-F-31-BK-1TO,v11,Mar-May,2026-02-23,smooth,short,281.26710406795297,305,23.73289593204703,-23.73289593204703
CA-SC-10-F-31-DB-1TO,v11,Mar-May,2026-02-23,smooth,short,38.41448193390434,52,13.58551806609566,-13.58551806609566
CA-SC-10-F-31-DG-1TO,v11,Mar-May,2026-02-23,smooth,short,115.62868790461967,93,22.628687904619667,22.628687904619667
CA-SC-10-F-31-GR-1TO,v11,Mar-May,2026-02-23,smooth,short,64.32873672207239,53,11.328736722072392,11.328736722072392
CA-SC-10-F-34-BK-1TO,v11,Mar-May,2026-02-23,smooth,short,39.12925933076751,43,3.8707406692324895,-3.8707406692324895
CA-SC-10-F-34-DG-1TO,v11,Mar-May,2026-02-23,smooth,short,48.22319689077603,48,0.22319689077603044,0.22319689077603044
CA-SC-10-F-36-DG-1TO,v11,Mar-May,2026-02-23,smooth,short,47.20519865153382,36,11.20519865153382,11.20519865153382
CA-SC-10-F-40-BE-1TO,v11,Mar-May,2026-02-23,smooth,short,150.5626686849529,176,25.43733131504709,-25.43733131504709
CA-SC-10-F-40-BK-1TO,v11,Mar-May,2026-02-23,smooth,short,663.9809238643473,590,73.98092386434735,73.98092386434735
CA-SC-10-F-40-BR-1TO,v11,Mar-May,2026-02-23,smooth,short,51.8951630385461,42,9.895163038546102,9.895163038546102
CA-SC-10-F-40-DB-1TO,v11,Mar-May,2026-02-23,smooth,short,92.73883456913121,103,10.261165430868786,-10.261165430868786
CA-SC-10-F-40-DG-1TO,v11,Mar-May,2026-02-23,smooth,short,299.7126533693109,329,29.287346630689115,-29.287346630689115
CA-SC-10-F-40-GR-1TO,v11,Mar-May,2026-02-23,smooth,short,153.935860163391,170,16.064139836609,-16.064139836609
CA-SC-10-F-40-WR-1TO,v11,Mar-May,2026-02-23,smooth,short,73.81794854904611,83,9.182051450953892,-9.182051450953892
CA-SC-10-F-43-BE-1TO,v11,Mar-May,2026-02-23,smooth,short,73.31502219236708,60,13.315022192367081,13.315022192367081
CA-SC-10-F-43-BK-1TO,v11,Mar-May,2026-02-23,smooth,short,59.82058175544506,80,20.179418244554938,-20.179418244554938
CA-SC-10-F-43-DG-1TO,v11,Mar-May,2026-02-23,smooth,short,35.8847330455883,42,6.115266954411702,-6.115266954411702
CA-SC-10-F-43-GR-1TO,v11,Mar-May,2026-02-23,smooth,short,40.637792558594136,39,1.6377925585941355,1.6377925585941355
CA-SC-10-F-59-BK-1TO,v11,Mar-May,2026-02-23,smooth,short,60.90885168913628,49,11.908851689136277,11.908851689136277
CA-SC-10-F-69-BK-1TO,v11,Mar-May,2026-02-23,smooth,short,46.68379701058605,42,4.683797010586048,4.683797010586048
CA-SC-10-F-74-BE-1TO,v11,Mar-May,2026-02-23,smooth,short,50.525355139109685,45,5.525355139109685,5.525355139109685
CA-SC-10-F-74-DG-1TO,v11,Mar-May,2026-02-23,smooth,short,37.59583493842575,40,2.404165061574247,-2.404165061574247
CA-SC-10-F-74-GR-1TO,v11,Mar-May,2026-02-23,smooth,short,37.57534772503246,45,7.424652274967542,-7.424652274967542
CA-SC-10-F-94-BE-1TO,v11,Mar-May,2026-02-23,smooth,short,90.61063094026476,89,1.6106309402647554,1.6106309402647554
CA-SC-10-F-94-DG-1TO,v11,Mar-May,2026-02-23,smooth,short,27.849851723847326,29,1.1501482761526738,-1.1501482761526738
CA-SC-10-F-99-BK-1TO,v11,Mar-May,2026-02-23,smooth,short,45.868338759473005,28,17.868338759473005,17.868338759473005
CA-SC-10-F-NEW-BE-1TO,v11,Mar-May,2026-02-23,smooth,short,139.5984383074657,97,42.5984383074657,42.5984383074657
CA-SC-10-F-NEW-BK-1TO,v11,Mar-May,2026-02-23,smooth,short,254.06661975383096,204,50.06661975383096,50.06661975383096
CA-SC-10-F-NEW-DG-1TO,v11,Mar-May,2026-02-23,smooth,short,105.25690916727797,61,44.25690916727797,44.25690916727797
CA-SC-10-F-NEW-GR-1TO,v11,Mar-May,2026-02-23,smooth,short,71.91717429291188,37,34.91717429291188,34.91717429291188
CA-SC-10-R-90-BK-1TO,v11,Mar-May,2026-02-23,smooth,short,317.162998065749,279,38.16299806574898,38.16299806574898
CA-SC-10-R-90-DB-1TO,v11,Mar-May,2026-02-23,smooth,short,60.10075470482893,22,38.10075470482893,38.10075470482893
CA-SC-10-R-90-DG-1TO,v11,Mar-May,2026-02-23,smooth,short,213.07372781732585,150,63.073727817325846,63.073727817325846
CA-SC-10-R-90-GR-1TO,v11,Mar-May,2026-02-23,smooth,short,39.29251097958928,48,8.70748902041072,-8.70748902041072
CA-SC-10-R-91-BK-1TO,v11,Mar-May,2026-02-23,smooth,short,39.08924174934554,46,6.91075825065446,-6.91075825065446
CC-CC-03-CHCV15-GR-1TO,v11,Mar-May,2026-02-23,smooth,long,133.78757244341475,122,11.787572443414746,11.787572443414746
CC-CC-03-MZMX38-GR-1TO,v11,Mar-May,2026-02-23,smooth,long,57.547453583384495,42,15.547453583384495,15.547453583384495
CC-CC-15-CHCV20-BKRD-STR,v11,Mar-May,2026-02-23,smooth,short,41.30825357712852,37,4.308253577128518,4.308253577128518
CC-CC-15-CHCV21-BKRD-STR,v11,Mar-May,2026-02-23,smooth,short,39.08850925849421,34,5.088509258494213,5.088509258494213
CC-CC-15-DGCH05-BKRD-STR,v11,Mar-May,2026-02-23,smooth,long,44.632552774215604,40,4.632552774215604,4.632552774215604
CC-CC-15-FOMU187-BKRD-STR,v11,Mar-May,2026-02-23,smooth,short,22.15584482766885,42,19.84415517233115,-19.84415517233115
CC-CN-03-B-GR-1TO,v11,Mar-May,2026-02-23,smooth,long,274.76257485207026,373,98.23742514792974,-98.23742514792974
CC-CN-03-D-GR-1TO,v11,Mar-May,2026-02-23,smooth,long,685.7883786170489,782,96.21162138295108,-96.21162138295108
CC-CN-03-F-GR-1TO,v11,Mar-May,2026-02-23,smooth,long,238.9615264713269,263,24.03847352867311,-24.03847352867311
CC-CN-03-G-GR-1TO,v11,Mar-May,2026-02-23,smooth,long,95.16081615524017,100,4.83918384475983,-4.83918384475983
CC-CN-03-H-GR-1TO,v11,Mar-May,2026-02-23,smooth,long,122.64067582496847,118,4.6406758249684685,4.6406758249684685
CC-CN-03-I-GR-1TO,v11,Mar-May,2026-02-23,smooth,long,119.42408534896303,138,18.575914651036967,-18.575914651036967
CC-CN-03-J-GR-1TO,v11,Mar-May,2026-02-23,smooth,long,649.492182500353,561,88.49218250035301,88.49218250035301
CC-CN-03-K-GR-1TO,v11,Mar-May,2026-02-23,smooth,long,666.2534918841243,646,20.253491884124287,20.253491884124287
CC-CN-03-L-GR-1TO,v11,Mar-May,2026-02-23,smooth,long,428.38694222191293,444,15.613057778087068,-15.613057778087068
CC-CN-03-M-GR-1TO,v11,Mar-May,2026-02-23,smooth,long,597.1121182507663,654,56.88788174923366,-56.88788174923366
CC-CN-03-N-GR-1TO,v11,Mar-May,2026-02-23,smooth,long,576.7025685978589,524,52.702568597858885,52.702568597858885
CC-CN-03-P-GR-1TO,v11,Mar-May,2026-02-23,smooth,long,805.699367612318,785,20.699367612318042,20.699367612318042
CC-CN-03-R-GR-1TO,v11,Mar-May,2026-02-23,smooth,long,352.0385640526806,390,37.96143594731939,-37.96143594731939
CC-CN-03-T-GR-1TO,v11,Mar-May,2026-02-23,smooth,long,124.7858879437492,169,44.2141120562508,-44.2141120562508
CC-CN-03-X-GR-1TO,v11,Mar-May,2026-02-23,smooth,long,741.8603624556852,620,121.86036245568516,121.86036245568516
CC-CN-15-D-BKRD-STR,v11,Mar-May,2026-02-23,smooth,long,44.88898262745216,27,17.888982627452158,17.888982627452158
CC-CN-15-X-BKRD-STR,v11,Mar-May,2026-02-23,smooth,short,43.01703517262545,29,14.017035172625448,14.017035172625448
CC-CP-03-F-GR-1TO,v11,Mar-May,2026-02-23,smooth,long,79.24082714519926,66,13.240827145199262,13.240827145199262
CC-CP-03-G-GR-1TO,v11,Mar-May,2026-02-23,smooth,long,720.9143931997118,757,36.08560680028825,-36.08560680028825
CC-CP-03-H-GR-1TO,v11,Mar-May,2026-02-23,smooth,long,111.74310377782113,156,44.25689622217887,-44.25689622217887
CC-CP-03-I-GR-1TO,v11,Mar-May,2026-02-23,smooth,long,355.6209633253996,377,21.3790366746004,-21.3790366746004
CC-CP-03-J-GR-1TO,v11,Mar-May,2026-02-23,smooth,long,625.5097020152011,594,31.50970201520113,31.50970201520113
CC-CP-03-K-GR-1TO,v11,Mar-May,2026-02-23,smooth,long,683.1629060518303,752,68.8370939481697,-68.8370939481697
CC-CP-03-L-GR-1TO,v11,Mar-May,2026-02-23,smooth,long,44.6863051548309,61,16.313694845169103,-16.313694845169103
CC-CP-03-M-GR-1TO,v11,Mar-May,2026-02-23,smooth,long,51.52551816253042,80,28.474481837469583,-28.474481837469583
CC-CS-03-G-GR-1TO,v11,Mar-May,2026-02-23,smooth,long,68.33787590923662,111,42.662124090763385,-42.662124090763385
CC-CS-03-H-GR-1TO,v11,Mar-May,2026-02-23,smooth,long,139.98769746380188,134,5.987697463801879,5.987697463801879
CC-CS-03-I-GR-1TO,v11,Mar-May,2026-02-23,smooth,long,205.7231707336621,209,3.2768292663378986,-3.2768292663378986
CC-CS-03-J-GR-1TO,v11,Mar-May,2026-02-23,smooth,long,75.30183489207678,115,39.69816510792322,-39.69816510792322
CC-CS-03-K-GR-1TO,v11,Mar-May,2026-02-23,smooth,long,323.6611241404396,368,44.3388758595604,-44.3388758595604
CC-CS-03-L-GR-1TO,v11,Mar-May,2026-02-23,smooth,long,195.66464790666498,160,35.66464790666498,35.66464790666498
CC-CS-03-M-GR-1TO,v11,Mar-May,2026-02-23,smooth,long,136.50815478861173,182,45.49184521138827,-45.49184521138827
CC-CS-03-N-GR-1TO,v11,Mar-May,2026-02-23,smooth,long,63.657790388854664,85,21.342209611145336,-21.342209611145336
CC-CS-15-K-BKRD-STR,v11,Mar-May,2026-02-23,smooth,short,54.35723131749178,33,21.35723131749178,21.35723131749178
CC-SN-03-B-GR-1TO,v11,Mar-May,2026-02-23,smooth,long,40.06780324634171,71,30.93219675365829,-30.93219675365829
CC-SN-03-D-GR-1TO,v11,Mar-May,2026-02-23,smooth,long,80.47125797619307,106,25.528742023806927,-25.528742023806927
CC-SS-03-G-GR-1TO,v11,Mar-May,2026-02-23,smooth,long,58.86287397983333,85,26.13712602016667,-26.13712602016667
CC-SS-03-H-GR-1TO,v11,Mar-May,2026-02-23,smooth,long,58.56439956994722,88,29.43560043005278,-29.43560043005278
CC-SS-03-I-GR-1TO,v11,Mar-May,2026-02-23,smooth,long,85.85404130372746,136,50.145958696272544,-50.145958696272544
CC-SS-03-J-GR-1TO,v11,Mar-May,2026-02-23,smooth,long,154.80744091127346,135,19.80744091127346,19.80744091127346
CC-SS-03-K-GR-1TO,v11,Mar-May,2026-02-23,smooth,long,205.11727496011622,238,32.88272503988378,-32.88272503988378
CC-SS-03-M-GR-1TO,v11,Mar-May,2026-02-23,smooth,long,210.34713579751073,267,56.65286420248927,-56.65286420248927
CC-SS-03-N-GR-1TO,v11,Mar-May,2026-02-23,smooth,long,90.18529433955348,84,6.185294339553479,6.185294339553479
CC-SS-03-R-GR-1TO,v11,Mar-May,2026-02-23,smooth,long,34.10743068093593,39,4.892569319064073,-4.892569319064073
CC-SS-15-K-BKRD-STR,v11,Mar-May,2026-02-23,smooth,short,55.742059805248914,26,29.742059805248914,29.742059805248914
CC-SS-15-M-BKRD-STR,v11,Mar-May,2026-02-23,smooth,short,57.37458426824536,44,13.374584268245357,13.374584268245357
CC-TC-03-N-GR-1TO,v11,Mar-May,2026-02-23,smooth,long,56.03809467866175,60,3.96190532133825,-3.96190532133825
CC-TC-03-P-GR-1TO,v11,Mar-May,2026-02-23,smooth,long,26.964340326054568,59,32.03565967394543,-32.03565967394543
CC-TS-03-N-GR-1TO,v11,Mar-May,2026-02-23,smooth,long,32.732125558818,46,13.267874441182002,-13.267874441182002
CC-TS-03-R-GR-1TO,v11,Mar-May,2026-02-23,smooth,long,63.940742148039284,68,4.059257851960716,-4.059257851960716
CC-TS-03-S-GR-1TO,v11,Mar-May,2026-02-23,smooth,long,190.6584924699097,288,97.3415075300903,-97.3415075300903
CC-TS-03-T-GR-1TO,v11,Mar-May,2026-02-23,smooth,long,71.3265972098651,121,49.6734027901349,-49.6734027901349
CC-TS-03-V-GR-1TO,v11,Mar-May,2026-02-23,smooth,long,33.17645355468319,36,2.8235464453168078,-2.8235464453168078
CC-TS-15-S-BKRD-STR,v11,Mar-May,2026-02-23,smooth,short,76.79364344039622,49,27.793643440396224,27.793643440396224
CC-TS-15-T-BKRD-STR,v11,Mar-May,2026-02-23,smooth,short,49.31878698528894,26,23.318786985288938,23.318786985288938
CC-TT-03-S-GR-1TO,v11,Mar-May,2026-02-23,smooth,long,27.329230178946815,32,4.6707698210531845,-4.6707698210531845
CC-TT-03-U-GR-1TO,v11,Mar-May,2026-02-23,smooth,long,47.32915713052721,55,7.670842869472793,-7.670842869472793
CC-TT-03-Y-GR-1TO,v11,Mar-May,2026-02-23,smooth,long,30.586078971305977,39,8.413921028694023,-8.413921028694023
CA-CL-AT-CBL,v11,Dec-Feb,2025-12-15,smooth,long,19.88167638391776,43,23.11832361608224,-23.11832361608224
CA-SC-10-B-10-BE-1TO,v11,Dec-Feb,2025-12-15,smooth,short,99.22849868097299,120,20.77150131902701,-20.77150131902701
CA-SC-10-B-10-BK-1TO,v11,Dec-Feb,2025-12-15,smooth,short,459.97469963205657,485,25.02530036794343,-25.02530036794343
CA-SC-10-B-10-BR-1TO,v11,Dec-Feb,2025-12-15,smooth,short,60.47305213704574,66,5.526947862954259,-5.526947862954259
CA-SC-10-B-10-DB-1TO,v11,Dec-Feb,2025-12-15,smooth,short,57.92376847142521,65,7.076231528574787,-7.076231528574787
CA-SC-10-B-10-DG-1TO,v11,Dec-Feb,2025-12-15,smooth,short,154.83751499704215,152,2.837514997042149,2.837514997042149
CA-SC-10-B-10-GR-1TO,v11,Dec-Feb,2025-12-15,smooth,short,127.48193776768822,116,11.481937767688223,11.481937767688223
CA-SC-10-B-10-WR-1TO,v11,Dec-Feb,2025-12-15,smooth,short,56.623872955666464,90,33.376127044333536,-33.376127044333536
CA-SC-10-B-125-BK-1TO,v11,Dec-Feb,2025-12-15,smooth,short,100.624354883521,65,35.624354883520994,35.624354883520994
CA-SC-10-B-125-DG-1TO,v11,Dec-Feb,2025-12-15,smooth,short,72.75602462413033,50,22.756024624130333,22.756024624130333
CA-SC-10-B-127-BK-1TO,v11,Dec-Feb,2025-12-15,smooth,short,184.88643817886026,251,66.11356182113974,-66.11356182113974
CA-SC-10-B-127-DB-1TO,v11,Dec-Feb,2025-12-15,smooth,short,46.28709357970451,69,22.71290642029549,-22.71290642029549
CA-SC-10-B-127-DG-1TO,v11,Dec-Feb,2025-12-15,smooth,short,45.68383739738377,63,17.31616260261623,-17.31616260261623
CA-SC-10-B-129-BK-1TO,v11,Dec-Feb,2025-12-15,smooth,short,58.3077070253598,33,25.307707025359797,25.307707025359797
CA-SC-10-B-131-BK-1TO,v11,Dec-Feb,2025-12-15,smooth,short,35.023213538207656,25,10.023213538207656,10.023213538207656
CA-SC-10-B-132-BK-1TO,v11,Dec-Feb,2025-12-15,smooth,short,79.19500866277208,78,1.1950086627720822,1.1950086627720822
CA-SC-10-B-132-DB-1TO,v11,Dec-Feb,2025-12-15,smooth,short,27.4219330243222,39,11.5780669756778,-11.5780669756778
CA-SC-10-B-132-DG-1TO,v11,Dec-Feb,2025-12-15,smooth,short,30.6325000309664,37,6.367499969033599,-6.367499969033599
CA-SC-10-B-137-BK-1TO,v11,Dec-Feb,2025-12-15,smooth,short,16.651972680601347,33,16.348027319398653,-16.348027319398653
CA-SC-10-B-138-BK-1TO,v11,Dec-Feb,2025-12-15,smooth,short,291.44388624208864,153,138.44388624208864,138.44388624208864
CA-SC-10-B-138-DG-1TO,v11,Dec-Feb,2025-12-15,smooth,short,135.11341786979818,81,54.113417869798184,54.113417869798184
CA-SC-10-B-141-BK-1TO,v11,Dec-Feb,2025-12-15,smooth,short,56.038035926537454,44,12.038035926537454,12.038035926537454
CA-SC-10-B-147-BK-1TO,v11,Dec-Feb,2025-12-15,smooth,short,108.4754899623358,53,55.4754899623358,55.4754899623358
CA-SC-10-B-149-DG-1TO,v11,Dec-Feb,2025-12-15,smooth,short,39.04555879923117,23,16.045558799231173,16.045558799231173
CA-SC-10-B-15-BK-1TO,v11,Dec-Feb,2025-12-15,smooth,short,35.00283528378771,51,15.99716471621229,-15.99716471621229
CA-SC-10-B-151-BK-1TO,v11,Dec-Feb,2025-12-15,smooth,short,69.66856963923725,46,23.668569639237248,23.668569639237248
CA-SC-10-B-159-BK-1TO,v11,Dec-Feb,2025-12-15,smooth,short,33.291233268905174,22,11.291233268905174,11.291233268905174
CA-SC-10-B-16-BE-1TO,v11,Dec-Feb,2025-12-15,smooth,short,28.018284650319735,30,1.9817153496802646,-1.9817153496802646
CA-SC-10-B-16-BK-1TO,v11,Dec-Feb,2025-12-15,smooth,short,79.36986650421532,73,6.369866504215324,6.369866504215324
CA-SC-10-B-162-BK-1TO,v11,Dec-Feb,2025-12-15,smooth,short,69.16147750450433,46,23.161477504504333,23.161477504504333
CA-SC-10-B-176-BK-1TO,v11,Dec-Feb,2025-12-15,smooth,short,53.969653878502385,106,52.030346121497615,-52.030346121497615
CA-SC-10-B-176-DG-1TO,v11,Dec-Feb,2025-12-15,smooth,short,17.434115368105665,43,25.565884631894335,-25.565884631894335
CA-SC-10-B-177-BK-1TO,v11,Dec-Feb,2025-12-15,smooth,short,105.61446140441961,133,27.385538595580385,-27.385538595580385
CA-SC-10-B-177-DG-1TO,v11,Dec-Feb,2025-12-15,smooth,short,48.366714591256056,59,10.633285408743944,-10.633285408743944
CA-SC-10-B-201-GR-1TO,v11,Dec-Feb,2025-12-15,smooth,short,20.011922879670802,42,21.988077120329198,-21.988077120329198
CA-SC-10-B-22-BK-1TO,v11,Dec-Feb,2025-12-15,smooth,short,32.646453489335244,40,7.353546510664756,-7.353546510664756
CA-SC-10-B-28-BE-1TO,v11,Dec-Feb,2025-12-15,smooth,short,71.46044606919054,96,24.53955393080946,-24.53955393080946
CA-SC-10-B-28-BK-1TO,v11,Dec-Feb,2025-12-15,smooth,short,143.46077287314043,156,12.539227126859572,-12.539227126859572
CA-SC-10-B-28-DB-1TO,v11,Dec-Feb,2025-12-15,smooth,short,25.804836471083732,30,4.195163528916268,-4.195163528916268
CA-SC-10-B-28-DG-1TO,v11,Dec-Feb,2025-12-15,smooth,short,38.29857201586026,59,20.70142798413974,-20.70142798413974
CA-SC-10-B-28-GR-1TO,v11,Dec-Feb,2025-12-15,smooth,short,53.44157755854562,49,4.441577558545617,4.441577558545617
CA-SC-10-B-28-WR-1TO,v11,Dec-Feb,2025-12-15,smooth,short,35.64433336305808,64,28.35566663694192,-28.35566663694192
CA-SC-10-B-32-BE-1TO,v11,Dec-Feb,2025-12-15,smooth,short,94.32867051914924,111,16.67132948085076,-16.67132948085076
CA-SC-10-B-32-BK-1TO,v11,Dec-Feb,2025-12-15,smooth,short,350.1126841982722,353,2.887315801727823,-2.887315801727823
CA-SC-10-B-32-BR-1TO,v11,Dec-Feb,2025-12-15,smooth,short,42.56069535726117,51,8.439304642738833,-8.439304642738833
CA-SC-10-B-32-DB-1TO,v11,Dec-Feb,2025-12-15,smooth,short,60.642482041445895,62,1.357517958554105,-1.357517958554105
CA-SC-10-B-32-DG-1TO,v11,Dec-Feb,2025-12-15,smooth,short,100.00212027153663,141,40.997879728463374,-40.997879728463374
CA-SC-10-B-32-GR-1TO,v11,Dec-Feb,2025-12-15,smooth,short,55.38836639640041,82,26.611633603599593,-26.611633603599593
CA-SC-10-B-32-WR-1TO,v11,Dec-Feb,2025-12-15,smooth,short,55.21624813070849,68,12.783751869291507,-12.783751869291507
CA-SC-10-B-36-BE-1TO,v11,Dec-Feb,2025-12-15,smooth,short,17.478188130150894,29,11.521811869849106,-11.521811869849106
CA-SC-10-B-36-BK-1TO,v11,Dec-Feb,2025-12-15,smooth,short,49.634394641265,44,5.634394641264997,5.634394641264997
CA-SC-10-B-37-BK-1TO,v11,Dec-Feb,2025-12-15,smooth,short,168.30303401367232,176,7.696965986327683,-7.696965986327683
CA-SC-10-B-37-DB-1TO,v11,Dec-Feb,2025-12-15,smooth,short,31.830125541346376,40,8.169874458653624,-8.169874458653624
CA-SC-10-B-37-DG-1TO,v11,Dec-Feb,2025-12-15,smooth,short,88.23741030969578,108,19.762589690304225,-19.762589690304225
CA-SC-10-B-37-GR-1TO,v11,Dec-Feb,2025-12-15,smooth,short,25.724182759754424,34,8.275817240245576,-8.275817240245576
CA-SC-10-B-38-BK-1TO,v11,Dec-Feb,2025-12-15,smooth,short,30.25666965713749,42,11.74333034286251,-11.74333034286251
CA-SC-10-B-39-BK-1TO,v11,Dec-Feb,2025-12-15,smooth,short,60.347420967608116,54,6.347420967608116,6.347420967608116
CA-SC-10-B-44-BE-1TO,v11,Dec-Feb,2025-12-15,smooth,short,88.98740518070719,65,23.987405180707185,23.987405180707185
CA-SC-10-B-44-BK-1TO,v11,Dec-Feb,2025-12-15,smooth,short,217.9973936246145,245,27.00260637538551,-27.00260637538551
CA-SC-10-B-44-DB-1TO,v11,Dec-Feb,2025-12-15,smooth,short,42.61003582104581,64,21.389964178954187,-21.389964178954187
CA-SC-10-B-44-DG-1TO,v11,Dec-Feb,2025-12-15,smooth,short,145.42673911526936,132,13.426739115269356,13.426739115269356
CA-SC-10-B-47-BE-1TO,v11,Dec-Feb,2025-12-15,smooth,short,34.026649151406474,39,4.973350848593526,-4.973350848593526
CA-SC-10-B-47-BK-1TO,v11,Dec-Feb,2025-12-15,smooth,short,38.61455201553313,40,1.3854479844668717,-1.3854479844668717
CA-SC-10-B-48-BK-1TO,v11,Dec-Feb,2025-12-15,smooth,short,18.413392242068927,33,14.586607757931073,-14.586607757931073
CA-SC-10-B-53-BK-1TO,v11,Dec-Feb,2025-12-15,smooth,short,38.61595858859897,34,4.615958588598971,4.615958588598971
CA-SC-10-B-56-BK-1TO,v11,Dec-Feb,2025-12-15,smooth,short,44.48269428630929,57,12.51730571369071,-12.51730571369071
CA-SC-10-B-71-BK-1TO,v11,Dec-Feb,2025-12-15,smooth,short,14.660149050097246,33,18.339850949902754,-18.339850949902754
CA-SC-10-B-76-BK-1TO,v11,Dec-Feb,2025-12-15,smooth,short,62.14301914279365,44,18.143019142793648,18.143019142793648
CA-SC-10-B-76-DG-1TO,v11,Dec-Feb,2025-12-15,smooth,short,36.805270684242174,34,2.805270684242174,2.805270684242174
CA-SC-10-F-10-BE-1TO,v11,Dec-Feb,2025-12-15,smooth,short,580.0962587965115,587,6.903741203488494,-6.903741203488494
CA-SC-10-F-10-BK-1TO,v11,Dec-Feb,2025-12-15,smooth,short,1272.8707038119828,1244,28.87070381198282,28.87070381198282
CA-SC-10-F-10-BR-1TO,v11,Dec-Feb,2025-12-15,smooth,short,95.12897104498259,131,35.87102895501741,-35.87102895501741
CA-SC-10-F-10-DB-1TO,v11,Dec-Feb,2025-12-15,smooth,short,123.72600942505551,168,44.27399057494449,-44.27399057494449
CA-SC-10-F-10-DG-1TO,v11,Dec-Feb,2025-12-15,smooth,short,368.7532823995105,398,29.24671760048949,-29.24671760048949
CA-SC-10-F-10-GR-1TO,v11,Dec-Feb,2025-12-15,smooth,short,223.24922657589323,283,59.75077342410677,-59.75077342410677
CA-SC-10-F-10-WR-1TO,v11,Dec-Feb,2025-12-15,smooth,short,144.88591521305207,186,41.11408478694793,-41.11408478694793
CA-SC-10-F-102-BE-1TO,v11,Dec-Feb,2025-12-15,smooth,short,25.433808583708714,18,7.433808583708714,7.433808583708714
CA-SC-10-F-103-BE-1TO,v11,Dec-Feb,2025-12-15,smooth,short,41.219006611965106,40,1.2190066119651064,1.2190066119651064
CA-SC-10-F-104-BE-1TO,v11,Dec-Feb,2025-12-15,smooth,short,51.89263170167214,40,11.892631701672137,11.892631701672137
CA-SC-10-F-106-BE-1TO,v11,Dec-Feb,2025-12-15,smooth,short,80.94700020643205,105,24.05299979356795,-24.05299979356795
CA-SC-10-F-106-BK-1TO,v11,Dec-Feb,2025-12-15,smooth,short,80.23009780896761,59,21.230097808967614,21.230097808967614
CA-SC-10-F-106-DG-1TO,v11,Dec-Feb,2025-12-15,smooth,short,103.50328348092319,112,8.496716519076813,-8.496716519076813
CA-SC-10-F-107-BK-1TO,v11,Dec-Feb,2025-12-15,smooth,short,30.583792978513106,43,12.416207021486894,-12.416207021486894
CA-SC-10-F-107-DG-1TO,v11,Dec-Feb,2025-12-15,smooth,short,64.03239712860582,49,15.032397128605822,15.032397128605822
CA-SC-10-F-11-BE-1TO,v11,Dec-Feb,2025-12-15,smooth,short,35.933108459095706,41,5.066891540904294,-5.066891540904294
CA-SC-10-F-11-BK-1TO,v11,Dec-Feb,2025-12-15,smooth,short,295.0012304343121,300,4.998769565687894,-4.998769565687894
CA-SC-10-F-11-DB-1TO,v11,Dec-Feb,2025-12-15,smooth,short,33.02657368547353,58,24.97342631452647,-24.97342631452647
CA-SC-10-F-11-DG-1TO,v11,Dec-Feb,2025-12-15,smooth,short,108.54642566702313,140,31.45357433297687,-31.45357433297687
CA-SC-10-F-11-GR-1TO,v11,Dec-Feb,2025-12-15,smooth,short,66.38902948287844,71,4.610970517121558,-4.610970517121558
CA-SC-10-F-11-WR-1TO,v11,Dec-Feb,2025-12-15,smooth,short,29.710006296145046,37,7.289993703854954,-7.289993703854954
CA-SC-10-F-116-BK-1TO,v11,Dec-Feb,2025-12-15,smooth,short,22.366460877709972,18,4.366460877709972,4.366460877709972
CA-SC-10-F-12-BE-1TO,v11,Dec-Feb,2025-12-15,smooth,short,41.592710556618364,44,2.407289443381636,-2.407289443381636
CA-SC-10-F-12-BK-1TO,v11,Dec-Feb,2025-12-15,smooth,short,79.05876257523028,75,4.058762575230276,4.058762575230276
CA-SC-10-F-12-DG-1TO,v11,Dec-Feb,2025-12-15,smooth,short,61.98059404230641,73,11.019405957693593,-11.019405957693593
CA-SC-10-F-12-GR-1TO,v11,Dec-Feb,2025-12-15,smooth,short,62.28192390158446,25,37.28192390158446,37.28192390158446
CA-SC-10-F-13-BE-1TO,v11,Dec-Feb,2025-12-15,smooth,short,66.45477265854005,73,6.545227341459949,-6.545227341459949
CA-SC-10-F-13-BK-1TO,v11,Dec-Feb,2025-12-15,smooth,short,265.49910372586453,170,95.49910372586453,95.49910372586453
CA-SC-10-F-13-DG-1TO,v11,Dec-Feb,2025-12-15,smooth,short,120.66219972828291,92,28.662199728282914,28.662199728282914
CA-SC-10-F-13-GR-1TO,v11,Dec-Feb,2025-12-15,smooth,short,63.846645721375154,66,2.153354278624846,-2.153354278624846
CA-SC-10-F-13-WR-1TO,v11,Dec-Feb,2025-12-15,smooth,short,22.081024130489897,22,0.08102413048989732,0.08102413048989732
CA-SC-10-F-14-BE-1TO,v11,Dec-Feb,2025-12-15,smooth,short,144.2311638132562,97,47.23116381325619,47.23116381325619
CA-SC-10-F-14-BK-1TO,v11,Dec-Feb,2025-12-15,smooth,short,89.34117538063616,87,2.341175380636159,2.341175380636159
CA-SC-10-F-14-GR-1TO,v11,Dec-Feb,2025-12-15,smooth,short,54.54850395741827,67,12.45149604258173,-12.45149604258173
CA-SC-10-F-16-BK-1TO,v11,Dec-Feb,2025-12-15,smooth,short,25.8183161928607,31,5.181683807139301,-5.181683807139301
CA-SC-10-F-169-BK-1TO,v11,Dec-Feb,2025-12-15,smooth,short,315.67247051197023,374,58.32752948802977,-58.32752948802977
CA-SC-10-F-169-DB-1TO,v11,Dec-Feb,2025-12-15,smooth,short,110.71014495682331,109,1.7101449568233136,1.7101449568233136
CA-SC-10-F-169-DG-1TO,v11,Dec-Feb,2025-12-15,smooth,short,77.17551290734421,110,32.82448709265579,-32.82448709265579
CA-SC-10-F-17-BK-1TO,v11,Dec-Feb,2025-12-15,smooth,short,28.995083150056665,31,2.004916849943335,-2.004916849943335
CA-SC-10-F-17-DG-1TO,v11,Dec-Feb,2025-12-15,smooth,short,19.433400316542844,28,8.566599683457156,-8.566599683457156
CA-SC-10-F-174-BK-1TO,v11,Dec-Feb,2025-12-15,smooth,short,53.5678586668861,44,9.567858666886103,9.567858666886103
CA-SC-10-F-177-BK-1TO,v11,Dec-Feb,2025-12-15,smooth,short,202.48534066986483,109,93.48534066986483,93.48534066986483
CA-SC-10-F-177-DG-1TO,v11,Dec-Feb,2025-12-15,smooth,short,146.80565598000084,80,66.80565598000084,66.80565598000084
CA-SC-10-F-18-BK-1TO,v11,Dec-Feb,2025-12-15,smooth,short,59.71038516282643,63,3.2896148371735734,-3.2896148371735734
CA-SC-10-F-182-BK-1TO,v11,Dec-Feb,2025-12-15,smooth,short,49.50927180184082,41,8.509271801840818,8.509271801840818
CA-SC-10-F-182-DG-1TO,v11,Dec-Feb,2025-12-15,smooth,short,98.65694784373197,77,21.65694784373197,21.65694784373197
CA-SC-10-F-182-GR-1TO,v11,Dec-Feb,2025-12-15,smooth,short,43.88051267163204,32,11.88051267163204,11.88051267163204
CA-SC-10-F-183-BK-1TO,v11,Dec-Feb,2025-12-15,smooth,short,111.01876457156511,72,39.018764571565114,39.018764571565114
CA-SC-10-F-183-DG-1TO,v11,Dec-Feb,2025-12-15,smooth,short,44.90011321188784,59,14.099886788112158,-14.099886788112158
CA-SC-10-F-185-BE-1TO,v11,Dec-Feb,2025-12-15,smooth,short,34.46329141488563,22,12.463291414885632,12.463291414885632
CA-SC-10-F-185-BK-1TO,v11,Dec-Feb,2025-12-15,smooth,short,64.175057113096,27,37.175057113096,37.175057113096
CA-SC-10-F-185-DG-1TO,v11,Dec-Feb,2025-12-15,smooth,short,41.20656530758777,25,16.206565307587773,16.206565307587773
CA-SC-10-F-188-BK-1TO,v11,Dec-Feb,2025-12-15,smooth,short,95.33144464341754,78,17.33144464341754,17.33144464341754
CA-SC-10-F-188-DG-1TO,v11,Dec-Feb,2025-12-15,smooth,short,25.54974463978399,24,1.5497446397839916,1.5497446397839916
CA-SC-10-F-190-BE-1TO,v11,Dec-Feb,2025-12-15,smooth,short,42.31049783554887,38,4.310497835548873,4.310497835548873
CA-SC-10-F-190-BK-1TO,v11,Dec-Feb,2025-12-15,smooth,short,307.8689630289362,279,28.868963028936207,28.868963028936207
CA-SC-10-F-190-DB-1TO,v11,Dec-Feb,2025-12-15,smooth,short,55.99462979021494,80,24.005370209785063,-24.005370209785063
CA-SC-10-F-190-DG-1TO,v11,Dec-Feb,2025-12-15,smooth,short,89.36754288921337,80,9.367542889213368,9.367542889213368
CA-SC-10-F-193-BK-1TO,v11,Dec-Feb,2025-12-15,smooth,short,279.29757949301495,140,139.29757949301495,139.29757949301495
CA-SC-10-F-193-DG-1TO,v11,Dec-Feb,2025-12-15,smooth,short,102.4300467133772,40,62.430046713377195,62.430046713377195
CA-SC-10-F-197-BK-1TO,v11,Dec-Feb,2025-12-15,smooth,short,78.5450730299483,90,11.454926970051702,-11.454926970051702
CA-SC-10-F-197-DG-1TO,v11,Dec-Feb,2025-12-15,smooth,short,32.30337045477219,40,7.6966295452278075,-7.6966295452278075
CA-SC-10-F-199-BE-1TO,v11,Dec-Feb,2025-12-15,smooth,short,24.01110544479167,40,15.98889455520833,-15.98889455520833
CA-SC-10-F-199-BK-1TO,v11,Dec-Feb,2025-12-15,smooth,short,328.79113950445196,349,20.208860495548038,-20.208860495548038
CA-SC-10-F-199-DB-1TO,v11,Dec-Feb,2025-12-15,smooth,short,50.631703722043355,52,1.3682962779566452,-1.3682962779566452
CA-SC-10-F-199-DG-1TO,v11,Dec-Feb,2025-12-15,smooth,short,161.829665119526,169,7.170334880474002,-7.170334880474002
CA-SC-10-F-199-GR-1TO,v11,Dec-Feb,2025-12-15,smooth,short,32.52705479264756,37,4.4729452073524385,-4.4729452073524385
CA-SC-10-F-20-BE-1TO,v11,Dec-Feb,2025-12-15,smooth,short,76.80343557112334,103,26.196564428876655,-26.196564428876655
CA-SC-10-F-20-BK-1TO,v11,Dec-Feb,2025-12-15,smooth,short,95.71891235305617,84,11.718912353056169,11.718912353056169
CA-SC-10-F-20-DG-1TO,v11,Dec-Feb,2025-12-15,smooth,short,22.133456814983646,41,18.866543185016354,-18.866543185016354
CA-SC-10-F-20-GR-1TO,v11,Dec-Feb,2025-12-15,smooth,short,31.41366369996166,48,16.58633630003834,-16.58633630003834
CA-SC-10-F-200-BK-1TO,v11,Dec-Feb,2025-12-15,smooth,short,90.975050424106,89,1.9750504241060014,1.9750504241060014
CA-SC-10-F-200-DG-1TO,v11,Dec-Feb,2025-12-15,smooth,short,50.78450556697397,85,34.21549443302603,-34.21549443302603
CA-SC-10-F-208-BK-1TO,v11,Dec-Feb,2025-12-15,smooth,short,58.551757136295585,34,24.551757136295585,24.551757136295585
CA-SC-10-F-215-BE-1TO,v11,Dec-Feb,2025-12-15,smooth,short,90.4117403754445,100,9.588259624555505,-9.588259624555505
CA-SC-10-F-215-BK-1TO,v11,Dec-Feb,2025-12-15,smooth,short,136.0850183870648,95,41.08501838706479,41.08501838706479
CA-SC-10-F-215-DB-1TO,v11,Dec-Feb,2025-12-15,smooth,short,29.6220698032218,40,10.377930196778198,-10.377930196778198
CA-SC-10-F-216-BK-1TO,v11,Dec-Feb,2025-12-15,smooth,short,150.57771674127687,153,2.4222832587231267,-2.4222832587231267
CA-SC-10-F-216-DG-1TO,v11,Dec-Feb,2025-12-15,smooth,short,54.048011655112,82,27.951988344888,-27.951988344888
CA-SC-10-F-219-BK-1TO,v11,Dec-Feb,2025-12-15,smooth,short,31.528497032150785,25,6.528497032150785,6.528497032150785
CA-SC-10-F-22-BE-1TO,v11,Dec-Feb,2025-12-15,smooth,short,57.53244691165039,57,0.5324469116503892,0.5324469116503892
CA-SC-10-F-22-BK-1TO,v11,Dec-Feb,2025-12-15,smooth,short,115.66644866024468,116,0.33355133975531714,-0.33355133975531714
CA-SC-10-F-22-DG-1TO,v11,Dec-Feb,2025-12-15,smooth,short,27.361430844955,23,4.361430844954999,4.361430844954999
CA-SC-10-F-221-BK-1TO,v11,Dec-Feb,2025-12-15,smooth,short,79.69561270003396,37,42.69561270003396,42.69561270003396
CA-SC-10-F-232-BK-1TO,v11,Dec-Feb,2025-12-15,smooth,short,53.37540229125566,62,8.62459770874434,-8.62459770874434
CA-SC-10-F-232-GR-1TO,v11,Dec-Feb,2025-12-15,smooth,short,52.38216250586089,68,15.61783749413911,-15.61783749413911
CA-SC-10-F-234-BE-1TO,v11,Dec-Feb,2025-12-15,smooth,short,48.93102481439281,80,31.068975185607187,-31.068975185607187
CA-SC-10-F-234-BK-1TO,v11,Dec-Feb,2025-12-15,smooth,short,74.06217793752232,97,22.93782206247768,-22.93782206247768
CA-SC-10-F-26-BK-1TO,v11,Dec-Feb,2025-12-15,smooth,short,30.183736713649427,37,6.816263286350573,-6.816263286350573
CA-SC-10-F-265-BK-1TO,v11,Dec-Feb,2025-12-15,smooth,short,43.60612565296362,30,13.60612565296362,13.60612565296362
CA-SC-10-F-30-BE-1TO,v11,Dec-Feb,2025-12-15,smooth,short,159.87953236995227,111,48.87953236995227,48.87953236995227
CA-SC-10-F-30-BK-1TO,v11,Dec-Feb,2025-12-15,smooth,short,213.91404848249883,249,35.08595151750117,-35.08595151750117
CA-SC-10-F-30-DG-1TO,v11,Dec-Feb,2025-12-15,smooth,short,78.19651275273485,100,21.803487247265153,-21.803487247265153
CA-SC-10-F-30-GR-1TO,v11,Dec-Feb,2025-12-15,smooth,short,70.30802321301259,81,10.69197678698741,-10.69197678698741
CA-SC-10-F-31-BE-1TO,v11,Dec-Feb,2025-12-15,smooth,short,58.63145485807243,83,24.36854514192757,-24.36854514192757
CA-SC-10-F-31-BK-1TO,v11,Dec-Feb,2025-12-15,smooth,short,226.31059888537663,231,4.689401114623365,-4.689401114623365
CA-SC-10-F-31-DB-1TO,v11,Dec-Feb,2025-12-15,smooth,short,35.40541021959894,29,6.4054102195989415,6.4054102195989415
CA-SC-10-F-31-DG-1TO,v11,Dec-Feb,2025-12-15,smooth,short,77.12699012442388,76,1.1269901244238838,1.1269901244238838
CA-SC-10-F-31-GR-1TO,v11,Dec-Feb,2025-12-15,smooth,short,35.592698519401495,48,12.407301480598505,-12.407301480598505
CA-SC-10-F-34-BK-1TO,v11,Dec-Feb,2025-12-15,smooth,short,34.08151507290445,30,4.081515072904452,4.081515072904452
CA-SC-10-F-34-DG-1TO,v11,Dec-Feb,2025-12-15,smooth,short,19.760680956498174,32,12.239319043501826,-12.239319043501826
CA-SC-10-F-36-DG-1TO,v11,Dec-Feb,2025-12-15,smooth,short,37.341824571091514,30,7.341824571091514,7.341824571091514
CA-SC-10-F-40-BE-1TO,v11,Dec-Feb,2025-12-15,smooth,short,123.11139960266584,118,5.111399602665841,5.111399602665841
CA-SC-10-F-40-BK-1TO,v11,Dec-Feb,2025-12-15,smooth,short,508.4754690631599,477,31.475469063159892,31.475469063159892
CA-SC-10-F-40-BR-1TO,v11,Dec-Feb,2025-12-15,smooth,short,49.42212932344148,35,14.422129323441482,14.422129323441482
CA-SC-10-F-40-DB-1TO,v11,Dec-Feb,2025-12-15,smooth,short,95.15793421190867,78,17.157934211908668,17.157934211908668
CA-SC-10-F-40-DG-1TO,v11,Dec-Feb,2025-12-15,smooth,short,269.0480513321179,222,47.04805133211789,47.04805133211789
CA-SC-10-F-40-GR-1TO,v11,Dec-Feb,2025-12-15,smooth,short,99.68322752165896,125,25.316772478341036,-25.316772478341036
CA-SC-10-F-40-WR-1TO,v11,Dec-Feb,2025-12-15,smooth,short,52.21380634866513,69,16.78619365133487,-16.78619365133487
CA-SC-10-F-43-BE-1TO,v11,Dec-Feb,2025-12-15,smooth,short,41.120822108583916,48,6.879177891416084,-6.879177891416084
CA-SC-10-F-43-BK-1TO,v11,Dec-Feb,2025-12-15,smooth,short,49.40114684835097,51,1.5988531516490312,-1.5988531516490312
CA-SC-10-F-43-DG-1TO,v11,Dec-Feb,2025-12-15,smooth,short,22.656928201365016,21,1.656928201365016,1.656928201365016
CA-SC-10-F-43-GR-1TO,v11,Dec-Feb,2025-12-15,smooth,short,22.520903389615896,22,0.5209033896158957,0.5209033896158957
CA-SC-10-F-74-BE-1TO,v11,Dec-Feb,2025-12-15,smooth,short,60.75705475424526,42,18.75705475424526,18.75705475424526
CA-SC-10-F-74-DG-1TO,v11,Dec-Feb,2025-12-15,smooth,short,33.16921780344669,29,4.169217803446692,4.169217803446692
CA-SC-10-F-74-GR-1TO,v11,Dec-Feb,2025-12-15,smooth,short,23.755213631283453,27,3.2447863687165466,-3.2447863687165466
CA-SC-10-F-94-BE-1TO,v11,Dec-Feb,2025-12-15,smooth,short,73.42000636287786,72,1.4200063628778565,1.4200063628778565
CA-SC-10-F-99-BK-1TO,v11,Dec-Feb,2025-12-15,smooth,short,22.62143373365041,45,22.37856626634959,-22.37856626634959
CA-SC-10-F-NEW-BE-1TO,v11,Dec-Feb,2025-12-15,smooth,short,117.30153851213876,98,19.301538512138762,19.301538512138762
CA-SC-10-F-NEW-BK-1TO,v11,Dec-Feb,2025-12-15,smooth,short,262.21621706628304,242,20.216217066283036,20.216217066283036
CA-SC-10-F-NEW-DG-1TO,v11,Dec-Feb,2025-12-15,smooth,short,133.3224012081521,82,51.32240120815209,51.32240120815209
CA-SC-10-F-NEW-GR-1TO,v11,Dec-Feb,2025-12-15,smooth,short,61.28471558240953,50,11.284715582409532,11.284715582409532
CA-SC-10-R-90-BK-1TO,v11,Dec-Feb,2025-12-15,smooth,short,250.9438123118409,262,11.056187688159099,-11.056187688159099
CA-SC-10-R-90-DB-1TO,v11,Dec-Feb,2025-12-15,smooth,short,39.06249771924301,42,2.9375022807569877,-2.9375022807569877
CA-SC-10-R-90-DG-1TO,v11,Dec-Feb,2025-12-15,smooth,short,109.23203976556653,139,29.767960234433474,-29.767960234433474
CA-SC-10-R-90-GR-1TO,v11,Dec-Feb,2025-12-15,smooth,short,21.280978685430405,18,3.280978685430405,3.280978685430405
CA-SC-10-R-91-BK-1TO,v11,Dec-Feb,2025-12-15,smooth,short,27.219358507009176,29,1.7806414929908243,-1.7806414929908243
CC-CC-03-CHCV15-GR-1TO,v11,Dec-Feb,2025-12-15,smooth,long,227.60101704471754,116,111.60101704471754,111.60101704471754
CC-CC-03-MZMX38-GR-1TO,v11,Dec-Feb,2025-12-15,smooth,long,72.82465175300527,55,17.82465175300527,17.82465175300527
CC-CC-15-CHCV20-BKRD-STR,v11,Dec-Feb,2025-12-15,smooth,short,32.69582972594227,31,1.6958297259422679,1.6958297259422679
CC-CC-15-CHCV21-BKRD-STR,v11,Dec-Feb,2025-12-15,smooth,short,33.38811128027786,32,1.3881112802778617,1.3881112802778617
CC-CC-15-DGCH05-BKRD-STR,v11,Dec-Feb,2025-12-15,smooth,short,49.08445376730292,39,10.084453767302918,10.084453767302918
CC-CC-15-FOMU187-BKRD-STR,v11,Dec-Feb,2025-12-15,smooth,short,40.56999424880575,18,22.56999424880575,22.56999424880575
CC-CN-03-B-GR-1TO,v11,Dec-Feb,2025-12-15,smooth,long,326.5702729126008,253,73.57027291260079,73.57027291260079
CC-CN-03-D-GR-1TO,v11,Dec-Feb,2025-12-15,smooth,long,716.0735045237202,634,82.0735045237202,82.0735045237202
CC-CN-03-F-GR-1TO,v11,Dec-Feb,2025-12-15,smooth,long,225.251818846937,217,8.251818846936999,8.251818846936999
CC-CN-03-G-GR-1TO,v11,Dec-Feb,2025-12-15,smooth,long,70.27858966932848,85,14.721410330671517,-14.721410330671517
CC-CN-03-H-GR-1TO,v11,Dec-Feb,2025-12-15,smooth,long,117.2901814350605,113,4.290181435060504,4.290181435060504
CC-CN-03-I-GR-1TO,v11,Dec-Feb,2025-12-15,smooth,long,125.8288359907655,105,20.828835990765498,20.828835990765498
CC-CN-03-J-GR-1TO,v11,Dec-Feb,2025-12-15,smooth,long,711.6341979500655,642,69.63419795006553,69.63419795006553
CC-CN-03-K-GR-1TO,v11,Dec-Feb,2025-12-15,smooth,long,672.0937707714236,595,77.09377077142358,77.09377077142358
CC-CN-03-L-GR-1TO,v11,Dec-Feb,2025-12-15,smooth,long,412.86830625929156,414,1.1316937407084424,-1.1316937407084424
CC-CN-03-M-GR-1TO,v11,Dec-Feb,2025-12-15,smooth,long,598.7964316499056,559,39.79643164990557,39.79643164990557
CC-CN-03-N-GR-1TO,v11,Dec-Feb,2025-12-15,smooth,long,628.256942462866,515,113.25694246286605,113.25694246286605
CC-CN-03-P-GR-1TO,v11,Dec-Feb,2025-12-15,smooth,long,840.891456418683,748,92.89145641868299,92.89145641868299
CC-CN-03-R-GR-1TO,v11,Dec-Feb,2025-12-15,smooth,long,295.4671678051741,322,26.532832194825914,-26.532832194825914
CC-CN-03-T-GR-1TO,v11,Dec-Feb,2025-12-15,smooth,long,113.80230466286135,113,0.8023046628613457,0.8023046628613457
CC-CN-03-X-GR-1TO,v11,Dec-Feb,2025-12-15,smooth,long,764.7575653759244,728,36.7575653759244,36.7575653759244
CC-CN-15-D-BKRD-STR,v11,Dec-Feb,2025-12-15,smooth,short,39.38124257418584,40,0.6187574258141595,-0.6187574258141595
CC-CN-15-X-BKRD-STR,v11,Dec-Feb,2025-12-15,smooth,short,38.22772318857572,30,8.227723188575723,8.227723188575723
CC-CP-03-F-GR-1TO,v11,Dec-Feb,2025-12-15,smooth,long,83.45208783064064,71,12.452087830640636,12.452087830640636
CC-CP-03-G-GR-1TO,v11,Dec-Feb,2025-12-15,smooth,long,717.3811583582221,668,49.38115835822214,49.38115835822214
CC-CP-03-H-GR-1TO,v11,Dec-Feb,2025-12-15,smooth,long,123.97460651122681,96,27.97460651122681,27.97460651122681
CC-CP-03-I-GR-1TO,v11,Dec-Feb,2025-12-15,smooth,long,348.61819154154267,346,2.6181915415426715,2.6181915415426715
CC-CP-03-J-GR-1TO,v11,Dec-Feb,2025-12-15,smooth,long,597.2101259650652,577,20.21012596506523,20.21012596506523
CC-CP-03-K-GR-1TO,v11,Dec-Feb,2025-12-15,smooth,long,757.9736644850865,656,101.97366448508649,101.97366448508649
CC-CP-03-L-GR-1TO,v11,Dec-Feb,2025-12-15,smooth,long,67.33364642936127,55,12.333646429361266,12.333646429361266
CC-CP-03-M-GR-1TO,v11,Dec-Feb,2025-12-15,smooth,long,41.257076212935694,50,8.742923787064306,-8.742923787064306
CC-CS-03-G-GR-1TO,v11,Dec-Feb,2025-12-15,smooth,long,78.05933144632701,58,20.059331446327008,20.059331446327008
CC-CS-03-H-GR-1TO,v11,Dec-Feb,2025-12-15,smooth,long,104.30237961239597,138,33.69762038760403,-33.69762038760403
CC-CS-03-I-GR-1TO,v11,Dec-Feb,2025-12-15,smooth,long,184.52866373563293,181,3.5286637356329322,3.5286637356329322
CC-CS-03-J-GR-1TO,v11,Dec-Feb,2025-12-15,smooth,long,41.31955092700597,74,32.68044907299403,-32.68044907299403
CC-CS-03-K-GR-1TO,v11,Dec-Feb,2025-12-15,smooth,long,224.01848972319345,278,53.981510276806546,-53.981510276806546
CC-CS-03-L-GR-1TO,v11,Dec-Feb,2025-12-15,smooth,long,161.18645639414424,173,11.813543605855756,-11.813543605855756
CC-CS-03-M-GR-1TO,v11,Dec-Feb,2025-12-15,smooth,long,105.54543205426327,128,22.454567945736727,-22.454567945736727
CC-CS-03-N-GR-1TO,v11,Dec-Feb,2025-12-15,smooth,long,64.63872460885106,62,2.6387246088510636,2.6387246088510636
CC-CS-15-K-BKRD-STR,v11,Dec-Feb,2025-12-15,smooth,short,24.927732319407887,28,3.0722676805921125,-3.0722676805921125
CC-SN-03-B-GR-1TO,v11,Dec-Feb,2025-12-15,smooth,long,49.456214113563014,37,12.456214113563014,12.456214113563014
CC-SN-03-D-GR-1TO,v11,Dec-Feb,2025-12-15,smooth,long,77.85662949576823,75,2.8566294957682317,2.8566294957682317
CC-SS-03-G-GR-1TO,v11,Dec-Feb,2025-12-15,smooth,long,56.57495228617944,66,9.425047713820561,-9.425047713820561
CC-SS-03-H-GR-1TO,v11,Dec-Feb,2025-12-15,smooth,long,50.74820438500814,49,1.7482043850081368,1.7482043850081368
CC-SS-03-I-GR-1TO,v11,Dec-Feb,2025-12-15,smooth,long,77.332686872449,96,18.667313127550997,-18.667313127550997
CC-SS-03-J-GR-1TO,v11,Dec-Feb,2025-12-15,smooth,long,90.69914492454892,147,56.30085507545108,-56.30085507545108
CC-SS-03-K-GR-1TO,v11,Dec-Feb,2025-12-15,smooth,long,109.04905622215011,209,99.95094377784989,-99.95094377784989
CC-SS-03-M-GR-1TO,v11,Dec-Feb,2025-12-15,smooth,long,200.1139515764383,214,13.886048423561704,-13.886048423561704
CC-SS-03-N-GR-1TO,v11,Dec-Feb,2025-12-15,smooth,long,45.42829629655416,84,38.57170370344584,-38.57170370344584
CC-SS-03-R-GR-1TO,v11,Dec-Feb,2025-12-15,smooth,long,39.53316980514744,30,9.533169805147438,9.533169805147438
CC-SS-15-K-BKRD-STR,v11,Dec-Feb,2025-12-15,smooth,short,33.45073650596737,41,7.54926349403263,-7.54926349403263
CC-SS-15-M-BKRD-STR,v11,Dec-Feb,2025-12-15,smooth,short,44.48563136527264,49,4.5143686347273615,-4.5143686347273615
CC-TC-03-N-GR-1TO,v11,Dec-Feb,2025-12-15,smooth,long,34.505831837954034,54,19.494168162045966,-19.494168162045966
CC-TC-03-P-GR-1TO,v11,Dec-Feb,2025-12-15,smooth,long,18.136865836464505,22,3.863134163535495,-3.863134163535495
CC-TS-03-N-GR-1TO,v11,Dec-Feb,2025-12-15,smooth,long,26.99794953486515,27,0.002050465134850299,-0.002050465134850299
CC-TS-03-R-GR-1TO,v11,Dec-Feb,2025-12-15,smooth,long,40.49574452767364,58,17.504255472326363,-17.504255472326363
CC-TS-03-S-GR-1TO,v11,Dec-Feb,2025-12-15,smooth,long,157.63997744250312,179,21.360022557496876,-21.360022557496876
CC-TS-03-T-GR-1TO,v11,Dec-Feb,2025-12-15,smooth,long,57.54277105183766,72,14.457228948162339,-14.457228948162339
CC-TS-03-V-GR-1TO,v11,Dec-Feb,2025-12-15,smooth,long,31.285869911880194,32,0.7141300881198056,-0.7141300881198056
CC-TS-15-S-BKRD-STR,v11,Dec-Feb,2025-12-15,smooth,short,21.122927243980733,22,0.8770727560192668,-0.8770727560192668
CC-TS-15-T-BKRD-STR,v11,Dec-Feb,2025-12-15,smooth,short,29.59270406874087,37,7.4072959312591315,-7.4072959312591315
CC-TT-03-S-GR-1TO,v11,Dec-Feb,2025-12-15,smooth,long,36.0559001652881,26,10.0559001652881,10.0559001652881
CC-TT-03-U-GR-1TO,v11,Dec-Feb,2025-12-15,smooth,long,43.706697872473114,47,3.2933021275268857,-3.2933021275268857
CC-TT-03-Y-GR-1TO,v11,Dec-Feb,2025-12-15,smooth,long,30.571200595718427,33,2.4287994042815733,-2.4287994042815733
CA-CL-AT-CBL,v11,Oct-Dec,2025-10-06,smooth,long,45.52842080729403,32,13.528420807294033,13.528420807294033
CA-SC-10-B-10-WR-1TO,v11,Oct-Dec,2025-10-06,smooth,short,98.24866017675157,64,34.24866017675157,34.24866017675157
CA-SC-10-B-15-BK-1TO,v11,Oct-Dec,2025-10-06,smooth,short,21.763393229265372,43,21.236606770734628,-21.236606770734628
CA-SC-10-B-39-BK-1TO,v11,Oct-Dec,2025-10-06,smooth,short,93.60483106111475,67,26.60483106111475,26.60483106111475
CA-SC-10-B-76-BK-1TO,v11,Oct-Dec,2025-10-06,smooth,short,49.03649813496608,53,3.963501865033919,-3.963501865033919
CA-SC-10-F-12-BK-1TO,v11,Oct-Dec,2025-10-06,smooth,short,104.38368648106142,89,15.383686481061417,15.383686481061417
CA-SC-10-F-185-BE-1TO,v11,Oct-Dec,2025-10-06,smooth,short,36.614247735755235,50,13.385752264244765,-13.385752264244765
CA-SC-10-F-185-BK-1TO,v11,Oct-Dec,2025-10-06,smooth,short,74.1157284212301,88,13.884271578769898,-13.884271578769898
CA-SC-10-F-190-BK-1TO,v11,Oct-Dec,2025-10-06,smooth,short,309.391606272471,334,24.608393727529005,-24.608393727529005
CA-SC-10-F-199-GR-1TO,v11,Oct-Dec,2025-10-06,smooth,short,56.40672148675827,39,17.406721486758272,17.406721486758272
CA-SC-10-F-20-BK-1TO,v11,Oct-Dec,2025-10-06,smooth,short,54.11467702229217,69,14.88532297770783,-14.88532297770783
CA-SC-10-F-232-BK-1TO,v11,Oct-Dec,2025-10-06,smooth,short,39.27646054592914,45,5.72353945407086,-5.72353945407086
CC-CC-03-CHCV15-GR-1TO,v11,Oct-Dec,2025-10-06,smooth,long,287.52810136574476,352,64.47189863425524,-64.47189863425524
CC-CC-03-MZMX38-GR-1TO,v11,Oct-Dec,2025-10-06,smooth,long,136.8282740825474,125,11.82827408254741,11.82827408254741
CC-CC-15-DGCH05-BKRD-STR,v11,Oct-Dec,2025-10-06,smooth,short,72.14939604288763,69,3.1493960428876306,3.1493960428876306
CC-CC-15-FOMU187-BKRD-STR,v11,Oct-Dec,2025-10-06,smooth,short,100.96618173427954,50,50.966181734279544,50.966181734279544
CC-CN-03-B-GR-1TO,v11,Oct-Dec,2025-10-06,smooth,long,464.8414071352653,502,37.158592864734715,-37.158592864734715
CC-CN-03-D-GR-1TO,v11,Oct-Dec,2025-10-06,smooth,long,1174.3239846270924,1064,110.32398462709239,110.32398462709239
CC-CN-03-F-GR-1TO,v11,Oct-Dec,2025-10-06,smooth,long,275.6931760290266,302,26.306823970973426,-26.306823970973426
CC-CN-03-G-GR-1TO,v11,Oct-Dec,2025-10-06,smooth,long,96.34115764060206,112,15.658842359397937,-15.658842359397937
CC-CN-03-H-GR-1TO,v11,Oct-Dec,2025-10-06,smooth,long,119.19159061852338,169,49.80840938147662,-49.80840938147662
CC-CN-03-I-GR-1TO,v11,Oct-Dec,2025-10-06,smooth,long,156.58699264917502,169,12.413007350824984,-12.413007350824984
CC-CN-03-J-GR-1TO,v11,Oct-Dec,2025-10-06,smooth,long,1160.1258357407726,1092,68.12583574077257,68.12583574077257
CC-CN-03-K-GR-1TO,v11,Oct-Dec,2025-10-06,smooth,long,915.2559212708948,1044,128.74407872910524,-128.74407872910524
CC-CN-03-L-GR-1TO,v11,Oct-Dec,2025-10-06,smooth,long,664.0775452538479,714,49.922454746152084,-49.922454746152084
CC-CN-03-M-GR-1TO,v11,Oct-Dec,2025-10-06,smooth,long,891.4288506306933,937,45.57114936930668,-45.57114936930668
CC-CN-03-N-GR-1TO,v11,Oct-Dec,2025-10-06,smooth,long,788.5365078173702,933,144.4634921826298,-144.4634921826298
CC-CN-03-P-GR-1TO,v11,Oct-Dec,2025-10-06,smooth,long,1037.9412114106806,1075,37.05878858931942,-37.05878858931942
CC-CN-03-R-GR-1TO,v11,Oct-Dec,2025-10-06,smooth,long,497.65304809940784,482,15.65304809940784,15.65304809940784
CC-CN-03-T-GR-1TO,v11,Oct-Dec,2025-10-06,smooth,long,157.5223597073605,187,29.477640292639506,-29.477640292639506
CC-CN-03-X-GR-1TO,v11,Oct-Dec,2025-10-06,smooth,long,1364.5680976578708,1255,109.5680976578708,109.5680976578708
CC-CN-15-D-BKRD-STR,v11,Oct-Dec,2025-10-06,smooth,short,75.5155257952402,45,30.515525795240194,30.515525795240194
CC-CN-15-X-BKRD-STR,v11,Oct-Dec,2025-10-06,smooth,short,41.217885079133886,45,3.782114920866114,-3.782114920866114
CC-CP-03-F-GR-1TO,v11,Oct-Dec,2025-10-06,smooth,long,85.74740807387121,113,27.252591926128787,-27.252591926128787
CC-CP-03-G-GR-1TO,v11,Oct-Dec,2025-10-06,smooth,long,1216.4966444491113,1011,205.49664444911127,205.49664444911127
CC-CP-03-H-GR-1TO,v11,Oct-Dec,2025-10-06,smooth,long,147.74369550905462,167,19.256304490945382,-19.256304490945382
CC-CP-03-I-GR-1TO,v11,Oct-Dec,2025-10-06,smooth,long,551.4081579815809,550,1.408157981580871,1.408157981580871
CC-CP-03-J-GR-1TO,v11,Oct-Dec,2025-10-06,smooth,long,1106.4189309969793,1005,101.41893099697927,101.41893099697927
CC-CP-03-K-GR-1TO,v11,Oct-Dec,2025-10-06,smooth,long,1199.396709486129,1224,24.60329051387089,-24.60329051387089
CC-CP-03-L-GR-1TO,v11,Oct-Dec,2025-10-06,smooth,long,67.6129470661616,81,13.387052933838405,-13.387052933838405
CC-CP-03-M-GR-1TO,v11,Oct-Dec,2025-10-06,smooth,long,104.69350156190582,64,40.69350156190582,40.69350156190582
CC-CS-03-G-GR-1TO,v11,Oct-Dec,2025-10-06,smooth,long,72.38502593605504,108,35.614974063944956,-35.614974063944956
CC-CS-03-H-GR-1TO,v11,Oct-Dec,2025-10-06,smooth,long,186.16975557635556,177,9.169755576355556,9.169755576355556
CC-CS-03-I-GR-1TO,v11,Oct-Dec,2025-10-06,smooth,long,236.95830119787948,251,14.041698802120521,-14.041698802120521
CC-CS-03-J-GR-1TO,v11,Oct-Dec,2025-10-06,smooth,long,102.65234666597549,62,40.652346665975486,40.652346665975486
CC-CS-03-K-GR-1TO,v11,Oct-Dec,2025-10-06,smooth,long,389.3491933406715,363,26.34919334067149,26.34919334067149
CC-CS-03-L-GR-1TO,v11,Oct-Dec,2025-10-06,smooth,long,188.57055915241327,200,11.429440847586733,-11.429440847586733
CC-CS-03-M-GR-1TO,v11,Oct-Dec,2025-10-06,smooth,long,216.8528587811373,177,39.852858781137286,39.852858781137286
CC-CS-03-N-GR-1TO,v11,Oct-Dec,2025-10-06,smooth,long,87.04461479605379,92,4.955385203946207,-4.955385203946207
CC-CS-15-K-BKRD-STR,v11,Oct-Dec,2025-10-06,smooth,short,42.02482146950747,30,12.024821469507472,12.024821469507472
CC-SN-03-B-GR-1TO,v11,Oct-Dec,2025-10-06,smooth,long,80.04441589295638,67,13.04441589295638,13.04441589295638
CC-SN-03-D-GR-1TO,v11,Oct-Dec,2025-10-06,smooth,long,100.69672531745766,111,10.303274682542337,-10.303274682542337
CC-SS-03-G-GR-1TO,v11,Oct-Dec,2025-10-06,smooth,long,105.14731494796752,82,23.147314947967516,23.147314947967516
CC-SS-03-H-GR-1TO,v11,Oct-Dec,2025-10-06,smooth,long,53.928673025939595,67,13.071326974060405,-13.071326974060405
CC-SS-03-I-GR-1TO,v11,Oct-Dec,2025-10-06,smooth,long,129.70303470195336,116,13.703034701953356,13.703034701953356
CC-SS-03-J-GR-1TO,v11,Oct-Dec,2025-10-06,smooth,long,184.60157370089075,142,42.601573700890754,42.601573700890754
CC-SS-03-K-GR-1TO,v11,Oct-Dec,2025-10-06,smooth,long,210.32676239713444,198,12.326762397134445,12.326762397134445
CC-SS-03-M-GR-1TO,v11,Oct-Dec,2025-10-06,smooth,long,325.0230980118061,302,23.0230980118061,23.0230980118061
CC-SS-03-N-GR-1TO,v11,Oct-Dec,2025-10-06,smooth,long,92.61408618947507,84,8.614086189475074,8.614086189475074
CC-SS-03-R-GR-1TO,v11,Oct-Dec,2025-10-06,smooth,long,66.18666008737296,65,1.1866600873729567,1.1866600873729567
CC-TC-03-N-GR-1TO,v11,Oct-Dec,2025-10-06,smooth,long,57.314314483473716,64,6.685685516526284,-6.685685516526284
CC-TC-03-P-GR-1TO,v11,Oct-Dec,2025-10-06,smooth,long,52.84833144856441,32,20.84833144856441,20.84833144856441
CC-TS-03-N-GR-1TO,v11,Oct-Dec,2025-10-06,smooth,long,37.449791683353276,42,4.550208316646724,-4.550208316646724
CC-TS-03-R-GR-1TO,v11,Oct-Dec,2025-10-06,smooth,long,53.7045352625056,63,9.295464737494399,-9.295464737494399
CC-TS-03-S-GR-1TO,v11,Oct-Dec,2025-10-06,smooth,long,319.67559104454256,267,52.67559104454256,52.67559104454256
CC-TS-03-T-GR-1TO,v11,Oct-Dec,2025-10-06,smooth,long,116.60974089371061,98,18.609740893710608,18.609740893710608
CC-TS-03-V-GR-1TO,v11,Oct-Dec,2025-10-06,smooth,long,66.17032206156294,55,11.170322061562942,11.170322061562942
CC-TT-03-S-GR-1TO,v11,Oct-Dec,2025-10-06,smooth,long,62.12363440537639,56,6.123634405376393,6.123634405376393
CC-TT-03-U-GR-1TO,v11,Oct-Dec,2025-10-06,smooth,long,52.641925606132176,60,7.358074393867824,-7.358074393867824
CC-TT-03-Y-GR-1TO,v11,Oct-Dec,2025-10-06,smooth,long,34.65460967522342,45,10.34539032477658,-10.34539032477658
CA-CL-AT-CBL,v1,Mar-May,2026-02-23,smooth,long,38.52,51,12.479999999999997,-12.479999999999997
CA-SC-10-B-10-BE-1TO,v1,Mar-May,2026-02-23,smooth,short,112.34363095238095,143,30.65636904761905,-30.65636904761905
CA-SC-10-B-10-BK-1TO,v1,Mar-May,2026-02-23,smooth,short,425.91069761904765,632,206.08930238095235,-206.08930238095235
CA-SC-10-B-10-BR-1TO,v1,Mar-May,2026-02-23,smooth,short,55.75107619047619,55,0.7510761904761907,0.7510761904761907
CA-SC-10-B-10-DB-1TO,v1,Mar-May,2026-02-23,smooth,short,36.61030476190477,107,70.38969523809523,-70.38969523809523
CA-SC-10-B-10-DG-1TO,v1,Mar-May,2026-02-23,smooth,short,133.18468333333334,226,92.81531666666666,-92.81531666666666
CA-SC-10-B-10-GR-1TO,v1,Mar-May,2026-02-23,smooth,short,98.99003095238095,169,70.00996904761905,-70.00996904761905
CA-SC-10-B-10-WR-1TO,v1,Mar-May,2026-02-23,smooth,short,79.80467619047617,121,41.19532380952383,-41.19532380952383
CA-SC-10-B-124-BK-1TO,v1,Mar-May,2026-02-23,smooth,short,48.4964761904762,155,106.5035238095238,-106.5035238095238
CA-SC-10-B-124-DB-1TO,v1,Mar-May,2026-02-23,smooth,short,19.090328571428568,43,23.909671428571432,-23.909671428571432
CA-SC-10-B-124-DG-1TO,v1,Mar-May,2026-02-23,smooth,short,20.942192857142857,38,17.057807142857143,-17.057807142857143
CA-SC-10-B-125-BK-1TO,v1,Mar-May,2026-02-23,smooth,short,68.18829761904762,102,33.81170238095238,-33.81170238095238
CA-SC-10-B-125-DG-1TO,v1,Mar-May,2026-02-23,smooth,short,37.70017619047619,58,20.299823809523808,-20.299823809523808
CA-SC-10-B-127-BK-1TO,v1,Mar-May,2026-02-23,smooth,short,116.59968333333332,251,134.4003166666667,-134.4003166666667
CA-SC-10-B-127-DB-1TO,v1,Mar-May,2026-02-23,smooth,short,18.23330952380952,62,43.766690476190476,-43.766690476190476
CA-SC-10-B-127-DG-1TO,v1,Mar-May,2026-02-23,smooth,short,32.58684999999999,59,26.41315000000001,-26.41315000000001
CA-SC-10-B-129-BK-1TO,v1,Mar-May,2026-02-23,smooth,short,32.302280952380954,33,0.6977190476190458,-0.6977190476190458
CA-SC-10-B-131-BK-1TO,v1,Mar-May,2026-02-23,smooth,short,20.20796904761905,48,27.79203095238095,-27.79203095238095
CA-SC-10-B-132-BK-1TO,v1,Mar-May,2026-02-23,smooth,short,49.51858095238096,107,57.48141904761904,-57.48141904761904
CA-SC-10-B-132-DB-1TO,v1,Mar-May,2026-02-23,smooth,short,24.670888095238094,48,23.329111904761906,-23.329111904761906
CA-SC-10-B-132-DG-1TO,v1,Mar-May,2026-02-23,smooth,short,27.228442857142852,54,26.771557142857148,-26.771557142857148
CA-SC-10-B-137-BK-1TO,v1,Mar-May,2026-02-23,smooth,short,15.832433333333334,83,67.16756666666666,-67.16756666666666
CA-SC-10-B-138-BK-1TO,v1,Mar-May,2026-02-23,smooth,short,39.30823333333334,69,29.69176666666666,-29.69176666666666
CA-SC-10-B-138-DG-1TO,v1,Mar-May,2026-02-23,smooth,short,22.140083333333333,39,16.859916666666667,-16.859916666666667
CA-SC-10-B-141-BK-1TO,v1,Mar-May,2026-02-23,smooth,short,10.273783333333334,28,17.726216666666666,-17.726216666666666
CA-SC-10-B-147-BK-1TO,v1,Mar-May,2026-02-23,smooth,short,20.593933333333332,33,12.406066666666668,-12.406066666666668
CA-SC-10-B-149-DG-1TO,v1,Mar-May,2026-02-23,smooth,short,4.183700000000001,34,29.8163,-29.8163
CA-SC-10-B-15-BK-1TO,v1,Mar-May,2026-02-23,smooth,short,54.88641428571429,44,10.886414285714288,10.886414285714288
CA-SC-10-B-151-BK-1TO,v1,Mar-May,2026-02-23,smooth,short,9.514083333333332,29,19.485916666666668,-19.485916666666668
CA-SC-10-B-159-BK-1TO,v1,Mar-May,2026-02-23,smooth,short,15.062797619047618,52,36.937202380952385,-36.937202380952385
CA-SC-10-B-16-BE-1TO,v1,Mar-May,2026-02-23,smooth,short,12.54982619047619,42,29.45017380952381,-29.45017380952381
CA-SC-10-B-16-BK-1TO,v1,Mar-May,2026-02-23,smooth,short,33.850214285714294,80,46.149785714285706,-46.149785714285706
CA-SC-10-B-162-BK-1TO,v1,Mar-May,2026-02-23,smooth,short,17.218083333333333,10,7.2180833333333325,7.2180833333333325
CA-SC-10-B-176-BK-1TO,v1,Mar-May,2026-02-23,smooth,short,99.01219523809525,155,55.987804761904755,-55.987804761904755
CA-SC-10-B-176-DG-1TO,v1,Mar-May,2026-02-23,smooth,short,42.40894047619048,48,5.59105952380952,-5.59105952380952
CA-SC-10-B-177-BK-1TO,v1,Mar-May,2026-02-23,smooth,short,103.38671190476191,130,26.61328809523809,-26.61328809523809
CA-SC-10-B-177-DG-1TO,v1,Mar-May,2026-02-23,smooth,short,47.27744047619048,69,21.722559523809522,-21.722559523809522
CA-SC-10-B-201-GR-1TO,v1,Mar-May,2026-02-23,smooth,short,32.79728333333334,47,14.20271666666666,-14.20271666666666
CA-SC-10-B-202-BK-1TO,v1,Mar-May,2026-02-23,smooth,short,15.428890476190475,30,14.571109523809525,-14.571109523809525
CA-SC-10-B-22-BK-1TO,v1,Mar-May,2026-02-23,smooth,short,35.13064761904762,37,1.8693523809523782,-1.8693523809523782
CA-SC-10-B-28-BE-1TO,v1,Mar-May,2026-02-23,smooth,short,87.38766428571428,113,25.61233571428572,-25.61233571428572
CA-SC-10-B-28-BK-1TO,v1,Mar-May,2026-02-23,smooth,short,114.78654285714286,233,118.21345714285714,-118.21345714285714
CA-SC-10-B-28-DB-1TO,v1,Mar-May,2026-02-23,smooth,short,23.622797619047613,43,19.377202380952387,-19.377202380952387
CA-SC-10-B-28-DG-1TO,v1,Mar-May,2026-02-23,smooth,short,67.63724761904763,84,16.362752380952372,-16.362752380952372
CA-SC-10-B-28-GR-1TO,v1,Mar-May,2026-02-23,smooth,short,43.95661904761905,77,33.04338095238095,-33.04338095238095
CA-SC-10-B-28-WR-1TO,v1,Mar-May,2026-02-23,smooth,short,46.8807761904762,54,7.1192238095238025,-7.1192238095238025
CA-SC-10-B-30-BK-1TO,v1,Mar-May,2026-02-23,smooth,short,15.609007142857143,26,10.390992857142857,-10.390992857142857
CA-SC-10-B-32-BE-1TO,v1,Mar-May,2026-02-23,smooth,short,78.3749523809524,105,26.625047619047606,-26.625047619047606
CA-SC-10-B-32-BK-1TO,v1,Mar-May,2026-02-23,smooth,short,311.2069523809525,466,154.7930476190475,-154.7930476190475
CA-SC-10-B-32-BR-1TO,v1,Mar-May,2026-02-23,smooth,short,45.046490476190485,40,5.046490476190485,5.046490476190485
CA-SC-10-B-32-DB-1TO,v1,Mar-May,2026-02-23,smooth,short,47.93905714285714,75,27.060942857142862,-27.060942857142862
CA-SC-10-B-32-DG-1TO,v1,Mar-May,2026-02-23,smooth,short,72.40740952380953,158,85.59259047619047,-85.59259047619047
CA-SC-10-B-32-GR-1TO,v1,Mar-May,2026-02-23,smooth,short,69.5005761904762,101,31.499423809523805,-31.499423809523805
CA-SC-10-B-32-WR-1TO,v1,Mar-May,2026-02-23,smooth,short,29.09355476190477,89,59.90644523809523,-59.90644523809523
CA-SC-10-B-36-BE-1TO,v1,Mar-May,2026-02-23,smooth,short,26.489378571428567,29,2.510621428571433,-2.510621428571433
CA-SC-10-B-36-BK-1TO,v1,Mar-May,2026-02-23,smooth,short,31.746135714285717,51,19.253864285714283,-19.253864285714283
CA-SC-10-B-37-BK-1TO,v1,Mar-May,2026-02-23,smooth,short,149.02985476190477,190,40.97014523809523,-40.97014523809523
CA-SC-10-B-37-DB-1TO,v1,Mar-May,2026-02-23,smooth,short,33.125926190476186,31,2.1259261904761857,2.1259261904761857
CA-SC-10-B-37-DG-1TO,v1,Mar-May,2026-02-23,smooth,short,95.8146785714286,133,37.1853214285714,-37.1853214285714
CA-SC-10-B-37-GR-1TO,v1,Mar-May,2026-02-23,smooth,short,30.411692857142857,31,0.5883071428571434,-0.5883071428571434
CA-SC-10-B-38-BK-1TO,v1,Mar-May,2026-02-23,smooth,short,29.821409523809525,46,16.178590476190475,-16.178590476190475
CA-SC-10-B-39-BK-1TO,v1,Mar-May,2026-02-23,smooth,long,46.000319047619044,57,10.999680952380956,-10.999680952380956
CA-SC-10-B-44-BE-1TO,v1,Mar-May,2026-02-23,smooth,short,84.28746666666667,103,18.712533333333326,-18.712533333333326
CA-SC-10-B-44-BK-1TO,v1,Mar-May,2026-02-23,smooth,short,238.0108,285,46.98920000000001,-46.98920000000001
CA-SC-10-B-44-DB-1TO,v1,Mar-May,2026-02-23,smooth,short,60.65906428571429,94,33.34093571428571,-33.34093571428571
CA-SC-10-B-44-DG-1TO,v1,Mar-May,2026-02-23,smooth,short,123.85351904761906,181,57.14648095238094,-57.14648095238094
CA-SC-10-B-44-GR-1TO,v1,Mar-May,2026-02-23,smooth,short,51.74214285714286,69,17.25785714285714,-17.25785714285714
CA-SC-10-B-47-BE-1TO,v1,Mar-May,2026-02-23,smooth,short,35.968559523809525,47,11.031440476190475,-11.031440476190475
CA-SC-10-B-47-BK-1TO,v1,Mar-May,2026-02-23,smooth,short,25.550071428571428,56,30.449928571428572,-30.449928571428572
CA-SC-10-B-48-BK-1TO,v1,Mar-May,2026-02-23,smooth,short,31.96854285714286,45,13.031457142857139,-13.031457142857139
CA-SC-10-B-53-BK-1TO,v1,Mar-May,2026-02-23,smooth,short,35.35381904761905,37,1.646180952380952,-1.646180952380952
CA-SC-10-B-56-BK-1TO,v1,Mar-May,2026-02-23,smooth,short,56.98870952380953,69,12.011290476190467,-12.011290476190467
CA-SC-10-B-71-BK-1TO,v1,Mar-May,2026-02-23,smooth,short,27.127047619047623,41,13.872952380952377,-13.872952380952377
CA-SC-10-B-76-BK-1TO,v1,Mar-May,2026-02-23,smooth,short,41.94731190476191,53,11.05268809523809,-11.05268809523809
CA-SC-10-B-76-DG-1TO,v1,Mar-May,2026-02-23,smooth,short,26.478169047619048,55,28.521830952380952,-28.521830952380952
CA-SC-10-F-10-BE-1TO,v1,Mar-May,2026-02-23,smooth,short,536.1675738095238,674,137.8324261904762,-137.8324261904762
CA-SC-10-F-10-BK-1TO,v1,Mar-May,2026-02-23,smooth,short,1093.9366642857144,1494,400.0633357142856,-400.0633357142856
CA-SC-10-F-10-BKRD-STI,v1,Mar-May,2026-02-23,smooth,short,121.40321904761905,266,144.59678095238095,-144.59678095238095
CA-SC-10-F-10-BKWH-STI,v1,Mar-May,2026-02-23,smooth,short,137.6837785714286,177,39.316221428571396,-39.316221428571396
CA-SC-10-F-10-BR-1TO,v1,Mar-May,2026-02-23,smooth,short,102.47619285714288,154,51.52380714285712,-51.52380714285712
CA-SC-10-F-10-DB-1TO,v1,Mar-May,2026-02-23,smooth,short,150.29729523809527,249,98.70270476190473,-98.70270476190473
CA-SC-10-F-10-DG-1TO,v1,Mar-May,2026-02-23,smooth,short,314.4566952380953,508,193.54330476190472,-193.54330476190472
CA-SC-10-F-10-GR-1TO,v1,Mar-May,2026-02-23,smooth,short,235.49222380952384,379,143.50777619047616,-143.50777619047616
CA-SC-10-F-10-OR-1TO,v1,Mar-May,2026-02-23,smooth,short,20.305288095238094,33,12.694711904761906,-12.694711904761906
CA-SC-10-F-10-WR-1TO,v1,Mar-May,2026-02-23,smooth,short,152.1555285714286,226,73.84447142857141,-73.84447142857141
CA-SC-10-F-102-BE-1TO,v1,Mar-May,2026-02-23,smooth,short,12.830319047619046,28,15.169680952380954,-15.169680952380954
CA-SC-10-F-103-BE-1TO,v1,Mar-May,2026-02-23,smooth,short,40.80139285714286,32,8.801392857142858,8.801392857142858
CA-SC-10-F-104-BE-1TO,v1,Mar-May,2026-02-23,smooth,short,35.88066666666666,33,2.880666666666663,2.880666666666663
CA-SC-10-F-104-DG-1TO,v1,Mar-May,2026-02-23,smooth,short,25.647135714285714,33,7.352864285714286,-7.352864285714286
CA-SC-10-F-106-BE-1TO,v1,Mar-May,2026-02-23,smooth,short,119.81554285714287,142,22.184457142857127,-22.184457142857127
CA-SC-10-F-106-BK-1TO,v1,Mar-May,2026-02-23,smooth,short,53.481657142857145,84,30.518342857142855,-30.518342857142855
CA-SC-10-F-106-DG-1TO,v1,Mar-May,2026-02-23,smooth,short,99.12097857142858,122,22.87902142857142,-22.87902142857142
CA-SC-10-F-106-GR-1TO,v1,Mar-May,2026-02-23,smooth,short,68.54649285714287,82,13.453507142857134,-13.453507142857134
CA-SC-10-F-107-BK-1TO,v1,Mar-May,2026-02-23,smooth,short,47.62544523809524,23,24.62544523809524,24.62544523809524
CA-SC-10-F-107-DG-1TO,v1,Mar-May,2026-02-23,smooth,short,50.87391428571429,43,7.873914285714292,7.873914285714292
CA-SC-10-F-11-BE-1TO,v1,Mar-May,2026-02-23,smooth,short,39.79406428571428,55,15.205935714285722,-15.205935714285722
CA-SC-10-F-11-BK-1TO,v1,Mar-May,2026-02-23,smooth,short,261.2101833333333,359,97.7898166666667,-97.7898166666667
CA-SC-10-F-11-DB-1TO,v1,Mar-May,2026-02-23,smooth,short,57.200671428571425,46,11.200671428571425,11.200671428571425
CA-SC-10-F-11-DG-1TO,v1,Mar-May,2026-02-23,smooth,short,120.97649285714286,166,45.02350714285714,-45.02350714285714
CA-SC-10-F-11-GR-1TO,v1,Mar-May,2026-02-23,smooth,short,62.960328571428576,98,35.039671428571424,-35.039671428571424
CA-SC-10-F-11-WR-1TO,v1,Mar-May,2026-02-23,smooth,short,33.52462857142857,39,5.475371428571428,-5.475371428571428
CA-SC-10-F-116-BK-1TO,v1,Mar-May,2026-02-23,smooth,short,12.938847619047621,46,33.06115238095238,-33.06115238095238
CA-SC-10-F-12-BE-1TO,v1,Mar-May,2026-02-23,smooth,short,32.0893,43,10.910699999999999,-10.910699999999999
CA-SC-10-F-12-BK-1TO,v1,Mar-May,2026-02-23,smooth,short,70.78763333333333,120,49.21236666666667,-49.21236666666667
CA-SC-10-F-12-DG-1TO,v1,Mar-May,2026-02-23,smooth,short,64.77601666666666,87,22.223983333333337,-22.223983333333337
CA-SC-10-F-12-GR-1TO,v1,Mar-May,2026-02-23,smooth,short,27.173923809523814,39,11.826076190476186,-11.826076190476186
CA-SC-10-F-13-BE-1TO,v1,Mar-May,2026-02-23,smooth,short,63.575833333333335,73,9.424166666666665,-9.424166666666665
CA-SC-10-F-13-BK-1TO,v1,Mar-May,2026-02-23,smooth,short,157.5789,238,80.4211,-80.4211
CA-SC-10-F-13-DG-1TO,v1,Mar-May,2026-02-23,smooth,short,68.66648571428571,114,45.33351428571429,-45.33351428571429
CA-SC-10-F-13-GR-1TO,v1,Mar-May,2026-02-23,smooth,short,56.89266428571428,93,36.10733571428572,-36.10733571428572
CA-SC-10-F-13-WR-1TO,v1,Mar-May,2026-02-23,smooth,short,16.59901190476191,38,21.40098809523809,-21.40098809523809
CA-SC-10-F-14-BE-1TO,v1,Mar-May,2026-02-23,smooth,short,86.98004523809526,142,55.01995476190474,-55.01995476190474
CA-SC-10-F-14-BK-1TO,v1,Mar-May,2026-02-23,smooth,short,68.4540142857143,118,49.545985714285706,-49.545985714285706
CA-SC-10-F-14-GR-1TO,v1,Mar-May,2026-02-23,smooth,short,57.58103095238096,71,13.418969047619044,-13.418969047619044
CA-SC-10-F-148-BK-1TO,v1,Mar-May,2026-02-23,smooth,short,15.746323809523812,29,13.253676190476188,-13.253676190476188
CA-SC-10-F-16-BK-1TO,v1,Mar-May,2026-02-23,smooth,short,27.21978095238095,39,11.780219047619049,-11.780219047619049
CA-SC-10-F-169-BK-1TO,v1,Mar-May,2026-02-23,smooth,short,250.95627142857143,323,72.04372857142857,-72.04372857142857
CA-SC-10-F-169-DB-1TO,v1,Mar-May,2026-02-23,smooth,short,42.94623333333333,89,46.05376666666667,-46.05376666666667
CA-SC-10-F-169-DG-1TO,v1,Mar-May,2026-02-23,smooth,short,87.95094285714286,83,4.950942857142863,4.950942857142863
CA-SC-10-F-17-BK-1TO,v1,Mar-May,2026-02-23,smooth,short,32.9667,42,9.033299999999997,-9.033299999999997
CA-SC-10-F-17-DG-1TO,v1,Mar-May,2026-02-23,smooth,short,28.621990476190472,46,17.378009523809528,-17.378009523809528
CA-SC-10-F-173-BK-1TO,v1,Mar-May,2026-02-23,smooth,short,126.30636666666668,255,128.6936333333333,-128.6936333333333
CA-SC-10-F-173-DB-1TO,v1,Mar-May,2026-02-23,smooth,short,29.383219047619047,37,7.616780952380953,-7.616780952380953
CA-SC-10-F-173-DG-1TO,v1,Mar-May,2026-02-23,smooth,short,50.722585714285714,87,36.277414285714286,-36.277414285714286
CA-SC-10-F-174-BK-1TO,v1,Mar-May,2026-02-23,smooth,short,48.054209523809526,61,12.945790476190474,-12.945790476190474
CA-SC-10-F-177-BK-1TO,v1,Mar-May,2026-02-23,smooth,short,38.84813333333334,33,5.848133333333337,5.848133333333337
CA-SC-10-F-177-DG-1TO,v1,Mar-May,2026-02-23,smooth,short,27.81159285714286,41,13.188407142857141,-13.188407142857141
CA-SC-10-F-18-BK-1TO,v1,Mar-May,2026-02-23,smooth,short,44.923440476190486,100,55.076559523809514,-55.076559523809514
CA-SC-10-F-182-BK-1TO,v1,Mar-May,2026-02-23,smooth,short,14.331376190476192,30,15.668623809523808,-15.668623809523808
CA-SC-10-F-182-DG-1TO,v1,Mar-May,2026-02-23,smooth,short,73.90948571428571,38,35.90948571428571,35.90948571428571
CA-SC-10-F-182-GR-1TO,v1,Mar-May,2026-02-23,smooth,short,25.750059523809526,26,0.24994047619047421,-0.24994047619047421
CA-SC-10-F-183-BK-1TO,v1,Mar-May,2026-02-23,smooth,short,68.47108333333335,83,14.528916666666646,-14.528916666666646
CA-SC-10-F-183-DG-1TO,v1,Mar-May,2026-02-23,smooth,short,43.25092857142857,71,27.749071428571433,-27.749071428571433
CA-SC-10-F-185-BE-1TO,v1,Mar-May,2026-02-23,smooth,short,31.261578571428572,37,5.738421428571428,-5.738421428571428
CA-SC-10-F-185-BK-1TO,v1,Mar-May,2026-02-23,smooth,short,23.13187142857143,39,15.86812857142857,-15.86812857142857
CA-SC-10-F-185-DG-1TO,v1,Mar-May,2026-02-23,smooth,short,18.316107142857142,38,19.683892857142858,-19.683892857142858
CA-SC-10-F-188-BK-1TO,v1,Mar-May,2026-02-23,smooth,short,69.51968333333335,113,43.48031666666665,-43.48031666666665
CA-SC-10-F-188-DG-1TO,v1,Mar-May,2026-02-23,smooth,short,23.10945238095238,30,6.89054761904762,-6.89054761904762
CA-SC-10-F-190-BE-1TO,v1,Mar-May,2026-02-23,smooth,short,32.87065476190477,46,13.129345238095233,-13.129345238095233
CA-SC-10-F-190-BK-1TO,v1,Mar-May,2026-02-23,smooth,short,243.8524904761905,281,37.147509523809504,-37.147509523809504
CA-SC-10-F-190-DB-1TO,v1,Mar-May,2026-02-23,smooth,short,54.179195238095254,84,29.820804761904746,-29.820804761904746
CA-SC-10-F-190-DG-1TO,v1,Mar-May,2026-02-23,smooth,short,66.63170238095239,91,24.36829761904761,-24.36829761904761
CA-SC-10-F-193-BK-1TO,v1,Mar-May,2026-02-23,smooth,short,53.25925,59,5.7407499999999985,-5.7407499999999985
CA-SC-10-F-193-DG-1TO,v1,Mar-May,2026-02-23,smooth,short,10.54485,20,9.45515,-9.45515
CA-SC-10-F-197-BK-1TO,v1,Mar-May,2026-02-23,smooth,short,22.548466666666666,60,37.45153333333333,-37.45153333333333
CA-SC-10-F-197-DG-1TO,v1,Mar-May,2026-02-23,smooth,short,7.418666666666668,44,36.58133333333333,-36.58133333333333
CA-SC-10-F-199-BE-1TO,v1,Mar-May,2026-02-23,smooth,short,43.13220952380953,48,4.867790476190471,-4.867790476190471
CA-SC-10-F-199-BK-1TO,v1,Mar-May,2026-02-23,smooth,short,297.22561904761903,436,138.77438095238097,-138.77438095238097
CA-SC-10-F-199-DB-1TO,v1,Mar-May,2026-02-23,smooth,short,45.56671428571428,45,0.5667142857142835,0.5667142857142835
CA-SC-10-F-199-DG-1TO,v1,Mar-May,2026-02-23,smooth,short,175.38701190476195,183,7.612988095238052,-7.612988095238052
CA-SC-10-F-199-GR-1TO,v1,Mar-May,2026-02-23,smooth,short,38.49426904761904,52,13.505730952380958,-13.505730952380958
CA-SC-10-F-20-BE-1TO,v1,Mar-May,2026-02-23,smooth,short,101.76005714285715,135,33.23994285714285,-33.23994285714285
CA-SC-10-F-20-BK-1TO,v1,Mar-May,2026-02-23,smooth,short,92.45717142857143,111,18.542828571428572,-18.542828571428572
CA-SC-10-F-20-DG-1TO,v1,Mar-May,2026-02-23,smooth,short,45.323926190476186,75,29.676073809523814,-29.676073809523814
CA-SC-10-F-20-GR-1TO,v1,Mar-May,2026-02-23,smooth,short,44.380542857142856,59,14.619457142857144,-14.619457142857144
CA-SC-10-F-200-BK-1TO,v1,Mar-May,2026-02-23,smooth,short,34.26675,101,66.73325,-66.73325
CA-SC-10-F-200-DG-1TO,v1,Mar-May,2026-02-23,smooth,short,29.288702380952383,89,59.71129761904761,-59.71129761904761
CA-SC-10-F-205-DG-1TO,v1,Mar-May,2026-02-23,smooth,short,3.0316666666666667,39,35.968333333333334,-35.968333333333334
CA-SC-10-F-208-BK-1TO,v1,Mar-May,2026-02-23,smooth,short,21.950540476190476,75,53.049459523809524,-53.049459523809524
CA-SC-10-F-215-BE-1TO,v1,Mar-May,2026-02-23,smooth,short,99.29065,114,14.70935,-14.70935
CA-SC-10-F-215-BK-1TO,v1,Mar-May,2026-02-23,smooth,short,81.39337142857141,114,32.60662857142859,-32.60662857142859
CA-SC-10-F-215-DB-1TO,v1,Mar-May,2026-02-23,smooth,short,31.496214285714288,27,4.496214285714288,4.496214285714288
CA-SC-10-F-216-BK-1TO,v1,Mar-May,2026-02-23,smooth,short,118.53358095238097,135,16.466419047619027,-16.466419047619027
CA-SC-10-F-216-DG-1TO,v1,Mar-May,2026-02-23,smooth,short,72.59262142857143,86,13.407378571428566,-13.407378571428566
CA-SC-10-F-219-BK-1TO,v1,Mar-May,2026-02-23,smooth,short,23.387652380952378,35,11.612347619047622,-11.612347619047622
CA-SC-10-F-22-BE-1TO,v1,Mar-May,2026-02-23,smooth,short,71.24467619047618,62,9.244676190476184,9.244676190476184
CA-SC-10-F-22-BK-1TO,v1,Mar-May,2026-02-23,smooth,short,77.16814523809525,197,119.83185476190475,-119.83185476190475
CA-SC-10-F-22-DG-1TO,v1,Mar-May,2026-02-23,smooth,short,25.80406904761905,34,8.195930952380952,-8.195930952380952
CA-SC-10-F-221-BK-1TO,v1,Mar-May,2026-02-23,smooth,short,34.6318238095238,56,21.3681761904762,-21.3681761904762
CA-SC-10-F-232-BK-1TO,v1,Mar-May,2026-02-23,smooth,short,37.21816666666667,54,16.78183333333333,-16.78183333333333
CA-SC-10-F-232-GR-1TO,v1,Mar-May,2026-02-23,smooth,short,51.58954047619047,94,42.41045952380953,-42.41045952380953
CA-SC-10-F-234-BE-1TO,v1,Mar-May,2026-02-23,smooth,short,104.29239047619049,109,4.707609523809509,-4.707609523809509
CA-SC-10-F-234-BK-1TO,v1,Mar-May,2026-02-23,smooth,short,95.73009761904763,115,19.269902380952374,-19.269902380952374
CA-SC-10-F-26-BK-1TO,v1,Mar-May,2026-02-23,smooth,short,15.395261904761906,55,39.60473809523809,-39.60473809523809
CA-SC-10-F-265-BK-1TO,v1,Mar-May,2026-02-23,smooth,short,26.5166380952381,45,18.4833619047619,-18.4833619047619
CA-SC-10-F-30-BE-1TO,v1,Mar-May,2026-02-23,smooth,short,84.77227857142857,177,92.22772142857143,-92.22772142857143
CA-SC-10-F-30-BK-1TO,v1,Mar-May,2026-02-23,smooth,short,213.605119047619,313,99.39488095238099,-99.39488095238099
CA-SC-10-F-30-DB-1TO,v1,Mar-May,2026-02-23,smooth,short,7.110659523809525,46,38.889340476190476,-38.889340476190476
CA-SC-10-F-30-DG-1TO,v1,Mar-May,2026-02-23,smooth,short,82.88525714285714,121,38.11474285714286,-38.11474285714286
CA-SC-10-F-30-GR-1TO,v1,Mar-May,2026-02-23,smooth,short,83.15224761904761,100,16.847752380952386,-16.847752380952386
CA-SC-10-F-30-WR-1TO,v1,Mar-May,2026-02-23,smooth,short,19.59934285714285,56,36.40065714285715,-36.40065714285715
CA-SC-10-F-31-BE-1TO,v1,Mar-May,2026-02-23,smooth,short,80.32107857142856,87,6.678921428571442,-6.678921428571442
CA-SC-10-F-31-BK-1TO,v1,Mar-May,2026-02-23,smooth,short,215.50615238095233,305,89.49384761904767,-89.49384761904767
CA-SC-10-F-31-DB-1TO,v1,Mar-May,2026-02-23,smooth,short,18.0402,52,33.9598,-33.9598
CA-SC-10-F-31-DG-1TO,v1,Mar-May,2026-02-23,smooth,short,78.46921428571429,93,14.530785714285713,-14.530785714285713
CA-SC-10-F-31-GR-1TO,v1,Mar-May,2026-02-23,smooth,short,47.19999285714287,53,5.800007142857133,-5.800007142857133
CA-SC-10-F-34-BK-1TO,v1,Mar-May,2026-02-23,smooth,short,26.28556904761905,43,16.71443095238095,-16.71443095238095
CA-SC-10-F-34-DG-1TO,v1,Mar-May,2026-02-23,smooth,short,32.084204761904765,48,15.915795238095235,-15.915795238095235
CA-SC-10-F-36-DG-1TO,v1,Mar-May,2026-02-23,smooth,short,34.6218880952381,36,1.3781119047619015,-1.3781119047619015
CA-SC-10-F-40-BE-1TO,v1,Mar-May,2026-02-23,smooth,short,92.54353571428571,176,83.45646428571429,-83.45646428571429
CA-SC-10-F-40-BK-1TO,v1,Mar-May,2026-02-23,smooth,short,365.2707404761905,590,224.7292595238095,-224.7292595238095
CA-SC-10-F-40-BR-1TO,v1,Mar-May,2026-02-23,smooth,short,22.056011904761906,42,19.943988095238094,-19.943988095238094
CA-SC-10-F-40-DB-1TO,v1,Mar-May,2026-02-23,smooth,short,47.44634761904762,103,55.55365238095238,-55.55365238095238
CA-SC-10-F-40-DG-1TO,v1,Mar-May,2026-02-23,smooth,short,179.71108571428573,329,149.28891428571427,-149.28891428571427
CA-SC-10-F-40-GR-1TO,v1,Mar-May,2026-02-23,smooth,short,92.58735476190478,170,77.41264523809522,-77.41264523809522
CA-SC-10-F-40-WR-1TO,v1,Mar-May,2026-02-23,smooth,short,48.06541904761905,83,34.93458095238095,-34.93458095238095
CA-SC-10-F-43-BE-1TO,v1,Mar-May,2026-02-23,smooth,short,29.70727619047619,60,30.29272380952381,-30.29272380952381
CA-SC-10-F-43-BK-1TO,v1,Mar-May,2026-02-23,smooth,short,50.973526190476186,80,29.026473809523814,-29.026473809523814
CA-SC-10-F-43-DG-1TO,v1,Mar-May,2026-02-23,smooth,short,25.352376190476193,42,16.647623809523807,-16.647623809523807
CA-SC-10-F-43-GR-1TO,v1,Mar-May,2026-02-23,smooth,short,24.843361904761906,39,14.156638095238094,-14.156638095238094
CA-SC-10-F-59-BK-1TO,v1,Mar-May,2026-02-23,smooth,short,45.277049999999996,49,3.7229500000000044,-3.7229500000000044
CA-SC-10-F-69-BK-1TO,v1,Mar-May,2026-02-23,smooth,short,26.832542857142855,42,15.167457142857145,-15.167457142857145
CA-SC-10-F-74-BE-1TO,v1,Mar-May,2026-02-23,smooth,short,34.933461904761906,45,10.066538095238094,-10.066538095238094
CA-SC-10-F-74-DG-1TO,v1,Mar-May,2026-02-23,smooth,short,23.918576190476195,40,16.081423809523805,-16.081423809523805
CA-SC-10-F-74-GR-1TO,v1,Mar-May,2026-02-23,smooth,short,13.664919047619048,45,31.335080952380952,-31.335080952380952
CA-SC-10-F-94-BE-1TO,v1,Mar-May,2026-02-23,smooth,short,41.90986190476191,89,47.09013809523809,-47.09013809523809
CA-SC-10-F-94-DG-1TO,v1,Mar-May,2026-02-23,smooth,short,13.941080952380952,29,15.058919047619048,-15.058919047619048
CA-SC-10-F-99-BK-1TO,v1,Mar-May,2026-02-23,smooth,short,35.30974523809523,28,7.309745238095232,7.309745238095232
CA-SC-10-F-NEW-BE-1TO,v1,Mar-May,2026-02-23,smooth,short,73.7731880952381,97,23.226811904761902,-23.226811904761902
CA-SC-10-F-NEW-BK-1TO,v1,Mar-May,2026-02-23,smooth,short,172.9326357142857,204,31.06736428571429,-31.06736428571429
CA-SC-10-F-NEW-DG-1TO,v1,Mar-May,2026-02-23,smooth,short,88.85764047619047,61,27.85764047619047,27.85764047619047
CA-SC-10-F-NEW-GR-1TO,v1,Mar-May,2026-02-23,smooth,short,50.05969523809524,37,13.059695238095237,13.059695238095237
CA-SC-10-R-90-BK-1TO,v1,Mar-May,2026-02-23,smooth,short,179.49071666666669,279,99.50928333333331,-99.50928333333331
CA-SC-10-R-90-DB-1TO,v1,Mar-May,2026-02-23,smooth,short,34.262164285714285,22,12.262164285714285,12.262164285714285
CA-SC-10-R-90-DG-1TO,v1,Mar-May,2026-02-23,smooth,short,118.25130476190476,150,31.748695238095237,-31.748695238095237
CA-SC-10-R-90-GR-1TO,v1,Mar-May,2026-02-23,smooth,short,17.02930476190476,48,30.97069523809524,-30.97069523809524
CA-SC-10-R-91-BK-1TO,v1,Mar-May,2026-02-23,smooth,short,30.591300000000004,46,15.408699999999996,-15.408699999999996
CC-CC-03-CHCV15-GR-1TO,v1,Mar-May,2026-02-23,smooth,long,90.88834761904761,122,31.111652380952393,-31.111652380952393
CC-CC-03-MZMX38-GR-1TO,v1,Mar-May,2026-02-23,smooth,long,37.405671428571424,42,4.594328571428576,-4.594328571428576
CC-CC-15-CHCV20-BKRD-STR,v1,Mar-May,2026-02-23,smooth,short,32.31043333333333,37,4.689566666666671,-4.689566666666671
CC-CC-15-CHCV21-BKRD-STR,v1,Mar-May,2026-02-23,smooth,short,19.341778571428573,34,14.658221428571427,-14.658221428571427
CC-CC-15-DGCH05-BKRD-STR,v1,Mar-May,2026-02-23,smooth,long,49.62863809523809,40,9.628638095238088,9.628638095238088
CC-CC-15-FOMU187-BKRD-STR,v1,Mar-May,2026-02-23,smooth,short,17.403040476190476,42,24.596959523809524,-24.596959523809524
CC-CN-03-B-GR-1TO,v1,Mar-May,2026-02-23,smooth,long,219.49292142857144,373,153.50707857142856,-153.50707857142856
CC-CN-03-D-GR-1TO,v1,Mar-May,2026-02-23,smooth,long,524.4625380952382,782,257.5374619047618,-257.5374619047618
CC-CN-03-F-GR-1TO,v1,Mar-May,2026-02-23,smooth,long,177.50153571428572,263,85.49846428571428,-85.49846428571428
CC-CN-03-G-GR-1TO,v1,Mar-May,2026-02-23,smooth,long,81.73398809523809,100,18.26601190476191,-18.26601190476191
CC-CN-03-H-GR-1TO,v1,Mar-May,2026-02-23,smooth,long,98.51362619047619,118,19.486373809523812,-19.486373809523812
CC-CN-03-I-GR-1TO,v1,Mar-May,2026-02-23,smooth,long,77.0815261904762,138,60.9184738095238,-60.9184738095238
CC-CN-03-J-GR-1TO,v1,Mar-May,2026-02-23,smooth,long,514.8205642857142,561,46.17943571428577,-46.17943571428577
CC-CN-03-K-GR-1TO,v1,Mar-May,2026-02-23,smooth,long,500.31085476190475,646,145.68914523809525,-145.68914523809525
CC-CN-03-L-GR-1TO,v1,Mar-May,2026-02-23,smooth,long,360.7828547619048,444,83.21714523809521,-83.21714523809521
CC-CN-03-M-GR-1TO,v1,Mar-May,2026-02-23,smooth,long,399.38234047619045,654,254.61765952380955,-254.61765952380955
CC-CN-03-N-GR-1TO,v1,Mar-May,2026-02-23,smooth,long,407.433580952381,524,116.56641904761898,-116.56641904761898
CC-CN-03-P-GR-1TO,v1,Mar-May,2026-02-23,smooth,long,579.5876642857144,785,205.41233571428563,-205.41233571428563
CC-CN-03-R-GR-1TO,v1,Mar-May,2026-02-23,smooth,long,286.39518095238094,390,103.60481904761906,-103.60481904761906
CC-CN-03-T-GR-1TO,v1,Mar-May,2026-02-23,smooth,long,84.72438333333334,169,84.27561666666666,-84.27561666666666
CC-CN-03-X-GR-1TO,v1,Mar-May,2026-02-23,smooth,long,593.1249476190476,620,26.87505238095241,-26.87505238095241
CC-CN-15-D-BKRD-STR,v1,Mar-May,2026-02-23,smooth,long,32.11579523809524,27,5.115795238095238,5.115795238095238
CC-CN-15-X-BKRD-STR,v1,Mar-May,2026-02-23,smooth,short,35.467442857142856,29,6.467442857142856,6.467442857142856
CC-CP-03-F-GR-1TO,v1,Mar-May,2026-02-23,smooth,long,48.02261904761905,66,17.977380952380948,-17.977380952380948
CC-CP-03-G-GR-1TO,v1,Mar-May,2026-02-23,smooth,long,541.3947785714286,757,215.60522142857144,-215.60522142857144
CC-CP-03-H-GR-1TO,v1,Mar-May,2026-02-23,smooth,long,84.02022142857143,156,71.97977857142857,-71.97977857142857
CC-CP-03-I-GR-1TO,v1,Mar-May,2026-02-23,smooth,long,260.848930952381,377,116.15106904761899,-116.15106904761899
CC-CP-03-J-GR-1TO,v1,Mar-May,2026-02-23,smooth,long,477.41030714285716,594,116.58969285714284,-116.58969285714284
CC-CP-03-K-GR-1TO,v1,Mar-May,2026-02-23,smooth,long,493.7522642857144,752,258.2477357142856,-258.2477357142856
CC-CP-03-L-GR-1TO,v1,Mar-May,2026-02-23,smooth,long,40.87909523809523,61,20.120904761904768,-20.120904761904768
CC-CP-03-M-GR-1TO,v1,Mar-May,2026-02-23,smooth,long,34.62061428571428,80,45.37938571428572,-45.37938571428572
CC-CS-03-G-GR-1TO,v1,Mar-May,2026-02-23,smooth,long,50.19599285714286,111,60.80400714285714,-60.80400714285714
CC-CS-03-H-GR-1TO,v1,Mar-May,2026-02-23,smooth,long,115.01098809523809,134,18.98901190476191,-18.98901190476191
CC-CS-03-I-GR-1TO,v1,Mar-May,2026-02-23,smooth,long,174.41229285714286,209,34.58770714285714,-34.58770714285714
CC-CS-03-J-GR-1TO,v1,Mar-May,2026-02-23,smooth,long,56.46950476190476,115,58.53049523809524,-58.53049523809524
CC-CS-03-K-GR-1TO,v1,Mar-May,2026-02-23,smooth,long,241.36728809523808,368,126.63271190476192,-126.63271190476192
CC-CS-03-L-GR-1TO,v1,Mar-May,2026-02-23,smooth,long,147.0536666666667,160,12.946333333333314,-12.946333333333314
CC-CS-03-M-GR-1TO,v1,Mar-May,2026-02-23,smooth,long,111.13656904761905,182,70.86343095238095,-70.86343095238095
CC-CS-03-N-GR-1TO,v1,Mar-May,2026-02-23,smooth,long,50.19573809523809,85,34.80426190476191,-34.80426190476191
CC-CS-15-K-BKRD-STR,v1,Mar-May,2026-02-23,smooth,short,34.246878571428574,33,1.2468785714285744,1.2468785714285744
CC-SN-03-B-GR-1TO,v1,Mar-May,2026-02-23,smooth,long,29.769692857142854,71,41.23030714285714,-41.23030714285714
CC-SN-03-D-GR-1TO,v1,Mar-May,2026-02-23,smooth,long,64.23006190476193,106,41.769938095238075,-41.769938095238075
CC-SS-03-G-GR-1TO,v1,Mar-May,2026-02-23,smooth,long,55.990297619047624,85,29.009702380952376,-29.009702380952376
CC-SS-03-H-GR-1TO,v1,Mar-May,2026-02-23,smooth,long,42.55950476190476,88,45.44049523809524,-45.44049523809524
CC-SS-03-I-GR-1TO,v1,Mar-May,2026-02-23,smooth,long,82.88780476190476,136,53.11219523809524,-53.11219523809524
CC-SS-03-J-GR-1TO,v1,Mar-May,2026-02-23,smooth,long,118.9885857142857,135,16.011414285714295,-16.011414285714295
CC-SS-03-K-GR-1TO,v1,Mar-May,2026-02-23,smooth,long,189.8523928571429,238,48.14760714285711,-48.14760714285711
CC-SS-03-M-GR-1TO,v1,Mar-May,2026-02-23,smooth,long,137.26112857142857,267,129.73887142857143,-129.73887142857143
CC-SS-03-N-GR-1TO,v1,Mar-May,2026-02-23,smooth,long,57.3112380952381,84,26.688761904761897,-26.688761904761897
CC-SS-03-R-GR-1TO,v1,Mar-May,2026-02-23,smooth,long,34.01682857142857,39,4.983171428571431,-4.983171428571431
CC-SS-15-K-BKRD-STR,v1,Mar-May,2026-02-23,smooth,short,42.57529999999999,26,16.57529999999999,16.57529999999999
CC-SS-15-M-BKRD-STR,v1,Mar-May,2026-02-23,smooth,short,46.39061428571429,44,2.3906142857142925,2.3906142857142925
CC-TC-03-N-GR-1TO,v1,Mar-May,2026-02-23,smooth,long,35.42184047619048,60,24.578159523809518,-24.578159523809518
CC-TC-03-P-GR-1TO,v1,Mar-May,2026-02-23,smooth,long,25.260407142857144,59,33.73959285714285,-33.73959285714285
CC-TS-03-N-GR-1TO,v1,Mar-May,2026-02-23,smooth,long,28.14864285714286,46,17.85135714285714,-17.85135714285714
CC-TS-03-R-GR-1TO,v1,Mar-May,2026-02-23,smooth,long,52.94258095238095,68,15.05741904761905,-15.05741904761905
CC-TS-03-S-GR-1TO,v1,Mar-May,2026-02-23,smooth,long,147.42256190476192,288,140.57743809523808,-140.57743809523808
CC-TS-03-T-GR-1TO,v1,Mar-May,2026-02-23,smooth,long,55.27747380952381,121,65.72252619047619,-65.72252619047619
CC-TS-03-V-GR-1TO,v1,Mar-May,2026-02-23,smooth,long,26.083797619047623,36,9.916202380952377,-9.916202380952377
CC-TS-15-S-BKRD-STR,v1,Mar-May,2026-02-23,smooth,short,28.332071428571428,49,20.667928571428572,-20.667928571428572
CC-TS-15-T-BKRD-STR,v1,Mar-May,2026-02-23,smooth,short,32.556023809523815,26,6.556023809523815,6.556023809523815
CC-TT-03-S-GR-1TO,v1,Mar-May,2026-02-23,smooth,long,22.977485714285717,32,9.022514285714283,-9.022514285714283
CC-TT-03-U-GR-1TO,v1,Mar-May,2026-02-23,smooth,long,46.71492619047619,55,8.285073809523809,-8.285073809523809
CC-TT-03-Y-GR-1TO,v1,Mar-May,2026-02-23,smooth,long,18.93619761904762,39,20.06380238095238,-20.06380238095238
CA-CL-AT-CBL,v1,Dec-Feb,2025-12-15,smooth,long,16.85661111111111,43,26.14338888888889,-26.14338888888889
CA-SC-10-B-10-BE-1TO,v1,Dec-Feb,2025-12-15,smooth,short,121.72431666666667,120,1.7243166666666667,1.7243166666666667
CA-SC-10-B-10-BK-1TO,v1,Dec-Feb,2025-12-15,smooth,short,510.6911176587302,485,25.691117658730207,25.691117658730207
CA-SC-10-B-10-BR-1TO,v1,Dec-Feb,2025-12-15,smooth,short,75.1588027777778,66,9.158802777777794,9.158802777777794
CA-SC-10-B-10-DB-1TO,v1,Dec-Feb,2025-12-15,smooth,short,74.59550019841271,65,9.595500198412708,9.595500198412708
CA-SC-10-B-10-DG-1TO,v1,Dec-Feb,2025-12-15,smooth,short,171.39036785714288,152,19.390367857142877,19.390367857142877
CA-SC-10-B-10-GR-1TO,v1,Dec-Feb,2025-12-15,smooth,short,146.15541150793652,116,30.15541150793652,30.15541150793652
CA-SC-10-B-10-WR-1TO,v1,Dec-Feb,2025-12-15,smooth,short,71.77374146825396,90,18.22625853174604,-18.22625853174604
CA-SC-10-B-125-BK-1TO,v1,Dec-Feb,2025-12-15,smooth,short,104.09207162698415,65,39.09207162698415,39.09207162698415
CA-SC-10-B-125-DG-1TO,v1,Dec-Feb,2025-12-15,smooth,short,59.26967321428572,50,9.269673214285717,9.269673214285717
CA-SC-10-B-127-BK-1TO,v1,Dec-Feb,2025-12-15,smooth,short,203.41268313492066,251,47.587316865079345,-47.587316865079345
CA-SC-10-B-127-DB-1TO,v1,Dec-Feb,2025-12-15,smooth,short,56.13066646825398,69,12.869333531746022,-12.869333531746022
CA-SC-10-B-127-DG-1TO,v1,Dec-Feb,2025-12-15,smooth,short,54.46399027777778,63,8.536009722222218,-8.536009722222218
CA-SC-10-B-129-BK-1TO,v1,Dec-Feb,2025-12-15,smooth,short,54.8122136904762,33,21.8122136904762,21.8122136904762
CA-SC-10-B-131-BK-1TO,v1,Dec-Feb,2025-12-15,smooth,short,37.86842182539682,25,12.868421825396823,12.868421825396823
CA-SC-10-B-132-BK-1TO,v1,Dec-Feb,2025-12-15,smooth,short,96.29601388888892,78,18.296013888888922,18.296013888888922
CA-SC-10-B-132-DB-1TO,v1,Dec-Feb,2025-12-15,smooth,short,30.609187698412697,39,8.390812301587303,-8.390812301587303
CA-SC-10-B-132-DG-1TO,v1,Dec-Feb,2025-12-15,smooth,short,36.39034583333334,37,0.6096541666666582,-0.6096541666666582
CA-SC-10-B-137-BK-1TO,v1,Dec-Feb,2025-12-15,smooth,short,27.95854305555556,33,5.041456944444441,-5.041456944444441
CA-SC-10-B-138-BK-1TO,v1,Dec-Feb,2025-12-15,smooth,short,328.0996466269841,153,175.0996466269841,175.0996466269841
CA-SC-10-B-138-DG-1TO,v1,Dec-Feb,2025-12-15,smooth,short,162.96530972222226,81,81.96530972222226,81.96530972222226
CA-SC-10-B-141-BK-1TO,v1,Dec-Feb,2025-12-15,smooth,short,70.71533214285715,44,26.71533214285715,26.71533214285715
CA-SC-10-B-147-BK-1TO,v1,Dec-Feb,2025-12-15,smooth,short,116.71804305555557,53,63.71804305555557,63.71804305555557
CA-SC-10-B-149-DG-1TO,v1,Dec-Feb,2025-12-15,smooth,short,35.555508928571435,23,12.555508928571435,12.555508928571435
CA-SC-10-B-15-BK-1TO,v1,Dec-Feb,2025-12-15,smooth,short,38.63581230158731,51,12.364187698412692,-12.364187698412692
CA-SC-10-B-151-BK-1TO,v1,Dec-Feb,2025-12-15,smooth,short,74.39391031746031,46,28.39391031746031,28.39391031746031
CA-SC-10-B-159-BK-1TO,v1,Dec-Feb,2025-12-15,smooth,short,38.76820714285714,22,16.768207142857143,16.768207142857143
CA-SC-10-B-16-BE-1TO,v1,Dec-Feb,2025-12-15,smooth,short,31.037597420634924,30,1.037597420634924,1.037597420634924
CA-SC-10-B-16-BK-1TO,v1,Dec-Feb,2025-12-15,smooth,short,97.37016071428572,73,24.370160714285717,24.370160714285717
CA-SC-10-B-162-BK-1TO,v1,Dec-Feb,2025-12-15,smooth,short,73.84959265873016,46,27.84959265873016,27.84959265873016
CA-SC-10-B-176-BK-1TO,v1,Dec-Feb,2025-12-15,smooth,short,50.07797400793652,106,55.92202599206348,-55.92202599206348
CA-SC-10-B-176-DG-1TO,v1,Dec-Feb,2025-12-15,smooth,short,18.688655952380955,43,24.311344047619045,-24.311344047619045
CA-SC-10-B-177-BK-1TO,v1,Dec-Feb,2025-12-15,smooth,short,132.33588809523812,133,0.6641119047618815,-0.6641119047618815
CA-SC-10-B-177-DG-1TO,v1,Dec-Feb,2025-12-15,smooth,short,53.99011666666668,59,5.00988333333332,-5.00988333333332
CA-SC-10-B-201-GR-1TO,v1,Dec-Feb,2025-12-15,smooth,short,19.27643908730159,42,22.72356091269841,-22.72356091269841
CA-SC-10-B-22-BK-1TO,v1,Dec-Feb,2025-12-15,smooth,short,35.18105634920635,40,4.818943650793649,-4.818943650793649
CA-SC-10-B-28-BE-1TO,v1,Dec-Feb,2025-12-15,smooth,short,76.01537242063493,96,19.984627579365068,-19.984627579365068
CA-SC-10-B-28-BK-1TO,v1,Dec-Feb,2025-12-15,smooth,short,158.6200111111111,156,2.620011111111097,2.620011111111097
CA-SC-10-B-28-DB-1TO,v1,Dec-Feb,2025-12-15,smooth,short,26.41701746031746,30,3.58298253968254,-3.58298253968254
CA-SC-10-B-28-DG-1TO,v1,Dec-Feb,2025-12-15,smooth,short,43.30460396825397,59,15.695396031746029,-15.695396031746029
CA-SC-10-B-28-GR-1TO,v1,Dec-Feb,2025-12-15,smooth,short,72.86537440476191,49,23.86537440476191,23.86537440476191
CA-SC-10-B-28-WR-1TO,v1,Dec-Feb,2025-12-15,smooth,short,38.564119246031744,64,25.435880753968256,-25.435880753968256
CA-SC-10-B-32-BE-1TO,v1,Dec-Feb,2025-12-15,smooth,short,105.11326051587304,111,5.886739484126963,-5.886739484126963
CA-SC-10-B-32-BK-1TO,v1,Dec-Feb,2025-12-15,smooth,short,392.5244751984128,353,39.5244751984128,39.5244751984128
CA-SC-10-B-32-BR-1TO,v1,Dec-Feb,2025-12-15,smooth,short,51.26777896825397,51,0.2677789682539711,0.2677789682539711
CA-SC-10-B-32-DB-1TO,v1,Dec-Feb,2025-12-15,smooth,short,69.47606646825399,62,7.47606646825399,7.47606646825399
CA-SC-10-B-32-DG-1TO,v1,Dec-Feb,2025-12-15,smooth,short,106.7142388888889,141,34.2857611111111,-34.2857611111111
CA-SC-10-B-32-GR-1TO,v1,Dec-Feb,2025-12-15,smooth,short,61.503648809523824,82,20.496351190476176,-20.496351190476176
CA-SC-10-B-32-WR-1TO,v1,Dec-Feb,2025-12-15,smooth,short,62.56180833333333,68,5.438191666666668,-5.438191666666668
CA-SC-10-B-36-BE-1TO,v1,Dec-Feb,2025-12-15,smooth,short,19.137049801587303,29,9.862950198412697,-9.862950198412697
CA-SC-10-B-36-BK-1TO,v1,Dec-Feb,2025-12-15,smooth,short,62.2887751984127,44,18.2887751984127,18.2887751984127
CA-SC-10-B-37-BK-1TO,v1,Dec-Feb,2025-12-15,smooth,short,210.91372519841275,176,34.91372519841275,34.91372519841275
CA-SC-10-B-37-DB-1TO,v1,Dec-Feb,2025-12-15,smooth,short,38.362029761904765,40,1.6379702380952352,-1.6379702380952352
CA-SC-10-B-37-DG-1TO,v1,Dec-Feb,2025-12-15,smooth,short,90.00900753968256,108,17.990992460317443,-17.990992460317443
CA-SC-10-B-37-GR-1TO,v1,Dec-Feb,2025-12-15,smooth,short,35.33168670634922,34,1.3316867063492168,1.3316867063492168
CA-SC-10-B-38-BK-1TO,v1,Dec-Feb,2025-12-15,smooth,short,34.69294404761905,42,7.307055952380949,-7.307055952380949
CA-SC-10-B-39-BK-1TO,v1,Dec-Feb,2025-12-15,smooth,short,74.50182460317461,54,20.50182460317461,20.50182460317461
CA-SC-10-B-44-BE-1TO,v1,Dec-Feb,2025-12-15,smooth,short,79.93650793650795,65,14.936507936507951,14.936507936507951
CA-SC-10-B-44-BK-1TO,v1,Dec-Feb,2025-12-15,smooth,short,233.08811250000002,245,11.911887499999978,-11.911887499999978
CA-SC-10-B-44-DB-1TO,v1,Dec-Feb,2025-12-15,smooth,short,52.552508531746035,64,11.447491468253965,-11.447491468253965
CA-SC-10-B-44-DG-1TO,v1,Dec-Feb,2025-12-15,smooth,short,162.2528755952381,132,30.252875595238095,30.252875595238095
CA-SC-10-B-47-BE-1TO,v1,Dec-Feb,2025-12-15,smooth,short,37.78523789682539,39,1.214762103174607,-1.214762103174607
CA-SC-10-B-47-BK-1TO,v1,Dec-Feb,2025-12-15,smooth,short,48.25167460317461,40,8.251674603174607,8.251674603174607
CA-SC-10-B-48-BK-1TO,v1,Dec-Feb,2025-12-15,smooth,short,22.424938293650793,33,10.575061706349207,-10.575061706349207
CA-SC-10-B-53-BK-1TO,v1,Dec-Feb,2025-12-15,smooth,short,49.568628571428576,34,15.568628571428576,15.568628571428576
CA-SC-10-B-56-BK-1TO,v1,Dec-Feb,2025-12-15,smooth,short,54.83019940476191,57,2.1698005952380868,-2.1698005952380868
CA-SC-10-B-71-BK-1TO,v1,Dec-Feb,2025-12-15,smooth,short,15.770723611111112,33,17.229276388888888,-17.229276388888888
CA-SC-10-B-76-BK-1TO,v1,Dec-Feb,2025-12-15,smooth,short,54.14674226190476,44,10.146742261904762,10.146742261904762
CA-SC-10-B-76-DG-1TO,v1,Dec-Feb,2025-12-15,smooth,short,46.149344444444445,34,12.149344444444445,12.149344444444445
CA-SC-10-F-10-BE-1TO,v1,Dec-Feb,2025-12-15,smooth,short,658.7562623015874,587,71.75626230158741,71.75626230158741
CA-SC-10-F-10-BK-1TO,v1,Dec-Feb,2025-12-15,smooth,short,1383.6362537698412,1244,139.63625376984123,139.63625376984123
CA-SC-10-F-10-BR-1TO,v1,Dec-Feb,2025-12-15,smooth,short,130.71292718253972,131,0.28707281746028457,-0.28707281746028457
CA-SC-10-F-10-DB-1TO,v1,Dec-Feb,2025-12-15,smooth,short,144.61188750000002,168,23.388112499999977,-23.388112499999977
CA-SC-10-F-10-DG-1TO,v1,Dec-Feb,2025-12-15,smooth,short,384.4169148809525,398,13.583085119047496,-13.583085119047496
CA-SC-10-F-10-GR-1TO,v1,Dec-Feb,2025-12-15,smooth,short,268.065080952381,283,14.934919047619019,-14.934919047619019
CA-SC-10-F-10-WR-1TO,v1,Dec-Feb,2025-12-15,smooth,short,176.00220476190475,186,9.99779523809525,-9.99779523809525
CA-SC-10-F-102-BE-1TO,v1,Dec-Feb,2025-12-15,smooth,short,31.493735119047624,18,13.493735119047624,13.493735119047624
CA-SC-10-F-103-BE-1TO,v1,Dec-Feb,2025-12-15,smooth,short,50.42769623015874,40,10.427696230158737,10.427696230158737
CA-SC-10-F-104-BE-1TO,v1,Dec-Feb,2025-12-15,smooth,short,55.56061924603174,40,15.560619246031742,15.560619246031742
CA-SC-10-F-106-BE-1TO,v1,Dec-Feb,2025-12-15,smooth,short,94.57712916666668,105,10.42287083333332,-10.42287083333332
CA-SC-10-F-106-BK-1TO,v1,Dec-Feb,2025-12-15,smooth,short,82.91164484126983,59,23.911644841269833,23.911644841269833
CA-SC-10-F-106-DG-1TO,v1,Dec-Feb,2025-12-15,smooth,short,122.24790079365081,112,10.247900793650814,10.247900793650814
CA-SC-10-F-107-BK-1TO,v1,Dec-Feb,2025-12-15,smooth,short,38.523651388888894,43,4.476348611111106,-4.476348611111106
CA-SC-10-F-107-DG-1TO,v1,Dec-Feb,2025-12-15,smooth,short,62.18360873015873,49,13.183608730158731,13.183608730158731
CA-SC-10-F-11-BE-1TO,v1,Dec-Feb,2025-12-15,smooth,short,47.71110396825398,41,6.71110396825398,6.71110396825398
CA-SC-10-F-11-BK-1TO,v1,Dec-Feb,2025-12-15,smooth,short,347.7697730158731,300,47.76977301587311,47.76977301587311
CA-SC-10-F-11-DB-1TO,v1,Dec-Feb,2025-12-15,smooth,short,42.17100436507937,58,15.82899563492063,-15.82899563492063
CA-SC-10-F-11-DG-1TO,v1,Dec-Feb,2025-12-15,smooth,short,143.6771299603175,140,3.677129960317501,3.677129960317501
CA-SC-10-F-11-GR-1TO,v1,Dec-Feb,2025-12-15,smooth,short,81.05287123015874,71,10.052871230158743,10.052871230158743
CA-SC-10-F-11-WR-1TO,v1,Dec-Feb,2025-12-15,smooth,short,32.72225932539683,37,4.277740674603173,-4.277740674603173
CA-SC-10-F-116-BK-1TO,v1,Dec-Feb,2025-12-15,smooth,short,26.945847420634927,18,8.945847420634927,8.945847420634927
CA-SC-10-F-12-BE-1TO,v1,Dec-Feb,2025-12-15,smooth,short,45.23132361111112,44,1.2313236111111223,1.2313236111111223
CA-SC-10-F-12-BK-1TO,v1,Dec-Feb,2025-12-15,smooth,short,103.71936765873019,75,28.719367658730192,28.719367658730192
CA-SC-10-F-12-DG-1TO,v1,Dec-Feb,2025-12-15,smooth,short,68.63748253968254,73,4.362517460317463,-4.362517460317463
CA-SC-10-F-12-GR-1TO,v1,Dec-Feb,2025-12-15,smooth,short,48.108788095238104,25,23.108788095238104,23.108788095238104
CA-SC-10-F-13-BE-1TO,v1,Dec-Feb,2025-12-15,smooth,short,67.33201944444444,73,5.667980555555559,-5.667980555555559
CA-SC-10-F-13-BK-1TO,v1,Dec-Feb,2025-12-15,smooth,short,236.9442996031746,170,66.94429960317461,66.94429960317461
CA-SC-10-F-13-DG-1TO,v1,Dec-Feb,2025-12-15,smooth,short,110.65036250000001,92,18.650362500000014,18.650362500000014
CA-SC-10-F-13-GR-1TO,v1,Dec-Feb,2025-12-15,smooth,short,71.12950317460319,66,5.129503174603187,5.129503174603187
CA-SC-10-F-13-WR-1TO,v1,Dec-Feb,2025-12-15,smooth,short,26.828440674603176,22,4.828440674603176,4.828440674603176
CA-SC-10-F-14-BE-1TO,v1,Dec-Feb,2025-12-15,smooth,short,146.53585932539684,97,49.53585932539684,49.53585932539684
CA-SC-10-F-14-BK-1TO,v1,Dec-Feb,2025-12-15,smooth,short,97.83454186507937,87,10.834541865079373,10.834541865079373
CA-SC-10-F-14-GR-1TO,v1,Dec-Feb,2025-12-15,smooth,short,54.289628769841265,67,12.710371230158735,-12.710371230158735
CA-SC-10-F-16-BK-1TO,v1,Dec-Feb,2025-12-15,smooth,short,31.269663095238098,31,0.26966309523809784,0.26966309523809784
CA-SC-10-F-169-BK-1TO,v1,Dec-Feb,2025-12-15,smooth,short,387.9808341269841,374,13.98083412698412,13.98083412698412
CA-SC-10-F-169-DB-1TO,v1,Dec-Feb,2025-12-15,smooth,short,113.01523412698414,109,4.01523412698414,4.01523412698414
CA-SC-10-F-169-DG-1TO,v1,Dec-Feb,2025-12-15,smooth,short,97.43660793650795,110,12.563392063492046,-12.563392063492046
CA-SC-10-F-17-BK-1TO,v1,Dec-Feb,2025-12-15,smooth,short,33.06923373015873,31,2.0692337301587287,2.0692337301587287
CA-SC-10-F-17-DG-1TO,v1,Dec-Feb,2025-12-15,smooth,short,31.91989662698413,28,3.91989662698413,3.91989662698413
CA-SC-10-F-174-BK-1TO,v1,Dec-Feb,2025-12-15,smooth,short,18.494310317460318,44,25.505689682539682,-25.505689682539682
CA-SC-10-F-177-BK-1TO,v1,Dec-Feb,2025-12-15,smooth,short,221.58949563492064,109,112.58949563492064,112.58949563492064
CA-SC-10-F-177-DG-1TO,v1,Dec-Feb,2025-12-15,smooth,short,196.9847886904762,80,116.9847886904762,116.9847886904762
CA-SC-10-F-18-BK-1TO,v1,Dec-Feb,2025-12-15,smooth,short,63.58524543650795,63,0.5852454365079467,0.5852454365079467
CA-SC-10-F-182-BK-1TO,v1,Dec-Feb,2025-12-15,smooth,short,63.50980535714287,41,22.509805357142866,22.509805357142866
CA-SC-10-F-182-DG-1TO,v1,Dec-Feb,2025-12-15,smooth,short,100.55912777777779,77,23.55912777777779,23.55912777777779
CA-SC-10-F-182-GR-1TO,v1,Dec-Feb,2025-12-15,smooth,short,46.28998273809524,32,14.28998273809524,14.28998273809524
CA-SC-10-F-183-BK-1TO,v1,Dec-Feb,2025-12-15,smooth,short,118.38621805555556,72,46.38621805555556,46.38621805555556
CA-SC-10-F-183-DG-1TO,v1,Dec-Feb,2025-12-15,smooth,short,53.398586507936514,59,5.601413492063486,-5.601413492063486
CA-SC-10-F-185-BE-1TO,v1,Dec-Feb,2025-12-15,smooth,short,33.813142857142864,22,11.813142857142864,11.813142857142864
CA-SC-10-F-185-BK-1TO,v1,Dec-Feb,2025-12-15,smooth,short,61.51389067460317,27,34.51389067460317,34.51389067460317
CA-SC-10-F-185-DG-1TO,v1,Dec-Feb,2025-12-15,smooth,short,48.091052182539684,25,23.091052182539684,23.091052182539684
CA-SC-10-F-188-BK-1TO,v1,Dec-Feb,2025-12-15,smooth,short,94.01032936507939,78,16.010329365079386,16.010329365079386
CA-SC-10-F-188-DG-1TO,v1,Dec-Feb,2025-12-15,smooth,short,27.552115873015875,24,3.5521158730158753,3.5521158730158753
CA-SC-10-F-190-BE-1TO,v1,Dec-Feb,2025-12-15,smooth,short,45.36446785714287,38,7.36446785714287,7.36446785714287
CA-SC-10-F-190-BK-1TO,v1,Dec-Feb,2025-12-15,smooth,short,363.376376984127,279,84.37637698412698,84.37637698412698
CA-SC-10-F-190-DB-1TO,v1,Dec-Feb,2025-12-15,smooth,short,76.36259662698413,80,3.6374033730158715,-3.6374033730158715
CA-SC-10-F-190-DG-1TO,v1,Dec-Feb,2025-12-15,smooth,short,113.35171686507937,80,33.35171686507937,33.35171686507937
CA-SC-10-F-193-BK-1TO,v1,Dec-Feb,2025-12-15,smooth,short,336.24392777777786,140,196.24392777777786,196.24392777777786
CA-SC-10-F-193-DG-1TO,v1,Dec-Feb,2025-12-15,smooth,short,126.27120515873018,40,86.27120515873018,86.27120515873018
CA-SC-10-F-197-BK-1TO,v1,Dec-Feb,2025-12-15,smooth,short,89.67327420634922,90,0.32672579365078036,-0.32672579365078036
CA-SC-10-F-197-DG-1TO,v1,Dec-Feb,2025-12-15,smooth,short,37.58864404761906,40,2.411355952380937,-2.411355952380937
CA-SC-10-F-199-BE-1TO,v1,Dec-Feb,2025-12-15,smooth,short,19.490519047619046,40,20.509480952380954,-20.509480952380954
CA-SC-10-F-199-BK-1TO,v1,Dec-Feb,2025-12-15,smooth,short,363.7970428571429,349,14.797042857142912,14.797042857142912
CA-SC-10-F-199-DB-1TO,v1,Dec-Feb,2025-12-15,smooth,short,51.057945634920635,52,0.9420543650793647,-0.9420543650793647
CA-SC-10-F-199-DG-1TO,v1,Dec-Feb,2025-12-15,smooth,short,214.0087668650794,169,45.008766865079394,45.008766865079394
CA-SC-10-F-199-GR-1TO,v1,Dec-Feb,2025-12-15,smooth,short,33.34126765873016,37,3.6587323412698396,-3.6587323412698396
CA-SC-10-F-20-BE-1TO,v1,Dec-Feb,2025-12-15,smooth,short,89.36052261904761,103,13.639477380952385,-13.639477380952385
CA-SC-10-F-20-BK-1TO,v1,Dec-Feb,2025-12-15,smooth,short,90.64325376984128,84,6.64325376984128,6.64325376984128
CA-SC-10-F-20-DG-1TO,v1,Dec-Feb,2025-12-15,smooth,short,28.22008531746032,41,12.77991468253968,-12.77991468253968
CA-SC-10-F-20-GR-1TO,v1,Dec-Feb,2025-12-15,smooth,short,37.660337103174605,48,10.339662896825395,-10.339662896825395
CA-SC-10-F-200-BK-1TO,v1,Dec-Feb,2025-12-15,smooth,short,102.01347261904762,89,13.013472619047619,13.013472619047619
CA-SC-10-F-200-DG-1TO,v1,Dec-Feb,2025-12-15,smooth,short,60.99555238095239,85,24.00444761904761,-24.00444761904761
CA-SC-10-F-208-BK-1TO,v1,Dec-Feb,2025-12-15,smooth,short,67.7654251984127,34,33.7654251984127,33.7654251984127
CA-SC-10-F-215-BE-1TO,v1,Dec-Feb,2025-12-15,smooth,short,117.01056071428573,100,17.01056071428573,17.01056071428573
CA-SC-10-F-215-BK-1TO,v1,Dec-Feb,2025-12-15,smooth,short,148.8272892857143,95,53.8272892857143,53.8272892857143
CA-SC-10-F-215-DB-1TO,v1,Dec-Feb,2025-12-15,smooth,short,30.70061507936508,40,9.299384920634921,-9.299384920634921
CA-SC-10-F-216-BK-1TO,v1,Dec-Feb,2025-12-15,smooth,short,166.39633452380957,153,13.396334523809571,13.396334523809571
CA-SC-10-F-216-DG-1TO,v1,Dec-Feb,2025-12-15,smooth,short,66.3323134920635,82,15.667686507936494,-15.667686507936494
CA-SC-10-F-219-BK-1TO,v1,Dec-Feb,2025-12-15,smooth,short,40.1611007936508,25,15.161100793650803,15.161100793650803
CA-SC-10-F-22-BE-1TO,v1,Dec-Feb,2025-12-15,smooth,short,65.08105734126984,57,8.08105734126984,8.08105734126984
CA-SC-10-F-22-BK-1TO,v1,Dec-Feb,2025-12-15,smooth,short,120.56074087301587,116,4.560740873015874,4.560740873015874
CA-SC-10-F-22-DG-1TO,v1,Dec-Feb,2025-12-15,smooth,short,31.002875000000003,23,8.002875000000003,8.002875000000003
CA-SC-10-F-221-BK-1TO,v1,Dec-Feb,2025-12-15,smooth,short,84.07821825396826,37,47.07821825396826,47.07821825396826
CA-SC-10-F-232-BK-1TO,v1,Dec-Feb,2025-12-15,smooth,short,55.61057956349207,62,6.389420436507933,-6.389420436507933
CA-SC-10-F-232-GR-1TO,v1,Dec-Feb,2025-12-15,smooth,short,62.919024603174606,68,5.080975396825394,-5.080975396825394
CA-SC-10-F-234-BE-1TO,v1,Dec-Feb,2025-12-15,smooth,short,50.44093571428572,80,29.55906428571428,-29.55906428571428
CA-SC-10-F-234-BK-1TO,v1,Dec-Feb,2025-12-15,smooth,short,84.4779007936508,97,12.522099206349196,-12.522099206349196
CA-SC-10-F-26-BK-1TO,v1,Dec-Feb,2025-12-15,smooth,short,30.096844642857146,37,6.903155357142854,-6.903155357142854
CA-SC-10-F-265-BK-1TO,v1,Dec-Feb,2025-12-15,smooth,short,41.02491468253968,30,11.02491468253968,11.02491468253968
CA-SC-10-F-30-BE-1TO,v1,Dec-Feb,2025-12-15,smooth,short,173.4030192460318,111,62.40301924603179,62.40301924603179
CA-SC-10-F-30-BK-1TO,v1,Dec-Feb,2025-12-15,smooth,short,267.74508511904764,249,18.745085119047644,18.745085119047644
CA-SC-10-F-30-DG-1TO,v1,Dec-Feb,2025-12-15,smooth,short,94.27037281746031,100,5.729627182539687,-5.729627182539687
CA-SC-10-F-30-GR-1TO,v1,Dec-Feb,2025-12-15,smooth,short,83.453464484127,81,2.4534644841269966,2.4534644841269966
CA-SC-10-F-31-BE-1TO,v1,Dec-Feb,2025-12-15,smooth,short,71.27288928571429,83,11.727110714285715,-11.727110714285715
CA-SC-10-F-31-BK-1TO,v1,Dec-Feb,2025-12-15,smooth,short,254.1826075396825,231,23.182607539682493,23.182607539682493
CA-SC-10-F-31-DB-1TO,v1,Dec-Feb,2025-12-15,smooth,short,29.105382142857145,29,0.10538214285714531,0.10538214285714531
CA-SC-10-F-31-DG-1TO,v1,Dec-Feb,2025-12-15,smooth,short,85.56428789682542,76,9.56428789682542,9.56428789682542
CA-SC-10-F-31-GR-1TO,v1,Dec-Feb,2025-12-15,smooth,short,43.58887817460318,48,4.411121825396819,-4.411121825396819
CA-SC-10-F-34-BK-1TO,v1,Dec-Feb,2025-12-15,smooth,short,36.54697142857143,30,6.546971428571432,6.546971428571432
CA-SC-10-F-34-DG-1TO,v1,Dec-Feb,2025-12-15,smooth,short,22.19537063492064,32,9.80462936507936,-9.80462936507936
CA-SC-10-F-36-DG-1TO,v1,Dec-Feb,2025-12-15,smooth,short,46.81231785714286,30,16.812317857142858,16.812317857142858
CA-SC-10-F-40-BE-1TO,v1,Dec-Feb,2025-12-15,smooth,short,142.0286892857143,118,24.028689285714307,24.028689285714307
CA-SC-10-F-40-BK-1TO,v1,Dec-Feb,2025-12-15,smooth,short,625.8471513888891,477,148.84715138888907,148.84715138888907
CA-SC-10-F-40-BR-1TO,v1,Dec-Feb,2025-12-15,smooth,short,58.422096428571436,35,23.422096428571436,23.422096428571436
CA-SC-10-F-40-DB-1TO,v1,Dec-Feb,2025-12-15,smooth,short,102.04494761904762,78,24.04494761904762,24.04494761904762
CA-SC-10-F-40-DG-1TO,v1,Dec-Feb,2025-12-15,smooth,short,237.25555238095245,222,15.255552380952452,15.255552380952452
CA-SC-10-F-40-GR-1TO,v1,Dec-Feb,2025-12-15,smooth,short,105.47247519841271,125,19.52752480158729,-19.52752480158729
CA-SC-10-F-40-WR-1TO,v1,Dec-Feb,2025-12-15,smooth,short,61.435702777777784,69,7.564297222222216,-7.564297222222216
CA-SC-10-F-43-BE-1TO,v1,Dec-Feb,2025-12-15,smooth,short,54.1200134920635,48,6.120013492063499,6.120013492063499
CA-SC-10-F-43-BK-1TO,v1,Dec-Feb,2025-12-15,smooth,short,63.59149047619047,51,12.591490476190472,12.591490476190472
CA-SC-10-F-43-DG-1TO,v1,Dec-Feb,2025-12-15,smooth,short,25.451034722222225,21,4.451034722222225,4.451034722222225
CA-SC-10-F-43-GR-1TO,v1,Dec-Feb,2025-12-15,smooth,short,17.492855753968254,22,4.507144246031746,-4.507144246031746
CA-SC-10-F-74-BE-1TO,v1,Dec-Feb,2025-12-15,smooth,short,63.907989087301594,42,21.907989087301594,21.907989087301594
CA-SC-10-F-74-DG-1TO,v1,Dec-Feb,2025-12-15,smooth,short,34.62924464285714,29,5.629244642857138,5.629244642857138
CA-SC-10-F-74-GR-1TO,v1,Dec-Feb,2025-12-15,smooth,short,31.1912253968254,27,4.1912253968253985,4.1912253968253985
CA-SC-10-F-94-BE-1TO,v1,Dec-Feb,2025-12-15,smooth,short,89.18865912698413,72,17.188659126984135,17.188659126984135
CA-SC-10-F-99-BK-1TO,v1,Dec-Feb,2025-12-15,smooth,short,27.657532142857143,45,17.342467857142857,-17.342467857142857
CA-SC-10-F-NEW-BE-1TO,v1,Dec-Feb,2025-12-15,smooth,short,160.43931607142858,98,62.43931607142858,62.43931607142858
CA-SC-10-F-NEW-BK-1TO,v1,Dec-Feb,2025-12-15,smooth,short,314.25339444444455,242,72.25339444444455,72.25339444444455
CA-SC-10-F-NEW-DG-1TO,v1,Dec-Feb,2025-12-15,smooth,short,177.68311964285718,82,95.68311964285718,95.68311964285718
CA-SC-10-F-NEW-GR-1TO,v1,Dec-Feb,2025-12-15,smooth,short,92.25322500000003,50,42.25322500000003,42.25322500000003
CA-SC-10-R-90-BK-1TO,v1,Dec-Feb,2025-12-15,smooth,short,271.5305783730159,262,9.530578373015885,9.530578373015885
CA-SC-10-R-90-DB-1TO,v1,Dec-Feb,2025-12-15,smooth,short,43.05355337301588,42,1.0535533730158804,1.0535533730158804
CA-SC-10-R-90-DG-1TO,v1,Dec-Feb,2025-12-15,smooth,short,145.27111388888886,139,6.271113888888863,6.271113888888863
CA-SC-10-R-90-GR-1TO,v1,Dec-Feb,2025-12-15,smooth,short,18.9949126984127,18,0.9949126984127012,0.9949126984127012
CA-SC-10-R-91-BK-1TO,v1,Dec-Feb,2025-12-15,smooth,short,32.82492777777778,29,3.8249277777777806,3.8249277777777806
CC-CC-03-CHCV15-GR-1TO,v1,Dec-Feb,2025-12-15,smooth,long,360.0265376984127,116,244.0265376984127,244.0265376984127
CC-CC-03-MZMX38-GR-1TO,v1,Dec-Feb,2025-12-15,smooth,long,101.7731634920635,55,46.7731634920635,46.7731634920635
CC-CC-15-CHCV20-BKRD-STR,v1,Dec-Feb,2025-12-15,smooth,short,33.73345615079366,31,2.733456150793657,2.733456150793657
CC-CC-15-CHCV21-BKRD-STR,v1,Dec-Feb,2025-12-15,smooth,short,32.5129255952381,32,0.5129255952381016,0.5129255952381016
CC-CC-15-DGCH05-BKRD-STR,v1,Dec-Feb,2025-12-15,smooth,short,59.71931607142857,39,20.719316071428572,20.719316071428572
CC-CC-15-FOMU187-BKRD-STR,v1,Dec-Feb,2025-12-15,smooth,short,31.077815476190477,18,13.077815476190477,13.077815476190477
CC-CN-03-B-GR-1TO,v1,Dec-Feb,2025-12-15,smooth,long,356.0287130952381,253,103.02871309523812,103.02871309523812
CC-CN-03-D-GR-1TO,v1,Dec-Feb,2025-12-15,smooth,long,897.7404416666667,634,263.7404416666667,263.7404416666667
CC-CN-03-F-GR-1TO,v1,Dec-Feb,2025-12-15,smooth,long,272.54602182539685,217,55.54602182539685,55.54602182539685
CC-CN-03-G-GR-1TO,v1,Dec-Feb,2025-12-15,smooth,long,93.99109464285715,85,8.99109464285715,8.99109464285715
CC-CN-03-H-GR-1TO,v1,Dec-Feb,2025-12-15,smooth,long,142.24451785714285,113,29.244517857142853,29.244517857142853
CC-CN-03-I-GR-1TO,v1,Dec-Feb,2025-12-15,smooth,long,151.7157450396826,105,46.71574503968259,46.71574503968259
CC-CN-03-J-GR-1TO,v1,Dec-Feb,2025-12-15,smooth,long,974.2022095238095,642,332.20220952380953,332.20220952380953
CC-CN-03-K-GR-1TO,v1,Dec-Feb,2025-12-15,smooth,long,972.4146293650795,595,377.41462936507946,377.41462936507946
CC-CN-03-L-GR-1TO,v1,Dec-Feb,2025-12-15,smooth,long,609.8491083333333,414,195.84910833333333,195.84910833333333
CC-CN-03-M-GR-1TO,v1,Dec-Feb,2025-12-15,smooth,long,764.8797204365078,559,205.8797204365078,205.8797204365078
CC-CN-03-N-GR-1TO,v1,Dec-Feb,2025-12-15,smooth,long,859.1435984126985,515,344.14359841269845,344.14359841269845
CC-CN-03-P-GR-1TO,v1,Dec-Feb,2025-12-15,smooth,long,977.1293845238097,748,229.12938452380968,229.12938452380968
CC-CN-03-R-GR-1TO,v1,Dec-Feb,2025-12-15,smooth,long,377.1426926587302,322,55.1426926587302,55.1426926587302
CC-CN-03-T-GR-1TO,v1,Dec-Feb,2025-12-15,smooth,long,151.42322738095243,113,38.423227380952426,38.423227380952426
CC-CN-03-X-GR-1TO,v1,Dec-Feb,2025-12-15,smooth,long,1079.4238839285717,728,351.42388392857174,351.42388392857174
CC-CN-15-D-BKRD-STR,v1,Dec-Feb,2025-12-15,smooth,short,37.34533730158731,40,2.654662698412693,-2.654662698412693
CC-CN-15-X-BKRD-STR,v1,Dec-Feb,2025-12-15,smooth,short,28.536334126984126,30,1.4636658730158736,-1.4636658730158736
CC-CP-03-F-GR-1TO,v1,Dec-Feb,2025-12-15,smooth,long,110.97710297619048,71,39.97710297619048,39.97710297619048
CC-CP-03-G-GR-1TO,v1,Dec-Feb,2025-12-15,smooth,long,820.5744831349207,668,152.57448313492068,152.57448313492068
CC-CP-03-H-GR-1TO,v1,Dec-Feb,2025-12-15,smooth,long,161.47299503968256,96,65.47299503968256,65.47299503968256
CC-CP-03-I-GR-1TO,v1,Dec-Feb,2025-12-15,smooth,long,496.0047827380953,346,150.0047827380953,150.0047827380953
CC-CP-03-J-GR-1TO,v1,Dec-Feb,2025-12-15,smooth,long,878.947618452381,577,301.947618452381,301.947618452381
CC-CP-03-K-GR-1TO,v1,Dec-Feb,2025-12-15,smooth,long,1042.1597321428571,656,386.15973214285714,386.15973214285714
CC-CP-03-L-GR-1TO,v1,Dec-Feb,2025-12-15,smooth,long,58.70612083333334,55,3.706120833333337,3.706120833333337
CC-CP-03-M-GR-1TO,v1,Dec-Feb,2025-12-15,smooth,long,53.277932341269846,50,3.277932341269846,3.277932341269846
CC-CS-03-G-GR-1TO,v1,Dec-Feb,2025-12-15,smooth,long,95.49539980158733,58,37.495399801587325,37.495399801587325
CC-CS-03-H-GR-1TO,v1,Dec-Feb,2025-12-15,smooth,long,150.5291875,138,12.529187500000006,12.529187500000006
CC-CS-03-I-GR-1TO,v1,Dec-Feb,2025-12-15,smooth,long,208.63928174603174,181,27.63928174603174,27.63928174603174
CC-CS-03-J-GR-1TO,v1,Dec-Feb,2025-12-15,smooth,long,40.708665873015875,74,33.291334126984125,-33.291334126984125
CC-CS-03-K-GR-1TO,v1,Dec-Feb,2025-12-15,smooth,long,348.03406309523814,278,70.03406309523814,70.03406309523814
CC-CS-03-L-GR-1TO,v1,Dec-Feb,2025-12-15,smooth,long,179.9857906746032,173,6.985790674603209,6.985790674603209
CC-CS-03-M-GR-1TO,v1,Dec-Feb,2025-12-15,smooth,long,142.23427599206352,128,14.234275992063516,14.234275992063516
CC-CS-03-N-GR-1TO,v1,Dec-Feb,2025-12-15,smooth,long,68.54605515873017,62,6.546055158730169,6.546055158730169
CC-CS-15-K-BKRD-STR,v1,Dec-Feb,2025-12-15,smooth,short,16.61405376984127,28,11.38594623015873,-11.38594623015873
CC-SN-03-B-GR-1TO,v1,Dec-Feb,2025-12-15,smooth,long,53.86846329365079,37,16.86846329365079,16.86846329365079
CC-SN-03-D-GR-1TO,v1,Dec-Feb,2025-12-15,smooth,long,96.5340748015873,75,21.534074801587295,21.534074801587295
CC-SS-03-G-GR-1TO,v1,Dec-Feb,2025-12-15,smooth,long,76.28915496031748,66,10.289154960317475,10.289154960317475
CC-SS-03-H-GR-1TO,v1,Dec-Feb,2025-12-15,smooth,long,69.56449623015872,49,20.564496230158724,20.564496230158724
CC-SS-03-I-GR-1TO,v1,Dec-Feb,2025-12-15,smooth,long,99.97783948412702,96,3.977839484127017,3.977839484127017
CC-SS-03-J-GR-1TO,v1,Dec-Feb,2025-12-15,smooth,long,113.09517063492065,147,33.90482936507935,-33.90482936507935
CC-SS-03-K-GR-1TO,v1,Dec-Feb,2025-12-15,smooth,long,196.60434087301587,209,12.395659126984128,-12.395659126984128
CC-SS-03-M-GR-1TO,v1,Dec-Feb,2025-12-15,smooth,long,271.6787107142857,214,57.67871071428573,57.67871071428573
CC-SS-03-N-GR-1TO,v1,Dec-Feb,2025-12-15,smooth,long,77.5688884920635,84,6.431111507936507,-6.431111507936507
CC-SS-03-R-GR-1TO,v1,Dec-Feb,2025-12-15,smooth,long,58.146815079365076,30,28.146815079365076,28.146815079365076
CC-SS-15-K-BKRD-STR,v1,Dec-Feb,2025-12-15,smooth,short,24.022419444444445,41,16.977580555555555,-16.977580555555555
CC-SS-15-M-BKRD-STR,v1,Dec-Feb,2025-12-15,smooth,short,27.599578174603185,49,21.400421825396815,-21.400421825396815
CC-TC-03-N-GR-1TO,v1,Dec-Feb,2025-12-15,smooth,long,48.42978313492064,54,5.5702168650793595,-5.5702168650793595
CC-TC-03-P-GR-1TO,v1,Dec-Feb,2025-12-15,smooth,long,22.26206765873016,22,0.26206765873016025,0.26206765873016025
CC-TS-03-N-GR-1TO,v1,Dec-Feb,2025-12-15,smooth,long,27.853626388888888,27,0.8536263888888875,0.8536263888888875
CC-TS-03-R-GR-1TO,v1,Dec-Feb,2025-12-15,smooth,long,50.571332142857145,58,7.428667857142855,-7.428667857142855
CC-TS-03-S-GR-1TO,v1,Dec-Feb,2025-12-15,smooth,long,228.4712795634921,179,49.47127956349209,49.47127956349209
CC-TS-03-T-GR-1TO,v1,Dec-Feb,2025-12-15,smooth,long,83.66604563492065,72,11.66604563492065,11.66604563492065
CC-TS-03-V-GR-1TO,v1,Dec-Feb,2025-12-15,smooth,long,39.25132341269841,32,7.251323412698412,7.251323412698412
CC-TS-15-S-BKRD-STR,v1,Dec-Feb,2025-12-15,smooth,short,15.572381150793651,22,6.427618849206349,-6.427618849206349
CC-TS-15-T-BKRD-STR,v1,Dec-Feb,2025-12-15,smooth,short,35.74385932539682,37,1.2561406746031807,-1.2561406746031807
CC-TT-03-S-GR-1TO,v1,Dec-Feb,2025-12-15,smooth,long,36.05711051587302,26,10.05711051587302,10.05711051587302
CC-TT-03-U-GR-1TO,v1,Dec-Feb,2025-12-15,smooth,long,42.7735257936508,47,4.226474206349202,-4.226474206349202
CC-TT-03-Y-GR-1TO,v1,Dec-Feb,2025-12-15,smooth,long,36.64664226190477,33,3.6466422619047734,3.6466422619047734
CA-CL-AT-CBL,v1,Oct-Dec,2025-10-06,smooth,long,39.97960952380952,32,7.979609523809522,7.979609523809522
CA-SC-10-B-10-WR-1TO,v1,Oct-Dec,2025-10-06,smooth,short,91.22598095238094,64,27.225980952380937,27.225980952380937
CA-SC-10-B-15-BK-1TO,v1,Oct-Dec,2025-10-06,smooth,short,26.579589285714285,43,16.420410714285715,-16.420410714285715
CA-SC-10-B-39-BK-1TO,v1,Oct-Dec,2025-10-06,smooth,short,72.91849642857142,67,5.918496428571416,5.918496428571416
CA-SC-10-B-76-BK-1TO,v1,Oct-Dec,2025-10-06,smooth,short,52.691179761904756,53,0.30882023809524384,-0.30882023809524384
CA-SC-10-F-12-BK-1TO,v1,Oct-Dec,2025-10-06,smooth,short,88.19820595238095,89,0.8017940476190546,-0.8017940476190546
CA-SC-10-F-185-BE-1TO,v1,Oct-Dec,2025-10-06,smooth,short,14.718044047619046,50,35.281955952380954,-35.281955952380954
CA-SC-10-F-185-BK-1TO,v1,Oct-Dec,2025-10-06,smooth,short,70.21621309523809,88,17.78378690476191,-17.78378690476191
CA-SC-10-F-190-BK-1TO,v1,Oct-Dec,2025-10-06,smooth,short,274.02016071428574,334,59.97983928571426,-59.97983928571426
CA-SC-10-F-199-GR-1TO,v1,Oct-Dec,2025-10-06,smooth,short,38.501014285714284,39,0.49898571428571614,-0.49898571428571614
CA-SC-10-F-20-BK-1TO,v1,Oct-Dec,2025-10-06,smooth,short,55.99928571428571,69,13.000714285714288,-13.000714285714288
CA-SC-10-F-232-BK-1TO,v1,Oct-Dec,2025-10-06,smooth,short,35.27620476190475,45,9.72379523809525,-9.72379523809525
CC-CC-03-CHCV15-GR-1TO,v1,Oct-Dec,2025-10-06,smooth,long,310.05238928571424,352,41.94761071428576,-41.94761071428576
CC-CC-03-MZMX38-GR-1TO,v1,Oct-Dec,2025-10-06,smooth,long,141.01550119047616,125,16.015501190476158,16.015501190476158
CC-CC-15-DGCH05-BKRD-STR,v1,Oct-Dec,2025-10-06,smooth,short,62.22410476190476,69,6.775895238095238,-6.775895238095238
CC-CC-15-FOMU187-BKRD-STR,v1,Oct-Dec,2025-10-06,smooth,short,59.49372142857144,50,9.49372142857144,9.49372142857144
CC-CN-03-B-GR-1TO,v1,Oct-Dec,2025-10-06,smooth,long,412.9970738095238,502,89.00292619047622,-89.00292619047622
CC-CN-03-D-GR-1TO,v1,Oct-Dec,2025-10-06,smooth,long,1106.2675619047618,1064,42.267561904761806,42.267561904761806
CC-CN-03-F-GR-1TO,v1,Oct-Dec,2025-10-06,smooth,long,296.95009523809523,302,5.04990476190477,-5.04990476190477
CC-CN-03-G-GR-1TO,v1,Oct-Dec,2025-10-06,smooth,long,104.71063571428569,112,7.2893642857143135,-7.2893642857143135
CC-CN-03-H-GR-1TO,v1,Oct-Dec,2025-10-06,smooth,long,136.6141714285714,169,32.38582857142859,-32.38582857142859
CC-CN-03-I-GR-1TO,v1,Oct-Dec,2025-10-06,smooth,long,137.42137738095238,169,31.57862261904762,-31.57862261904762
CC-CN-03-J-GR-1TO,v1,Oct-Dec,2025-10-06,smooth,long,1169.0041571428571,1092,77.00415714285714,77.00415714285714
CC-CN-03-K-GR-1TO,v1,Oct-Dec,2025-10-06,smooth,long,946.3494583333332,1044,97.65054166666675,-97.65054166666675
CC-CN-03-L-GR-1TO,v1,Oct-Dec,2025-10-06,smooth,long,674.5384928571428,714,39.46150714285716,-39.46150714285716
CC-CN-03-M-GR-1TO,v1,Oct-Dec,2025-10-06,smooth,long,882.3885059523811,937,54.61149404761886,-54.61149404761886
CC-CN-03-N-GR-1TO,v1,Oct-Dec,2025-10-06,smooth,long,848.3520464285715,933,84.6479535714285,-84.6479535714285
CC-CN-03-P-GR-1TO,v1,Oct-Dec,2025-10-06,smooth,long,1026.33845,1075,48.661550000000034,-48.661550000000034
CC-CN-03-R-GR-1TO,v1,Oct-Dec,2025-10-06,smooth,long,492.63481547619045,482,10.634815476190454,10.634815476190454
CC-CN-03-T-GR-1TO,v1,Oct-Dec,2025-10-06,smooth,long,149.7295119047619,187,37.27048809523811,-37.27048809523811
CC-CN-03-X-GR-1TO,v1,Oct-Dec,2025-10-06,smooth,long,1280.3146130952382,1255,25.3146130952382,25.3146130952382
CC-CN-15-D-BKRD-STR,v1,Oct-Dec,2025-10-06,smooth,short,68.45226904761904,45,23.45226904761904,23.45226904761904
CC-CN-15-X-BKRD-STR,v1,Oct-Dec,2025-10-06,smooth,short,49.31349285714285,45,4.3134928571428475,4.3134928571428475
CC-CP-03-F-GR-1TO,v1,Oct-Dec,2025-10-06,smooth,long,111.94437857142856,113,1.0556214285714418,-1.0556214285714418
CC-CP-03-G-GR-1TO,v1,Oct-Dec,2025-10-06,smooth,long,1058.2593809523808,1011,47.25938095238075,47.25938095238075
CC-CP-03-H-GR-1TO,v1,Oct-Dec,2025-10-06,smooth,long,139.84868214285711,167,27.151317857142885,-27.151317857142885
CC-CP-03-I-GR-1TO,v1,Oct-Dec,2025-10-06,smooth,long,555.0516059523808,550,5.051605952380783,5.051605952380783
CC-CP-03-J-GR-1TO,v1,Oct-Dec,2025-10-06,smooth,long,1038.9583607142856,1005,33.95836071428562,33.95836071428562
CC-CP-03-K-GR-1TO,v1,Oct-Dec,2025-10-06,smooth,long,1208.7626464285713,1224,15.237353571428685,-15.237353571428685
CC-CP-03-L-GR-1TO,v1,Oct-Dec,2025-10-06,smooth,long,50.86467976190476,81,30.13532023809524,-30.13532023809524
CC-CP-03-M-GR-1TO,v1,Oct-Dec,2025-10-06,smooth,long,121.71882976190477,64,57.71882976190477,57.71882976190477
CC-CS-03-G-GR-1TO,v1,Oct-Dec,2025-10-06,smooth,long,67.54671309523809,108,40.45328690476191,-40.45328690476191
CC-CS-03-H-GR-1TO,v1,Oct-Dec,2025-10-06,smooth,long,169.10580000000002,177,7.894199999999984,-7.894199999999984
CC-CS-03-I-GR-1TO,v1,Oct-Dec,2025-10-06,smooth,long,214.3638607142857,251,36.63613928571431,-36.63613928571431
CC-CS-03-J-GR-1TO,v1,Oct-Dec,2025-10-06,smooth,long,96.13545238095237,62,34.13545238095237,34.13545238095237
CC-CS-03-K-GR-1TO,v1,Oct-Dec,2025-10-06,smooth,long,369.65014761904763,363,6.65014761904763,6.65014761904763
CC-CS-03-L-GR-1TO,v1,Oct-Dec,2025-10-06,smooth,long,180.28792738095237,200,19.712072619047632,-19.712072619047632
CC-CS-03-M-GR-1TO,v1,Oct-Dec,2025-10-06,smooth,long,207.8329523809524,177,30.832952380952406,30.832952380952406
CC-CS-03-N-GR-1TO,v1,Oct-Dec,2025-10-06,smooth,long,88.35944642857143,92,3.640553571428569,-3.640553571428569
CC-CS-15-K-BKRD-STR,v1,Oct-Dec,2025-10-06,smooth,short,39.3373238095238,30,9.337323809523802,9.337323809523802
CC-SN-03-B-GR-1TO,v1,Oct-Dec,2025-10-06,smooth,long,90.95903095238096,67,23.959030952380957,23.959030952380957
CC-SN-03-D-GR-1TO,v1,Oct-Dec,2025-10-06,smooth,long,115.80745952380953,111,4.807459523809527,4.807459523809527
CC-SS-03-G-GR-1TO,v1,Oct-Dec,2025-10-06,smooth,long,121.26621904761905,82,39.266219047619046,39.266219047619046
CC-SS-03-H-GR-1TO,v1,Oct-Dec,2025-10-06,smooth,long,49.934703571428564,67,17.065296428571436,-17.065296428571436
CC-SS-03-I-GR-1TO,v1,Oct-Dec,2025-10-06,smooth,long,110.71132380952383,116,5.288676190476167,-5.288676190476167
CC-SS-03-J-GR-1TO,v1,Oct-Dec,2025-10-06,smooth,long,171.7896845238095,142,29.789684523809512,29.789684523809512
CC-SS-03-K-GR-1TO,v1,Oct-Dec,2025-10-06,smooth,long,193.82041904761903,198,4.179580952380974,-4.179580952380974
CC-SS-03-M-GR-1TO,v1,Oct-Dec,2025-10-06,smooth,long,336.12885476190473,302,34.12885476190473,34.12885476190473
CC-SS-03-N-GR-1TO,v1,Oct-Dec,2025-10-06,smooth,long,112.58766785714285,84,28.587667857142847,28.587667857142847
CC-SS-03-R-GR-1TO,v1,Oct-Dec,2025-10-06,smooth,long,51.142669047619044,65,13.857330952380956,-13.857330952380956
CC-TC-03-N-GR-1TO,v1,Oct-Dec,2025-10-06,smooth,long,66.0266369047619,64,2.026636904761901,2.026636904761901
CC-TC-03-P-GR-1TO,v1,Oct-Dec,2025-10-06,smooth,long,37.4265238095238,32,5.4265238095238,5.4265238095238
CC-TS-03-N-GR-1TO,v1,Oct-Dec,2025-10-06,smooth,long,39.984292857142854,42,2.0157071428571456,-2.0157071428571456
CC-TS-03-R-GR-1TO,v1,Oct-Dec,2025-10-06,smooth,long,44.83120833333333,63,18.16879166666667,-18.16879166666667
CC-TS-03-S-GR-1TO,v1,Oct-Dec,2025-10-06,smooth,long,334.96872619047616,267,67.96872619047616,67.96872619047616
CC-TS-03-T-GR-1TO,v1,Oct-Dec,2025-10-06,smooth,long,141.07270476190476,98,43.07270476190476,43.07270476190476
CC-TS-03-V-GR-1TO,v1,Oct-Dec,2025-10-06,smooth,long,65.35725476190476,55,10.357254761904755,10.357254761904755
CC-TT-03-S-GR-1TO,v1,Oct-Dec,2025-10-06,smooth,long,75.30799999999999,56,19.307999999999993,19.307999999999993
CC-TT-03-U-GR-1TO,v1,Oct-Dec,2025-10-06,smooth,long,63.15474999999999,60,3.154749999999993,3.154749999999993
CC-TT-03-Y-GR-1TO,v1,Oct-Dec,2025-10-06,smooth,long,34.609164285714286,45,10.390835714285714,-10.390835714285714
