unique_id,mean,std,cv,zero_pct,trend,ramp_up,second_half_mean,train_start,active_weeks,bucket,history_length,recent_mean,recent_zero_pct
CA-CL-AT-CBL,3.1171171171171173,2.9856676822456483,0.957829805575916,0.2882882882882883,0.05611618111618113,False,4.410714285714286,2024-06-24,110,smooth,full,5.461538461538462,0.0
CA-CL-CH-CSC-GR,0.018018018018018018,0.13301642396606667,7.3824115301167,0.9819819819819819,0.0005352755352755354,False,0.03571428571428571,2024-06-24,110,intermittent,full,0.0,1.0
CA-CL-CH-HRP-BK,0.009009009009009009,0.09448728361893258,10.488088481701515,0.990990990990991,0.00048262548262548264,False,0.017857142857142856,2024-06-24,110,intermittent,full,0.07692307692307693,0.9230769230769231
CA-CL-CH-HRP-BRL,0.018018018018018018,0.13301642396606667,7.3824115301167,0.9819819819819819,-4.387504387504406e-05,False,0.017857142857142856,2024-06-24,110,intermittent,full,0.0,1.0
CA-CL-CH-LSC-BK,0.009009009009009009,0.09448728361893258,10.488088481701515,0.990990990990991,0.0001930501930501931,False,0.017857142857142856,2024-06-24,110,intermittent,full,0.0,1.0
CA-CL-ET-TRI-BK,0.036036036036036036,0.22968556367535065,6.37377439199098,0.972972972972973,-0.00012285012285012287,False,0.03571428571428571,2024-06-24,110,intermittent,full,0.0,1.0
CA-CL-OR-CTO,0.04504504504504504,0.2074029627607448,4.604345773288535,0.954954954954955,0.0012197262197262196,False,0.07142857142857142,2024-06-24,110,intermittent,full,0.23076923076923078,0.7692307692307693
CA-CL-OR-HBH-BK,0.0990990990990991,0.5361685050942886,5.410427642315094,0.9459459459459459,0.003694278694278695,False,0.16071428571428573,2024-06-24,110,intermittent,full,0.6153846153846154,0.7692307692307693
CA-CL-OR-HBH-GR,0.07207207207207207,0.25860720890824007,3.588175023601831,0.9279279279279279,-0.0008511758511758513,False,0.0,2024-06-24,110,intermittent,full,0.0,1.0
CA-CL-PB-CBL,0.10810810810810811,0.36394612390493974,3.3665016461206925,0.9099099099099099,-0.0018427518427518472,False,0.05357142857142857,2024-06-24,110,intermittent,full,0.07692307692307693,0.9230769230769231
CA-CL-PM-APM-BN,0.23423423423423423,0.82696617962976,3.530509459188591,0.8918918918918919,2.632502632502617e-05,False,0.25,2024-06-24,110,intermittent,full,0.0,1.0
CA-CL-PM-WCB,0.02702702702702703,0.16216216216216217,6.0,0.972972972972973,0.0005703755703755706,False,0.03571428571428571,2024-06-24,110,intermittent,full,0.07692307692307693,0.9230769230769231
CA-CL-WS-RSV,0.02702702702702703,0.16216216216216223,6.000000000000002,0.972972972972973,0.0008511758511758514,False,0.05357142857142857,2024-06-24,110,intermittent,full,0.15384615384615385,0.8461538461538461
CA-FM-80-FM10170,0.018018018018018018,0.13301642396606667,7.3824115301167,0.9819819819819819,0.000895050895050895,False,0.03571428571428571,2024-06-24,110,intermittent,full,0.15384615384615385,0.8461538461538461
CA-FM-80-FM10185,0.018018018018018018,0.13301642396606667,7.3824115301167,0.9819819819819819,0.0009126009126009125,False,0.03571428571428571,2024-06-24,110,intermittent,full,0.15384615384615385,0.8461538461538461
CA-FM-80-FM10191,0.009009009009009009,0.09448728361893258,10.488088481701515,0.990990990990991,0.0004475254475254477,False,0.017857142857142856,2024-06-24,110,intermittent,full,0.07692307692307693,0.9230769230769231
CA-FM-80-FM10353,0.009009009009009009,0.09448728361893258,10.488088481701515,0.990990990990991,0.00041242541242541246,False,0.017857142857142856,2024-06-24,110,intermittent,full,0.07692307692307693,0.9230769230769231
CA-FM-80-FM10519,0.009009009009009009,0.09448728361893258,10.488088481701515,0.990990990990991,0.00042997542997542986,False,0.017857142857142856,2024-06-24,110,intermittent,full,0.07692307692307693,0.9230769230769231
CA-FM-80-FM10657,0.018018018018018018,0.13301642396606667,7.3824115301167,0.9819819819819819,0.000895050895050895,False,0.03571428571428571,2024-06-24,110,intermittent,full,0.15384615384615385,0.8461538461538461
CA-FM-80-FM10663,0.009009009009009009,0.09448728361893258,10.488088481701515,0.990990990990991,0.0004563004563004563,False,0.017857142857142856,2024-06-24,110,intermittent,full,0.07692307692307693,0.9230769230769231
CA-FM-80-FM10665,0.036036036036036036,0.18637982761781263,5.172040216394301,0.963963963963964,0.001605826605826606,False,0.07142857142857142,2024-06-24,110,intermittent,full,0.23076923076923078,0.7692307692307693
CA-FM-80-FM11331,0.036036036036036036,0.22968556367535067,6.373774391990981,0.972972972972973,0.0017988767988767994,False,0.07142857142857142,2024-06-24,110,intermittent,full,0.3076923076923077,0.7692307692307693
CA-FM-80-FM11456,0.009009009009009009,0.09448728361893258,10.488088481701515,0.990990990990991,0.00048262548262548264,False,0.017857142857142856,2024-06-24,110,intermittent,full,0.07692307692307693,0.9230769230769231
CA-FM-80-FM11467,0.02702702702702703,0.21051029631617882,7.788880963698616,0.9819819819819819,0.0013250263250263253,False,0.05357142857142857,2024-06-24,110,intermittent,full,0.23076923076923078,0.8461538461538461
CA-FM-80-FM11489,0.02702702702702703,0.21051029631617882,7.788880963698616,0.9819819819819819,0.0013776763776763778,False,0.05357142857142857,2024-06-24,110,intermittent,full,0.23076923076923078,0.8461538461538461
CA-FM-80-FM11536,0.009009009009009009,0.09448728361893258,10.488088481701515,0.990990990990991,0.0004563004563004563,False,0.017857142857142856,2024-06-24,110,intermittent,full,0.07692307692307693,0.9230769230769231
CA-FM-80-FM11550,0.009009009009009009,0.09448728361893258,10.488088481701515,0.990990990990991,0.00048262548262548264,False,0.017857142857142856,2024-06-24,110,intermittent,full,0.07692307692307693,0.9230769230769231
CA-FM-80-FM11564,0.009009009009009009,0.09448728361893258,10.488088481701515,0.990990990990991,0.0004387504387504389,False,0.017857142857142856,2024-06-24,110,intermittent,full,0.07692307692307693,0.9230769230769231
CA-FM-80-FM11582,0.009009009009009009,0.09448728361893258,10.488088481701515,0.990990990990991,0.0004738504738504738,False,0.017857142857142856,2024-06-24,110,intermittent,full,0.07692307692307693,0.9230769230769231
CA-FM-80-FM11705,0.02702702702702703,0.21051029631617882,7.788880963698616,0.9819819819819819,0.0012372762372762373,False,0.05357142857142857,2024-06-24,110,intermittent,full,0.23076923076923078,0.8461538461538461
CA-FM-80-FM11714,0.08108108108108109,0.405705594565683,5.003702332976757,0.954954954954955,0.003983853983853985,False,0.16071428571428573,2024-06-24,110,intermittent,full,0.6923076923076923,0.6153846153846154
CA-FM-80-FM11721,0.018018018018018018,0.13301642396606667,7.3824115301167,0.9819819819819819,0.0009038259038259041,False,0.03571428571428571,2024-06-24,110,intermittent,full,0.15384615384615385,0.8461538461538461
CA-FM-80-FM12035,0.009009009009009009,0.09448728361893258,10.488088481701515,0.990990990990991,0.00041242541242541246,False,0.017857142857142856,2024-06-24,110,intermittent,full,0.07692307692307693,0.9230769230769231
CA-FM-80-FM12182,0.009009009009009009,0.09448728361893258,10.488088481701515,0.990990990990991,0.00048262548262548264,False,0.017857142857142856,2024-06-24,110,intermittent,full,0.07692307692307693,0.9230769230769231
CA-FM-80-FM12897,0.018018018018018018,0.13301642396606667,7.3824115301167,0.9819819819819819,0.0006669006669006671,False,0.03571428571428571,2024-06-24,110,intermittent,full,0.0,1.0
CA-FM-80-FM12907,0.009009009009009009,0.09448728361893258,10.488088481701515,0.990990990990991,0.0004738504738504738,False,0.017857142857142856,2024-06-24,110,intermittent,full,0.07692307692307693,0.9230769230769231
CA-FM-80-FM12915,0.009009009009009009,0.09448728361893258,10.488088481701515,0.990990990990991,0.00046507546507546513,False,0.017857142857142856,2024-06-24,110,intermittent,full,0.07692307692307693,0.9230769230769231
CA-FM-80-FM12958,0.05405405405405406,0.32432432432432434,6.0,0.963963963963964,0.002457002457002457,False,0.10714285714285714,2024-06-24,110,intermittent,full,0.38461538461538464,0.7692307692307693
CA-FM-80-FM12961,0.009009009009009009,0.09448728361893258,10.488088481701515,0.990990990990991,0.0004387504387504389,False,0.017857142857142856,2024-06-24,110,intermittent,full,0.07692307692307693,0.9230769230769231
CA-FM-80-FM12999,0.036036036036036036,0.22968556367535067,6.373774391990981,0.972972972972973,0.0018164268164268167,False,0.07142857142857142,2024-06-24,110,intermittent,full,0.3076923076923077,0.7692307692307693
CA-FM-80-FM13000,0.018018018018018018,0.13301642396606667,7.3824115301167,0.9819819819819819,0.0008775008775008778,False,0.03571428571428571,2024-06-24,110,intermittent,full,0.15384615384615385,0.8461538461538461
CA-FM-80-FM13024,0.036036036036036036,0.18637982761781263,5.172040216394301,0.963963963963964,0.0012987012987012991,False,0.07142857142857142,2024-06-24,110,intermittent,full,0.07692307692307693,0.9230769230769231
CA-FM-80-FM13038,0.009009009009009009,0.09448728361893258,10.488088481701515,0.990990990990991,0.0004738504738504738,False,0.017857142857142856,2024-06-24,110,intermittent,full,0.07692307692307693,0.9230769230769231
CA-FM-80-FM13039,0.009009009009009009,0.09448728361893258,10.488088481701515,0.990990990990991,0.00035100035100035104,False,0.017857142857142856,2024-06-24,110,intermittent,full,0.0,1.0
CA-FM-80-FM13186,0.018018018018018018,0.13301642396606667,7.3824115301167,0.9819819819819819,0.0008336258336258338,False,0.03571428571428571,2024-06-24,110,intermittent,full,0.15384615384615385,0.8461538461538461
CA-FM-80-FM13197,0.018018018018018018,0.13301642396606667,7.3824115301167,0.9819819819819819,0.0006493506493506494,False,0.03571428571428571,2024-06-24,110,intermittent,full,0.07692307692307693,0.9230769230769231
CA-FM-80-FM13232,0.009009009009009009,0.09448728361893258,10.488088481701515,0.990990990990991,0.00048262548262548264,False,0.017857142857142856,2024-06-24,110,intermittent,full,0.07692307692307693,0.9230769230769231
CA-FM-80-FM13260,0.018018018018018018,0.13301642396606667,7.3824115301167,0.9819819819819819,0.0009038259038259041,False,0.03571428571428571,2024-06-24,110,intermittent,full,0.15384615384615385,0.8461538461538461
CA-FM-80-FM13261,0.018018018018018018,0.18897456723786515,10.488088481701515,0.990990990990991,0.0008248508248508249,False,0.03571428571428571,2024-06-24,110,intermittent,full,0.15384615384615385,0.9230769230769231
CA-FM-80-FM13263,0.018018018018018018,0.13301642396606667,7.3824115301167,0.9819819819819819,0.0008950508950508953,False,0.03571428571428571,2024-06-24,110,intermittent,full,0.15384615384615385,0.8461538461538461
CA-FM-80-FM13282,0.009009009009009009,0.09448728361893258,10.488088481701515,0.990990990990991,0.00042997542997542986,False,0.017857142857142856,2024-06-24,110,intermittent,full,0.07692307692307693,0.9230769230769231
CA-FM-80-FM13288,0.009009009009009009,0.09448728361893258,10.488088481701515,0.990990990990991,0.0004738504738504738,False,0.017857142857142856,2024-06-24,110,intermittent,full,0.07692307692307693,0.9230769230769231
CA-FM-80-FM13289,0.009009009009009009,0.09448728361893258,10.488088481701515,0.990990990990991,0.00025447525447525445,False,0.017857142857142856,2024-06-24,110,intermittent,full,0.0,1.0
CA-FM-80-FM13297,0.02702702702702703,0.16216216216216217,6.0,0.972972972972973,0.0013601263601263603,False,0.05357142857142857,2024-06-24,110,intermittent,full,0.23076923076923078,0.7692307692307693
CA-FM-80-FM13298,0.04504504504504504,0.28116191953742764,6.241794613730894,0.972972972972973,0.00200947700947701,False,0.08928571428571429,2024-06-24,110,intermittent,full,0.3076923076923077,0.8461538461538461
CA-FM-80-FM13315,0.009009009009009009,0.09448728361893258,10.488088481701515,0.990990990990991,0.0004738504738504738,False,0.017857142857142856,2024-06-24,110,intermittent,full,0.07692307692307693,0.9230769230769231
CA-FM-80-FM13335,0.018018018018018018,0.13301642396606667,7.3824115301167,0.9819819819819819,0.0006054756054756056,False,0.03571428571428571,2024-06-24,110,intermittent,full,0.07692307692307693,0.9230769230769231
CA-FM-80-FM13340,0.036036036036036036,0.22968556367535067,6.373774391990981,0.972972972972973,0.0018339768339768344,False,0.07142857142857142,2024-06-24,110,intermittent,full,0.3076923076923077,0.7692307692307693
CA-FM-80-FM13380,0.018018018018018018,0.18897456723786515,10.488088481701515,0.990990990990991,0.0009477009477009476,False,0.03571428571428571,2024-06-24,110,intermittent,full,0.15384615384615385,0.9230769230769231
CA-FM-80-FM13436,0.036036036036036036,0.18637982761781263,5.172040216394301,0.963963963963964,0.001570726570726571,False,0.07142857142857142,2024-06-24,110,intermittent,full,0.23076923076923078,0.7692307692307693
CA-FM-80-FM13459,0.02702702702702703,0.16216216216216217,6.0,0.972972972972973,0.0013513513513513514,False,0.05357142857142857,2024-06-24,110,intermittent,full,0.23076923076923078,0.7692307692307693
CA-FM-80-FM13464,0.04504504504504504,0.2074029627607448,4.604345773288535,0.954954954954955,0.0015356265356265355,False,0.08928571428571429,2024-06-24,110,intermittent,full,0.15384615384615385,0.8461538461538461
CA-FM-80-FM13487,0.04504504504504504,0.24705061623066824,5.4845236803208355,0.963963963963964,0.00214987714987715,False,0.08928571428571429,2024-06-24,110,intermittent,full,0.38461538461538464,0.6923076923076923
CA-FM-80-FM13512,0.02702702702702703,0.16216216216216217,6.0,0.972972972972973,0.0013952263952263955,False,0.05357142857142857,2024-06-24,110,intermittent,full,0.23076923076923078,0.7692307692307693
CA-FM-80-FM13514,0.036036036036036036,0.22968556367535065,6.37377439199098,0.972972972972973,0.0016146016146016148,False,0.07142857142857142,2024-06-24,110,intermittent,full,0.23076923076923078,0.8461538461538461
CA-FM-80-FM13534-C,0.018018018018018018,0.13301642396606667,7.3824115301167,0.9819819819819819,0.0009213759213759212,False,0.03571428571428571,2024-06-24,110,intermittent,full,0.15384615384615385,0.8461538461538461
CA-FM-80-FM13537,0.018018018018018018,0.13301642396606667,7.3824115301167,0.9819819819819819,0.0009038259038259037,False,0.03571428571428571,2024-06-24,110,intermittent,full,0.15384615384615385,0.8461538461538461
CA-FM-80-FM13572,0.04504504504504504,0.20740296276074485,4.604345773288536,0.954954954954955,0.0022551772551772553,False,0.08928571428571429,2024-06-24,110,intermittent,full,0.38461538461538464,0.6153846153846154
CA-FM-80-FM13584,0.009009009009009009,0.09448728361893258,10.488088481701515,0.990990990990991,0.0004475254475254477,False,0.017857142857142856,2024-06-24,110,intermittent,full,0.07692307692307693,0.9230769230769231
CA-FM-80-FM13610,0.02702702702702703,0.2105102963161788,7.788880963698615,0.9819819819819819,0.0013689013689013687,False,0.05357142857142857,2024-06-24,110,intermittent,full,0.23076923076923078,0.8461538461538461
CA-FM-80-FM13630,0.036036036036036036,0.18637982761781263,5.172040216394301,0.963963963963964,0.0017111267111267116,False,0.07142857142857142,2024-06-24,110,intermittent,full,0.3076923076923077,0.6923076923076923
CA-FM-80-FM13631,0.036036036036036036,0.18637982761781263,5.172040216394301,0.963963963963964,0.0018252018252018255,False,0.07142857142857142,2024-06-24,110,intermittent,full,0.3076923076923077,0.6923076923076923
CA-FM-80-FM13632,0.02702702702702703,0.21051029631617882,7.788880963698616,0.9819819819819819,0.0010266760266760269,False,0.05357142857142857,2024-06-24,110,intermittent,full,0.07692307692307693,0.9230769230769231
CA-FM-80-FM13632-C,0.009009009009009009,0.09448728361893258,10.488088481701515,0.990990990990991,0.0004387504387504389,False,0.017857142857142856,2024-06-24,110,intermittent,full,0.07692307692307693,0.9230769230769231
CA-FM-80-FM13696,0.08108108108108109,0.44792082503265057,5.5243568420693565,0.954954954954955,0.003966303966303967,False,0.16071428571428573,2024-06-24,110,intermittent,full,0.6923076923076923,0.6153846153846154
CA-FM-80-FM13714,0.009009009009009009,0.09448728361893258,10.488088481701515,0.990990990990991,0.00042997542997542986,False,0.017857142857142856,2024-06-24,110,intermittent,full,0.07692307692307693,0.9230769230769231
CA-FM-80-FM13745,0.009009009009009009,0.09448728361893258,10.488088481701515,0.990990990990991,0.00046507546507546513,False,0.017857142857142856,2024-06-24,110,intermittent,full,0.07692307692307693,0.9230769230769231
CA-FM-80-FM13746,0.018018018018018018,0.13301642396606667,7.3824115301167,0.9819819819819819,0.0008775008775008778,False,0.03571428571428571,2024-06-24,110,intermittent,full,0.15384615384615385,0.8461538461538461
CA-FM-80-FM13747,0.009009009009009009,0.09448728361893258,10.488088481701515,0.990990990990991,0.0004475254475254477,False,0.017857142857142856,2024-06-24,110,intermittent,full,0.07692307692307693,0.9230769230769231
CA-FM-80-FM13748,0.02702702702702703,0.1621621621621622,6.000000000000001,0.972972972972973,0.0012987012987012991,False,0.05357142857142857,2024-06-24,110,intermittent,full,0.23076923076923078,0.7692307692307693
CA-FM-80-FM13776,0.018018018018018018,0.13301642396606667,7.3824115301167,0.9819819819819819,0.0007985257985257986,False,0.03571428571428571,2024-06-24,110,intermittent,full,0.07692307692307693,0.9230769230769231
CA-FM-80-FM13789-C,0.009009009009009009,0.09448728361893258,10.488088481701515,0.990990990990991,0.0004475254475254477,False,0.017857142857142856,2024-06-24,110,intermittent,full,0.07692307692307693,0.9230769230769231
CA-FM-80-FM13848,0.018018018018018018,0.13301642396606667,7.3824115301167,0.9819819819819819,0.0009213759213759212,False,0.03571428571428571,2024-06-24,110,intermittent,full,0.15384615384615385,0.8461538461538461
CA-FM-80-FM13849,0.02702702702702703,0.16216216216216217,6.0,0.972972972972973,0.0010266760266760266,False,0.05357142857142857,2024-06-24,110,intermittent,full,0.07692307692307693,0.9230769230769231
CA-FM-80-FM13883,0.02702702702702703,0.1621621621621622,6.000000000000001,0.972972972972973,0.0011670761670761673,False,0.05357142857142857,2024-06-24,110,intermittent,full,0.15384615384615385,0.8461538461538461
CA-FM-80-FM13904,0.009009009009009009,0.09448728361893258,10.488088481701515,0.990990990990991,0.00046507546507546513,False,0.017857142857142856,2024-06-24,110,intermittent,full,0.07692307692307693,0.9230769230769231
CA-FM-80-FM13922,0.009009009009009009,0.09448728361893258,10.488088481701515,0.990990990990991,0.00028080028080028086,False,0.017857142857142856,2024-06-24,110,intermittent,full,0.0,1.0
CA-FM-80-FM13958,0.0990990990990991,0.42351925310065436,4.273694281288421,0.9369369369369369,0.0049315549315549325,False,0.19642857142857142,2024-06-24,110,intermittent,full,0.8461538461538461,0.46153846153846156
CA-FM-80-FM13964,0.06306306306306306,0.30841878862385025,4.89064079103534,0.954954954954955,0.002474552474552475,False,0.125,2024-06-24,110,intermittent,full,0.23076923076923078,0.8461538461538461
CA-FM-80-FM13968,0.009009009009009009,0.09448728361893258,10.488088481701515,0.990990990990991,0.00048262548262548264,False,0.017857142857142856,2024-06-24,110,intermittent,full,0.07692307692307693,0.9230769230769231
CA-FM-80-FM13969,0.02702702702702703,0.16216216216216217,6.0,0.972972972972973,0.0013864513864513866,False,0.05357142857142857,2024-06-24,110,intermittent,full,0.23076923076923078,0.7692307692307693
CA-FM-80-FM13995,0.09009009009009009,0.3162149328789953,3.509985754956848,0.918918918918919,0.0034661284661284663,False,0.17857142857142858,2024-06-24,110,intermittent,full,0.38461538461538464,0.6923076923076923
CA-FM-80-FM13996,0.018018018018018018,0.13301642396606667,7.3824115301167,0.9819819819819819,0.0009389259389259391,False,0.03571428571428571,2024-06-24,110,intermittent,full,0.15384615384615385,0.8461538461538461
CA-FM-80-FM13998,0.05405405405405406,0.26296431566353917,4.864839839775475,0.954954954954955,0.0019656019656019656,False,0.10714285714285714,2024-06-24,110,intermittent,full,0.15384615384615385,0.8461538461538461
CA-FM-80-FM14000,0.04504504504504504,0.3115606570412718,6.916646586316234,0.972972972972973,0.0023604773604773603,False,0.08928571428571429,2024-06-24,110,intermittent,full,0.38461538461538464,0.7692307692307693
CA-FM-80-FM14024,0.009009009009009009,0.09448728361893258,10.488088481701515,0.990990990990991,0.0004738504738504738,False,0.017857142857142856,2024-06-24,110,intermittent,full,0.07692307692307693,0.9230769230769231
CA-FM-80-FM14041,0.07207207207207207,0.4183130366214017,5.804093383121948,0.954954954954955,0.0031677781677781672,False,0.14285714285714285,2024-06-24,110,intermittent,full,0.5384615384615384,0.6923076923076923
CA-FM-80-FM14042,0.07207207207207207,0.3208016903561236,4.451123453691215,0.9459459459459459,0.002729027729027729,False,0.14285714285714285,2024-06-24,110,intermittent,full,0.15384615384615385,0.8461538461538461
CA-FM-80-FM14067,0.009009009009009009,0.09448728361893258,10.488088481701515,0.990990990990991,0.00039487539487539496,False,0.017857142857142856,2024-06-24,110,intermittent,full,0.07692307692307693,0.9230769230769231
CA-FM-80-FM14072,0.018018018018018018,0.13301642396606667,7.3824115301167,0.9819819819819819,0.0008336258336258338,False,0.03571428571428571,2024-06-24,110,intermittent,full,0.15384615384615385,0.8461538461538461
CA-FM-80-FM14073,0.18018018018018017,0.505789868382638,2.8071337695236407,0.8648648648648649,0.006502281502281502,False,0.35714285714285715,2024-06-24,110,intermittent,full,0.6153846153846154,0.6153846153846154
CA-FM-80-FM14080,0.02702702702702703,0.21051029631617882,7.788880963698616,0.9819819819819819,0.0013601263601263605,False,0.05357142857142857,2024-06-24,110,intermittent,full,0.23076923076923078,0.8461538461538461
CA-FM-80-FM14100,0.009009009009009009,0.09448728361893258,10.488088481701515,0.990990990990991,0.0004738504738504738,False,0.017857142857142856,2024-06-24,110,intermittent,full,0.07692307692307693,0.9230769230769231
CA-FM-80-FM14150,0.009009009009009009,0.09448728361893258,10.488088481701515,0.990990990990991,0.00021060021060021055,False,0.017857142857142856,2024-06-24,110,intermittent,full,0.0,1.0
CA-FM-80-FM14199,0.13513513513513514,0.4134340146156311,3.05941170815567,0.8918918918918919,0.005107055107055107,False,0.26785714285714285,2024-06-24,110,intermittent,full,0.3076923076923077,0.6923076923076923
CA-FM-80-FM14242,0.009009009009009009,0.09448728361893258,10.488088481701515,0.990990990990991,0.0003685503685503686,False,0.017857142857142856,2024-06-24,110,intermittent,full,0.0,1.0
CA-FM-80-FM14285,0.02702702702702703,0.2105102963161788,7.788880963698615,0.9819819819819819,0.0014303264303264303,False,0.05357142857142857,2024-06-24,110,intermittent,full,0.23076923076923078,0.8461538461538461
CA-FM-80-FM14286,0.009009009009009009,0.09448728361893258,10.488088481701515,0.990990990990991,0.0004475254475254477,False,0.017857142857142856,2024-06-24,110,intermittent,full,0.07692307692307693,0.9230769230769231
CA-FM-80-FM14361,0.02702702702702703,0.1621621621621622,6.000000000000001,0.972972972972973,0.001167076167076167,False,0.05357142857142857,2024-06-24,110,intermittent,full,0.15384615384615385,0.8461538461538461
CA-FM-80-FM14364,0.018018018018018018,0.13301642396606667,7.3824115301167,0.9819819819819819,0.0007897507897507899,False,0.03571428571428571,2024-06-24,110,intermittent,full,0.07692307692307693,0.9230769230769231
CA-FM-80-FM14365,0.09009009009009009,0.3435256930619391,3.813135192987524,0.9279279279279279,0.00358020358020358,False,0.17857142857142858,2024-06-24,110,intermittent,full,0.3076923076923077,0.7692307692307693
CA-FM-80-FM14441,0.07207207207207207,0.2586072089082401,3.5881750236018317,0.9279279279279279,0.002948402948402949,False,0.14285714285714285,2024-06-24,110,intermittent,full,0.38461538461538464,0.6153846153846154
CA-FM-80-FM14443,0.009009009009009009,0.09448728361893258,10.488088481701515,0.990990990990991,0.00042997542997542986,False,0.017857142857142856,2024-06-24,110,intermittent,full,0.07692307692307693,0.9230769230769231
CA-FM-80-FM14455,0.009009009009009009,0.09448728361893258,10.488088481701515,0.990990990990991,0.00040365040365040387,False,0.017857142857142856,2024-06-24,110,intermittent,full,0.07692307692307693,0.9230769230769231
CA-FM-80-FM14492,0.1891891891891892,0.52869912616653,2.794552524023087,0.8648648648648649,0.007520182520182521,False,0.375,2024-06-24,110,intermittent,full,0.6923076923076923,0.5384615384615384
CA-FM-80-FM14503,0.018018018018018018,0.13301642396606667,7.3824115301167,0.9819819819819819,0.0009213759213759212,False,0.03571428571428571,2024-06-24,110,intermittent,full,0.15384615384615385,0.8461538461538461
CA-FM-80-FM14562,0.02702702702702703,0.21051029631617882,7.788880963698616,0.9819819819819819,0.0013074763074763073,False,0.05357142857142857,2024-06-24,110,intermittent,full,0.23076923076923078,0.8461538461538461
CA-FM-80-FM14572,0.07207207207207207,0.2586072089082401,3.5881750236018317,0.9279279279279279,0.0027202527202527206,False,0.14285714285714285,2024-06-24,110,intermittent,full,0.3076923076923077,0.6923076923076923
CA-FM-80-FM14592,0.009009009009009009,0.09448728361893258,10.488088481701515,0.990990990990991,0.00040365040365040387,False,0.017857142857142856,2024-06-24,110,intermittent,full,0.07692307692307693,0.9230769230769231
CA-FM-80-FM14617,0.018018018018018018,0.13301642396606667,7.3824115301167,0.9819819819819819,0.0008862758862758863,False,0.03571428571428571,2024-06-24,110,intermittent,full,0.15384615384615385,0.8461538461538461
CA-FM-80-FM14619,0.02702702702702703,0.16216216216216217,6.0,0.972972972972973,0.0013425763425763428,False,0.05357142857142857,2024-06-24,110,intermittent,full,0.23076923076923078,0.7692307692307693
CA-FM-80-FM14634,0.08108108108108109,0.35855403138977293,4.422166387140533,0.9369369369369369,0.00386977886977887,False,0.16071428571428573,2024-06-24,110,intermittent,full,0.5384615384615384,0.6153846153846154
CA-FM-80-FM14722,0.018018018018018018,0.13301642396606667,7.3824115301167,0.9819819819819819,0.0009126009126009125,False,0.03571428571428571,2024-06-24,110,intermittent,full,0.15384615384615385,0.8461538461538461
CA-FM-80-FM14754,0.036036036036036036,0.22968556367535067,6.373774391990981,0.972972972972973,0.0018164268164268167,False,0.07142857142857142,2024-06-24,110,intermittent,full,0.3076923076923077,0.7692307692307693
CA-FM-80-FM14755,0.018018018018018018,0.13301642396606667,7.3824115301167,0.9819819819819819,0.0008862758862758864,False,0.03571428571428571,2024-06-24,110,intermittent,full,0.15384615384615385,0.8461538461538461
CA-FM-80-FM14763,0.02702702702702703,0.16216216216216217,6.0,0.972972972972973,0.0013689013689013687,False,0.05357142857142857,2024-06-24,110,intermittent,full,0.23076923076923078,0.7692307692307693
CA-FM-80-FM14851,0.02702702702702703,0.21051029631617882,7.788880963698616,0.9819819819819819,0.0013513513513513519,False,0.05357142857142857,2024-06-24,110,intermittent,full,0.23076923076923078,0.8461538461538461
CA-FM-80-FM14892,0.009009009009009009,0.09448728361893258,10.488088481701515,0.990990990990991,0.0004738504738504738,False,0.017857142857142856,2024-06-24,110,intermittent,full,0.07692307692307693,0.9230769230769231
CA-FM-80-FM14908-C,0.009009009009009009,0.09448728361893258,10.488088481701515,0.990990990990991,0.0004563004563004563,False,0.017857142857142856,2024-06-24,110,intermittent,full,0.07692307692307693,0.9230769230769231
CA-FM-80-FM14916,0.018018018018018018,0.13301642396606667,7.3824115301167,0.9819819819819819,0.0008424008424008424,False,0.03571428571428571,2024-06-24,110,intermittent,full,0.07692307692307693,0.9230769230769231
CA-FM-80-FM14920,0.018018018018018018,0.18897456723786515,10.488088481701515,0.990990990990991,0.0009477009477009476,False,0.03571428571428571,2024-06-24,110,intermittent,full,0.15384615384615385,0.9230769230769231
CA-FM-80-FM14936,0.02702702702702703,0.16216216216216217,6.0,0.972972972972973,0.0013513513513513519,False,0.05357142857142857,2024-06-24,110,intermittent,full,0.23076923076923078,0.7692307692307693
CA-FM-80-FM14978,0.16216216216216217,0.4753479624602854,2.9313124351717597,0.8738738738738738,0.006844506844506847,False,0.32142857142857145,2024-06-24,110,intermittent,full,0.9230769230769231,0.38461538461538464
CA-FM-80-FM14990,0.036036036036036036,0.22968556367535065,6.37377439199098,0.972972972972973,0.0017988767988767994,False,0.07142857142857142,2024-06-24,110,intermittent,full,0.3076923076923077,0.7692307692307693
CA-FM-80-FM15006-C,0.009009009009009009,0.09448728361893258,10.488088481701515,0.990990990990991,0.00038610038610038604,False,0.017857142857142856,2024-06-24,110,intermittent,full,0.07692307692307693,0.9230769230769231
CA-FM-80-FM15007-C,0.009009009009009009,0.09448728361893258,10.488088481701515,0.990990990990991,0.0004563004563004563,False,0.017857142857142856,2024-06-24,110,intermittent,full,0.07692307692307693,0.9230769230769231
CA-FM-80-FM15038,0.02702702702702703,0.21051029631617882,7.788880963698616,0.9819819819819819,0.0013338013338013341,False,0.05357142857142857,2024-06-24,110,intermittent,full,0.23076923076923078,0.8461538461538461
CA-FM-80-FM15046,0.009009009009009009,0.09448728361893258,10.488088481701515,0.990990990990991,0.0004738504738504738,False,0.017857142857142856,2024-06-24,110,intermittent,full,0.07692307692307693,0.9230769230769231
CA-FM-80-FM15047,0.018018018018018018,0.13301642396606667,7.3824115301167,0.9819819819819819,0.0009301509301509306,False,0.03571428571428571,2024-06-24,110,intermittent,full,0.15384615384615385,0.8461538461538461
CA-FM-80-FM15069,0.02702702702702703,0.16216216216216217,6.0,0.972972972972973,0.0013952263952263955,False,0.05357142857142857,2024-06-24,110,intermittent,full,0.23076923076923078,0.7692307692307693
CA-FM-80-FM15113,0.02702702702702703,0.16216216216216217,6.0,0.972972972972973,0.0010617760617760616,False,0.05357142857142857,2024-06-24,110,intermittent,full,0.07692307692307693,0.9230769230769231
CA-FM-80-FM15115,0.009009009009009009,0.09448728361893258,10.488088481701515,0.990990990990991,0.0004563004563004563,False,0.017857142857142856,2024-06-24,110,intermittent,full,0.07692307692307693,0.9230769230769231
CA-FM-80-FM15116,0.04504504504504504,0.24705061623066824,5.4845236803208355,0.963963963963964,0.002272727272727273,False,0.08928571428571429,2024-06-24,110,intermittent,full,0.38461538461538464,0.6923076923076923
CA-FM-80-FM15118,0.1981981981981982,0.5823193733762994,2.938065929307692,0.8648648648648649,0.006721656721656723,False,0.39285714285714285,2024-06-24,110,intermittent,full,0.5384615384615384,0.6153846153846154
CA-FM-80-FM15144,0.02702702702702703,0.16216216216216217,6.0,0.972972972972973,0.0013952263952263955,False,0.05357142857142857,2024-06-24,110,intermittent,full,0.23076923076923078,0.7692307692307693
CA-FM-80-FM15145,0.02702702702702703,0.21051029631617882,7.788880963698616,0.9819819819819819,0.0013689013689013687,False,0.05357142857142857,2024-06-24,110,intermittent,full,0.23076923076923078,0.8461538461538461
CA-FM-80-FM15164,0.009009009009009009,0.09448728361893258,10.488088481701515,0.990990990990991,0.0004563004563004563,False,0.017857142857142856,2024-06-24,110,intermittent,full,0.07692307692307693,0.9230769230769231
CA-FM-80-FM15165,0.018018018018018018,0.13301642396606667,7.3824115301167,0.9819819819819819,0.0009564759564759566,False,0.03571428571428571,2024-06-24,110,intermittent,full,0.15384615384615385,0.8461538461538461
CA-FM-80-FM15224,0.018018018018018018,0.13301642396606667,7.3824115301167,0.9819819819819819,0.0009564759564759566,False,0.03571428571428571,2024-06-24,110,intermittent,full,0.15384615384615385,0.8461538461538461
CA-FM-80-FM15297,0.10810810810810811,0.36394612390493974,3.3665016461206925,0.9099099099099099,0.004115479115479116,False,0.21428571428571427,2024-06-24,110,intermittent,full,0.46153846153846156,0.6153846153846154
CA-FM-80-FM15357,0.018018018018018018,0.13301642396606667,7.3824115301167,0.9819819819819819,0.0007195507195507194,False,0.03571428571428571,2024-06-24,110,intermittent,full,0.07692307692307693,0.9230769230769231
CA-FM-80-FM15371,0.13513513513513514,0.4134340146156311,3.05941170815567,0.8918918918918919,0.004589329589329589,False,0.26785714285714285,2024-06-24,110,intermittent,full,0.38461538461538464,0.6923076923076923
CA-FM-80-FM15383,0.05405405405405406,0.2952426956427737,5.461989869391314,0.963963963963964,0.0028167778167778167,False,0.10714285714285714,2024-06-24,110,intermittent,full,0.46153846153846156,0.6923076923076923
CA-FM-80-FM15384,0.036036036036036036,0.26603284793213333,7.3824115301167,0.9819819819819819,0.0017374517374517378,False,0.07142857142857142,2024-06-24,110,intermittent,full,0.3076923076923077,0.8461538461538461
CA-FM-80-FM15385,0.04504504504504504,0.24705061623066826,5.4845236803208355,0.963963963963964,0.0022113022113022123,False,0.08928571428571429,2024-06-24,110,intermittent,full,0.3076923076923077,0.7692307692307693
CA-FM-80-FM15391,0.036036036036036036,0.18637982761781263,5.172040216394301,0.963963963963964,0.0017988767988767994,False,0.07142857142857142,2024-06-24,110,intermittent,full,0.3076923076923077,0.6923076923076923
CA-FM-80-FM15392,0.02702702702702703,0.28346185085679765,10.488088481701512,0.990990990990991,0.0014215514215514217,False,0.05357142857142857,2024-06-24,110,intermittent,full,0.23076923076923078,0.9230769230769231
CA-FM-80-FM15397,0.018018018018018018,0.13301642396606667,7.3824115301167,0.9819819819819819,0.000895050895050895,False,0.03571428571428571,2024-06-24,110,intermittent,full,0.15384615384615385,0.8461538461538461
CA-FM-80-FM15405,0.018018018018018018,0.18897456723786515,10.488088481701515,0.990990990990991,0.0008775008775008778,False,0.03571428571428571,2024-06-24,110,intermittent,full,0.15384615384615385,0.9230769230769231
CA-FM-80-FM15449,0.06306306306306306,0.24307635249066742,3.8544964466377265,0.9369369369369369,0.002922077922077922,False,0.125,2024-06-24,110,intermittent,full,0.46153846153846156,0.5384615384615384
CA-FM-80-FM15450,0.05405405405405406,0.26296431566353917,4.864839839775475,0.954954954954955,0.0020709020709020714,False,0.10714285714285714,2024-06-24,110,intermittent,full,0.23076923076923078,0.7692307692307693
CA-FM-80-FM15583,0.018018018018018018,0.13301642396606667,7.3824115301167,0.9819819819819819,0.0008862758862758863,False,0.03571428571428571,2024-06-24,110,intermittent,full,0.15384615384615385,0.8461538461538461
CA-FM-80-FM15586,0.04504504504504504,0.2074029627607448,4.604345773288535,0.954954954954955,0.0018427518427518432,False,0.08928571428571429,2024-06-24,110,intermittent,full,0.23076923076923078,0.7692307692307693
CA-FM-80-FM15598,0.018018018018018018,0.13301642396606667,7.3824115301167,0.9819819819819819,0.0009564759564759566,False,0.03571428571428571,2024-06-24,110,intermittent,full,0.15384615384615385,0.8461538461538461
CA-FM-80-FM15647,0.02702702702702703,0.16216216216216217,6.0,0.972972972972973,0.0013689013689013687,False,0.05357142857142857,2024-06-24,110,intermittent,full,0.23076923076923078,0.7692307692307693
CA-FM-80-FM15678,0.10810810810810811,0.38791081336236016,3.5881750236018313,0.918918918918919,0.004756054756054756,False,0.21428571428571427,2024-06-24,110,intermittent,full,0.6923076923076923,0.5384615384615384
CA-FM-80-FM15827,0.018018018018018018,0.18897456723786515,10.488088481701515,0.990990990990991,0.0008950508950508954,False,0.03571428571428571,2024-06-24,110,intermittent,full,0.15384615384615385,0.9230769230769231
CA-FM-80-FM15852,0.009009009009009009,0.09448728361893258,10.488088481701515,0.990990990990991,0.0004475254475254477,False,0.017857142857142856,2024-06-24,110,intermittent,full,0.07692307692307693,0.9230769230769231
CA-FM-80-FM15866,0.018018018018018018,0.13301642396606667,7.3824115301167,0.9819819819819819,0.0006142506142506143,False,0.03571428571428571,2024-06-24,110,intermittent,full,0.0,1.0
CA-FM-80-FM15867,0.04504504504504504,0.2074029627607448,4.604345773288535,0.954954954954955,0.002167427167427167,False,0.08928571428571429,2024-06-24,110,intermittent,full,0.38461538461538464,0.6153846153846154
CA-FM-80-FM15875,0.009009009009009009,0.09448728361893258,10.488088481701515,0.990990990990991,0.0004475254475254477,False,0.017857142857142856,2024-06-24,110,intermittent,full,0.07692307692307693,0.9230769230769231
CA-FM-80-FM15876,0.036036036036036036,0.22968556367535065,6.37377439199098,0.972972972972973,0.001728676728676729,False,0.07142857142857142,2024-06-24,110,intermittent,full,0.3076923076923077,0.7692307692307693
CA-FM-80-FM15927,0.009009009009009009,0.09448728361893258,10.488088481701515,0.990990990990991,0.0004475254475254477,False,0.017857142857142856,2024-06-24,110,intermittent,full,0.07692307692307693,0.9230769230769231
CA-FM-TX-80-C1-AL-GI06,0.036036036036036036,0.18637982761781263,5.172040216394301,0.963963963963964,0.0012548262548262548,False,0.07142857142857142,2024-06-24,110,intermittent,full,0.07692307692307693,0.9230769230769231
CA-FM-TX-80-C1-AU-A503,0.04504504504504504,0.24705061623066824,5.4845236803208355,0.963963963963964,0.0019480519480519485,False,0.08928571428571429,2024-06-24,110,intermittent,full,0.3076923076923077,0.7692307692307693
CA-FM-TX-80-C1-BM-3014,0.018018018018018018,0.13301642396606667,7.3824115301167,0.9819819819819819,0.0006405756405756406,False,0.03571428571428571,2024-06-24,110,intermittent,full,0.07692307692307693,0.9230769230769231
CA-FM-TX-80-C1-BM-3015,0.02702702702702703,0.16216216216216223,6.000000000000002,0.972972972972973,0.0008950508950508954,False,0.05357142857142857,2024-06-24,110,intermittent,full,0.07692307692307693,0.9230769230769231
CA-FM-TX-80-C1-BM-4001,0.036036036036036036,0.18637982761781263,5.172040216394301,0.963963963963964,0.0013952263952263955,False,0.07142857142857142,2024-06-24,110,intermittent,full,0.15384615384615385,0.8461538461538461
CA-FM-TX-80-C1-BM-5010,0.05405405405405406,0.2261243314956961,4.183300132670378,0.9459459459459459,0.0020709020709020714,False,0.10714285714285714,2024-06-24,110,intermittent,full,0.23076923076923078,0.7692307692307693
CA-FM-TX-80-C1-CD-CS01,0.02702702702702703,0.1621621621621622,6.000000000000001,0.972972972972973,0.0010354510354510355,False,0.05357142857142857,2024-06-24,110,intermittent,full,0.15384615384615385,0.8461538461538461
CA-FM-TX-80-C1-CD-XL01,0.018018018018018018,0.13301642396606667,7.3824115301167,0.9819819819819819,0.0008687258687258689,False,0.03571428571428571,2024-06-24,110,intermittent,full,0.15384615384615385,0.8461538461538461
CA-FM-TX-80-C1-CH-BO01,0.009009009009009009,0.09448728361893258,10.488088481701515,0.990990990990991,0.00030712530712530717,False,0.017857142857142856,2024-06-24,110,intermittent,full,0.0,1.0
CA-FM-TX-80-C1-CH-CA03,0.05405405405405406,0.26296431566353917,4.864839839775475,0.954954954954955,0.0024921024921024924,False,0.10714285714285714,2024-06-24,110,intermittent,full,0.46153846153846156,0.6153846153846154
CA-FM-TX-80-C1-CH-CM04,0.009009009009009009,0.09448728361893258,10.488088481701515,0.990990990990991,0.00042997542997542986,False,0.017857142857142856,2024-06-24,110,intermittent,full,0.07692307692307693,0.9230769230769231
CA-FM-TX-80-C1-CH-CM05,0.02702702702702703,0.1621621621621622,6.000000000000001,0.972972972972973,0.000780975780975781,False,0.05357142857142857,2024-06-24,110,intermittent,full,0.0,1.0
CA-FM-TX-80-C1-CH-CO13,0.009009009009009009,0.09448728361893258,10.488088481701515,0.990990990990991,0.00048262548262548264,False,0.017857142857142856,2024-06-24,110,intermittent,full,0.07692307692307693,0.9230769230769231
CA-FM-TX-80-C1-CH-CO14,0.018018018018018018,0.13301642396606667,7.3824115301167,0.9819819819819819,0.0008511758511758514,False,0.03571428571428571,2024-06-24,110,intermittent,full,0.15384615384615385,0.8461538461538461
CA-FM-TX-80-C1-CH-CO15,0.09009009009009009,0.28631078526253523,3.178049716414141,0.9099099099099099,0.00358897858897859,False,0.17857142857142858,2024-06-24,110,intermittent,full,0.23076923076923078,0.7692307692307693
CA-FM-TX-80-C1-CH-CO18,0.018018018018018018,0.13301642396606667,7.3824115301167,0.9819819819819819,0.0007897507897507899,False,0.03571428571428571,2024-06-24,110,intermittent,full,0.07692307692307693,0.9230769230769231
CA-FM-TX-80-C1-CH-CR02,0.02702702702702703,0.16216216216216223,6.000000000000002,0.972972972972973,0.0009915759915759919,False,0.05357142857142857,2024-06-24,110,intermittent,full,0.15384615384615385,0.8461538461538461
CA-FM-TX-80-C1-CH-MA07,0.05405405405405406,0.2261243314956961,4.183300132670378,0.9459459459459459,0.00214987714987715,False,0.10714285714285714,2024-06-24,110,intermittent,full,0.3076923076923077,0.6923076923076923
CA-FM-TX-80-C1-CR-3012,0.04504504504504504,0.2074029627607448,4.604345773288535,0.954954954954955,0.00193927693927694,False,0.08928571428571429,2024-06-24,110,intermittent,full,0.23076923076923078,0.7692307692307693
CA-FM-TX-80-C1-CR-3013,0.07207207207207207,0.32080169035612355,4.451123453691214,0.9459459459459459,0.0026325026325026324,False,0.14285714285714285,2024-06-24,110,intermittent,full,0.23076923076923078,0.8461538461538461
CA-FM-TX-80-C1-FD-FU03,0.02702702702702703,0.16216216216216217,6.0,0.972972972972973,0.0011583011583011582,False,0.05357142857142857,2024-06-24,110,intermittent,full,0.15384615384615385,0.8461538461538461
CA-FM-TX-80-C1-FD-MU14,0.07207207207207207,0.32080169035612355,4.451123453691214,0.9459459459459459,0.0026237276237276235,False,0.14285714285714285,2024-06-24,110,intermittent,full,0.23076923076923078,0.7692307692307693
CA-FM-TX-80-C1-FD-MU23,0.018018018018018018,0.13301642396606667,7.3824115301167,0.9819819819819819,0.0008687258687258689,False,0.03571428571428571,2024-06-24,110,intermittent,full,0.15384615384615385,0.8461538461538461
CA-FM-TX-80-C1-FD-MU24,0.036036036036036036,0.18637982761781263,5.172040216394301,0.963963963963964,0.0013601263601263603,False,0.07142857142857142,2024-06-24,110,intermittent,full,0.15384615384615385,0.8461538461538461
CA-FM-TX-80-C1-FD-MU25,0.04504504504504504,0.24705061623066826,5.4845236803208355,0.963963963963964,0.0022639522639522646,False,0.08928571428571429,2024-06-24,110,intermittent,full,0.38461538461538464,0.6923076923076923
CA-FM-TX-80-C1-FT-1203,0.018018018018018018,0.13301642396606667,7.3824115301167,0.9819819819819819,0.0008687258687258689,False,0.03571428571428571,2024-06-24,110,intermittent,full,0.15384615384615385,0.8461538461538461
CA-FM-TX-80-C1-FT-5E01,0.018018018018018018,0.13301642396606667,7.3824115301167,0.9819819819819819,0.0007809757809757811,False,0.03571428571428571,2024-06-24,110,intermittent,full,0.07692307692307693,0.9230769230769231
CA-FM-TX-80-C1-HD-AC11,0.08108108108108109,0.3324800376080349,4.100587130499097,0.9369369369369369,0.0034749034749034756,False,0.16071428571428573,2024-06-24,110,intermittent,full,0.38461538461538464,0.6923076923076923
CA-FM-TX-80-C1-HD-AC14,0.10810810810810811,0.36394612390493974,3.3665016461206925,0.9099099099099099,0.004589329589329591,False,0.21428571428571427,2024-06-24,110,intermittent,full,0.5384615384615384,0.5384615384615384
CA-FM-TX-80-C1-HD-AC18,0.04504504504504504,0.2074029627607448,4.604345773288535,0.954954954954955,0.0017111267111267112,False,0.08928571428571429,2024-06-24,110,intermittent,full,0.23076923076923078,0.7692307692307693
CA-FM-TX-80-C1-HD-AC21,0.07207207207207207,0.2913686779963285,4.042740407199058,0.9369369369369369,0.0029484029484029488,False,0.14285714285714285,2024-06-24,110,intermittent,full,0.23076923076923078,0.8461538461538461
CA-FM-TX-80-C1-HD-CI11,0.009009009009009009,0.09448728361893258,10.488088481701515,0.990990990990991,0.0003685503685503686,False,0.017857142857142856,2024-06-24,110,intermittent,full,0.0,1.0
CA-FM-TX-80-C1-HD-CI13,0.009009009009009009,0.09448728361893258,10.488088481701515,0.990990990990991,0.00046507546507546513,False,0.017857142857142856,2024-06-24,110,intermittent,full,0.07692307692307693,0.9230769230769231
CA-FM-TX-80-C1-HD-CI16,0.09009009009009009,0.343525693061939,3.813135192987523,0.9279279279279279,0.003308178308178308,False,0.17857142857142858,2024-06-24,110,intermittent,full,0.38461538461538464,0.6923076923076923
CA-FM-TX-80-C1-HD-CI18,0.009009009009009009,0.09448728361893258,10.488088481701515,0.990990990990991,0.00038610038610038604,False,0.017857142857142856,2024-06-24,110,intermittent,full,0.07692307692307693,0.9230769230769231
CA-FM-TX-80-C1-HD-CI21,0.10810810810810811,0.3639461239049397,3.366501646120692,0.9099099099099099,0.004334854334854335,False,0.21428571428571427,2024-06-24,110,intermittent,full,0.46153846153846156,0.6153846153846154
CA-FM-TX-80-C1-HD-CZ01,0.018018018018018018,0.13301642396606667,7.3824115301167,0.9819819819819819,0.000895050895050895,False,0.03571428571428571,2024-06-24,110,intermittent,full,0.15384615384615385,0.8461538461538461
CA-FM-TX-80-C1-HY-EL06,0.06306306306306306,0.30841878862385025,4.89064079103534,0.954954954954955,0.002386802386802387,False,0.125,2024-06-24,110,intermittent,full,0.23076923076923078,0.8461538461538461
CA-FM-TX-80-C1-HY-EQ02,0.018018018018018018,0.13301642396606667,7.3824115301167,0.9819819819819819,0.0007107757107757107,False,0.03571428571428571,2024-06-24,110,intermittent,full,0.07692307692307693,0.9230769230769231
CA-FM-TX-80-C1-HY-SO05,0.04504504504504504,0.2074029627607448,4.604345773288535,0.954954954954955,0.001921726921726922,False,0.08928571428571429,2024-06-24,110,intermittent,full,0.23076923076923078,0.7692307692307693
CA-FM-TX-80-C1-HY-SO06,0.02702702702702703,0.1621621621621622,6.000000000000001,0.972972972972973,0.0010617760617760619,False,0.05357142857142857,2024-06-24,110,intermittent,full,0.15384615384615385,0.8461538461538461
CA-FM-TX-80-C1-HY-SO07,0.06306306306306306,0.33636314779449494,5.333758486455563,0.954954954954955,0.0018603018603018605,False,0.125,2024-06-24,110,intermittent,full,0.15384615384615385,0.8461538461538461
CA-FM-TX-80-C1-IN-G304,0.07207207207207207,0.2913686779963285,4.042740407199058,0.9369369369369369,0.0024394524394524397,False,0.14285714285714285,2024-06-24,110,intermittent,full,0.23076923076923078,0.7692307692307693
CA-FM-TX-80-C1-IN-Q401,0.009009009009009009,0.09448728361893258,10.488088481701515,0.990990990990991,0.0004387504387504389,False,0.017857142857142856,2024-06-24,110,intermittent,full,0.07692307692307693,0.9230769230769231
CA-FM-TX-80-C1-JA-F002,0.02702702702702703,0.21051029631617882,7.788880963698616,0.9819819819819819,0.0010266760266760266,False,0.05357142857142857,2024-06-24,110,intermittent,full,0.15384615384615385,0.9230769230769231
CA-FM-TX-80-C1-KI-FO03,0.009009009009009009,0.09448728361893258,10.488088481701515,0.990990990990991,0.00042997542997542986,False,0.017857142857142856,2024-06-24,110,intermittent,full,0.07692307692307693,0.9230769230769231
CA-FM-TX-80-C1-KI-ST01,0.009009009009009009,0.09448728361893258,10.488088481701515,0.990990990990991,0.0003422253422253422,False,0.017857142857142856,2024-06-24,110,intermittent,full,0.0,1.0
CA-FM-TX-80-C1-LN-TO04,0.018018018018018018,0.13301642396606667,7.3824115301167,0.9819819819819819,0.0005703755703755706,False,0.03571428571428571,2024-06-24,110,intermittent,full,0.0,1.0
CA-FM-TX-80-C1-LX-ES05,0.05405405405405406,0.26296431566353917,4.864839839775475,0.954954954954955,0.002369252369252369,False,0.10714285714285714,2024-06-24,110,intermittent,full,0.38461538461538464,0.6923076923076923
CA-FM-TX-80-C1-LX-ES06,0.036036036036036036,0.18637982761781263,5.172040216394301,0.963963963963964,0.0014215514215514217,False,0.07142857142857142,2024-06-24,110,intermittent,full,0.07692307692307693,0.9230769230769231
CA-FM-TX-80-C1-LX-ES08,0.02702702702702703,0.16216216216216217,6.0,0.972972972972973,0.0011144261144261146,False,0.05357142857142857,2024-06-24,110,intermittent,full,0.15384615384615385,0.8461538461538461
CA-FM-TX-80-C1-LX-ES09,0.02702702702702703,0.1621621621621622,6.000000000000001,0.972972972972973,0.0007985257985257986,False,0.05357142857142857,2024-06-24,110,intermittent,full,0.07692307692307693,0.9230769230769231
CA-FM-TX-80-C1-LX-IS03,0.07207207207207207,0.2586072089082401,3.5881750236018317,0.9279279279279279,0.0022113022113022115,False,0.14285714285714285,2024-06-24,110,intermittent,full,0.15384615384615385,0.8461538461538461
CA-FM-TX-80-C1-LX-SC01,0.05405405405405406,0.26296431566353917,4.864839839775475,0.954954954954955,0.0018252018252018255,False,0.10714285714285714,2024-06-24,110,intermittent,full,0.07692307692307693,0.9230769230769231
CA-FM-TX-80-C1-MA-MA02,0.036036036036036036,0.22968556367535065,6.37377439199098,0.972972972972973,0.0015180765180765187,False,0.07142857142857142,2024-06-24,110,intermittent,full,0.15384615384615385,0.8461538461538461
CA-FM-TX-80-C1-MA-MA03,0.036036036036036036,0.18637982761781263,5.172040216394301,0.963963963963964,0.0010003510003510005,False,0.07142857142857142,2024-06-24,110,intermittent,full,0.0,1.0
CA-FM-TX-80-C1-MB-A001,0.009009009009009009,0.09448728361893258,10.488088481701515,0.990990990990991,0.00035977535977535984,False,0.017857142857142856,2024-06-24,110,intermittent,full,0.0,1.0
CA-FM-TX-80-C1-MB-C010,0.036036036036036036,0.18637982761781263,5.172040216394301,0.963963963963964,0.0015444015444015444,False,0.07142857142857142,2024-06-24,110,intermittent,full,0.23076923076923078,0.7692307692307693
CA-FM-TX-80-C1-MB-CLS1,0.036036036036036036,0.22968556367535067,6.373774391990981,0.972972972972973,0.001570726570726571,False,0.07142857142857142,2024-06-24,110,intermittent,full,0.23076923076923078,0.8461538461538461
CA-FM-TX-80-C1-MB-CLS2,0.06306306306306306,0.33636314779449494,5.333758486455563,0.954954954954955,0.0025447525447525447,False,0.125,2024-06-24,110,intermittent,full,0.3076923076923077,0.8461538461538461
CA-FM-TX-80-C1-MB-MA02,0.018018018018018018,0.13301642396606667,7.3824115301167,0.9819819819819819,0.0006054756054756055,False,0.03571428571428571,2024-06-24,110,intermittent,full,0.07692307692307693,0.9230769230769231
CA-FM-TX-80-C1-MB-SL05,0.009009009009009009,0.09448728361893258,10.488088481701515,0.990990990990991,0.00037732537732537735,False,0.017857142857142856,2024-06-24,110,intermittent,full,0.07692307692307693,0.9230769230769231
CA-FM-TX-80-C1-MN-CO06,0.009009009009009009,0.09448728361893258,10.488088481701515,0.990990990990991,0.00035977535977535984,False,0.017857142857142856,2024-06-24,110,intermittent,full,0.0,1.0
CA-FM-TX-80-C1-NS-AL06,0.02702702702702703,0.1621621621621622,6.000000000000001,0.972972972972973,0.0011758511758511762,False,0.05357142857142857,2024-06-24,110,intermittent,full,0.15384615384615385,0.8461538461538461
CA-FM-TX-80-C1-NS-AL08,0.06306306306306306,0.2430763524906674,3.854496446637726,0.9369369369369369,0.0023429273429273435,False,0.125,2024-06-24,110,intermittent,full,0.23076923076923078,0.7692307692307693
CA-FM-TX-80-C1-NS-AL09,0.07207207207207207,0.32080169035612355,4.451123453691214,0.9459459459459459,0.0031853281853281862,False,0.14285714285714285,2024-06-24,110,intermittent,full,0.38461538461538464,0.7692307692307693
CA-FM-TX-80-C1-NS-SE08,0.036036036036036036,0.18637982761781263,5.172040216394301,0.963963963963964,0.001447876447876448,False,0.07142857142857142,2024-06-24,110,intermittent,full,0.15384615384615385,0.8461538461538461
CA-FM-TX-80-C1-PN-TR04,0.009009009009009009,0.09448728361893258,10.488088481701515,0.990990990990991,0.00037732537732537735,False,0.017857142857142856,2024-06-24,110,intermittent,full,0.07692307692307693,0.9230769230769231
CA-FM-TX-80-C1-SB-9302,0.036036036036036036,0.18637982761781263,5.172040216394301,0.963963963963964,0.0012811512811512812,False,0.07142857142857142,2024-06-24,110,intermittent,full,0.07692307692307693,0.9230769230769231
CA-FM-TX-80-C1-SU-WR08,0.018018018018018018,0.13301642396606667,7.3824115301167,0.9819819819819819,0.0006405756405756406,False,0.03571428571428571,2024-06-24,110,intermittent,full,0.0,1.0
CA-FM-TX-80-C1-TE-M301,0.02702702702702703,0.1621621621621622,6.000000000000001,0.972972972972973,0.001123201123201123,False,0.05357142857142857,2024-06-24,110,intermittent,full,0.07692307692307693,0.9230769230769231
CA-FM-TX-80-C1-TT-AV02,0.02702702702702703,0.21051029631617882,7.788880963698616,0.9819819819819819,0.0010091260091260091,False,0.05357142857142857,2024-06-24,110,intermittent,full,0.07692307692307693,0.9230769230769231
CA-FM-TX-80-C1-TT-CA11,0.036036036036036036,0.22968556367535065,6.37377439199098,0.972972972972973,0.0014391014391014392,False,0.07142857142857142,2024-06-24,110,intermittent,full,0.23076923076923078,0.8461538461538461
CA-FM-TX-80-C1-TT-CA12,0.10810810810810811,0.3639461239049397,3.366501646120692,0.9099099099099099,0.0039048789048789054,False,0.21428571428571427,2024-06-24,110,intermittent,full,0.3076923076923077,0.7692307692307693
CA-FM-TX-80-C1-TT-CA13,0.05405405405405406,0.2261243314956961,4.183300132670378,0.9459459459459459,0.0022464022464022465,False,0.10714285714285714,2024-06-24,110,intermittent,full,0.3076923076923077,0.6923076923076923
CA-FM-TX-80-C1-TT-CA14,0.11711711711711711,0.4188947004527088,3.5767162884808217,0.918918918918919,0.005291330291330293,False,0.23214285714285715,2024-06-24,110,intermittent,full,0.9230769230769231,0.38461538461538464
CA-FM-TX-80-C1-TT-CO12,0.09009009009009009,0.34352569306193903,3.8131351929875232,0.9279279279279279,0.002965952965952966,False,0.17857142857142858,2024-06-24,110,intermittent,full,0.07692307692307693,0.9230769230769231
CA-FM-TX-80-C1-TT-CO13,0.018018018018018018,0.13301642396606667,7.3824115301167,0.9819819819819819,0.0006405756405756405,False,0.03571428571428571,2024-06-24,110,intermittent,full,0.07692307692307693,0.9230769230769231
CA-FM-TX-80-C1-VO-C301,0.009009009009009009,0.09448728361893258,10.488088481701515,0.990990990990991,0.00026325026325026325,False,0.017857142857142856,2024-06-24,110,intermittent,full,0.0,1.0
CA-FM-TX-80-C1-VW-BE04,0.009009009009009009,0.09448728361893258,10.488088481701515,0.990990990990991,0.0004387504387504389,False,0.017857142857142856,2024-06-24,110,intermittent,full,0.07692307692307693,0.9230769230769231
CA-FM-TX-80-C1-VW-EO01,0.02702702702702703,0.16216216216216223,6.000000000000002,0.972972972972973,0.001140751140751141,False,0.05357142857142857,2024-06-24,110,intermittent,full,0.15384615384615385,0.8461538461538461
CA-FM-TX-80-C2-AL-GI06,0.036036036036036036,0.18637982761781263,5.172040216394301,0.963963963963964,0.0012548262548262548,False,0.07142857142857142,2024-06-24,110,intermittent,full,0.07692307692307693,0.9230769230769231
CA-FM-TX-80-C2-AU-A411,0.036036036036036036,0.22968556367535065,6.37377439199098,0.972972972972973,0.0017286767286767287,False,0.07142857142857142,2024-06-24,110,intermittent,full,0.3076923076923077,0.7692307692307693
CA-FM-TX-80-C2-BM-3014,0.009009009009009009,0.09448728361893258,10.488088481701515,0.990990990990991,0.0004387504387504389,False,0.017857142857142856,2024-06-24,110,intermittent,full,0.07692307692307693,0.9230769230769231
CA-FM-TX-80-C2-BM-3015,0.02702702702702703,0.16216216216216223,6.000000000000002,0.972972972972973,0.0008950508950508954,False,0.05357142857142857,2024-06-24,110,intermittent,full,0.07692307692307693,0.9230769230769231
CA-FM-TX-80-C2-BM-4002,0.009009009009009009,0.09448728361893258,10.488088481701515,0.990990990990991,0.00040365040365040387,False,0.017857142857142856,2024-06-24,110,intermittent,full,0.07692307692307693,0.9230769230769231
CA-FM-TX-80-C2-BM-4005,0.018018018018018018,0.13301642396606667,7.3824115301167,0.9819819819819819,0.0006756756756756759,False,0.03571428571428571,2024-06-24,110,intermittent,full,0.07692307692307693,0.9230769230769231
CA-FM-TX-80-C2-BM-5010,0.05405405405405406,0.2261243314956961,4.183300132670378,0.9459459459459459,0.0020621270621270626,False,0.10714285714285714,2024-06-24,110,intermittent,full,0.23076923076923078,0.7692307692307693
CA-FM-TX-80-C2-CD-CS01,0.02702702702702703,0.1621621621621622,6.000000000000001,0.972972972972973,0.0010354510354510355,False,0.05357142857142857,2024-06-24,110,intermittent,full,0.15384615384615385,0.8461538461538461
CA-FM-TX-80-C2-CH-BO01,0.009009009009009009,0.09448728361893258,10.488088481701515,0.990990990990991,0.00030712530712530717,False,0.017857142857142856,2024-06-24,110,intermittent,full,0.0,1.0
CA-FM-TX-80-C2-CH-CA03,0.04504504504504504,0.2074029627607448,4.604345773288535,0.954954954954955,0.0020884520884520883,False,0.08928571428571429,2024-06-24,110,intermittent,full,0.38461538461538464,0.6153846153846154
CA-FM-TX-80-C2-CH-CM04,0.009009009009009009,0.09448728361893258,10.488088481701515,0.990990990990991,0.00042997542997542986,False,0.017857142857142856,2024-06-24,110,intermittent,full,0.07692307692307693,0.9230769230769231
CA-FM-TX-80-C2-CH-CM05,0.02702702702702703,0.1621621621621622,6.000000000000001,0.972972972972973,0.000780975780975781,False,0.05357142857142857,2024-06-24,110,intermittent,full,0.0,1.0
CA-FM-TX-80-C2-CH-CR02,0.02702702702702703,0.16216216216216223,6.000000000000002,0.972972972972973,0.0009915759915759919,False,0.05357142857142857,2024-06-24,110,intermittent,full,0.15384615384615385,0.8461538461538461
CA-FM-TX-80-C2-CH-MA07,0.05405405405405406,0.2261243314956961,4.183300132670378,0.9459459459459459,0.00214987714987715,False,0.10714285714285714,2024-06-24,110,intermittent,full,0.3076923076923077,0.6923076923076923
CA-FM-TX-80-C2-CR-3012,0.036036036036036036,0.18637982761781263,5.172040216394301,0.963963963963964,0.0015444015444015444,False,0.07142857142857142,2024-06-24,110,intermittent,full,0.15384615384615385,0.8461538461538461
CA-FM-TX-80-C2-CR-3013,0.06306306306306306,0.277676306440044,4.403152859263555,0.9459459459459459,0.0024043524043524046,False,0.125,2024-06-24,110,intermittent,full,0.23076923076923078,0.8461538461538461
CA-FM-TX-80-C2-FD-FU03,0.02702702702702703,0.16216216216216217,6.0,0.972972972972973,0.0011583011583011582,False,0.05357142857142857,2024-06-24,110,intermittent,full,0.15384615384615385,0.8461538461538461
CA-FM-TX-80-C2-FD-MU13,0.036036036036036036,0.22968556367535067,6.373774391990981,0.972972972972973,0.001869076869076869,False,0.07142857142857142,2024-06-24,110,intermittent,full,0.3076923076923077,0.7692307692307693
CA-FM-TX-80-C2-FD-MU14,0.036036036036036036,0.18637982761781263,5.172040216394301,0.963963963963964,0.0016584766584766587,False,0.07142857142857142,2024-06-24,110,intermittent,full,0.23076923076923078,0.7692307692307693
CA-FM-TX-80-C2-FD-MU23,0.009009009009009009,0.09448728361893258,10.488088481701515,0.990990990990991,0.00048262548262548264,False,0.017857142857142856,2024-06-24,110,intermittent,full,0.07692307692307693,0.9230769230769231
CA-FM-TX-80-C2-FD-MU24,0.02702702702702703,0.16216216216216223,6.000000000000002,0.972972972972973,0.0011758511758511762,False,0.05357142857142857,2024-06-24,110,intermittent,full,0.15384615384615385,0.8461538461538461
CA-FM-TX-80-C2-FT-5E02,0.018018018018018018,0.13301642396606667,7.3824115301167,0.9819819819819819,0.0007809757809757811,False,0.03571428571428571,2024-06-24,110,intermittent,full,0.07692307692307693,0.9230769230769231
CA-FM-TX-80-C2-HD-AC12,0.06306306306306306,0.277676306440044,4.403152859263555,0.9459459459459459,0.002808002808002808,False,0.125,2024-06-24,110,intermittent,full,0.38461538461538464,0.6923076923076923
CA-FM-TX-80-C2-HD-AC15,0.0990990990990991,0.3275614227513125,3.305392538672335,0.9099099099099099,0.004168129168129168,False,0.19642857142857142,2024-06-24,110,intermittent,full,0.46153846153846156,0.5384615384615384
CA-FM-TX-80-C2-HD-AC18,0.05405405405405406,0.26296431566353917,4.864839839775475,0.954954954954955,0.0020884520884520883,False,0.10714285714285714,2024-06-24,110,intermittent,full,0.3076923076923077,0.7692307692307693
CA-FM-TX-80-C2-HD-AC21,0.06306306306306306,0.277676306440044,4.403152859263555,0.9459459459459459,0.0025886275886275885,False,0.125,2024-06-24,110,intermittent,full,0.23076923076923078,0.8461538461538461
CA-FM-TX-80-C2-HD-CI11,0.009009009009009009,0.09448728361893258,10.488088481701515,0.990990990990991,0.0003685503685503686,False,0.017857142857142856,2024-06-24,110,intermittent,full,0.0,1.0
CA-FM-TX-80-C2-HD-CI13,0.009009009009009009,0.09448728361893258,10.488088481701515,0.990990990990991,0.00046507546507546513,False,0.017857142857142856,2024-06-24,110,intermittent,full,0.07692307692307693,0.9230769230769231
CA-FM-TX-80-C2-HD-CI16,0.08108108108108109,0.3324800376080349,4.100587130499097,0.9369369369369369,0.0031502281502281504,False,0.16071428571428573,2024-06-24,110,intermittent,full,0.46153846153846156,0.6923076923076923
CA-FM-TX-80-C2-HD-CI21,0.10810810810810811,0.3382879883877223,3.129163892586431,0.9009009009009009,0.004168129168129168,False,0.21428571428571427,2024-06-24,110,intermittent,full,0.46153846153846156,0.6153846153846154
CA-FM-TX-80-C2-HY-EL06,0.04504504504504504,0.24705061623066824,5.4845236803208355,0.963963963963964,0.0017901017901017899,False,0.08928571428571429,2024-06-24,110,intermittent,full,0.23076923076923078,0.8461538461538461
CA-FM-TX-80-C2-HY-GE01,0.018018018018018018,0.13301642396606667,7.3824115301167,0.9819819819819819,0.0007107757107757107,False,0.03571428571428571,2024-06-24,110,intermittent,full,0.07692307692307693,0.9230769230769231
CA-FM-TX-80-C2-HY-SO05,0.02702702702702703,0.1621621621621622,6.000000000000001,0.972972972972973,0.0011232011232011232,False,0.05357142857142857,2024-06-24,110,intermittent,full,0.15384615384615385,0.8461538461538461
CA-FM-TX-80-C2-HY-SO06,0.02702702702702703,0.1621621621621622,6.000000000000001,0.972972972972973,0.0010617760617760619,False,0.05357142857142857,2024-06-24,110,intermittent,full,0.15384615384615385,0.8461538461538461
CA-FM-TX-80-C2-HY-SO07,0.06306306306306306,0.33636314779449494,5.333758486455563,0.954954954954955,0.0018603018603018605,False,0.125,2024-06-24,110,intermittent,full,0.15384615384615385,0.8461538461538461
CA-FM-TX-80-C2-IN-G001,0.009009009009009009,0.09448728361893258,10.488088481701515,0.990990990990991,0.0004387504387504389,False,0.017857142857142856,2024-06-24,110,intermittent,full,0.07692307692307693,0.9230769230769231
CA-FM-TX-80-C2-IN-G304,0.02702702702702703,0.21051029631617885,7.788880963698617,0.9819819819819819,0.0009126009126009128,False,0.05357142857142857,2024-06-24,110,intermittent,full,0.07692307692307693,0.9230769230769231
CA-FM-TX-80-C2-KI-FO03,0.009009009009009009,0.09448728361893258,10.488088481701515,0.990990990990991,0.00042997542997542986,False,0.017857142857142856,2024-06-24,110,intermittent,full,0.07692307692307693,0.9230769230769231
CA-FM-TX-80-C2-KI-OP03,0.018018018018018018,0.13301642396606667,7.3824115301167,0.9819819819819819,0.0007985257985257986,False,0.03571428571428571,2024-06-24,110,intermittent,full,0.07692307692307693,0.9230769230769231
CA-FM-TX-80-C2-KI-ST01,0.009009009009009009,0.09448728361893258,10.488088481701515,0.990990990990991,0.0003422253422253422,False,0.017857142857142856,2024-06-24,110,intermittent,full,0.0,1.0
CA-FM-TX-80-C2-LN-TO04,0.018018018018018018,0.13301642396606667,7.3824115301167,0.9819819819819819,0.0005703755703755706,False,0.03571428571428571,2024-06-24,110,intermittent,full,0.0,1.0
CA-FM-TX-80-C2-LX-ES05,0.02702702702702703,0.16216216216216217,6.0,0.972972972972973,0.0010442260442260441,False,0.05357142857142857,2024-06-24,110,intermittent,full,0.15384615384615385,0.8461538461538461
CA-FM-TX-80-C2-LX-ES06,0.06306306306306306,0.24307635249066742,3.8544964466377265,0.9369369369369369,0.00222007722007722,False,0.125,2024-06-24,110,intermittent,full,0.15384615384615385,0.8461538461538461
CA-FM-TX-80-C2-LX-ES08,0.018018018018018018,0.13301642396606667,7.3824115301167,0.9819819819819819,0.0006844506844506846,False,0.03571428571428571,2024-06-24,110,intermittent,full,0.07692307692307693,0.9230769230769231
CA-FM-TX-80-C2-LX-ES12,0.05405405405405406,0.26296431566353917,4.864839839775475,0.954954954954955,0.002369252369252369,False,0.10714285714285714,2024-06-24,110,intermittent,full,0.38461538461538464,0.6923076923076923
CA-FM-TX-80-C2-LX-I501,0.05405405405405406,0.22612433149569605,4.183300132670377,0.9459459459459459,0.00179010179010179,False,0.10714285714285714,2024-06-24,110,intermittent,full,0.15384615384615385,0.8461538461538461
CA-FM-TX-80-C2-LX-SC01,0.02702702702702703,0.16216216216216223,6.000000000000002,0.972972972972973,0.0010354510354510355,False,0.05357142857142857,2024-06-24,110,intermittent,full,0.07692307692307693,0.9230769230769231
CA-FM-TX-80-C2-MA-MA02,0.02702702702702703,0.1621621621621622,6.000000000000001,0.972972972972973,0.0011846261846261848,False,0.05357142857142857,2024-06-24,110,intermittent,full,0.15384615384615385,0.8461538461538461
CA-FM-TX-80-C2-MA-MA03,0.04504504504504504,0.2074029627607448,4.604345773288535,0.954954954954955,0.0013952263952263955,False,0.08928571428571429,2024-06-24,110,intermittent,full,0.07692307692307693,0.9230769230769231
CA-FM-TX-80-C2-MB-A001,0.009009009009009009,0.09448728361893258,10.488088481701515,0.990990990990991,0.00035977535977535984,False,0.017857142857142856,2024-06-24,110,intermittent,full,0.0,1.0
CA-FM-TX-80-C2-MB-CLS1,0.036036036036036036,0.22968556367535067,6.373774391990981,0.972972972972973,0.001570726570726571,False,0.07142857142857142,2024-06-24,110,intermittent,full,0.23076923076923078,0.8461538461538461
CA-FM-TX-80-C2-MB-E005,0.05405405405405406,0.26296431566353917,4.864839839775475,0.954954954954955,0.002114777114777115,False,0.10714285714285714,2024-06-24,110,intermittent,full,0.23076923076923078,0.8461538461538461
CA-FM-TX-80-C2-MB-S006,0.018018018018018018,0.13301642396606667,7.3824115301167,0.9819819819819819,0.0006054756054756055,False,0.03571428571428571,2024-06-24,110,intermittent,full,0.07692307692307693,0.9230769230769231
CA-FM-TX-80-C2-MN-CO06,0.009009009009009009,0.09448728361893258,10.488088481701515,0.990990990990991,0.00035977535977535984,False,0.017857142857142856,2024-06-24,110,intermittent,full,0.0,1.0
CA-FM-TX-80-C2-NS-AL05,0.02702702702702703,0.16216216216216223,6.000000000000002,0.972972972972973,0.0010003510003510005,False,0.05357142857142857,2024-06-24,110,intermittent,full,0.07692307692307693,0.9230769230769231
CA-FM-TX-80-C2-NS-AL06,0.10810810810810811,0.36394612390493974,3.3665016461206925,0.9099099099099099,0.004641979641979642,False,0.21428571428571427,2024-06-24,110,intermittent,full,0.5384615384615384,0.6153846153846154
CA-FM-TX-80-C2-NS-SE07,0.02702702702702703,0.16216216216216217,6.0,0.972972972972973,0.0011144261144261146,False,0.05357142857142857,2024-06-24,110,intermittent,full,0.15384615384615385,0.8461538461538461
CA-FM-TX-80-C2-SB-9302,0.009009009009009009,0.09448728361893258,10.488088481701515,0.990990990990991,0.00046507546507546513,False,0.017857142857142856,2024-06-24,110,intermittent,full,0.07692307692307693,0.9230769230769231
CA-FM-TX-80-C2-TE-M301,0.018018018018018018,0.13301642396606667,7.3824115301167,0.9819819819819819,0.0006932256932256934,False,0.03571428571428571,2024-06-24,110,intermittent,full,0.0,1.0
CA-FM-TX-80-C2-TT-AV02,0.018018018018018018,0.13301642396606667,7.3824115301167,0.9819819819819819,0.0007107757107757107,False,0.03571428571428571,2024-06-24,110,intermittent,full,0.07692307692307693,0.9230769230769231
CA-FM-TX-80-C2-TT-CA12,0.18018018018018017,0.505789868382638,2.8071337695236407,0.8648648648648649,0.007177957177957177,False,0.35714285714285715,2024-06-24,110,intermittent,full,0.8461538461538461,0.46153846153846156
CA-FM-TX-80-C2-TT-CA13,0.04504504504504504,0.2074029627607448,4.604345773288535,0.954954954954955,0.0019305019305019312,False,0.08928571428571429,2024-06-24,110,intermittent,full,0.3076923076923077,0.6923076923076923
CA-FM-TX-80-C2-TT-CO12,0.07207207207207207,0.32080169035612355,4.451123453691214,0.9459459459459459,0.0023517023517023515,False,0.14285714285714285,2024-06-24,110,intermittent,full,0.0,1.0
CA-FM-TX-80-C2-TT-GC01,0.018018018018018018,0.13301642396606667,7.3824115301167,0.9819819819819819,0.0006405756405756405,False,0.03571428571428571,2024-06-24,110,intermittent,full,0.07692307692307693,0.9230769230769231
CA-FM-TX-80-C2-VW-BE04,0.009009009009009009,0.09448728361893258,10.488088481701515,0.990990990990991,0.0004387504387504389,False,0.017857142857142856,2024-06-24,110,intermittent,full,0.07692307692307693,0.9230769230769231
CA-FM-TX-80-C2-VW-EO01,0.009009009009009009,0.09448728361893258,10.488088481701515,0.990990990990991,0.00039487539487539496,False,0.017857142857142856,2024-06-24,110,intermittent,full,0.07692307692307693,0.9230769230769231
CA-FM-TX-80-S1-AR-RD03,0.009009009009009009,0.09448728361893258,10.488088481701515,0.990990990990991,0.0001842751842751843,False,0.017857142857142856,2024-06-24,110,intermittent,full,0.0,1.0
CA-FM-TX-80-S1-BK-EN01,0.02702702702702703,0.1621621621621622,6.000000000000001,0.972972972972973,0.0011934011934011937,False,0.05357142857142857,2024-06-24,110,intermittent,full,0.15384615384615385,0.8461538461538461
CA-FM-TX-80-S1-BK-EV02,0.02702702702702703,0.16216216216216223,6.000000000000002,0.972972972972973,0.0008687258687258689,False,0.05357142857142857,2024-06-24,110,intermittent,full,0.07692307692307693,0.9230769230769231
CA-FM-TX-80-S1-BM-X303,0.02702702702702703,0.1621621621621622,6.000000000000001,0.972972972972973,0.0008336258336258339,False,0.05357142857142857,2024-06-24,110,intermittent,full,0.07692307692307693,0.9230769230769231
CA-FM-TX-80-S1-BM-X701,0.036036036036036036,0.18637982761781263,5.172040216394301,0.963963963963964,0.0012548262548262548,False,0.07142857142857142,2024-06-24,110,intermittent,full,0.15384615384615385,0.8461538461538461
CA-FM-TX-80-S1-CD-ES03,0.07207207207207207,0.2913686779963285,4.042740407199058,0.9369369369369369,0.0026061776061776067,False,0.14285714285714285,2024-06-24,110,intermittent,full,0.15384615384615385,0.8461538461538461
CA-FM-TX-80-S1-CD-X501,0.05405405405405406,0.2261243314956961,4.183300132670378,0.9459459459459459,0.0026237276237276244,False,0.10714285714285714,2024-06-24,110,intermittent,full,0.46153846153846156,0.5384615384615384
CA-FM-TX-80-S1-CH-BL04,0.06306306306306306,0.30841878862385025,4.89064079103534,0.954954954954955,0.0027729027729027733,False,0.125,2024-06-24,110,intermittent,full,0.38461538461538464,0.7692307692307693
CA-FM-TX-80-S1-CH-BO03,0.009009009009009009,0.09448728361893258,10.488088481701515,0.990990990990991,0.00037732537732537735,False,0.017857142857142856,2024-06-24,110,intermittent,full,0.07692307692307693,0.9230769230769231
CA-FM-TX-80-S1-CH-BS01,0.009009009009009009,0.09448728361893258,10.488088481701515,0.990990990990991,0.0004563004563004563,False,0.017857142857142856,2024-06-24,110,intermittent,full,0.07692307692307693,0.9230769230769231
CA-FM-TX-80-S1-CH-EQ02,0.009009009009009009,0.09448728361893258,10.488088481701515,0.990990990990991,0.00027202527202527195,False,0.017857142857142856,2024-06-24,110,intermittent,full,0.0,1.0
CA-FM-TX-80-S1-CH-EQ03,0.009009009009009009,0.09448728361893258,10.488088481701515,0.990990990990991,0.0002018252018252018,False,0.017857142857142856,2024-06-24,110,intermittent,full,0.0,1.0
CA-FM-TX-80-S1-CH-TZ03,0.02702702702702703,0.21051029631617882,7.788880963698616,0.9819819819819819,0.0013162513162513164,False,0.05357142857142857,2024-06-24,110,intermittent,full,0.23076923076923078,0.8461538461538461
CA-FM-TX-80-S1-DO-DU04,0.10810810810810811,0.3639461239049397,3.366501646120692,0.9099099099099099,0.003264303264303265,False,0.21428571428571427,2024-06-24,110,intermittent,full,0.15384615384615385,0.8461538461538461
CA-FM-TX-80-S1-FD-BR01,0.14414414414414414,0.42121332351571034,2.9221674318902404,0.8828828828828829,0.005651105651105652,False,0.2857142857142857,2024-06-24,110,intermittent,full,0.38461538461538464,0.6153846153846154
CA-FM-TX-80-S1-FD-ED03,0.02702702702702703,0.1621621621621622,6.000000000000001,0.972972972972973,0.0010617760617760616,False,0.05357142857142857,2024-06-24,110,intermittent,full,0.15384615384615385,0.8461538461538461
CA-FM-TX-80-S1-FD-ES12,0.018018018018018018,0.13301642396606667,7.3824115301167,0.9819819819819819,0.0006932256932256933,False,0.03571428571428571,2024-06-24,110,intermittent,full,0.07692307692307693,0.9230769230769231
CA-FM-TX-80-S1-FD-ES14,0.06306306306306306,0.24307635249066742,3.8544964466377265,0.9369369369369369,0.0023780273780273785,False,0.125,2024-06-24,110,intermittent,full,0.23076923076923078,0.7692307692307693
CA-FM-TX-80-S1-FD-EX02,0.09009009009009009,0.3688196304587157,4.093897898091744,0.9369369369369369,0.004124254124254124,False,0.17857142857142858,2024-06-24,110,intermittent,full,0.5384615384615384,0.6153846153846154
CA-FM-TX-80-S1-FD-EX05,0.05405405405405406,0.2261243314956961,4.183300132670378,0.9459459459459459,0.001869076869076869,False,0.10714285714285714,2024-06-24,110,intermittent,full,0.07692307692307693,0.9230769230769231
CA-FM-TX-80-S1-FD-EX06,0.009009009009009009,0.09448728361893258,10.488088481701515,0.990990990990991,0.00038610038610038604,False,0.017857142857142856,2024-06-24,110,intermittent,full,0.07692307692307693,0.9230769230769231
CA-FM-TX-80-S1-FD-MM01,0.02702702702702703,0.16216216216216223,6.000000000000002,0.972972972972973,0.001017901017901018,False,0.05357142857142857,2024-06-24,110,intermittent,full,0.15384615384615385,0.8461538461538461
CA-FM-TX-80-S1-GE-V801,0.05405405405405406,0.22612433149569605,4.183300132670377,0.9459459459459459,0.0019129519129519133,False,0.10714285714285714,2024-06-24,110,intermittent,full,0.15384615384615385,0.8461538461538461
CA-FM-TX-80-S1-GM-AC03,0.09009009009009009,0.3688196304587157,4.093897898091744,0.9279279279279279,0.003650403650403651,False,0.17857142857142858,2024-06-24,110,intermittent,full,0.38461538461538464,0.7692307692307693
CA-FM-TX-80-S1-HD-CV04,0.02702702702702703,0.16216216216216217,6.0,0.972972972972973,0.0013338013338013341,False,0.05357142857142857,2024-06-24,110,intermittent,full,0.23076923076923078,0.7692307692307693
CA-FM-TX-80-S1-HD-CV05,0.05405405405405406,0.2261243314956961,4.183300132670378,0.9459459459459459,0.0018690768690768694,False,0.10714285714285714,2024-06-24,110,intermittent,full,0.23076923076923078,0.7692307692307693
CA-FM-TX-80-S1-HD-CV06,0.11711711711711711,0.3484518847894363,2.975243016279033,0.8918918918918919,0.0038171288171288177,False,0.23214285714285715,2024-06-24,110,intermittent,full,0.15384615384615385,0.8461538461538461
CA-FM-TX-80-S1-HD-HR02,0.018018018018018018,0.18897456723786515,10.488088481701515,0.990990990990991,0.0003861003861003862,False,0.03571428571428571,2024-06-24,110,intermittent,full,0.0,1.0
CA-FM-TX-80-S1-HD-OD01,0.018018018018018018,0.13301642396606667,7.3824115301167,0.9819819819819819,0.0008775008775008778,False,0.03571428571428571,2024-06-24,110,intermittent,full,0.15384615384615385,0.8461538461538461
CA-FM-TX-80-S1-HD-OD04,0.018018018018018018,0.13301642396606667,7.3824115301167,0.9819819819819819,0.0007195507195507194,False,0.03571428571428571,2024-06-24,110,intermittent,full,0.0,1.0
CA-FM-TX-80-S1-HD-PI02,0.07207207207207207,0.2586072089082401,3.5881750236018317,0.9279279279279279,0.0033608283608283613,False,0.14285714285714285,2024-06-24,110,intermittent,full,0.5384615384615384,0.46153846153846156
CA-FM-TX-80-S1-HD-PI05,0.04504504504504504,0.24705061623066824,5.4845236803208355,0.963963963963964,0.0013074763074763076,False,0.08928571428571429,2024-06-24,110,intermittent,full,0.0,1.0
CA-FM-TX-80-S1-HD-PP04,0.09009009009009009,0.3688196304587157,4.093897898091744,0.9279279279279279,0.003878553878553879,False,0.17857142857142858,2024-06-24,110,intermittent,full,0.5384615384615384,0.6153846153846154
CA-FM-TX-80-S1-HY-IO01,0.05405405405405406,0.2261243314956961,4.183300132670378,0.9459459459459459,0.0024745524745524747,False,0.10714285714285714,2024-06-24,110,intermittent,full,0.3076923076923077,0.6923076923076923
CA-FM-TX-80-S1-HY-KO04,0.06306306306306306,0.277676306440044,4.403152859263555,0.9459459459459459,0.002430677430677431,False,0.125,2024-06-24,110,intermittent,full,0.3076923076923077,0.7692307692307693
CA-FM-TX-80-S1-HY-PA01,0.018018018018018018,0.13301642396606667,7.3824115301167,0.9819819819819819,0.0009213759213759212,False,0.03571428571428571,2024-06-24,110,intermittent,full,0.15384615384615385,0.8461538461538461
CA-FM-TX-80-S1-HY-TU04,0.15315315315315314,0.5057898683826378,3.3025103170866354,0.9009009009009009,0.006282906282906284,False,0.30357142857142855,2024-06-24,110,intermittent,full,0.6923076923076923,0.5384615384615384
CA-FM-TX-80-S1-IN-QX01,0.04504504504504504,0.20740296276074485,4.604345773288536,0.954954954954955,0.0023078273078273085,False,0.08928571428571429,2024-06-24,110,intermittent,full,0.38461538461538464,0.6153846153846154
CA-FM-TX-80-S1-IN-X601,0.06306306306306306,0.277676306440044,4.403152859263555,0.9459459459459459,0.003097578097578098,False,0.125,2024-06-24,110,intermittent,full,0.46153846153846156,0.6153846153846154
CA-FM-TX-80-S1-IT-S201,0.02702702702702703,0.16216216216216223,6.000000000000002,0.972972972972973,0.0007107757107757109,False,0.05357142857142857,2024-06-24,110,intermittent,full,0.0,1.0
CA-FM-TX-80-S1-JA-E002,0.009009009009009009,0.09448728361893258,10.488088481701515,0.990990990990991,0.00029835029835029837,False,0.017857142857142856,2024-06-24,110,intermittent,full,0.0,1.0
CA-FM-TX-80-S1-JP-CH01,0.02702702702702703,0.1621621621621622,6.000000000000001,0.972972972972973,0.0011934011934011937,False,0.05357142857142857,2024-06-24,110,intermittent,full,0.15384615384615385,0.8461538461538461
CA-FM-TX-80-S1-JP-CH04,0.07207207207207207,0.34775241559673487,4.825064766404696,0.954954954954955,0.003211653211653212,False,0.14285714285714285,2024-06-24,110,intermittent,full,0.5384615384615384,0.6923076923076923
CA-FM-TX-80-S1-JP-GCL1,0.09009009009009009,0.34352569306193903,3.8131351929875232,0.9279279279279279,0.0038522288522288527,False,0.17857142857142858,2024-06-24,110,intermittent,full,0.38461538461538464,0.7692307692307693
CA-FM-TX-80-S1-JP-WR03,0.09009009009009009,0.3162149328789953,3.509985754956848,0.918918918918919,0.0034749034749034743,False,0.17857142857142858,2024-06-24,110,intermittent,full,0.38461538461538464,0.6923076923076923
CA-FM-TX-80-S1-KI-SL02,0.036036036036036036,0.18637982761781263,5.172040216394301,0.963963963963964,0.0013864513864513864,False,0.07142857142857142,2024-06-24,110,intermittent,full,0.15384615384615385,0.8461538461538461
CA-FM-TX-80-S1-KI-SO03,0.02702702702702703,0.16216216216216217,6.0,0.972972972972973,0.0010442260442260441,False,0.05357142857142857,2024-06-24,110,intermittent,full,0.07692307692307693,0.9230769230769231
CA-FM-TX-80-S1-KI-SP04,0.02702702702702703,0.16216216216216223,6.000000000000002,0.972972972972973,0.0008511758511758514,False,0.05357142857142857,2024-06-24,110,intermittent,full,0.0,1.0
CA-FM-TX-80-S1-KI-SP05,0.05405405405405406,0.2261243314956961,4.183300132670378,0.9459459459459459,0.0021235521235521233,False,0.10714285714285714,2024-06-24,110,intermittent,full,0.23076923076923078,0.7692307692307693
CA-FM-TX-80-S1-LR-RS02,0.02702702702702703,0.16216216216216223,6.000000000000002,0.972972972972973,0.0008862758862758863,False,0.05357142857142857,2024-06-24,110,intermittent,full,0.0,1.0
CA-FM-TX-80-S1-LX-GX02,0.036036036036036036,0.18637982761781263,5.172040216394301,0.963963963963964,0.000974025974025974,False,0.07142857142857142,2024-06-24,110,intermittent,full,0.0,1.0
CA-FM-TX-80-S1-LX-GX03,0.14414414414414414,0.42121332351571034,2.9221674318902404,0.8828828828828829,0.00458055458055458,False,0.2857142857142857,2024-06-24,110,intermittent,full,0.23076923076923078,0.7692307692307693
CA-FM-TX-80-S1-LX-LX03,0.018018018018018018,0.13301642396606667,7.3824115301167,0.9819819819819819,0.0009038259038259037,False,0.03571428571428571,2024-06-24,110,intermittent,full,0.15384615384615385,0.8461538461538461
CA-FM-TX-80-S1-LX-NX01,0.02702702702702703,0.16216216216216223,6.000000000000002,0.972972972972973,0.001053001053001053,False,0.05357142857142857,2024-06-24,110,intermittent,full,0.15384615384615385,0.8461538461538461
CA-FM-TX-80-S1-LX-NX02,0.02702702702702703,0.16216216216216223,6.000000000000002,0.972972972972973,0.0010442260442260441,False,0.05357142857142857,2024-06-24,110,intermittent,full,0.15384615384615385,0.8461538461538461
CA-FM-TX-80-S1-LX-RX02,0.06306306306306306,0.277676306440044,4.403152859263555,0.9459459459459459,0.0021586521586521583,False,0.125,2024-06-24,110,intermittent,full,0.23076923076923078,0.8461538461538461
CA-FM-TX-80-S1-LX-RX03,0.06306306306306306,0.277676306440044,4.403152859263555,0.9459459459459459,0.0025184275184275185,False,0.125,2024-06-24,110,intermittent,full,0.38461538461538464,0.6923076923076923
CA-FM-TX-80-S1-LX-RX05,0.06306306306306306,0.277676306440044,4.403152859263555,0.9459459459459459,0.0021060021060021064,False,0.125,2024-06-24,110,intermittent,full,0.15384615384615385,0.8461538461538461
CA-FM-TX-80-S1-LX-RX06,0.018018018018018018,0.13301642396606667,7.3824115301167,0.9819819819819819,0.0005177255177255178,False,0.03571428571428571,2024-06-24,110,intermittent,full,0.0,1.0
CA-FM-TX-80-S1-MA-C501,0.04504504504504504,0.24705061623066824,5.4845236803208355,0.963963963963964,0.001825201825201825,False,0.08928571428571429,2024-06-24,110,intermittent,full,0.3076923076923077,0.7692307692307693
CA-FM-TX-80-S1-MA-C502,0.07207207207207207,0.2586072089082401,3.5881750236018317,0.9279279279279279,0.0023253773253773253,False,0.14285714285714285,2024-06-24,110,intermittent,full,0.07692307692307693,0.9230769230769231
CA-FM-TX-80-S1-MA-C901,0.018018018018018018,0.13301642396606667,7.3824115301167,0.9819819819819819,0.0007458757458757459,False,0.03571428571428571,2024-06-24,110,intermittent,full,0.07692307692307693,0.9230769230769231
CA-FM-TX-80-S1-MA-C902,0.036036036036036036,0.18637982761781263,5.172040216394301,0.963963963963964,0.0013864513864513864,False,0.07142857142857142,2024-06-24,110,intermittent,full,0.15384615384615385,0.8461538461538461
CA-FM-TX-80-S1-MA-CX31,0.036036036036036036,0.18637982761781263,5.172040216394301,0.963963963963964,0.0011758511758511757,False,0.07142857142857142,2024-06-24,110,intermittent,full,0.15384615384615385,0.8461538461538461
CA-FM-TX-80-S1-MB-G003,0.009009009009009009,0.09448728361893258,10.488088481701515,0.990990990990991,0.0002457002457002457,False,0.017857142857142856,2024-06-24,110,intermittent,full,0.0,1.0
CA-FM-TX-80-S1-MB-GCC1,0.05405405405405406,0.26296431566353917,4.864839839775475,0.954954954954955,0.002395577395577396,False,0.10714285714285714,2024-06-24,110,intermittent,full,0.3076923076923077,0.7692307692307693
CA-FM-TX-80-S1-NS-KI01,0.018018018018018018,0.13301642396606667,7.3824115301167,0.9819819819819819,0.0007985257985257986,False,0.03571428571428571,2024-06-24,110,intermittent,full,0.07692307692307693,0.9230769230769231
CA-FM-TX-80-S1-NS-RO02,0.06306306306306306,0.2430763524906674,3.854496446637726,0.9369369369369369,0.0025008775008775017,False,0.125,2024-06-24,110,intermittent,full,0.3076923076923077,0.6923076923076923
CA-FM-TX-80-S1-SN-XB01,0.018018018018018018,0.13301642396606667,7.3824115301167,0.9819819819819819,0.0006405756405756407,False,0.03571428571428571,2024-06-24,110,intermittent,full,0.0,1.0
CA-FM-TX-80-S1-SN-XB02,0.04504504504504504,0.24705061623066826,5.4845236803208355,0.963963963963964,0.002114777114777115,False,0.08928571428571429,2024-06-24,110,intermittent,full,0.3076923076923077,0.7692307692307693
CA-FM-TX-80-S1-SU-AS01,0.04504504504504504,0.2074029627607448,4.604345773288535,0.954954954954955,0.0017813267813267817,False,0.08928571428571429,2024-06-24,110,intermittent,full,0.15384615384615385,0.8461538461538461
CA-FM-TX-80-S1-SU-CR02,0.06306306306306306,0.2430763524906674,3.854496446637726,0.9369369369369369,0.0026412776412776417,False,0.125,2024-06-24,110,intermittent,full,0.38461538461538464,0.6153846153846154
CA-FM-TX-80-S1-SU-FO04,0.06306306306306306,0.277676306440044,4.403152859263555,0.9459459459459459,0.002457002457002457,False,0.125,2024-06-24,110,intermittent,full,0.15384615384615385,0.8461538461538461
CA-FM-TX-80-S1-SU-FO05,0.08108108108108109,0.3324800376080349,4.100587130499097,0.9369369369369369,0.0034310284310284313,False,0.16071428571428573,2024-06-24,110,intermittent,full,0.38461538461538464,0.6923076923076923
CA-FM-TX-80-S1-SU-OU06,0.08108108108108109,0.2729595929287048,3.3665016461206925,0.918918918918919,0.002843102843102843,False,0.16071428571428573,2024-06-24,110,intermittent,full,0.23076923076923078,0.7692307692307693
CA-FM-TX-80-S1-SU-OU07,0.07207207207207207,0.2913686779963285,4.042740407199058,0.9369369369369369,0.0023955773955773954,False,0.14285714285714285,2024-06-24,110,intermittent,full,0.23076923076923078,0.7692307692307693
CA-FM-TX-80-S1-SU-SO01,0.02702702702702703,0.1621621621621622,6.000000000000001,0.972972972972973,0.0011232011232011235,False,0.05357142857142857,2024-06-24,110,intermittent,full,0.07692307692307693,0.9230769230769231
CA-FM-TX-80-S1-TE-MY01,0.018018018018018018,0.13301642396606667,7.3824115301167,0.9819819819819819,0.0007107757107757109,False,0.03571428571428571,2024-06-24,110,intermittent,full,0.07692307692307693,0.9230769230769231
CA-FM-TX-80-S1-TT-4R03,0.036036036036036036,0.18637982761781263,5.172040216394301,0.963963963963964,0.0011583011583011585,False,0.07142857142857142,2024-06-24,110,intermittent,full,0.07692307692307693,0.9230769230769231
CA-FM-TX-80-S1-TT-CHR1,0.036036036036036036,0.18637982761781263,5.172040216394301,0.963963963963964,0.0016233766233766237,False,0.07142857142857142,2024-06-24,110,intermittent,full,0.23076923076923078,0.7692307692307693
CA-FM-TX-80-S1-TT-HI02,0.04504504504504504,0.24705061623066824,5.4845236803208355,0.963963963963964,0.0017286767286767287,False,0.08928571428571429,2024-06-24,110,intermittent,full,0.15384615384615385,0.8461538461538461
CA-FM-TX-80-S1-TT-HI03,0.04504504504504504,0.24705061623066824,5.4845236803208355,0.963963963963964,0.001974376974376975,False,0.08928571428571429,2024-06-24,110,intermittent,full,0.23076923076923078,0.8461538461538461
CA-FM-TX-80-S1-TT-HI04,0.018018018018018018,0.13301642396606667,7.3824115301167,0.9819819819819819,0.0008073008073008074,False,0.03571428571428571,2024-06-24,110,intermittent,full,0.15384615384615385,0.8461538461538461
CA-FM-TX-80-S1-TT-HI05,0.02702702702702703,0.1621621621621622,6.000000000000001,0.972972972972973,0.0012460512460512462,False,0.05357142857142857,2024-06-24,110,intermittent,full,0.23076923076923078,0.7692307692307693
CA-FM-TX-80-S1-TT-HI07,0.06306306306306306,0.27767630644004393,4.403152859263554,0.9459459459459459,0.0026061776061776063,False,0.125,2024-06-24,110,intermittent,full,0.3076923076923077,0.6923076923076923
CA-FM-TX-80-S1-TT-HI08,0.009009009009009009,0.09448728361893258,10.488088481701515,0.990990990990991,0.00042997542997542986,False,0.017857142857142856,2024-06-24,110,intermittent,full,0.07692307692307693,0.9230769230769231
CA-FM-TX-80-S1-TT-RV02,0.018018018018018018,0.13301642396606667,7.3824115301167,0.9819819819819819,0.0004738504738504739,False,0.03571428571428571,2024-06-24,110,intermittent,full,0.0,1.0
CA-FM-TX-80-S1-TT-RV03,0.06306306306306306,0.277676306440044,4.403152859263555,0.9459459459459459,0.0023780273780273785,False,0.125,2024-06-24,110,intermittent,full,0.3076923076923077,0.7692307692307693
CA-FM-TX-80-S1-TT-RV04,0.07207207207207207,0.2913686779963285,4.042740407199058,0.9369369369369369,0.002316602316602317,False,0.14285714285714285,2024-06-24,110,intermittent,full,0.23076923076923078,0.7692307692307693
CA-FM-TX-80-S1-TT-SE04,0.04504504504504504,0.2074029627607448,4.604345773288535,0.954954954954955,0.001605826605826606,False,0.08928571428571429,2024-06-24,110,intermittent,full,0.07692307692307693,0.9230769230769231
CA-FM-TX-80-S2-AR-RD03,0.009009009009009009,0.09448728361893258,10.488088481701515,0.990990990990991,0.0001842751842751843,False,0.017857142857142856,2024-06-24,110,intermittent,full,0.0,1.0
CA-FM-TX-80-S2-BK-EN01,0.018018018018018018,0.13301642396606667,7.3824115301167,0.9819819819819819,0.0008336258336258336,False,0.03571428571428571,2024-06-24,110,intermittent,full,0.15384615384615385,0.8461538461538461
CA-FM-TX-80-S2-BK-EV02,0.018018018018018018,0.13301642396606667,7.3824115301167,0.9819819819819819,0.0006142506142506143,False,0.03571428571428571,2024-06-24,110,intermittent,full,0.07692307692307693,0.9230769230769231
CA-FM-TX-80-S2-BM-X303,0.02702702702702703,0.1621621621621622,6.000000000000001,0.972972972972973,0.0008336258336258339,False,0.05357142857142857,2024-06-24,110,intermittent,full,0.07692307692307693,0.9230769230769231
CA-FM-TX-80-S2-BM-X701,0.009009009009009009,0.09448728361893258,10.488088481701515,0.990990990990991,0.00028080028080028086,False,0.017857142857142856,2024-06-24,110,intermittent,full,0.0,1.0
CA-FM-TX-80-S2-CD-ES03,0.08108108108108109,0.3041791534438583,3.7515428924742524,0.9279279279279279,0.00293962793962794,False,0.16071428571428573,2024-06-24,110,intermittent,full,0.15384615384615385,0.8461538461538461
CA-FM-TX-80-S2-CD-X501,0.05405405405405406,0.2261243314956961,4.183300132670378,0.9459459459459459,0.0026237276237276244,False,0.10714285714285714,2024-06-24,110,intermittent,full,0.46153846153846156,0.5384615384615384
CA-FM-TX-80-S2-CH-BL04,0.06306306306306306,0.30841878862385025,4.89064079103534,0.954954954954955,0.0027729027729027733,False,0.125,2024-06-24,110,intermittent,full,0.38461538461538464,0.7692307692307693
CA-FM-TX-80-S2-CH-BO03,0.009009009009009009,0.09448728361893258,10.488088481701515,0.990990990990991,0.00037732537732537735,False,0.017857142857142856,2024-06-24,110,intermittent,full,0.07692307692307693,0.9230769230769231
CA-FM-TX-80-S2-CH-BS01,0.009009009009009009,0.09448728361893258,10.488088481701515,0.990990990990991,0.0004563004563004563,False,0.017857142857142856,2024-06-24,110,intermittent,full,0.07692307692307693,0.9230769230769231
CA-FM-TX-80-S2-CH-EQ02,0.009009009009009009,0.09448728361893258,10.488088481701515,0.990990990990991,0.00027202527202527195,False,0.017857142857142856,2024-06-24,110,intermittent,full,0.0,1.0
CA-FM-TX-80-S2-CH-TZ03,0.02702702702702703,0.21051029631617882,7.788880963698616,0.9819819819819819,0.0013162513162513164,False,0.05357142857142857,2024-06-24,110,intermittent,full,0.23076923076923078,0.8461538461538461
CA-FM-TX-80-S2-DO-DU03,0.06306306306306306,0.27767630644004393,4.403152859263554,0.9459459459459459,0.001965601965601966,False,0.125,2024-06-24,110,intermittent,full,0.15384615384615385,0.8461538461538461
CA-FM-TX-80-S2-FD-BR05,0.11711711711711711,0.373412284253382,3.1883664270865695,0.9009009009009009,0.004817479817479819,False,0.23214285714285715,2024-06-24,110,intermittent,full,0.38461538461538464,0.6153846153846154
CA-FM-TX-80-S2-FD-BT01,0.05405405405405406,0.26296431566353917,4.864839839775475,0.954954954954955,0.0019831519831519833,False,0.10714285714285714,2024-06-24,110,intermittent,full,0.15384615384615385,0.8461538461538461
CA-FM-TX-80-S2-FD-ED03,0.009009009009009009,0.09448728361893258,10.488088481701515,0.990990990990991,0.00042997542997542986,False,0.017857142857142856,2024-06-24,110,intermittent,full,0.07692307692307693,0.9230769230769231
CA-FM-TX-80-S2-FD-ES12,0.07207207207207207,0.2586072089082401,3.5881750236018317,0.9279279279279279,0.0027904527904527906,False,0.14285714285714285,2024-06-24,110,intermittent,full,0.3076923076923077,0.6923076923076923
CA-FM-TX-80-S2-FD-EU01,0.08108108108108109,0.3041791534438583,3.7515428924742524,0.9279279279279279,0.0028167778167778176,False,0.16071428571428573,2024-06-24,110,intermittent,full,0.07692307692307693,0.9230769230769231
CA-FM-TX-80-S2-FD-EX02,0.08108108108108109,0.33248003760803485,4.100587130499096,0.9369369369369369,0.003852228852228853,False,0.16071428571428573,2024-06-24,110,intermittent,full,0.5384615384615384,0.6153846153846154
CA-FM-TX-80-S2-FD-EX05,0.02702702702702703,0.16216216216216217,6.0,0.972972972972973,0.0010442260442260441,False,0.05357142857142857,2024-06-24,110,intermittent,full,0.07692307692307693,0.9230769230769231
CA-FM-TX-80-S2-FD-MM01,0.02702702702702703,0.16216216216216223,6.000000000000002,0.972972972972973,0.001017901017901018,False,0.05357142857142857,2024-06-24,110,intermittent,full,0.15384615384615385,0.8461538461538461
CA-FM-TX-80-S2-GE-V801,0.05405405405405406,0.22612433149569605,4.183300132670377,0.9459459459459459,0.0019129519129519133,False,0.10714285714285714,2024-06-24,110,intermittent,full,0.15384615384615385,0.8461538461538461
CA-FM-TX-80-S2-GM-AC03,0.09009009009009009,0.3688196304587157,4.093897898091744,0.9279279279279279,0.003650403650403651,False,0.17857142857142858,2024-06-24,110,intermittent,full,0.38461538461538464,0.7692307692307693
CA-FM-TX-80-S2-HD-CV04,0.02702702702702703,0.16216216216216217,6.0,0.972972972972973,0.0013338013338013341,False,0.05357142857142857,2024-06-24,110,intermittent,full,0.23076923076923078,0.7692307692307693
CA-FM-TX-80-S2-HD-CV05,0.05405405405405406,0.2261243314956961,4.183300132670378,0.9459459459459459,0.0018690768690768694,False,0.10714285714285714,2024-06-24,110,intermittent,full,0.23076923076923078,0.7692307692307693
CA-FM-TX-80-S2-HD-CV06,0.13513513513513514,0.4134340146156311,3.05941170815567,0.8918918918918919,0.004738504738504739,False,0.26785714285714285,2024-06-24,110,intermittent,full,0.15384615384615385,0.8461538461538461
CA-FM-TX-80-S2-HD-HR02,0.009009009009009009,0.09448728361893258,10.488088481701515,0.990990990990991,0.0002281502281502282,False,0.017857142857142856,2024-06-24,110,intermittent,full,0.0,1.0
CA-FM-TX-80-S2-HD-OD01,0.009009009009009009,0.09448728361893258,10.488088481701515,0.990990990990991,0.0004738504738504738,False,0.017857142857142856,2024-06-24,110,intermittent,full,0.07692307692307693,0.9230769230769231
CA-FM-TX-80-S2-HD-OD04,0.018018018018018018,0.13301642396606667,7.3824115301167,0.9819819819819819,0.0007195507195507194,False,0.03571428571428571,2024-06-24,110,intermittent,full,0.0,1.0
CA-FM-TX-80-S2-HD-PI02,0.07207207207207207,0.2586072089082401,3.5881750236018317,0.9279279279279279,0.0033608283608283613,False,0.14285714285714285,2024-06-24,110,intermittent,full,0.5384615384615384,0.46153846153846156
CA-FM-TX-80-S2-HD-PI05,0.02702702702702703,0.21051029631617882,7.788880963698616,0.9819819819819819,0.0008687258687258688,False,0.05357142857142857,2024-06-24,110,intermittent,full,0.0,1.0
CA-FM-TX-80-S2-HD-PP04,0.09009009009009009,0.3688196304587157,4.093897898091744,0.9279279279279279,0.0035012285012285013,False,0.17857142857142858,2024-06-24,110,intermittent,full,0.38461538461538464,0.7692307692307693
CA-FM-TX-80-S2-HY-IO01,0.05405405405405406,0.2261243314956961,4.183300132670378,0.9459459459459459,0.0024745524745524747,False,0.10714285714285714,2024-06-24,110,intermittent,full,0.3076923076923077,0.6923076923076923
CA-FM-TX-80-S2-HY-KO04,0.04504504504504504,0.24705061623066824,5.4845236803208355,0.963963963963964,0.0017199017199017199,False,0.08928571428571429,2024-06-24,110,intermittent,full,0.23076923076923078,0.8461538461538461
CA-FM-TX-80-S2-HY-PA01,0.018018018018018018,0.13301642396606667,7.3824115301167,0.9819819819819819,0.0009213759213759212,False,0.03571428571428571,2024-06-24,110,intermittent,full,0.15384615384615385,0.8461538461538461
CA-FM-TX-80-S2-HY-TU03,0.02702702702702703,0.16216216216216223,6.000000000000002,0.972972972972973,0.0008511758511758514,False,0.05357142857142857,2024-06-24,110,intermittent,full,0.0,1.0
CA-FM-TX-80-S2-HY-TU04,0.04504504504504504,0.24705061623066824,5.4845236803208355,0.963963963963964,0.0018252018252018255,False,0.08928571428571429,2024-06-24,110,intermittent,full,0.07692307692307693,0.9230769230769231
CA-FM-TX-80-S2-HY-TU08,0.0990990990990991,0.3785928178279404,3.8203457071728533,0.9279279279279279,0.0040365040365040366,False,0.19642857142857142,2024-06-24,110,intermittent,full,0.5384615384615384,0.5384615384615384
CA-FM-TX-80-S2-IN-QX01,0.04504504504504504,0.20740296276074485,4.604345773288536,0.954954954954955,0.0023078273078273085,False,0.08928571428571429,2024-06-24,110,intermittent,full,0.38461538461538464,0.6153846153846154
CA-FM-TX-80-S2-IN-X601,0.07207207207207207,0.2913686779963285,4.042740407199058,0.9369369369369369,0.003510003510003511,False,0.14285714285714285,2024-06-24,110,intermittent,full,0.5384615384615384,0.5384615384615384
CA-FM-TX-80-S2-IT-S201,0.018018018018018018,0.13301642396606667,7.3824115301167,0.9819819819819819,0.00037732537732537735,False,0.03571428571428571,2024-06-24,110,intermittent,full,0.0,1.0
CA-FM-TX-80-S2-JA-E002,0.009009009009009009,0.09448728361893258,10.488088481701515,0.990990990990991,0.00029835029835029837,False,0.017857142857142856,2024-06-24,110,intermittent,full,0.0,1.0
CA-FM-TX-80-S2-JP-CH01,0.02702702702702703,0.1621621621621622,6.000000000000001,0.972972972972973,0.0011934011934011937,False,0.05357142857142857,2024-06-24,110,intermittent,full,0.15384615384615385,0.8461538461538461
CA-FM-TX-80-S2-JP-CH04,0.06306306306306306,0.30841878862385025,4.89064079103534,0.954954954954955,0.0028080028080028083,False,0.125,2024-06-24,110,intermittent,full,0.46153846153846156,0.6923076923076923
CA-FM-TX-80-S2-JP-GCL3,0.06306306306306306,0.30841878862385025,4.89064079103534,0.954954954954955,0.002974727974727975,False,0.125,2024-06-24,110,intermittent,full,0.38461538461538464,0.7692307692307693
CA-FM-TX-80-S2-JP-WR05,0.036036036036036036,0.18637982761781263,5.172040216394301,0.963963963963964,0.0016497016497016498,False,0.07142857142857142,2024-06-24,110,intermittent,full,0.23076923076923078,0.7692307692307693
CA-FM-TX-80-S2-JP-WR06,0.02702702702702703,0.16216216216216217,6.0,0.972972972972973,0.0013074763074763076,False,0.05357142857142857,2024-06-24,110,intermittent,full,0.23076923076923078,0.7692307692307693
CA-FM-TX-80-S2-KI-SL02,0.02702702702702703,0.16216216216216217,6.0,0.972972972972973,0.0010705510705510707,False,0.05357142857142857,2024-06-24,110,intermittent,full,0.15384615384615385,0.8461538461538461
CA-FM-TX-80-S2-KI-SO03,0.009009009009009009,0.09448728361893258,10.488088481701515,0.990990990990991,0.0004563004563004563,False,0.017857142857142856,2024-06-24,110,intermittent,full,0.07692307692307693,0.9230769230769231
CA-FM-TX-80-S2-KI-SP08,0.04504504504504504,0.2074029627607448,4.604345773288535,0.954954954954955,0.0017286767286767287,False,0.08928571428571429,2024-06-24,110,intermittent,full,0.15384615384615385,0.8461538461538461
CA-FM-TX-80-S2-LR-RS02,0.02702702702702703,0.16216216216216223,6.000000000000002,0.972972972972973,0.0010091260091260091,False,0.05357142857142857,2024-06-24,110,intermittent,full,0.07692307692307693,0.9230769230769231
CA-FM-TX-80-S2-LX-GX02,0.14414414414414414,0.4420844737436144,3.066961036596325,0.8828828828828829,0.004089154089154089,False,0.2857142857142857,2024-06-24,110,intermittent,full,0.07692307692307693,0.9230769230769231
CA-FM-TX-80-S2-LX-LX03,0.018018018018018018,0.13301642396606667,7.3824115301167,0.9819819819819819,0.0009038259038259037,False,0.03571428571428571,2024-06-24,110,intermittent,full,0.15384615384615385,0.8461538461538461
CA-FM-TX-80-S2-LX-NX01,0.018018018018018018,0.13301642396606667,7.3824115301167,0.9819819819819819,0.0006669006669006669,False,0.03571428571428571,2024-06-24,110,intermittent,full,0.07692307692307693,0.9230769230769231
CA-FM-TX-80-S2-LX-NX02,0.02702702702702703,0.16216216216216223,6.000000000000002,0.972972972972973,0.0010442260442260441,False,0.05357142857142857,2024-06-24,110,intermittent,full,0.15384615384615385,0.8461538461538461
CA-FM-TX-80-S2-LX-RX02,0.04504504504504504,0.24705061623066824,5.4845236803208355,0.963963963963964,0.0016584766584766583,False,0.08928571428571429,2024-06-24,110,intermittent,full,0.23076923076923078,0.8461538461538461
CA-FM-TX-80-S2-LX-RX03,0.08108108108108109,0.3041791534438583,3.7515428924742524,0.9279279279279279,0.0030361530361530365,False,0.16071428571428573,2024-06-24,110,intermittent,full,0.38461538461538464,0.6923076923076923
CA-FM-TX-80-S2-LX-RX05,0.06306306306306306,0.277676306440044,4.403152859263555,0.9459459459459459,0.0021060021060021064,False,0.125,2024-06-24,110,intermittent,full,0.15384615384615385,0.8461538461538461
CA-FM-TX-80-S2-MA-C501,0.11711711711711711,0.3484518847894363,2.975243016279033,0.8918918918918919,0.004308529308529309,False,0.23214285714285715,2024-06-24,110,intermittent,full,0.46153846153846156,0.6153846153846154
CA-FM-TX-80-S2-MA-C901,0.018018018018018018,0.13301642396606667,7.3824115301167,0.9819819819819819,0.0007458757458757459,False,0.03571428571428571,2024-06-24,110,intermittent,full,0.07692307692307693,0.9230769230769231
CA-FM-TX-80-S2-MA-C902,0.02702702702702703,0.16216216216216217,6.0,0.972972972972973,0.0012021762021762023,False,0.05357142857142857,2024-06-24,110,intermittent,full,0.15384615384615385,0.8461538461538461
CA-FM-TX-80-S2-MA-X501,0.02702702702702703,0.16216216216216223,6.000000000000002,0.972972972972973,0.000780975780975781,False,0.05357142857142857,2024-06-24,110,intermittent,full,0.07692307692307693,0.9230769230769231
CA-FM-TX-80-S2-MB-G003,0.009009009009009009,0.09448728361893258,10.488088481701515,0.990990990990991,0.0002457002457002457,False,0.017857142857142856,2024-06-24,110,intermittent,full,0.0,1.0
CA-FM-TX-80-S2-MB-GC01,0.036036036036036036,0.22968556367535067,6.373774391990981,0.972972972972973,0.0018076518076518078,False,0.07142857142857142,2024-06-24,110,intermittent,full,0.3076923076923077,0.7692307692307693
CA-FM-TX-80-S2-NS-KI01,0.018018018018018018,0.13301642396606667,7.3824115301167,0.9819819819819819,0.0007985257985257986,False,0.03571428571428571,2024-06-24,110,intermittent,full,0.07692307692307693,0.9230769230769231
CA-FM-TX-80-S2-NS-RO02,0.036036036036036036,0.18637982761781263,5.172040216394301,0.963963963963964,0.0013864513864513864,False,0.07142857142857142,2024-06-24,110,intermittent,full,0.23076923076923078,0.7692307692307693
CA-FM-TX-80-S2-SN-XB01,0.018018018018018018,0.13301642396606667,7.3824115301167,0.9819819819819819,0.0006405756405756407,False,0.03571428571428571,2024-06-24,110,intermittent,full,0.0,1.0
CA-FM-TX-80-S2-SN-XB02,0.04504504504504504,0.24705061623066826,5.4845236803208355,0.963963963963964,0.002114777114777115,False,0.08928571428571429,2024-06-24,110,intermittent,full,0.3076923076923077,0.7692307692307693
CA-FM-TX-80-S2-SU-AS01,0.04504504504504504,0.2074029627607448,4.604345773288535,0.954954954954955,0.0017813267813267817,False,0.08928571428571429,2024-06-24,110,intermittent,full,0.15384615384615385,0.8461538461538461
CA-FM-TX-80-S2-SU-CR02,0.06306306306306306,0.2430763524906674,3.854496446637726,0.9369369369369369,0.0027027027027027033,False,0.125,2024-06-24,110,intermittent,full,0.38461538461538464,0.6153846153846154
CA-FM-TX-80-S2-SU-FO04,0.06306306306306306,0.277676306440044,4.403152859263555,0.9459459459459459,0.002457002457002457,False,0.125,2024-06-24,110,intermittent,full,0.15384615384615385,0.8461538461538461
CA-FM-TX-80-S2-SU-FO05,0.06306306306306306,0.277676306440044,4.403152859263555,0.9459459459459459,0.0028869778869778876,False,0.125,2024-06-24,110,intermittent,full,0.38461538461538464,0.6923076923076923
CA-FM-TX-80-S2-SU-OU06,0.07207207207207207,0.2586072089082401,3.5881750236018317,0.9279279279279279,0.0025096525096525097,False,0.14285714285714285,2024-06-24,110,intermittent,full,0.23076923076923078,0.7692307692307693
CA-FM-TX-80-S2-SU-OU07,0.06306306306306306,0.277676306440044,4.403152859263555,0.9459459459459459,0.0020972270972270976,False,0.125,2024-06-24,110,intermittent,full,0.23076923076923078,0.7692307692307693
CA-FM-TX-80-S2-SU-SO01,0.02702702702702703,0.1621621621621622,6.000000000000001,0.972972972972973,0.0011232011232011235,False,0.05357142857142857,2024-06-24,110,intermittent,full,0.07692307692307693,0.9230769230769231
CA-FM-TX-80-S2-TE-MY01,0.018018018018018018,0.13301642396606667,7.3824115301167,0.9819819819819819,0.0007107757107757109,False,0.03571428571428571,2024-06-24,110,intermittent,full,0.07692307692307693,0.9230769230769231
CA-FM-TX-80-S2-TT-4R03,0.036036036036036036,0.18637982761781263,5.172040216394301,0.963963963963964,0.0011583011583011585,False,0.07142857142857142,2024-06-24,110,intermittent,full,0.07692307692307693,0.9230769230769231
CA-FM-TX-80-S2-TT-CHR1,0.036036036036036036,0.18637982761781263,5.172040216394301,0.963963963963964,0.0016233766233766237,False,0.07142857142857142,2024-06-24,110,intermittent,full,0.23076923076923078,0.7692307692307693
CA-FM-TX-80-S2-TT-HI02,0.036036036036036036,0.18637982761781263,5.172040216394301,0.963963963963964,0.0015005265005265005,False,0.07142857142857142,2024-06-24,110,intermittent,full,0.15384615384615385,0.8461538461538461
CA-FM-TX-80-S2-TT-HI04,0.009009009009009009,0.09448728361893258,10.488088481701515,0.990990990990991,0.0004212004212004214,False,0.017857142857142856,2024-06-24,110,intermittent,full,0.07692307692307693,0.9230769230769231
CA-FM-TX-80-S2-TT-HI05,0.02702702702702703,0.1621621621621622,6.000000000000001,0.972972972972973,0.0012460512460512462,False,0.05357142857142857,2024-06-24,110,intermittent,full,0.23076923076923078,0.7692307692307693
CA-FM-TX-80-S2-TT-HI07,0.06306306306306306,0.27767630644004393,4.403152859263554,0.9459459459459459,0.0026061776061776063,False,0.125,2024-06-24,110,intermittent,full,0.3076923076923077,0.6923076923076923
CA-FM-TX-80-S2-TT-HI08,0.02702702702702703,0.2105102963161788,7.788880963698615,0.9819819819819819,0.0012636012636012637,False,0.05357142857142857,2024-06-24,110,intermittent,full,0.15384615384615385,0.9230769230769231
CA-FM-TX-80-S2-TT-HI09,0.009009009009009009,0.09448728361893258,10.488088481701515,0.990990990990991,0.00042997542997542986,False,0.017857142857142856,2024-06-24,110,intermittent,full,0.07692307692307693,0.9230769230769231
CA-FM-TX-80-S2-TT-RV03,0.06306306306306306,0.277676306440044,4.403152859263555,0.9459459459459459,0.0023780273780273785,False,0.125,2024-06-24,110,intermittent,full,0.3076923076923077,0.7692307692307693
CA-FM-TX-80-S2-TT-RV04,0.05405405405405406,0.26296431566353917,4.864839839775475,0.954954954954955,0.0016760266760266762,False,0.10714285714285714,2024-06-24,110,intermittent,full,0.15384615384615385,0.8461538461538461
CA-FM-TX-80-S2-TT-SE01,0.036036036036036036,0.22968556367535065,6.37377439199098,0.972972972972973,0.0009301509301509303,False,0.07142857142857142,2024-06-24,110,intermittent,full,0.0,1.0
CA-FM-TX-80-S2-TT-SE02,0.04504504504504504,0.2074029627607448,4.604345773288535,0.954954954954955,0.0014127764127764126,False,0.08928571428571429,2024-06-24,110,intermittent,full,0.0,1.0
CA-FM-TX-80-S2-TT-SE04,0.036036036036036036,0.18637982761781263,5.172040216394301,0.963963963963964,0.0013162513162513162,False,0.07142857142857142,2024-06-24,110,intermittent,full,0.07692307692307693,0.9230769230769231
CA-FM-TX-80-S3-AR-MD05,0.036036036036036036,0.26603284793213333,7.3824115301167,0.9819819819819819,0.0015619515619515621,False,0.07142857142857142,2024-06-24,110,intermittent,full,0.15384615384615385,0.9230769230769231
CA-FM-TX-80-S3-BM-X701,0.009009009009009009,0.09448728361893258,10.488088481701515,0.990990990990991,0.00028080028080028086,False,0.017857142857142856,2024-06-24,110,intermittent,full,0.0,1.0
CA-FM-TX-80-S3-CH-SU01,0.05405405405405406,0.22612433149569605,4.183300132670377,0.9459459459459459,0.00179010179010179,False,0.10714285714285714,2024-06-24,110,intermittent,full,0.07692307692307693,0.9230769230769231
CA-FM-TX-80-S3-FD-EU01,0.06306306306306306,0.277676306440044,4.403152859263555,0.9459459459459459,0.002307827307827308,False,0.125,2024-06-24,110,intermittent,full,0.07692307692307693,0.9230769230769231
CA-FM-TX-80-S3-FD-EX05,0.02702702702702703,0.1621621621621622,6.000000000000001,0.972972972972973,0.0010003510003510005,False,0.05357142857142857,2024-06-24,110,intermittent,full,0.07692307692307693,0.9230769230769231
CA-FM-TX-80-S3-GM-AC01,0.009009009009009009,0.09448728361893258,10.488088481701515,0.990990990990991,0.00038610038610038604,False,0.017857142857142856,2024-06-24,110,intermittent,full,0.07692307692307693,0.9230769230769231
CA-FM-TX-80-S3-GM-AC03,0.07207207207207207,0.2913686779963285,4.042740407199058,0.9369369369369369,0.002974727974727975,False,0.14285714285714285,2024-06-24,110,intermittent,full,0.3076923076923077,0.7692307692307693
CA-FM-TX-80-S3-HD-OD01,0.009009009009009009,0.09448728361893258,10.488088481701515,0.990990990990991,0.0004738504738504738,False,0.017857142857142856,2024-06-24,110,intermittent,full,0.07692307692307693,0.9230769230769231
CA-FM-TX-80-S3-HD-PI02,0.036036036036036036,0.18637982761781263,5.172040216394301,0.963963963963964,0.0015356265356265355,False,0.07142857142857142,2024-06-24,110,intermittent,full,0.23076923076923078,0.7692307692307693
CA-FM-TX-80-S3-HD-PI15,0.02702702702702703,0.16216216216216217,6.0,0.972972972972973,0.0009915759915759919,False,0.05357142857142857,2024-06-24,110,intermittent,full,0.07692307692307693,0.9230769230769231
CA-FM-TX-80-S3-HY-PA01,0.018018018018018018,0.13301642396606667,7.3824115301167,0.9819819819819819,0.0009038259038259041,False,0.03571428571428571,2024-06-24,110,intermittent,full,0.15384615384615385,0.8461538461538461
CA-FM-TX-80-S3-IN-QX01,0.018018018018018018,0.13301642396606667,7.3824115301167,0.9819819819819819,0.0009126009126009125,False,0.03571428571428571,2024-06-24,110,intermittent,full,0.15384615384615385,0.8461538461538461
CA-FM-TX-80-S3-IN-X601,0.02702702702702703,0.21051029631617882,7.788880963698616,0.9819819819819819,0.0012197262197262198,False,0.05357142857142857,2024-06-24,110,intermittent,full,0.15384615384615385,0.9230769230769231
CA-FM-TX-80-S3-JP-GCL1,0.018018018018018018,0.13301642396606667,7.3824115301167,0.9819819819819819,0.0007634257634257638,False,0.03571428571428571,2024-06-24,110,intermittent,full,0.07692307692307693,0.9230769230769231
CA-FM-TX-80-S3-KI-SO03,0.009009009009009009,0.09448728361893258,10.488088481701515,0.990990990990991,0.00040365040365040387,False,0.017857142857142856,2024-06-24,110,intermittent,full,0.07692307692307693,0.9230769230769231
CA-FM-TX-80-S3-LX-LX03,0.009009009009009009,0.09448728361893258,10.488088481701515,0.990990990990991,0.00042997542997542986,False,0.017857142857142856,2024-06-24,110,intermittent,full,0.07692307692307693,0.9230769230769231
CA-FM-TX-80-S3-MA-C901,0.009009009009009009,0.09448728361893258,10.488088481701515,0.990990990990991,0.00028957528957528967,False,0.017857142857142856,2024-06-24,110,intermittent,full,0.0,1.0
CA-FM-TX-80-S3-MA-C902,0.018018018018018018,0.13301642396606667,7.3824115301167,0.9819819819819819,0.0008073008073008074,False,0.03571428571428571,2024-06-24,110,intermittent,full,0.07692307692307693,0.9230769230769231
CA-FM-TX-80-S3-SU-AS01,0.018018018018018018,0.13301642396606667,7.3824115301167,0.9819819819819819,0.0007107757107757107,False,0.03571428571428571,2024-06-24,110,intermittent,full,0.07692307692307693,0.9230769230769231
CA-FM-TX-80-S3-TT-HI02,0.02702702702702703,0.1621621621621622,6.000000000000001,0.972972972972973,0.001017901017901018,False,0.05357142857142857,2024-06-24,110,intermittent,full,0.07692307692307693,0.9230769230769231
CA-FM-TX-80-S3-TT-HI05,0.009009009009009009,0.09448728361893258,10.488088481701515,0.990990990990991,0.00037732537732537735,False,0.017857142857142856,2024-06-24,110,intermittent,full,0.07692307692307693,0.9230769230769231
CA-FM-TX-80-S3-TT-HI07,0.05405405405405406,0.2952426956427738,5.4619898693913145,0.963963963963964,0.002044577044577045,False,0.10714285714285714,2024-06-24,110,intermittent,full,0.15384615384615385,0.8461538461538461
CA-FM-TX-80-S3-TT-HI08,0.009009009009009009,0.09448728361893258,10.488088481701515,0.990990990990991,0.00029835029835029837,False,0.017857142857142856,2024-06-24,110,intermittent,full,0.0,1.0
CA-FM-TX-80-S3-TT-SE01,0.036036036036036036,0.22968556367535065,6.37377439199098,0.972972972972973,0.001017901017901018,False,0.07142857142857142,2024-06-24,110,intermittent,full,0.07692307692307693,0.9230769230769231
CA-FM-TX-80-S3-TT-SE02,0.036036036036036036,0.18637982761781263,5.172040216394301,0.963963963963964,0.001088101088101088,False,0.07142857142857142,2024-06-24,110,intermittent,full,0.0,1.0
CA-FM-TX-80-S3-TT-SE04,0.018018018018018018,0.13301642396606667,7.3824115301167,0.9819819819819819,0.0005001755001755001,False,0.03571428571428571,2024-06-24,110,intermittent,full,0.0,1.0
CA-FM-TX-80-S3-TT-SE05,0.009009009009009009,0.09448728361893258,10.488088481701515,0.990990990990991,0.00038610038610038604,False,0.017857142857142856,2024-06-24,110,intermittent,full,0.07692307692307693,0.9230769230769231
CA-FM-TX-80-T1-CH-C102,0.05405405405405406,0.26296431566353917,4.864839839775475,0.954954954954955,0.001965601965601966,False,0.10714285714285714,2024-06-24,110,intermittent,full,0.15384615384615385,0.8461538461538461
CA-FM-TX-80-T1-CH-CD01,0.036036036036036036,0.18637982761781263,5.172040216394301,0.963963963963964,0.0015619515619515621,False,0.07142857142857142,2024-06-24,110,intermittent,full,0.23076923076923078,0.7692307692307693
CA-FM-TX-80-T1-CH-CD02,0.11711711711711711,0.3968056855053196,3.3881100839300364,0.9099099099099099,0.004878904878904879,False,0.23214285714285715,2024-06-24,110,intermittent,full,0.6923076923076923,0.46153846153846156
CA-FM-TX-80-T1-CH-S103,0.07207207207207207,0.2913686779963285,4.042740407199058,0.9369369369369369,0.0025974025974025974,False,0.14285714285714285,2024-06-24,110,intermittent,full,0.15384615384615385,0.8461538461538461
CA-FM-TX-80-T1-CH-S117,0.46846846846846846,1.0972514376724374,2.3422097996469335,0.7837837837837838,0.015689715689715694,False,0.9285714285714286,2024-06-24,110,intermittent,full,1.0,0.6153846153846154
CA-FM-TX-80-T1-CH-S121,0.0990990990990991,0.4016846272001433,4.053363056292355,0.9279279279279279,0.0038171288171288172,False,0.19642857142857142,2024-06-24,110,intermittent,full,0.38461538461538464,0.7692307692307693
CA-FM-TX-80-T1-DO-DK02,0.16216216216216217,0.5118512688771816,3.156416158075953,0.8918918918918919,0.006537381537381538,False,0.32142857142857145,2024-06-24,110,intermittent,full,0.8461538461538461,0.5384615384615384
CA-FM-TX-80-T1-DO-R103,0.009009009009009009,0.09448728361893258,10.488088481701515,0.990990990990991,0.00021060021060021055,False,0.017857142857142856,2024-06-24,110,intermittent,full,0.0,1.0
CA-FM-TX-80-T1-DO-R109,0.0990990990990991,0.37859281782794035,3.820345707172853,0.918918918918919,0.0027378027378027374,False,0.19642857142857142,2024-06-24,110,intermittent,full,0.07692307692307693,0.9230769230769231
CA-FM-TX-80-T1-DO-R1T1,0.06306306306306306,0.30841878862385025,4.89064079103534,0.954954954954955,0.0025272025272025274,False,0.125,2024-06-24,110,intermittent,full,0.3076923076923077,0.7692307692307693
CA-FM-TX-80-T1-FD-EST1,0.018018018018018018,0.13301642396606667,7.3824115301167,0.9819819819819819,0.0007458757458757459,False,0.03571428571428571,2024-06-24,110,intermittent,full,0.07692307692307693,0.9230769230769231
CA-FM-TX-80-T1-FD-F509,0.05405405405405406,0.2261243314956961,4.183300132670378,0.9459459459459459,0.0018690768690768694,False,0.10714285714285714,2024-06-24,110,intermittent,full,0.15384615384615385,0.8461538461538461
CA-FM-TX-80-T1-FD-F511,0.12612612612612611,0.4053052929442159,3.2134919654862837,0.9009009009009009,0.005150930150930152,False,0.25,2024-06-24,110,intermittent,full,0.5384615384615384,0.6153846153846154
CA-FM-TX-80-T1-FD-F521,0.05405405405405406,0.2261243314956961,4.183300132670378,0.9459459459459459,0.0020533520533520537,False,0.10714285714285714,2024-06-24,110,intermittent,full,0.23076923076923078,0.7692307692307693
CA-FM-TX-80-T1-FD-F5L1,0.2972972972972973,0.7780154308967245,2.616960994834437,0.8378378378378378,0.009924534924534923,False,0.5892857142857143,2024-06-24,110,intermittent,full,0.8461538461538461,0.5384615384615384
CA-FM-TX-80-T1-FD-F5S1,0.11711711711711711,0.41889470045270877,3.5767162884808212,0.9099099099099099,0.004247104247104247,False,0.23214285714285715,2024-06-24,110,intermittent,full,0.38461538461538464,0.6923076923076923
CA-FM-TX-80-T1-FD-FS07,0.06306306306306306,0.2430763524906674,3.854496446637726,0.9369369369369369,0.002158652158652159,False,0.125,2024-06-24,110,intermittent,full,0.07692307692307693,0.9230769230769231
CA-FM-TX-80-T1-FD-FS28,0.11711711711711711,0.3215597891454909,2.745625891934576,0.8828828828828829,0.0038083538083538092,False,0.23214285714285715,2024-06-24,110,intermittent,full,0.0,1.0
CA-FM-TX-80-T1-FD-MV01,0.08108108108108109,0.3041791534438583,3.7515428924742524,0.9279279279279279,0.003211653211653212,False,0.16071428571428573,2024-06-24,110,intermittent,full,0.3076923076923077,0.6923076923076923
CA-FM-TX-80-T1-GM-CD03,0.18018018018018017,0.5402401567771153,2.99833287011299,0.8738738738738738,0.007204282204282205,False,0.35714285714285715,2024-06-24,110,intermittent,full,0.7692307692307693,0.46153846153846156
CA-FM-TX-80-T1-GM-S110,0.11711711711711711,0.3734122842533821,3.18836642708657,0.9009009009009009,0.0036855036855036865,False,0.23214285714285715,2024-06-24,110,intermittent,full,0.07692307692307693,0.9230769230769231
CA-FM-TX-80-T1-GM-S211,0.12612612612612611,0.42695479679541565,3.3851416031636528,0.9009009009009009,0.004062829062829064,False,0.25,2024-06-24,110,intermittent,full,0.07692307692307693,0.9230769230769231
CA-FM-TX-80-T1-HD-RI02,0.009009009009009009,0.09448728361893258,10.488088481701515,0.990990990990991,0.00031590031590031603,False,0.017857142857142856,2024-06-24,110,intermittent,full,0.0,1.0
CA-FM-TX-80-T1-HY-SC01,0.06306306306306306,0.277676306440044,4.403152859263555,0.9459459459459459,0.002413127413127413,False,0.125,2024-06-24,110,intermittent,full,0.15384615384615385,0.8461538461538461
CA-FM-TX-80-T1-JP-GL01,0.10810810810810811,0.3639461239049397,3.366501646120692,0.9099099099099099,0.0042909792909792905,False,0.21428571428571427,2024-06-24,110,intermittent,full,0.5384615384615384,0.6153846153846154
CA-FM-TX-80-T1-NS-FR05,0.009009009009009009,0.09448728361893258,10.488088481701515,0.990990990990991,0.00033345033345033354,False,0.017857142857142856,2024-06-24,110,intermittent,full,0.0,1.0
CA-FM-TX-80-T1-TT-TA07,0.009009009009009009,0.09448728361893258,10.488088481701515,0.990990990990991,0.00041242541242541246,False,0.017857142857142856,2024-06-24,110,intermittent,full,0.07692307692307693,0.9230769230769231
CA-FM-TX-80-T1-TT-TA08,0.09009009009009009,0.3162149328789953,3.509985754956848,0.918918918918919,0.0030624780624780626,False,0.17857142857142858,2024-06-24,110,intermittent,full,0.15384615384615385,0.8461538461538461
CA-FM-TX-80-T1-TT-TA13,0.036036036036036036,0.18637982761781263,5.172040216394301,0.963963963963964,0.0015882765882765887,False,0.07142857142857142,2024-06-24,110,intermittent,full,0.23076923076923078,0.7692307692307693
CA-FM-TX-80-T1-TT-TA18,0.09009009009009009,0.34352569306193903,3.8131351929875232,0.9279279279279279,0.0037732537732537734,False,0.17857142857142858,2024-06-24,110,intermittent,full,0.5384615384615384,0.6153846153846154
CA-FM-TX-80-T1-TT-TU02,0.11711711711711711,0.4398758780444577,3.7558632663796008,0.918918918918919,0.003975078975078976,False,0.23214285714285715,2024-06-24,110,intermittent,full,0.15384615384615385,0.8461538461538461
CA-FM-TX-80-T1-TT-TU10,0.16216216216216217,0.5291594650662491,3.2631500345752027,0.8828828828828829,0.005694980694980695,False,0.32142857142857145,2024-06-24,110,intermittent,full,0.46153846153846156,0.5384615384615384
CA-FM-TX-80-T1-TT-TU11,0.02702702702702703,0.1621621621621622,6.000000000000001,0.972972972972973,0.000596700596700597,False,0.05357142857142857,2024-06-24,110,intermittent,full,0.0,1.0
CA-FM-TX-80-T2-CH-CD01,0.02702702702702703,0.16216216216216217,6.0,0.972972972972973,0.001140751140751141,False,0.05357142857142857,2024-06-24,110,intermittent,full,0.15384615384615385,0.8461538461538461
CA-FM-TX-80-T2-CH-CD02,0.05405405405405406,0.26296431566353917,4.864839839775475,0.954954954954955,0.0021411021411021415,False,0.10714285714285714,2024-06-24,110,intermittent,full,0.23076923076923078,0.7692307692307693
CA-FM-TX-80-T2-CH-CD06,0.02702702702702703,0.1621621621621622,6.000000000000001,0.972972972972973,0.0011144261144261146,False,0.05357142857142857,2024-06-24,110,intermittent,full,0.15384615384615385,0.8461538461538461
CA-FM-TX-80-T2-CH-S110,0.04504504504504504,0.24705061623066824,5.4845236803208355,0.963963963963964,0.0013689013689013694,False,0.08928571428571429,2024-06-24,110,intermittent,full,0.07692307692307693,0.9230769230769231
CA-FM-TX-80-T2-CH-S112,0.018018018018018018,0.13301642396606667,7.3824115301167,0.9819819819819819,0.0006756756756756759,False,0.03571428571428571,2024-06-24,110,intermittent,full,0.07692307692307693,0.9230769230769231
CA-FM-TX-80-T2-CH-S117,0.12612612612612611,0.5388863577923668,4.27259897963948,0.9369369369369369,0.003624078624078625,False,0.25,2024-06-24,110,intermittent,full,0.07692307692307693,0.9230769230769231
CA-FM-TX-80-T2-CH-S121,0.1891891891891892,0.5617462078601766,2.969229955832362,0.8648648648648649,0.006274131274131275,False,0.375,2024-06-24,110,intermittent,full,0.3076923076923077,0.7692307692307693
CA-FM-TX-80-T2-CH-S125,0.09009009009009009,0.3162149328789953,3.509985754956848,0.918918918918919,0.0032467532467532465,False,0.17857142857142858,2024-06-24,110,intermittent,full,0.38461538461538464,0.6923076923076923
CA-FM-TX-80-T2-CH-S218,0.12612612612612611,0.44755828282429616,3.5484978138212058,0.9099099099099099,0.004168129168129169,False,0.25,2024-06-24,110,intermittent,full,0.15384615384615385,0.8461538461538461
CA-FM-TX-80-T2-DO-DK02,0.09009009009009009,0.34352569306193903,3.8131351929875232,0.9279279279279279,0.0038697788697788695,False,0.17857142857142858,2024-06-24,110,intermittent,full,0.6153846153846154,0.5384615384615384
CA-FM-TX-80-T2-DO-R115,0.05405405405405406,0.26296431566353917,4.864839839775475,0.954954954954955,0.0021411021411021415,False,0.10714285714285714,2024-06-24,110,intermittent,full,0.3076923076923077,0.7692307692307693
CA-FM-TX-80-T2-DO-R116,0.08108108108108109,0.35855403138977304,4.422166387140534,0.9369369369369369,0.0023517023517023515,False,0.16071428571428573,2024-06-24,110,intermittent,full,0.07692307692307693,0.9230769230769231
CA-FM-TX-80-T2-FD-EST1,0.009009009009009009,0.09448728361893258,10.488088481701515,0.990990990990991,0.0004738504738504738,False,0.017857142857142856,2024-06-24,110,intermittent,full,0.07692307692307693,0.9230769230769231
CA-FM-TX-80-T2-FD-F521,0.05405405405405406,0.2261243314956961,4.183300132670378,0.9459459459459459,0.0020533520533520537,False,0.10714285714285714,2024-06-24,110,intermittent,full,0.23076923076923078,0.7692307692307693
CA-FM-TX-80-T2-FD-F522,0.11711711711711711,0.3968056855053196,3.3881100839300364,0.9099099099099099,0.004817479817479818,False,0.23214285714285715,2024-06-24,110,intermittent,full,0.5384615384615384,0.6153846153846154
CA-FM-TX-80-T2-FD-F524,0.0990990990990991,0.40168462720014325,4.053363056292355,0.9279279279279279,0.003597753597753598,False,0.19642857142857142,2024-06-24,110,intermittent,full,0.3076923076923077,0.7692307692307693
CA-FM-TX-80-T2-FD-F533,0.036036036036036036,0.18637982761781263,5.172040216394301,0.963963963963964,0.0012811512811512812,False,0.07142857142857142,2024-06-24,110,intermittent,full,0.15384615384615385,0.8461538461538461
CA-FM-TX-80-T2-FD-F5L1,0.2072072072072072,0.5869008099063902,2.832434343461274,0.8558558558558559,0.006958581958581958,False,0.4107142857142857,2024-06-24,110,intermittent,full,0.6153846153846154,0.6923076923076923
CA-FM-TX-80-T2-FD-FS31,0.036036036036036036,0.18637982761781263,5.172040216394301,0.963963963963964,0.0012285012285012287,False,0.07142857142857142,2024-06-24,110,intermittent,full,0.07692307692307693,0.9230769230769231
CA-FM-TX-80-T2-FD-MV01,0.009009009009009009,0.09448728361893258,10.488088481701515,0.990990990990991,0.0004563004563004563,False,0.017857142857142856,2024-06-24,110,intermittent,full,0.07692307692307693,0.9230769230769231
CA-FM-TX-80-T2-GM-CD03,0.17117117117117117,0.4999797090274453,2.920934089581391,0.8738738738738738,0.006897156897156896,False,0.3392857142857143,2024-06-24,110,intermittent,full,0.7692307692307693,0.46153846153846156
CA-FM-TX-80-T2-HY-SC01,0.05405405405405406,0.26296431566353917,4.864839839775475,0.954954954954955,0.0021849771849771853,False,0.10714285714285714,2024-06-24,110,intermittent,full,0.15384615384615385,0.8461538461538461
CA-FM-TX-80-T2-JP-GL01,0.07207207207207207,0.2913686779963285,4.042740407199058,0.9369369369369369,0.002588627588627589,False,0.14285714285714285,2024-06-24,110,intermittent,full,0.23076923076923078,0.8461538461538461
CA-FM-TX-80-T2-TT-TA02,0.0990990990990991,0.3539978865655586,3.5721604917070002,0.918918918918919,0.00401895401895402,False,0.19642857142857142,2024-06-24,110,intermittent,full,0.5384615384615384,0.6153846153846154
CA-FM-TX-80-T2-TT-TA06,0.009009009009009009,0.09448728361893258,10.488088481701515,0.990990990990991,0.00033345033345033354,False,0.017857142857142856,2024-06-24,110,intermittent,full,0.0,1.0
CA-FM-TX-80-T2-TT-TA08,0.04504504504504504,0.24705061623066824,5.4845236803208355,0.963963963963964,0.0014303264303264305,False,0.08928571428571429,2024-06-24,110,intermittent,full,0.0,1.0
CA-FM-TX-80-T2-TT-TA12,0.02702702702702703,0.1621621621621622,6.000000000000001,0.972972972972973,0.0011670761670761673,False,0.05357142857142857,2024-06-24,110,intermittent,full,0.15384615384615385,0.8461538461538461
CA-FM-TX-80-T2-TT-TT14,0.08108108108108109,0.35855403138977304,4.422166387140534,0.9369369369369369,0.002922077922077922,False,0.16071428571428573,2024-06-24,110,intermittent,full,0.23076923076923078,0.7692307692307693
CA-FM-TX-80-T2-TT-TU02,0.11711711711711711,0.4398758780444577,3.7558632663796008,0.918918918918919,0.003975078975078976,False,0.23214285714285715,2024-06-24,110,intermittent,full,0.15384615384615385,0.8461538461538461
CA-SC-10-B-02-BE-1TO,0.2072072072072072,0.6168375772477003,2.976911785847597,0.8558558558558559,0.006045981045981047,False,0.4107142857142857,2024-06-24,110,intermittent,full,0.46153846153846156,0.6923076923076923
CA-SC-10-B-02-BK-1TO,0.0990990990990991,0.32756142275131245,3.3053925386723346,0.9099099099099099,0.003088803088803089,False,0.19642857142857142,2024-06-24,110,intermittent,full,0.15384615384615385,0.8461538461538461
CA-SC-10-B-02-DB-1TO,0.036036036036036036,0.18637982761781263,5.172040216394301,0.963963963963964,0.0008424008424008424,False,0.07142857142857142,2024-06-24,110,intermittent,full,0.07692307692307693,0.9230769230769231
CA-SC-10-B-02-DG-1TO,0.0990990990990991,0.32756142275131245,3.3053925386723346,0.9099099099099099,0.0025359775359775362,False,0.19642857142857142,2024-06-24,110,intermittent,full,0.15384615384615385,0.8461538461538461
CA-SC-10-B-02-GR-1TO,0.036036036036036036,0.18637982761781263,5.172040216394301,0.963963963963964,0.0010793260793260792,False,0.07142857142857142,2024-06-24,110,intermittent,full,0.07692307692307693,0.9230769230769231
CA-SC-10-B-04-BK-1TO,0.3963963963963964,0.7743556377277225,1.9534880860858455,0.7477477477477478,0.01260968760968761,False,0.7678571428571429,2024-06-24,110,intermittent,full,1.0,0.38461538461538464
CA-SC-10-B-04-BR-1TO,0.036036036036036036,0.18637982761781263,5.172040216394301,0.963963963963964,0.0011056511056511057,False,0.07142857142857142,2024-06-24,110,intermittent,full,0.15384615384615385,0.8461538461538461
CA-SC-10-B-04-DB-1TO,0.02702702702702703,0.16216216216216223,6.000000000000002,0.972972972972973,0.0008687258687258689,False,0.05357142857142857,2024-06-24,110,intermittent,full,0.07692307692307693,0.9230769230769231
CA-SC-10-B-04-DG-1TO,0.009009009009009009,0.09448728361893258,10.488088481701515,0.990990990990991,0.0004475254475254477,False,0.017857142857142856,2024-06-24,110,intermittent,full,0.07692307692307693,0.9230769230769231
CA-SC-10-B-04-GR-1TO,0.02702702702702703,0.16216216216216223,6.000000000000002,0.972972972972973,0.0006932256932256932,False,0.05357142857142857,2024-06-24,110,intermittent,full,0.0,1.0
CA-SC-10-B-04-RD-1TO,0.009009009009009009,0.09448728361893259,10.488088481701517,0.990990990990991,7.897507897507897e-05,False,0.017857142857142856,2024-06-24,110,intermittent,full,0.0,1.0
CA-SC-10-B-04-WH-1TO,0.009009009009009009,0.09448728361893258,10.488088481701515,0.990990990990991,0.00017550017550017544,False,0.017857142857142856,2024-06-24,110,intermittent,full,0.0,1.0
CA-SC-10-B-04-WR-1TO,0.1891891891891892,0.5113753494168783,2.7029839897749284,0.8558558558558559,0.005352755352755353,False,0.375,2024-06-24,110,intermittent,full,0.46153846153846156,0.7692307692307693
CA-SC-10-B-07-BE-1TO,0.02702702702702703,0.1621621621621622,6.000000000000001,0.972972972972973,0.00047385047385047394,False,0.05357142857142857,2024-06-24,110,intermittent,full,0.0,1.0
CA-SC-10-B-07-BR-1TO,0.009009009009009009,0.09448728361893258,10.488088481701515,0.990990990990991,0.00017550017550017544,False,0.017857142857142856,2024-06-24,110,intermittent,full,0.0,1.0
CA-SC-10-B-07-DG-1TO,0.009009009009009009,0.09448728361893258,10.488088481701515,0.990990990990991,0.00017550017550017544,False,0.017857142857142856,2024-06-24,110,intermittent,full,0.0,1.0
CA-SC-10-B-07-WR-1TO,0.009009009009009009,0.09448728361893259,10.488088481701517,0.990990990990991,7.020007020007022e-05,False,0.017857142857142856,2024-06-24,110,intermittent,full,0.0,1.0
CA-SC-10-B-08-BE-1TO,0.10810810810810811,0.41047876576196457,3.796928583298172,0.918918918918919,0.004150579150579151,False,0.21428571428571427,2024-06-24,110,intermittent,full,0.3076923076923077,0.7692307692307693
CA-SC-10-B-08-BK-1TO,0.05405405405405406,0.2261243314956961,4.183300132670378,0.9459459459459459,0.0018690768690768694,False,0.10714285714285714,2024-06-24,110,intermittent,full,0.15384615384615385,0.8461538461538461
CA-SC-10-B-08-DG-1TO,0.018018018018018018,0.13301642396606667,7.3824115301167,0.9819819819819819,0.0006405756405756405,False,0.03571428571428571,2024-06-24,110,intermittent,full,0.0,1.0
CA-SC-10-B-08-RD-1TO,0.009009009009009009,0.09448728361893258,10.488088481701515,0.990990990990991,0.0003685503685503686,False,0.017857142857142856,2024-06-24,110,intermittent,full,0.0,1.0
CA-SC-10-B-08-WR-1TO,0.036036036036036036,0.18637982761781263,5.172040216394301,0.963963963963964,0.0012987012987012987,False,0.07142857142857142,2024-06-24,110,intermittent,full,0.15384615384615385,0.8461538461538461
CA-SC-10-B-09-BE-1TO,0.17117117117117117,0.48162401458103266,2.8136981904470857,0.8648648648648649,0.005107055107055107,False,0.3392857142857143,2024-06-24,110,intermittent,full,0.15384615384615385,0.8461538461538461
CA-SC-10-B-09-BK-1TO,0.6936936936936937,1.2505335278890546,1.8027171635803254,0.6576576576576577,0.022455247455247455,False,1.375,2024-06-24,110,intermittent,full,1.8461538461538463,0.3076923076923077
CA-SC-10-B-09-BR-1TO,0.05405405405405406,0.2952426956427738,5.4619898693913145,0.963963963963964,0.0022990522990522988,False,0.10714285714285714,2024-06-24,110,intermittent,full,0.38461538461538464,0.7692307692307693
CA-SC-10-B-09-DB-1TO,0.08108108108108109,0.2729595929287049,3.366501646120694,0.918918918918919,0.002070902070902071,False,0.16071428571428573,2024-06-24,110,intermittent,full,0.23076923076923078,0.7692307692307693
CA-SC-10-B-09-DG-1TO,0.27927927927927926,0.5721961984937086,2.048831549445215,0.7837837837837838,0.008581958581958584,False,0.5535714285714286,2024-06-24,110,intermittent,full,0.6153846153846154,0.5384615384615384
CA-SC-10-B-09-GR-1TO,0.0990990990990991,0.29879502615814413,3.015113445777636,0.9009009009009009,0.003071253071253071,False,0.17857142857142858,2024-06-24,110,intermittent,full,0.38461538461538464,0.6153846153846154
CA-SC-10-B-09-WR-1TO,0.0990990990990991,0.3275614227513125,3.305392538672335,0.9099099099099099,0.004115479115479116,False,0.19642857142857142,2024-06-24,110,intermittent,full,0.6153846153846154,0.46153846153846156
CA-SC-10-B-10-BE-1TO,12.42,4.635040452897903,0.37319166287422734,0.0,0.09195678271308536,True,11.375,2025-08-25,49,smooth,short,13.461538461538462,0.0
CA-SC-10-B-10-BK-1TO,53.395833333333336,17.180099416831737,0.32174981350289633,0.0,0.7156426400347371,True,46.857142857142854,2025-09-08,47,smooth,short,63.76923076923077,0.0
CA-SC-10-B-10-BR-1TO,5.958333333333333,2.5897098722100558,0.43463662190938,0.020833333333333332,-0.016717325227963546,True,5.232142857142857,2025-09-08,47,smooth,short,5.538461538461538,0.0
CA-SC-10-B-10-DB-1TO,8.063829787234043,3.669333844806797,0.45503612323461595,0.0,0.05758556891766889,True,6.928571428571429,2025-09-15,46,smooth,short,8.23076923076923,0.0
CA-SC-10-B-10-DG-1TO,19.285714285714285,8.28078671210825,0.4293741258130204,0.0,0.34112244897959204,True,17.142857142857142,2025-09-01,48,smooth,short,25.923076923076923,0.0
CA-SC-10-B-10-GR-1TO,14.833333333333334,5.390320542932076,0.36339239615272423,0.0,0.20397307859313918,True,12.946428571428571,2025-09-08,47,smooth,short,18.384615384615383,0.0
CA-SC-10-B-10-PK-1TO,0.38738738738738737,1.1403426952208815,2.943675329523671,0.8468468468468469,0.006546156546156547,False,0.7678571428571429,2024-06-24,110,intermittent,full,0.0,1.0
CA-SC-10-B-10-RD-1TO,0.036036036036036036,0.22968556367535065,6.37377439199098,0.972972972972973,0.0003159003159003159,False,0.07142857142857142,2024-06-24,110,intermittent,full,0.0,1.0
CA-SC-10-B-10-WH-1TO,0.7387387387387387,1.3268652464334891,1.7961224677331378,0.6846846846846847,0.0189013689013689,False,1.4642857142857142,2024-06-24,110,intermittent,full,0.5384615384615384,0.6923076923076923
CA-SC-10-B-10-WR-1TO,8.288135593220339,4.730180228972637,0.5707170419414839,0.05084745762711865,0.21437755698421979,True,8.678571428571429,2025-06-23,58,smooth,medium,11.923076923076923,0.0
CA-SC-10-B-102-BE-1TO,0.14414414414414414,0.49949247840104916,3.4652290689072784,0.9009009009009009,0.005080730080730081,False,0.2857142857142857,2024-06-24,110,intermittent,full,0.5384615384615384,0.6153846153846154
CA-SC-10-B-102-BK-1TO,0.8468468468468469,1.6230224180019521,1.9165477489171987,0.6666666666666666,0.02866795366795367,False,1.6785714285714286,2026-03-30,19,smooth,short,2.6923076923076925,0.15384615384615385
CA-SC-10-B-102-BR-1TO,0.1981981981981982,0.5823193733762994,2.938065929307692,0.8648648648648649,0.006230256230256232,False,0.39285714285714285,2024-06-24,110,intermittent,full,0.5384615384615384,0.7692307692307693
CA-SC-10-B-102-DB-1TO,0.26126126126126126,0.5806444340296224,2.2224666268030373,0.8018018018018018,0.007625482625482628,False,0.5178571428571429,2024-06-24,110,intermittent,full,0.8461538461538461,0.5384615384615384
CA-SC-10-B-102-DG-1TO,0.44144144144144143,0.907274749894496,2.0552550456793686,0.7387387387387387,0.01605826605826606,False,0.875,2024-06-24,110,intermittent,full,1.6923076923076923,0.15384615384615385
CA-SC-10-B-102-GR-1TO,0.6846846846846847,1.2446786334537328,1.817885898860057,0.6936936936936937,0.024999999999999998,False,1.3571428571428572,2026-01-26,28,smooth,short,2.6153846153846154,0.07692307692307693
CA-SC-10-B-102-WR-1TO,0.12612612612612611,0.4053052929442159,3.2134919654862837,0.9009009009009009,0.004071604071604072,False,0.25,2024-06-24,110,intermittent,full,0.23076923076923078,0.7692307692307693
CA-SC-10-B-11-BE-1TO,0.05405405405405406,0.2261243314956961,4.183300132670378,0.9459459459459459,0.00207967707967708,False,0.10714285714285714,2024-06-24,110,intermittent,full,0.23076923076923078,0.7692307692307693
CA-SC-10-B-11-BK-1TO,0.09009009009009009,0.3162149328789953,3.509985754956848,0.918918918918919,0.0018603018603018608,False,0.17857142857142858,2024-06-24,110,intermittent,full,0.07692307692307693,0.9230769230769231
CA-SC-10-B-11-BR-1TO,0.018018018018018018,0.13301642396606667,7.3824115301167,0.9819819819819819,0.000508950508950509,False,0.03571428571428571,2024-06-24,110,intermittent,full,0.07692307692307693,0.9230769230769231
CA-SC-10-B-11-DB-1TO,0.07207207207207207,0.2586072089082401,3.5881750236018317,0.9279279279279279,0.0024482274482274485,False,0.14285714285714285,2024-06-24,110,intermittent,full,0.15384615384615385,0.8461538461538461
CA-SC-10-B-11-DG-1TO,0.05405405405405406,0.2261243314956961,4.183300132670378,0.9459459459459459,0.0017813267813267812,False,0.10714285714285714,2024-06-24,110,intermittent,full,0.07692307692307693,0.9230769230769231
CA-SC-10-B-11-GR-1TO,0.036036036036036036,0.18637982761781263,5.172040216394301,0.963963963963964,0.0015970515970515971,False,0.07142857142857142,2024-06-24,110,intermittent,full,0.23076923076923078,0.7692307692307693
CA-SC-10-B-11-WR-1TO,0.06306306306306306,0.27767630644004393,4.403152859263554,0.9459459459459459,0.002035802035802036,False,0.125,2024-06-24,110,intermittent,full,0.15384615384615385,0.8461538461538461
CA-SC-10-B-116-BE-1TO,0.018018018018018018,0.13301642396606667,7.3824115301167,0.9819819819819819,0.0006054756054756056,False,0.03571428571428571,2024-06-24,110,intermittent,full,0.0,1.0
CA-SC-10-B-116-BK-1TO,0.07207207207207207,0.2586072089082401,3.5881750236018317,0.9279279279279279,0.002764127764127765,False,0.14285714285714285,2024-06-24,110,intermittent,full,0.23076923076923078,0.7692307692307693
CA-SC-10-B-116-BR-1TO,0.009009009009009009,0.09448728361893258,10.488088481701515,0.990990990990991,0.0004738504738504738,False,0.017857142857142856,2024-06-24,110,intermittent,full,0.07692307692307693,0.9230769230769231
CA-SC-10-B-116-DB-1TO,0.018018018018018018,0.13301642396606667,7.3824115301167,0.9819819819819819,0.0007283257283257283,False,0.03571428571428571,2024-06-24,110,intermittent,full,0.07692307692307693,0.9230769230769231
CA-SC-10-B-116-DG-1TO,0.04504504504504504,0.2074029627607448,4.604345773288535,0.954954954954955,0.0015707265707265705,False,0.08928571428571429,2024-06-24,110,intermittent,full,0.07692307692307693,0.9230769230769231
CA-SC-10-B-116-GR-1TO,0.018018018018018018,0.18897456723786515,10.488088481701515,0.990990990990991,0.0007195507195507197,False,0.03571428571428571,2024-06-24,110,intermittent,full,0.0,1.0
CA-SC-10-B-116-WR-1TO,0.018018018018018018,0.18897456723786515,10.488088481701515,0.990990990990991,0.0007897507897507899,False,0.03571428571428571,2024-06-24,110,intermittent,full,0.15384615384615385,0.9230769230769231
CA-SC-10-B-120-BE-1TO,0.2972972972972973,0.6091582524099809,2.04898684901539,0.7747747747747747,0.01052123552123552,False,0.5892857142857143,2024-06-24,110,intermittent,full,1.0,0.3076923076923077
CA-SC-10-B-120-BK-1TO,0.07207207207207207,0.2586072089082401,3.5881750236018317,0.9279279279279279,0.0021674271674271676,False,0.14285714285714285,2024-06-24,110,intermittent,full,0.07692307692307693,0.9230769230769231
CA-SC-10-B-120-BR-1TO,0.009009009009009009,0.09448728361893258,10.488088481701515,0.990990990990991,0.00042997542997542986,False,0.017857142857142856,2024-06-24,110,intermittent,full,0.07692307692307693,0.9230769230769231
CA-SC-10-B-120-DB-1TO,0.018018018018018018,0.13301642396606667,7.3824115301167,0.9819819819819819,0.0007809757809757811,False,0.03571428571428571,2024-06-24,110,intermittent,full,0.07692307692307693,0.9230769230769231
CA-SC-10-B-120-DG-1TO,0.26126126126126126,0.6108878741680968,2.3382260011261633,0.8108108108108109,0.009292734292734296,False,0.5178571428571429,2024-06-24,110,intermittent,full,0.7692307692307693,0.46153846153846156
CA-SC-10-B-120-GR-1TO,0.06306306306306306,0.2430763524906674,3.854496446637726,0.9369369369369369,0.0023078273078273085,False,0.125,2024-06-24,110,intermittent,full,0.23076923076923078,0.7692307692307693
CA-SC-10-B-120-WR-1TO,0.036036036036036036,0.18637982761781263,5.172040216394301,0.963963963963964,0.001272376272376273,False,0.07142857142857142,2024-06-24,110,intermittent,full,0.07692307692307693,0.9230769230769231
CA-SC-10-B-124-BE-1TO,0.13513513513513514,0.3672759839754867,2.7178422814186014,0.8738738738738738,0.005089505089505089,False,0.26785714285714285,2024-06-24,110,intermittent,full,0.5384615384615384,0.5384615384615384
CA-SC-10-B-124-BK-1TO,11.21951219512195,5.475052934912609,0.4879938485465587,0.0,0.19024390243902442,True,8.321428571428571,2025-10-27,40,smooth,short,12.076923076923077,0.0
CA-SC-10-B-124-BR-1TO,0.40540540540540543,0.7755077195191836,1.9129190414806527,0.7387387387387387,0.014733239733239733,False,0.8035714285714286,2024-06-24,110,intermittent,full,1.3846153846153846,0.15384615384615385
CA-SC-10-B-124-DB-1TO,4.225,2.3182698289888517,0.5487029181038703,0.025,0.060881801125703544,True,3.0714285714285716,2025-11-03,39,smooth,short,5.0,0.07692307692307693
CA-SC-10-B-124-DG-1TO,3.073170731707317,1.8791571009032415,0.6114717550558166,0.04878048780487805,0.08362369337979095,True,2.267857142857143,2025-10-27,40,smooth,short,4.0,0.0
CA-SC-10-B-124-GR-1TO,0.3153153153153153,0.7349938037611221,2.330980349070987,0.7837837837837838,0.011951561951561952,False,0.625,2024-06-24,110,intermittent,full,1.1538461538461537,0.15384615384615385
CA-SC-10-B-124-RD-1TO,0.02702702702702703,0.1621621621621622,6.000000000000001,0.972972972972973,0.00041242541242541246,False,0.05357142857142857,2024-06-24,110,intermittent,full,0.0,1.0
CA-SC-10-B-124-WR-1TO,0.4954954954954955,1.012301577700017,2.0430086386309436,0.7567567567567568,0.018708318708318714,False,0.9821428571428571,2024-06-24,110,intermittent,full,1.5384615384615385,0.3076923076923077
CA-SC-10-B-125-BE-1TO,0.08108108108108109,0.3324800376080349,4.100587130499097,0.9369369369369369,0.003167778167778168,False,0.16071428571428573,2024-06-24,110,intermittent,full,0.15384615384615385,0.8461538461538461
CA-SC-10-B-125-BK-1TO,9.145833333333334,4.0824297469630615,0.44637045069299985,0.0,0.05704515848892745,True,7.928571428571429,2025-09-08,47,smooth,short,10.076923076923077,0.0
CA-SC-10-B-125-BR-1TO,0.40540540540540543,0.7275576616061249,1.7946422319617747,0.7117117117117117,0.01174973674973675,False,0.8035714285714286,2024-06-24,110,intermittent,full,0.9230769230769231,0.3076923076923077
CA-SC-10-B-125-DB-1TO,0.963963963963964,1.3945061312352685,1.4466372015618205,0.5945945945945946,0.02980870480870481,False,1.9107142857142858,2025-08-04,53,smooth,medium,2.4615384615384617,0.07692307692307693
CA-SC-10-B-125-DG-1TO,6.020833333333333,3.0583872611049254,0.5079674343703683,0.0,0.018508467216673888,True,5.232142857142857,2025-09-08,47,smooth,short,6.538461538461538,0.0
CA-SC-10-B-125-GR-1TO,0.5855855855855856,0.9815272936911604,1.6761466092264432,0.6756756756756757,0.017286767286767292,False,1.1607142857142858,2024-06-24,110,intermittent,full,1.0769230769230769,0.38461538461538464
CA-SC-10-B-125-PK-1TO,0.009009009009009009,0.09448728361893259,10.488088481701517,0.990990990990991,0.00010530010530010532,False,0.017857142857142856,2024-06-24,110,intermittent,full,0.0,1.0
CA-SC-10-B-125-RD-1TO,0.036036036036036036,0.18637982761781263,5.172040216394301,0.963963963963964,0.0004387504387504387,False,0.07142857142857142,2024-06-24,110,intermittent,full,0.0,1.0
CA-SC-10-B-125-WH-1TO,0.018018018018018018,0.13301642396606667,7.3824115301167,0.9819819819819819,0.00035100035100035104,False,0.03571428571428571,2024-06-24,110,intermittent,full,0.0,1.0
CA-SC-10-B-125-WR-1TO,0.5765765765765766,1.044501256469641,1.8115568666895336,0.6846846846846847,0.01772551772551773,False,1.1428571428571428,2024-06-24,110,intermittent,full,1.6153846153846154,0.23076923076923078
CA-SC-10-B-126-BK-1TO,4.314285714285714,2.670167769704246,0.6189130592029709,0.08571428571428572,0.13389355742296916,True,2.75,2025-12-08,34,smooth,short,5.846153846153846,0.0
CA-SC-10-B-126-BR-1TO,0.07207207207207207,0.2586072089082401,3.5881750236018317,0.9279279279279279,0.002386802386802387,False,0.14285714285714285,2024-06-24,110,intermittent,full,0.15384615384615385,0.8461538461538461
CA-SC-10-B-126-DB-1TO,0.35135135135135137,0.8558084387054354,2.435762479392393,0.7927927927927928,0.01440856440856441,False,0.6785714285714286,2024-06-24,110,intermittent,full,1.6923076923076923,0.3076923076923077
CA-SC-10-B-126-DG-1TO,0.9099099099099099,1.8185706175408407,1.9986271143270624,0.7117117117117117,0.03763601263601264,False,1.7857142857142858,2025-12-01,36,smooth,short,4.461538461538462,0.15384615384615385
CA-SC-10-B-126-GR-1TO,0.2882882882882883,0.6763360136621066,2.3460405473904324,0.8108108108108109,0.011732186732186733,False,0.5714285714285714,2024-06-24,110,intermittent,full,1.1538461538461537,0.38461538461538464
CA-SC-10-B-126-RD-1TO,0.009009009009009009,0.09448728361893259,10.488088481701517,0.990990990990991,9.652509652509655e-05,False,0.017857142857142856,2024-06-24,110,intermittent,full,0.0,1.0
CA-SC-10-B-126-WR-1TO,0.16216216216216217,0.43579771612424595,2.6874192494328497,0.8648648648648649,0.006765531765531766,False,0.32142857142857145,2024-06-24,110,intermittent,full,0.7692307692307693,0.38461538461538464
CA-SC-10-B-127-BE-1TO,0.2702702702702703,0.5686390572273695,2.103964511741267,0.7837837837837838,0.008827658827658827,False,0.5357142857142857,2024-06-24,110,intermittent,full,0.6153846153846154,0.38461538461538464
CA-SC-10-B-127-BK-1TO,23.285714285714285,8.0483234405733,0.34563352198781044,0.0,-0.036224489795917816,True,20.678571428571427,2025-09-01,48,smooth,short,21.846153846153847,0.0
CA-SC-10-B-127-BR-1TO,0.7207207207207207,1.2241648829883263,1.6985287751463027,0.6486486486486487,0.023552123552123553,False,1.4285714285714286,2026-03-30,19,smooth,short,2.3846153846153846,0.0
CA-SC-10-B-127-DB-1TO,6.040816326530612,3.5683368541996656,0.5907044116749447,0.04081632653061224,0.048367346938775584,True,5.357142857142857,2025-09-01,48,smooth,short,6.769230769230769,0.0
CA-SC-10-B-127-DG-1TO,6.061224489795919,2.5185691051387558,0.41552150219460954,0.02040816326530612,0.022857142857142847,True,5.357142857142857,2025-09-01,48,smooth,short,6.615384615384615,0.0
CA-SC-10-B-127-GR-1TO,0.6756756756756757,1.1323431988752166,1.6758679343353207,0.6666666666666666,0.021077571077571078,False,1.3392857142857142,2024-06-24,110,intermittent,full,1.8461538461538463,0.15384615384615385
CA-SC-10-B-127-PK-1TO,0.009009009009009009,0.09448728361893259,10.488088481701517,0.990990990990991,9.652509652509655e-05,False,0.017857142857142856,2024-06-24,110,intermittent,full,0.0,1.0
CA-SC-10-B-127-RD-1TO,0.06306306306306306,0.33636314779449494,5.333758486455563,0.954954954954955,0.0011495261495261496,False,0.125,2024-06-24,110,intermittent,full,0.0,1.0
CA-SC-10-B-127-WR-1TO,0.6486486486486487,1.2276737589987863,1.8926637117897953,0.6846846846846847,0.022025272025272026,False,1.2857142857142858,2026-04-20,16,smooth,short,2.1538461538461537,0.07692307692307693
CA-SC-10-B-128-BE-1TO,0.036036036036036036,0.18637982761781263,5.172040216394301,0.963963963963964,0.0011232011232011235,False,0.07142857142857142,2024-06-24,110,intermittent,full,0.15384615384615385,0.8461538461538461
CA-SC-10-B-128-BK-1TO,0.40540540540540543,0.8423302981265441,2.077748068712142,0.7657657657657657,0.013697788697788699,False,0.8035714285714286,2024-06-24,110,intermittent,full,1.3846153846153846,0.3076923076923077
CA-SC-10-B-128-DB-1TO,0.11711711711711711,0.373412284253382,3.1883664270865695,0.9009009009009009,0.0038434538434538434,False,0.23214285714285715,2024-06-24,110,intermittent,full,0.46153846153846156,0.6153846153846154
CA-SC-10-B-128-DG-1TO,0.15315315315315314,0.4491874184619067,2.932929614663038,0.8738738738738738,0.004352404352404352,False,0.30357142857142855,2024-06-24,110,intermittent,full,0.3076923076923077,0.7692307692307693
CA-SC-10-B-128-WR-1TO,0.036036036036036036,0.18637982761781263,5.172040216394301,0.963963963963964,0.001088101088101088,False,0.07142857142857142,2024-06-24,110,intermittent,full,0.0,1.0
CA-SC-10-B-129-BE-1TO,0.08108108108108109,0.35855403138977304,4.422166387140534,0.9369369369369369,0.00171990171990172,False,0.16071428571428573,2024-06-24,110,intermittent,full,0.0,1.0
CA-SC-10-B-129-BK-1TO,3.7142857142857144,2.523360247522242,0.6793662204867574,0.10204081632653061,-0.005816326530612227,True,3.25,2025-09-01,48,smooth,short,3.6923076923076925,0.0
CA-SC-10-B-129-BR-1TO,0.4144144144144144,0.7286723514915744,1.7583180655557555,0.7117117117117117,0.012249912249912254,False,0.8214285714285714,2024-06-24,110,intermittent,full,0.8461538461538461,0.3076923076923077
CA-SC-10-B-129-DB-1TO,0.44144144144144143,0.8130100304633138,1.8417165996209761,0.7117117117117117,0.014233064233064235,False,0.875,2024-06-24,110,intermittent,full,1.2307692307692308,0.38461538461538464
CA-SC-10-B-129-DG-1TO,1.2522522522522523,1.947363514367444,1.5550888496027788,0.5675675675675675,0.03997016497016498,False,2.4464285714285716,2025-07-07,57,smooth,medium,3.3076923076923075,0.0
CA-SC-10-B-129-GR-1TO,0.3153153153153153,0.6842103620197307,2.1699242909768603,0.7747747747747747,0.010398385398385399,False,0.625,2024-06-24,110,intermittent,full,1.0,0.38461538461538464
CA-SC-10-B-129-WR-1TO,0.23423423423423423,0.5527157351415484,2.3596710231043025,0.8198198198198198,0.007397332397332399,False,0.4642857142857143,2024-06-24,110,intermittent,full,0.6153846153846154,0.6153846153846154
CA-SC-10-B-13-BK-1TO,0.04504504504504504,0.24705061623066824,5.4845236803208355,0.963963963963964,0.0012197262197262196,False,0.08928571428571429,2024-06-24,110,intermittent,full,0.0,1.0
CA-SC-10-B-13-DG-1TO,0.009009009009009009,0.09448728361893258,10.488088481701515,0.990990990990991,0.0004475254475254477,False,0.017857142857142856,2024-06-24,110,intermittent,full,0.07692307692307693,0.9230769230769231
CA-SC-10-B-131-BE-1TO,0.17117117117117117,0.442634900776153,2.5859196834817357,0.8558558558558559,0.0056335556335556335,False,0.3392857142857143,2024-06-24,110,intermittent,full,0.38461538461538464,0.6923076923076923
CA-SC-10-B-131-BK-1TO,3.979591836734694,2.113994148992418,0.5312087861570691,0.0,0.03999999999999999,True,3.5535714285714284,2025-09-01,48,smooth,short,4.846153846153846,0.0
CA-SC-10-B-131-BR-1TO,0.4144144144144144,0.8216492803942599,1.9826754374731055,0.7387387387387387,0.012162162162162163,False,0.8214285714285714,2024-06-24,110,intermittent,full,0.9230769230769231,0.46153846153846156
CA-SC-10-B-131-DB-1TO,0.5315315315315315,0.9474462576673806,1.782483637306428,0.7027027027027027,0.0172955422955423,False,1.0535714285714286,2024-06-24,110,intermittent,full,1.5384615384615385,0.3076923076923077
CA-SC-10-B-131-DG-1TO,0.5495495495495496,1.0287641386392936,1.8720134326059275,0.7207207207207207,0.01731309231309231,False,1.0892857142857142,2024-06-24,110,intermittent,full,1.6153846153846154,0.3076923076923077
CA-SC-10-B-131-GR-1TO,0.14414414414414414,0.42121332351571034,2.9221674318902404,0.8828828828828829,0.004677079677079677,False,0.2857142857142857,2024-06-24,110,intermittent,full,0.3076923076923077,0.7692307692307693
CA-SC-10-B-131-PK-1TO,0.07207207207207207,0.2913686779963285,4.042740407199058,0.9369369369369369,0.001088101088101088,False,0.14285714285714285,2024-06-24,110,intermittent,full,0.0,1.0
CA-SC-10-B-131-RD-1TO,0.04504504504504504,0.2470506162306682,5.484523680320835,0.963963963963964,0.0006493506493506494,False,0.08928571428571429,2024-06-24,110,intermittent,full,0.0,1.0
CA-SC-10-B-131-WH-1TO,0.05405405405405406,0.26296431566353917,4.864839839775475,0.954954954954955,0.0006493506493506496,False,0.10714285714285714,2024-06-24,110,intermittent,full,0.0,1.0
CA-SC-10-B-131-WR-1TO,0.5045045045045045,1.0299468531191207,2.041501798146829,0.7477477477477478,0.01753246753246753,False,1.0,2024-06-24,110,intermittent,full,1.6153846153846154,0.3076923076923077
CA-SC-10-B-132-BE-1TO,0.5135135135135135,1.0032816861227343,1.9537590729758512,0.7207207207207207,0.014838539838539841,False,1.0178571428571428,2024-06-24,110,intermittent,full,0.8461538461538461,0.38461538461538464
CA-SC-10-B-132-BK-1TO,8.0,3.6421567954234177,0.4552695994279272,0.0,0.013061224489795874,True,7.107142857142857,2025-09-01,48,smooth,short,6.846153846153846,0.0
CA-SC-10-B-132-BR-1TO,0.35135135135135137,0.7786410968047532,2.2161323524442977,0.7837837837837838,0.011574236574236575,False,0.6964285714285714,2024-06-24,110,intermittent,full,1.0769230769230769,0.38461538461538464
CA-SC-10-B-132-DB-1TO,4.081632653061225,1.9148904662432489,0.469148164229596,0.0,0.023571428571428577,True,3.607142857142857,2025-09-01,48,smooth,short,4.230769230769231,0.0
CA-SC-10-B-132-DG-1TO,3.690909090909091,2.3884017270797133,0.6471039162038632,0.03636363636363636,0.03037518037518035,True,3.6607142857142856,2025-07-21,54,smooth,medium,3.3076923076923075,0.07692307692307693
CA-SC-10-B-132-GR-1TO,0.4594594594594595,0.8141074124383679,1.7718808388364478,0.7027027027027027,0.01375921375921376,False,0.8392857142857143,2024-06-24,110,intermittent,full,1.0,0.38461538461538464
CA-SC-10-B-132-RD-1TO,0.02702702702702703,0.21051029631617885,7.788880963698617,0.9819819819819819,0.00036855036855036854,False,0.05357142857142857,2024-06-24,110,intermittent,full,0.0,1.0
CA-SC-10-B-132-WH-1TO,0.018018018018018018,0.13301642396606667,7.3824115301167,0.9819819819819819,0.00035977535977535984,False,0.03571428571428571,2024-06-24,110,intermittent,full,0.0,1.0
CA-SC-10-B-132-WR-1TO,0.12612612612612611,0.358101025483816,2.8392295591931127,0.8828828828828829,0.00408037908037908,False,0.25,2024-06-24,110,intermittent,full,0.38461538461538464,0.6153846153846154
CA-SC-10-B-133-BE-1TO,0.08108108108108109,0.2729595929287048,3.3665016461206925,0.918918918918919,0.0029835029835029838,False,0.16071428571428573,2024-06-24,110,intermittent,full,0.38461538461538464,0.6153846153846154
CA-SC-10-B-133-BK-1TO,0.36036036036036034,0.7326711932017103,2.033162561134746,0.7657657657657657,0.012074412074412075,False,0.7142857142857143,2024-06-24,110,intermittent,full,1.1538461538461537,0.23076923076923078
CA-SC-10-B-133-BR-1TO,0.05405405405405406,0.22612433149569605,4.183300132670377,0.9459459459459459,0.0014742014742014744,False,0.10714285714285714,2024-06-24,110,intermittent,full,0.0,1.0
CA-SC-10-B-133-DB-1TO,0.05405405405405406,0.2261243314956961,4.183300132670378,0.9459459459459459,0.0016584766584766587,False,0.10714285714285714,2024-06-24,110,intermittent,full,0.07692307692307693,0.9230769230769231
CA-SC-10-B-133-DG-1TO,0.018018018018018018,0.13301642396606667,7.3824115301167,0.9819819819819819,0.0003246753246753247,False,0.03571428571428571,2024-06-24,110,intermittent,full,0.0,1.0
CA-SC-10-B-133-GR-1TO,0.036036036036036036,0.22968556367535065,6.37377439199098,0.972972972972973,0.0007634257634257636,False,0.07142857142857142,2024-06-24,110,intermittent,full,0.0,1.0
CA-SC-10-B-133-WR-1TO,0.018018018018018018,0.13301642396606667,7.3824115301167,0.9819819819819819,0.0007634257634257636,False,0.03571428571428571,2024-06-24,110,intermittent,full,0.07692307692307693,0.9230769230769231
CA-SC-10-B-134-BK-1TO,0.018018018018018018,0.13301642396606667,7.3824115301167,0.9819819819819819,0.0007020007020007021,False,0.03571428571428571,2024-06-24,110,intermittent,full,0.07692307692307693,0.9230769230769231
CA-SC-10-B-134-BR-1TO,0.009009009009009009,0.09448728361893258,10.488088481701515,0.990990990990991,0.00029835029835029837,False,0.017857142857142856,2024-06-24,110,intermittent,full,0.0,1.0
CA-SC-10-B-135-BE-1TO,0.05405405405405406,0.32432432432432445,6.000000000000002,0.963963963963964,0.0018252018252018255,False,0.10714285714285714,2024-06-24,110,intermittent,full,0.0,1.0
CA-SC-10-B-135-BK-1TO,0.2972972972972973,0.7051240334900719,2.3717808399211506,0.8198198198198198,0.011275886275886276,False,0.5892857142857143,2024-06-24,110,intermittent,full,0.8461538461538461,0.38461538461538464
CA-SC-10-B-135-BR-1TO,0.0990990990990991,0.32756142275131245,3.3053925386723346,0.9099099099099099,0.0038346788346788362,False,0.19642857142857142,2024-06-24,110,intermittent,full,0.3076923076923077,0.7692307692307693
CA-SC-10-B-135-DB-1TO,0.08108108108108109,0.3324800376080349,4.100587130499097,0.9369369369369369,0.002957177957177958,False,0.16071428571428573,2024-06-24,110,intermittent,full,0.15384615384615385,0.8461538461538461
CA-SC-10-B-135-DG-1TO,0.036036036036036036,0.18637982761781263,5.172040216394301,0.963963963963964,0.0010354510354510355,False,0.07142857142857142,2024-06-24,110,intermittent,full,0.07692307692307693,0.9230769230769231
CA-SC-10-B-135-GR-1TO,0.09009009009009009,0.2863107852625351,3.17804971641414,0.9099099099099099,0.001825201825201825,False,0.125,2024-06-24,110,intermittent,full,0.15384615384615385,0.8461538461538461
CA-SC-10-B-135-PK-1TO,0.009009009009009009,0.09448728361893258,10.488088481701515,0.990990990990991,0.0001842751842751843,False,0.017857142857142856,2024-06-24,110,intermittent,full,0.0,1.0
CA-SC-10-B-135-RD-1TO,0.009009009009009009,0.09448728361893258,10.488088481701515,0.990990990990991,0.00017550017550017544,False,0.017857142857142856,2024-06-24,110,intermittent,full,0.0,1.0
CA-SC-10-B-135-WH-1TO,0.009009009009009009,0.09448728361893258,10.488088481701515,0.990990990990991,0.00017550017550017544,False,0.017857142857142856,2024-06-24,110,intermittent,full,0.0,1.0
CA-SC-10-B-135-WR-1TO,0.11711711711711711,0.3734122842533821,3.18836642708657,0.9009009009009009,0.0038259038259038265,False,0.23214285714285715,2024-06-24,110,intermittent,full,0.15384615384615385,0.8461538461538461
CA-SC-10-B-136-BE-1TO,0.018018018018018018,0.18897456723786515,10.488088481701515,0.990990990990991,0.0006493506493506494,False,0.03571428571428571,2024-06-24,110,intermittent,full,0.0,1.0
CA-SC-10-B-136-BK-1TO,0.18018018018018017,0.505789868382638,2.8071337695236407,0.8648648648648649,0.00730958230958231,False,0.35714285714285715,2024-06-24,110,intermittent,full,0.9230769230769231,0.38461538461538464
CA-SC-10-B-136-BR-1TO,0.06306306306306306,0.27767630644004393,4.403152859263554,0.9459459459459459,0.002281502281502282,False,0.125,2024-06-24,110,intermittent,full,0.3076923076923077,0.7692307692307693
CA-SC-10-B-136-DB-1TO,0.04504504504504504,0.2074029627607448,4.604345773288535,0.954954954954955,0.0018076518076518078,False,0.08928571428571429,2024-06-24,110,intermittent,full,0.23076923076923078,0.7692307692307693
CA-SC-10-B-136-DG-1TO,0.10810810810810811,0.36394612390493974,3.3665016461206925,0.9099099099099099,0.004738504738504739,False,0.21428571428571427,2024-06-24,110,intermittent,full,0.7692307692307693,0.38461538461538464
CA-SC-10-B-136-GR-1TO,0.02702702702702703,0.16216216216216223,6.000000000000002,0.972972972972973,0.0011319761319761319,False,0.05357142857142857,2024-06-24,110,intermittent,full,0.15384615384615385,0.8461538461538461
CA-SC-10-B-136-PK-1TO,0.009009009009009009,0.09448728361893258,10.488088481701515,0.990990990990991,0.00017550017550017544,False,0.017857142857142856,2024-06-24,110,intermittent,full,0.0,1.0
CA-SC-10-B-136-WH-1TO,0.009009009009009009,0.09448728361893258,10.488088481701515,0.990990990990991,0.0001842751842751843,False,0.017857142857142856,2024-06-24,110,intermittent,full,0.0,1.0
CA-SC-10-B-136-WR-1TO,0.07207207207207207,0.2586072089082401,3.5881750236018317,0.9279279279279279,0.0027992277992278,False,0.14285714285714285,2024-06-24,110,intermittent,full,0.23076923076923078,0.7692307692307693
CA-SC-10-B-137-BE-1TO,0.10810810810810811,0.36394612390493974,3.3665016461206925,0.9099099099099099,0.0049052299052299055,False,0.21428571428571427,2024-06-24,110,intermittent,full,0.6923076923076923,0.46153846153846156
CA-SC-10-B-137-BK-1TO,4.446428571428571,3.530073061046546,0.7939120137293437,0.16071428571428573,0.17638414217361584,True,4.446428571428571,2025-07-14,55,smooth,medium,7.769230769230769,0.0
CA-SC-10-B-137-BR-1TO,0.08108108108108109,0.35855403138977304,4.422166387140534,0.9369369369369369,0.0033520533520533524,False,0.16071428571428573,2024-06-24,110,intermittent,full,0.46153846153846156,0.6923076923076923
CA-SC-10-B-137-DB-1TO,0.5675675675675675,1.1438958374240484,2.0154355230804666,0.7387387387387387,0.02114777114777115,False,1.0892857142857142,2026-04-27,15,smooth,short,2.076923076923077,0.15384615384615385
CA-SC-10-B-137-DG-1TO,0.8558558558558559,1.6703392698849426,1.9516595679708277,0.7117117117117117,0.03527553527553528,False,1.6964285714285714,2025-12-15,34,smooth,short,4.153846153846154,0.0
CA-SC-10-B-137-GR-1TO,0.13513513513513514,0.474322399318493,3.509985754956848,0.9099099099099099,0.005422955422955423,False,0.26785714285714285,2024-06-24,110,intermittent,full,0.6923076923076923,0.6153846153846154
CA-SC-10-B-137-WR-1TO,0.14414414414414414,0.48111819541688977,3.337757480704673,0.9009009009009009,0.006493506493506495,False,0.2857142857142857,2024-06-24,110,intermittent,full,0.6923076923076923,0.46153846153846156
CA-SC-10-B-138-BE-1TO,0.27927927927927926,0.6320447465510046,2.263127963456823,0.8018018018018018,0.005791505791505793,False,0.5535714285714286,2024-06-24,110,intermittent,full,0.3076923076923077,0.6923076923076923
CA-SC-10-B-138-BK-1TO,15.755102040816327,13.911572942132803,0.8829884380369266,0.0,-0.6004081632653063,True,14.071428571428571,2025-09-01,48,smooth,short,6.923076923076923,0.0
CA-SC-10-B-138-BR-1TO,0.4594594594594595,0.984417180515152,2.1425550399447424,0.7747747747747747,0.009942084942084942,False,0.9107142857142857,2024-06-24,110,intermittent,full,0.6153846153846154,0.5384615384615384
CA-SC-10-B-138-DB-1TO,3.4489795918367347,4.091111442666675,1.1861802407731779,0.22448979591836735,-0.1761224489795918,True,3.0714285714285716,2025-09-01,48,intermittent,short,1.0769230769230769,0.3076923076923077
CA-SC-10-B-138-DG-1TO,9.081632653061224,6.933611523803119,0.7634763250929277,0.0,-0.33489795918367316,True,8.053571428571429,2025-09-01,48,smooth,short,4.769230769230769,0.0
CA-SC-10-B-138-GR-1TO,0.5855855855855856,1.276739008148243,2.180277383145461,0.7387387387387387,0.011925236925236926,False,1.1428571428571428,2024-06-24,110,intermittent,full,0.6153846153846154,0.5384615384615384
CA-SC-10-B-138-RD-1TO,0.07207207207207207,0.3208016903561236,4.451123453691215,0.9459459459459459,0.001158301158301158,False,0.14285714285714285,2024-06-24,110,intermittent,full,0.0,1.0
CA-SC-10-B-138-WH-1TO,0.009009009009009009,0.09448728361893259,10.488088481701517,0.990990990990991,7.897507897507897e-05,False,0.017857142857142856,2024-06-24,110,intermittent,full,0.0,1.0
CA-SC-10-B-138-WR-1TO,0.5045045045045045,1.1537160788167293,2.2868300847974457,0.7657657657657657,0.01175851175851176,False,1.0,2024-06-24,110,intermittent,full,0.7692307692307693,0.5384615384615384
CA-SC-10-B-139-BE-1TO,0.07207207207207207,0.2586072089082401,3.5881750236018317,0.9279279279279279,0.0022200772200772208,False,0.14285714285714285,2024-06-24,110,intermittent,full,0.15384615384615385,0.8461538461538461
CA-SC-10-B-139-BK-1TO,0.7117117117117117,1.2619689134489347,1.7731461948459717,0.6576576576576577,0.020077220077220077,False,1.375,2024-06-24,110,intermittent,full,1.4615384615384615,0.38461538461538464
CA-SC-10-B-139-BR-1TO,0.05405405405405406,0.22612433149569605,4.183300132670377,0.9459459459459459,0.0011670761670761673,False,0.10714285714285714,2024-06-24,110,intermittent,full,0.0,1.0
CA-SC-10-B-139-DB-1TO,0.5495495495495496,1.063215747166265,1.9347040645156626,0.7117117117117117,0.01577746577746578,False,1.0892857142857142,2024-06-24,110,intermittent,full,1.0,0.46153846153846156
CA-SC-10-B-139-DG-1TO,0.21621621621621623,0.5913095164476375,2.7348065135703234,0.8378378378378378,0.005861705861705862,False,0.4107142857142857,2024-06-24,110,intermittent,full,0.46153846153846156,0.5384615384615384
CA-SC-10-B-139-GR-1TO,0.036036036036036036,0.18637982761781263,5.172040216394301,0.963963963963964,0.0008073008073008071,False,0.07142857142857142,2024-06-24,110,intermittent,full,0.0,1.0
CA-SC-10-B-139-WR-1TO,0.036036036036036036,0.18637982761781263,5.172040216394301,0.963963963963964,0.001088101088101088,False,0.07142857142857142,2024-06-24,110,intermittent,full,0.07692307692307693,0.9230769230769231
CA-SC-10-B-14-BE-1TO,0.10810810810810811,0.38791081336236016,3.5881750236018313,0.918918918918919,0.003553878553878554,False,0.21428571428571427,2024-06-24,110,intermittent,full,0.3076923076923077,0.7692307692307693
CA-SC-10-B-14-BK-1TO,0.14414414414414414,0.3760114730578235,2.6085795943386505,0.8648648648648649,0.004536679536679538,False,0.26785714285714285,2024-06-24,110,intermittent,full,0.46153846153846156,0.6153846153846154
CA-SC-10-B-14-DB-1TO,0.009009009009009009,0.09448728361893258,10.488088481701515,0.990990990990991,0.00029835029835029837,False,0.017857142857142856,2024-06-24,110,intermittent,full,0.0,1.0
CA-SC-10-B-14-DG-1TO,0.0990990990990991,0.32756142275131245,3.3053925386723346,0.9099099099099099,0.0033257283257283263,False,0.19642857142857142,2024-06-24,110,intermittent,full,0.38461538461538464,0.6923076923076923
CA-SC-10-B-14-GR-1TO,0.05405405405405406,0.2261243314956961,4.183300132670378,0.9459459459459459,0.0018954018954018955,False,0.10714285714285714,2024-06-24,110,intermittent,full,0.23076923076923078,0.7692307692307693
CA-SC-10-B-14-WR-1TO,0.06306306306306306,0.2430763524906674,3.854496446637726,0.9369369369369369,0.0025184275184275185,False,0.125,2024-06-24,110,intermittent,full,0.15384615384615385,0.8461538461538461
CA-SC-10-B-140-BE-1TO,0.018018018018018018,0.13301642396606667,7.3824115301167,0.9819819819819819,0.0006932256932256933,False,0.03571428571428571,2024-06-24,110,intermittent,full,0.0,1.0
CA-SC-10-B-140-BK-1TO,0.0990990990990991,0.3539978865655586,3.5721604917070002,0.918918918918919,0.0044138294138294145,False,0.19642857142857142,2024-06-24,110,intermittent,full,0.6153846153846154,0.5384615384615384
CA-SC-10-B-140-BR-1TO,0.018018018018018018,0.13301642396606667,7.3824115301167,0.9819819819819819,0.0007722007722007724,False,0.03571428571428571,2024-06-24,110,intermittent,full,0.07692307692307693,0.9230769230769231
CA-SC-10-B-140-DB-1TO,0.05405405405405406,0.26296431566353917,4.864839839775475,0.954954954954955,0.002588627588627589,False,0.10714285714285714,2024-06-24,110,intermittent,full,0.46153846153846156,0.6153846153846154
CA-SC-10-B-140-DG-1TO,0.036036036036036036,0.18637982761781263,5.172040216394301,0.963963963963964,0.001482976482976483,False,0.07142857142857142,2024-06-24,110,intermittent,full,0.15384615384615385,0.8461538461538461
CA-SC-10-B-140-GR-1TO,0.009009009009009009,0.09448728361893258,10.488088481701515,0.990990990990991,0.00041242541242541246,False,0.017857142857142856,2024-06-24,110,intermittent,full,0.07692307692307693,0.9230769230769231
CA-SC-10-B-141-BE-1TO,0.34234234234234234,0.7038567562026887,2.0560026299604854,0.7657657657657657,0.010512460512460515,False,0.6785714285714286,2024-06-24,110,intermittent,full,0.9230769230769231,0.38461538461538464
CA-SC-10-B-141-BK-1TO,4.020833333333333,3.224189713021794,0.8018710167100835,0.041666666666666664,-0.07951584889274868,True,3.482142857142857,2025-09-08,47,smooth,short,2.8461538461538463,0.0
CA-SC-10-B-141-BR-1TO,0.22522522522522523,0.6669101089485315,2.96108088373148,0.8558558558558559,0.0050719550719550725,False,0.44642857142857145,2024-06-24,110,intermittent,full,0.3076923076923077,0.7692307692307693
CA-SC-10-B-141-DB-1TO,0.42342342342342343,0.8003326960184796,1.8901474310223667,0.7207207207207207,0.012434187434187435,False,0.8392857142857143,2024-06-24,110,intermittent,full,1.0769230769230769,0.3076923076923077
CA-SC-10-B-141-DG-1TO,0.5315315315315315,1.0890099629738073,2.048815354069366,0.7207207207207207,0.015426465426465428,False,1.0535714285714286,2024-06-24,110,intermittent,full,1.2307692307692308,0.3076923076923077
CA-SC-10-B-141-GR-1TO,0.17117117117117117,0.46254045596372734,2.702210032209144,0.8648648648648649,0.005203580203580204,False,0.3392857142857143,2024-06-24,110,intermittent,full,0.5384615384615384,0.5384615384615384
CA-SC-10-B-141-PK-1TO,0.009009009009009009,0.09448728361893258,10.488088481701515,0.990990990990991,0.00017550017550017544,False,0.017857142857142856,2024-06-24,110,intermittent,full,0.0,1.0
CA-SC-10-B-141-WR-1TO,0.1891891891891892,0.5454729911070489,2.8832143815658298,0.8558558558558559,0.004835029835029836,False,0.375,2024-06-24,110,intermittent,full,0.3076923076923077,0.7692307692307693
CA-SC-10-B-145-BE-1TO,0.009009009009009009,0.09448728361893258,10.488088481701515,0.990990990990991,0.0004387504387504389,False,0.017857142857142856,2024-06-24,110,intermittent,full,0.07692307692307693,0.9230769230769231
CA-SC-10-B-145-BK-1TO,0.018018018018018018,0.13301642396606667,7.3824115301167,0.9819819819819819,0.0008160758160758163,False,0.03571428571428571,2024-06-24,110,intermittent,full,0.15384615384615385,0.8461538461538461
CA-SC-10-B-145-DB-1TO,0.018018018018018018,0.13301642396606667,7.3824115301167,0.9819819819819819,0.0008248508248508249,False,0.03571428571428571,2024-06-24,110,intermittent,full,0.15384615384615385,0.8461538461538461
CA-SC-10-B-145-DG-1TO,0.06306306306306306,0.30841878862385025,4.89064079103534,0.954954954954955,0.0029133029133029138,False,0.125,2024-06-24,110,intermittent,full,0.46153846153846156,0.6923076923076923
CA-SC-10-B-145-GR-1TO,0.018018018018018018,0.13301642396606667,7.3824115301167,0.9819819819819819,0.00078975078975079,False,0.03571428571428571,2024-06-24,110,intermittent,full,0.07692307692307693,0.9230769230769231
CA-SC-10-B-145-WR-1TO,0.036036036036036036,0.18637982761781263,5.172040216394301,0.963963963963964,0.001535626535626536,False,0.07142857142857142,2024-06-24,110,intermittent,full,0.23076923076923078,0.7692307692307693
CA-SC-10-B-146-BE-1TO,0.018018018018018018,0.13301642396606667,7.3824115301167,0.9819819819819819,0.0005703755703755705,False,0.03571428571428571,2024-06-24,110,intermittent,full,0.07692307692307693,0.9230769230769231
CA-SC-10-B-146-BK-1TO,0.5585585585585585,0.8972900611163048,1.6064386578049974,0.6756756756756757,0.015461565461565463,False,1.1071428571428572,2024-06-24,110,intermittent,full,1.0,0.38461538461538464
CA-SC-10-B-146-BR-1TO,0.07207207207207207,0.25860720890824007,3.588175023601831,0.9279279279279279,0.001886626886626887,False,0.14285714285714285,2024-06-24,110,intermittent,full,0.15384615384615385,0.8461538461538461
CA-SC-10-B-146-DB-1TO,0.12612612612612611,0.3824321671493895,3.032140753827303,0.8918918918918919,0.003255528255528256,False,0.25,2024-06-24,110,intermittent,full,0.23076923076923078,0.7692307692307693
CA-SC-10-B-146-DG-1TO,0.5045045045045045,0.8581760867826926,1.701027600587123,0.6666666666666666,0.012872937872937876,False,1.0,2024-06-24,110,intermittent,full,0.7692307692307693,0.46153846153846156
CA-SC-10-B-146-GR-1TO,0.0990990990990991,0.35399788656555853,3.572160491707,0.918918918918919,0.0025272025272025274,False,0.19642857142857142,2024-06-24,110,intermittent,full,0.23076923076923078,0.7692307692307693
CA-SC-10-B-146-WR-1TO,0.04504504504504504,0.2074029627607448,4.604345773288535,0.954954954954955,0.0021235521235521237,False,0.08928571428571429,2024-06-24,110,intermittent,full,0.38461538461538464,0.6153846153846154
CA-SC-10-B-147-BE-1TO,0.10810810810810811,0.3382879883877223,3.129163892586431,0.9009009009009009,0.002755352755352755,False,0.21428571428571427,2024-06-24,110,intermittent,full,0.15384615384615385,0.8461538461538461
CA-SC-10-B-147-BK-1TO,4.979591836734694,4.469807081251587,0.8976251925464253,0.04081632653061224,-0.13357142857142856,True,4.357142857142857,2025-09-01,48,smooth,short,2.5384615384615383,0.07692307692307693
CA-SC-10-B-147-BR-1TO,0.10810810810810811,0.3382879883877223,3.129163892586431,0.9009009009009009,0.0025359775359775362,False,0.21428571428571427,2024-06-24,110,intermittent,full,0.07692307692307693,0.9230769230769231
CA-SC-10-B-147-DB-1TO,0.4954954954954955,0.9091514098409271,1.8348328453153258,0.7207207207207207,0.01540891540891541,False,0.9821428571428571,2024-06-24,110,intermittent,full,1.3076923076923077,0.3076923076923077
CA-SC-10-B-147-DG-1TO,0.7477477477477478,1.630058134532136,2.1799572642538205,0.6846846846846847,0.018085293085293087,False,1.4821428571428572,2024-06-24,110,intermittent,full,0.8461538461538461,0.38461538461538464
CA-SC-10-B-147-GR-1TO,0.14414414414414414,0.49949247840104904,3.465229068907278,0.9009009009009009,0.004949104949104949,False,0.2857142857142857,2024-06-24,110,intermittent,full,0.46153846153846156,0.7692307692307693
CA-SC-10-B-147-PK-1TO,0.018018018018018018,0.13301642396606664,7.382411530116698,0.9819819819819819,0.0002983502983502984,False,0.03571428571428571,2024-06-24,110,intermittent,full,0.0,1.0
CA-SC-10-B-147-RD-1TO,0.009009009009009009,0.09448728361893259,10.488088481701517,0.990990990990991,7.020007020007022e-05,False,0.017857142857142856,2024-06-24,110,intermittent,full,0.0,1.0
CA-SC-10-B-147-WR-1TO,0.09009009009009009,0.3162149328789953,3.509985754956848,0.918918918918919,0.001886626886626887,False,0.17857142857142858,2024-06-24,110,intermittent,full,0.07692307692307693,0.9230769230769231
CA-SC-10-B-149-BE-1TO,0.07207207207207207,0.2586072089082401,3.5881750236018317,0.9279279279279279,0.001798876798876799,False,0.14285714285714285,2024-06-24,110,intermittent,full,0.07692307692307693,0.9230769230769231
CA-SC-10-B-149-BK-1TO,2.3469387755102042,1.6848789747387993,0.7179049544539231,0.10204081632653061,0.001632653061224491,True,2.0535714285714284,2025-07-28,54,smooth,medium,2.5384615384615383,0.0
CA-SC-10-B-149-BR-1TO,0.018018018018018018,0.13301642396606667,7.3824115301167,0.9819819819819819,0.0003071253071253071,False,0.03571428571428571,2024-06-24,110,intermittent,full,0.0,1.0
CA-SC-10-B-149-DB-1TO,0.13513513513513514,0.4549326548811746,3.366501646120692,0.9009009009009009,0.0038873288873288877,False,0.26785714285714285,2024-06-24,110,intermittent,full,0.38461538461538464,0.6923076923076923
CA-SC-10-B-149-DG-1TO,3.510204081632653,2.1676889695144848,0.6175392994547079,0.061224489795918366,0.025102040816326537,True,3.107142857142857,2025-09-01,48,smooth,short,4.230769230769231,0.07692307692307693
CA-SC-10-B-149-GR-1TO,0.5945945945945946,1.2108992889165926,2.036512440450633,0.7117117117117117,0.01792734292734293,False,1.1785714285714286,2024-06-24,110,intermittent,full,1.0769230769230769,0.46153846153846156
CA-SC-10-B-149-PK-1TO,0.009009009009009009,0.09448728361893258,10.488088481701515,0.990990990990991,0.00017550017550017544,False,0.017857142857142856,2024-06-24,110,intermittent,full,0.0,1.0
CA-SC-10-B-149-RD-1TO,0.018018018018018018,0.13301642396606664,7.382411530116698,0.9819819819819819,0.00021060021060021063,False,0.03571428571428571,2024-06-24,110,intermittent,full,0.0,1.0
CA-SC-10-B-149-WR-1TO,0.09009009009009009,0.3924868632575128,4.356604182158392,0.9369369369369369,0.002685152685152686,False,0.17857142857142858,2024-06-24,110,intermittent,full,0.3076923076923077,0.7692307692307693
CA-SC-10-B-15-BE-1TO,1.2522522522522523,1.8957917762484684,1.513905663047338,0.5855855855855856,0.03931203931203931,False,2.4285714285714284,2025-07-28,54,smooth,medium,3.3846153846153846,0.0
CA-SC-10-B-15-BK-1TO,3.7288135593220337,2.3057077921685982,0.6183489078997605,0.06779661016949153,0.06434833430742254,True,3.875,2025-06-23,58,smooth,medium,4.461538461538462,0.0
CA-SC-10-B-15-BR-1TO,0.6846846846846847,1.0043327934682367,1.4668544746707142,0.6126126126126126,0.021744471744471746,False,1.3392857142857142,2024-06-24,110,intermittent,full,1.6923076923076923,0.15384615384615385
CA-SC-10-B-15-DB-1TO,0.5315315315315315,0.9755554649644369,1.8353670612042796,0.7117117117117117,0.016900666900666904,False,1.0535714285714286,2024-06-24,110,intermittent,full,1.6923076923076923,0.23076923076923078
CA-SC-10-B-15-DG-1TO,0.6126126126126126,1.124431156855585,1.8354685060436755,0.6936936936936937,0.020963495963495962,False,1.2142857142857142,2026-05-04,14,smooth,short,2.076923076923077,0.15384615384615385
CA-SC-10-B-15-GR-1TO,0.5315315315315315,0.9569077432991869,1.8002840594272838,0.6936936936936937,0.01742716742716743,False,1.0178571428571428,2024-06-24,110,intermittent,full,1.6153846153846154,0.23076923076923078
CA-SC-10-B-15-PK-1TO,0.14414414414414414,0.4420844737436144,3.066961036596325,0.8828828828828829,0.0048350298350298354,False,0.2857142857142857,2024-06-24,110,intermittent,full,0.3076923076923077,0.8461538461538461
CA-SC-10-B-15-RD-1TO,0.07207207207207207,0.29136867799632854,4.042740407199059,0.9369369369369369,0.0018076518076518078,False,0.14285714285714285,2024-06-24,110,intermittent,full,0.07692307692307693,0.9230769230769231
CA-SC-10-B-15-WH-1TO,0.21621621621621623,0.5094672257873402,2.356285919266448,0.8288288288288288,0.005791505791505793,False,0.42857142857142855,2024-06-24,110,intermittent,full,0.07692307692307693,0.9230769230769231
CA-SC-10-B-15-WR-1TO,0.7297297297297297,1.2001947735770007,1.6447113563832971,0.6306306306306306,0.023569673569673568,False,1.3928571428571428,2024-06-24,110,intermittent,full,2.0,0.23076923076923078
CA-SC-10-B-150-BE-1TO,0.018018018018018018,0.13301642396606667,7.3824115301167,0.9819819819819819,0.0005879255879255881,False,0.03571428571428571,2024-06-24,110,intermittent,full,0.0,1.0
CA-SC-10-B-151-BE-1TO,0.02702702702702703,0.1621621621621622,6.000000000000001,0.972972972972973,0.00029835029835029837,False,0.05357142857142857,2024-06-24,110,intermittent,full,0.0,1.0
CA-SC-10-B-151-BK-1TO,4.125,3.401133389523753,0.8245171853390917,0.0625,-0.08206686930091192,True,3.607142857142857,2025-09-08,47,smooth,short,2.923076923076923,0.0
CA-SC-10-B-151-BR-1TO,0.42342342342342343,0.8858197155518454,2.0920423069415923,0.7567567567567568,0.011495261495261495,False,0.8392857142857143,2024-06-24,110,intermittent,full,0.6153846153846154,0.5384615384615384
CA-SC-10-B-151-DB-1TO,0.5405405405405406,1.0378753746965526,1.920069443188622,0.7477477477477478,0.01440856440856441,False,1.0714285714285714,2024-06-24,110,intermittent,full,1.3076923076923077,0.46153846153846156
CA-SC-10-B-151-DG-1TO,0.7657657657657657,1.362000085691118,1.7786118766084014,0.6396396396396397,0.01853281853281853,False,1.5178571428571428,2024-06-24,110,intermittent,full,1.0,0.3076923076923077
CA-SC-10-B-151-GR-1TO,0.25225225225225223,0.6072900737424402,2.4074713637646736,0.8198198198198198,0.006616356616356617,False,0.5,2024-06-24,110,intermittent,full,0.6153846153846154,0.6153846153846154
CA-SC-10-B-151-RD-1TO,0.036036036036036036,0.22968556367535065,6.37377439199098,0.972972972972973,0.0004036504036504037,False,0.07142857142857142,2024-06-24,110,intermittent,full,0.0,1.0
CA-SC-10-B-151-WR-1TO,0.22522522522522523,0.564484691813353,2.5063120316512872,0.8378378378378378,0.005010530010530011,False,0.44642857142857145,2024-06-24,110,intermittent,full,0.3076923076923077,0.6923076923076923
CA-SC-10-B-152-BK-1TO,0.6666666666666666,1.4415540496554675,2.1623310744832014,0.7747747747747747,0.026561951561951565,False,1.3214285714285714,2026-04-06,18,smooth,short,2.6923076923076925,0.07692307692307693
CA-SC-10-B-152-BR-1TO,0.09009009009009009,0.31621493287899544,3.5099857549568494,0.918918918918919,0.003975078975078976,False,0.17857142857142858,2024-06-24,110,intermittent,full,0.46153846153846156,0.6153846153846154
CA-SC-10-B-152-DB-1TO,0.17117117117117117,0.5176849693174285,3.024370083907082,0.8828828828828829,0.006844506844506845,False,0.3392857142857143,2024-06-24,110,intermittent,full,0.6923076923076923,0.46153846153846156
CA-SC-10-B-152-DG-1TO,0.42342342342342343,1.0700639835172066,2.5271723866044664,0.8198198198198198,0.017076167076167076,False,0.8392857142857143,2024-06-24,110,intermittent,full,1.7692307692307692,0.23076923076923078
CA-SC-10-B-152-GR-1TO,0.08108108108108109,0.3041791534438582,3.751542892474251,0.9279279279279279,0.0038171288171288172,False,0.16071428571428573,2024-06-24,110,intermittent,full,0.5384615384615384,0.5384615384615384
CA-SC-10-B-152-WR-1TO,0.11711711711711711,0.3484518847894363,2.975243016279033,0.8918918918918919,0.004747279747279749,False,0.23214285714285715,2024-06-24,110,intermittent,full,0.46153846153846156,0.5384615384615384
CA-SC-10-B-153-BK-1TO,0.24324324324324326,0.6182832409648105,2.5418311017442208,0.8288288288288288,0.00608985608985609,False,0.48214285714285715,2024-06-24,110,intermittent,full,0.23076923076923078,0.7692307692307693
CA-SC-10-B-153-BR-1TO,0.018018018018018018,0.13301642396606667,7.3824115301167,0.9819819819819819,0.0004563004563004564,False,0.03571428571428571,2024-06-24,110,intermittent,full,0.0,1.0
CA-SC-10-B-153-DB-1TO,0.08108108108108109,0.35855403138977304,4.422166387140534,0.9459459459459459,0.0014215514215514214,False,0.16071428571428573,2024-06-24,110,intermittent,full,0.0,1.0
CA-SC-10-B-153-DG-1TO,0.15315315315315314,0.40710355054756775,2.6581467123988247,0.8648648648648649,0.0031239031239031242,False,0.30357142857142855,2024-06-24,110,intermittent,full,0.07692307692307693,0.9230769230769231
CA-SC-10-B-153-GR-1TO,0.036036036036036036,0.18637982761781263,5.172040216394301,0.963963963963964,0.00041242541242541246,False,0.05357142857142857,2024-06-24,110,intermittent,full,0.0,1.0
CA-SC-10-B-153-RD-1TO,0.018018018018018018,0.13301642396606667,7.3824115301167,0.9819819819819819,0.00020182520182520188,False,0.03571428571428571,2024-06-24,110,intermittent,full,0.0,1.0
CA-SC-10-B-153-WR-1TO,0.02702702702702703,0.1621621621621622,6.000000000000001,0.972972972972973,0.0002895752895752895,False,0.05357142857142857,2024-06-24,110,intermittent,full,0.0,1.0
CA-SC-10-B-156-BE-1TO,0.06306306306306306,0.277676306440044,4.403152859263555,0.9459459459459459,0.0029659529659529665,False,0.125,2024-06-24,110,intermittent,full,0.38461538461538464,0.6923076923076923
CA-SC-10-B-156-BK-1TO,0.009009009009009009,0.09448728361893258,10.488088481701515,0.990990990990991,0.00046507546507546513,False,0.017857142857142856,2024-06-24,110,intermittent,full,0.07692307692307693,0.9230769230769231
CA-SC-10-B-156-BR-1TO,0.02702702702702703,0.16216216216216217,6.0,0.972972972972973,0.0011758511758511762,False,0.05357142857142857,2024-06-24,110,intermittent,full,0.15384615384615385,0.8461538461538461
CA-SC-10-B-156-DB-1TO,0.009009009009009009,0.09448728361893258,10.488088481701515,0.990990990990991,0.0004738504738504738,False,0.017857142857142856,2024-06-24,110,intermittent,full,0.07692307692307693,0.9230769230769231
CA-SC-10-B-156-DG-1TO,0.018018018018018018,0.13301642396606667,7.3824115301167,0.9819819819819819,0.0007371007371007372,False,0.03571428571428571,2024-06-24,110,intermittent,full,0.07692307692307693,0.9230769230769231
CA-SC-10-B-157-BE-1TO,0.12612612612612611,0.3824321671493896,3.0321407538273037,0.8918918918918919,0.005458055458055458,False,0.25,2024-06-24,110,intermittent,full,0.6923076923076923,0.46153846153846156
CA-SC-10-B-157-BK-1TO,0.2972972972972973,0.6520182746926929,2.193152378511785,0.7837837837837838,0.010837135837135841,False,0.5535714285714286,2024-06-24,110,intermittent,full,1.0769230769230769,0.38461538461538464
CA-SC-10-B-157-BR-1TO,0.009009009009009009,0.09448728361893258,10.488088481701515,0.990990990990991,0.00028957528957528967,False,0.017857142857142856,2024-06-24,110,intermittent,full,0.0,1.0
CA-SC-10-B-157-DB-1TO,0.10810810810810811,0.3382879883877223,3.129163892586431,0.9009009009009009,0.0039926289926289936,False,0.21428571428571427,2024-06-24,110,intermittent,full,0.5384615384615384,0.5384615384615384
CA-SC-10-B-157-DG-1TO,0.40540540540540543,0.9432393711683864,2.326657115548686,0.7747747747747747,0.015917865917865922,False,0.7857142857142857,2024-06-24,110,intermittent,full,1.6923076923076923,0.23076923076923078
CA-SC-10-B-157-GR-1TO,0.07207207207207207,0.2913686779963285,4.042740407199058,0.9369369369369369,0.0026763776763776767,False,0.14285714285714285,2024-06-24,110,intermittent,full,0.15384615384615385,0.8461538461538461
CA-SC-10-B-157-WR-1TO,0.04504504504504504,0.2074029627607448,4.604345773288535,0.954954954954955,0.0014391014391014394,False,0.08928571428571429,2024-06-24,110,intermittent,full,0.07692307692307693,0.9230769230769231
CA-SC-10-B-158-BE-1TO,0.04504504504504504,0.24705061623066824,5.4845236803208355,0.963963963963964,0.0019392769392769394,False,0.08928571428571429,2024-06-24,110,intermittent,full,0.15384615384615385,0.8461538461538461
CA-SC-10-B-158-DB-1TO,0.036036036036036036,0.18637982761781263,5.172040216394301,0.963963963963964,0.0012723762723762726,False,0.07142857142857142,2024-06-24,110,intermittent,full,0.07692307692307693,0.9230769230769231
CA-SC-10-B-159-BE-1TO,0.04504504504504504,0.2074029627607448,4.604345773288535,0.954954954954955,0.0014391014391014394,False,0.08928571428571429,2024-06-24,110,intermittent,full,0.15384615384615385,0.8461538461538461
CA-SC-10-B-159-BK-1TO,3.5416666666666665,2.2449789655040324,0.6338764137893739,0.041666666666666664,0.04591836734693874,True,3.0892857142857144,2025-09-08,47,smooth,short,3.923076923076923,0.0
CA-SC-10-B-159-BR-1TO,0.26126126126126126,0.5959580327402245,2.2810807460056868,0.8108108108108109,0.009187434187434187,False,0.5178571428571429,2024-06-24,110,intermittent,full,0.8461538461538461,0.5384615384615384
CA-SC-10-B-159-DB-1TO,0.2702702702702703,0.5842674006158907,2.1617893822787955,0.7927927927927928,0.007923832923832924,False,0.5357142857142857,2024-06-24,110,intermittent,full,0.38461538461538464,0.6153846153846154
CA-SC-10-B-159-DG-1TO,0.2972972972972973,0.6237722296617572,2.0981429543168195,0.7837837837837838,0.009705159705159706,False,0.5892857142857143,2024-06-24,110,intermittent,full,0.8461538461538461,0.38461538461538464
CA-SC-10-B-159-GR-1TO,0.06306306306306306,0.27767630644004393,4.403152859263554,0.9459459459459459,0.0010705510705510707,False,0.125,2024-06-24,110,intermittent,full,0.0,1.0
CA-SC-10-B-159-PK-1TO,0.036036036036036036,0.18637982761781263,5.172040216394301,0.963963963963964,0.0004914004914004915,False,0.07142857142857142,2024-06-24,110,intermittent,full,0.0,1.0
CA-SC-10-B-159-RD-1TO,0.009009009009009009,0.09448728361893259,10.488088481701517,0.990990990990991,0.00014040014040014043,False,0.017857142857142856,2024-06-24,110,intermittent,full,0.0,1.0
CA-SC-10-B-159-WR-1TO,0.27927927927927926,0.6320447465510046,2.263127963456823,0.8108108108108109,0.008687258687258689,False,0.5535714285714286,2024-06-24,110,intermittent,full,0.5384615384615384,0.5384615384615384
CA-SC-10-B-16-BE-1TO,3.22,1.8685823503394223,0.5803050777451622,0.1,0.01666266506602642,True,2.9107142857142856,2025-08-25,49,smooth,short,3.1538461538461537,0.07692307692307693
CA-SC-10-B-16-BK-1TO,7.076923076923077,3.5886903216705774,0.5070975454534512,0.0,0.06428754375480232,True,6.678571428571429,2025-08-11,51,smooth,medium,7.6923076923076925,0.0
CA-SC-10-B-16-BR-1TO,0.5045045045045045,0.878921061280074,1.7421471036087182,0.7027027027027027,0.014680589680589681,False,1.0,2024-06-24,110,intermittent,full,1.0,0.46153846153846156
CA-SC-10-B-16-DB-1TO,0.7657657657657657,1.2801671833031794,1.6717477334900344,0.6126126126126126,0.024438399438399445,False,1.5,2024-06-24,110,intermittent,full,1.7692307692307692,0.23076923076923078
CA-SC-10-B-16-DG-1TO,2.63265306122449,1.4097890644220852,0.53550127253242,0.08163265306122448,0.0007142857142857283,True,2.3214285714285716,2025-07-07,57,smooth,medium,2.4615384615384617,0.07692307692307693
CA-SC-10-B-16-GR-1TO,0.7117117117117117,1.0602344410756595,1.4896964931569394,0.6216216216216216,0.020656370656370656,False,1.375,2024-06-24,110,intermittent,full,1.5384615384615385,0.23076923076923078
CA-SC-10-B-16-PK-1TO,0.009009009009009009,0.09448728361893258,10.488088481701515,0.990990990990991,0.0004387504387504389,False,0.017857142857142856,2024-06-24,110,intermittent,full,0.07692307692307693,0.9230769230769231
CA-SC-10-B-16-WH-1TO,0.0990990990990991,0.4235192531006543,4.273694281288421,0.9369369369369369,0.001833976833976834,False,0.19642857142857142,2024-06-24,110,intermittent,full,0.0,1.0
CA-SC-10-B-16-WR-1TO,0.5945945945945946,1.0256035654600149,1.7248787237282066,0.6576576576576577,0.01783959283959284,False,1.1607142857142858,2024-06-24,110,intermittent,full,0.9230769230769231,0.5384615384615384
CA-SC-10-B-162-BE-1TO,0.24324324324324326,0.5405405405405405,2.222222222222222,0.8018018018018018,0.007230607230607231,False,0.42857142857142855,2024-06-24,110,intermittent,full,0.6153846153846154,0.5384615384615384
CA-SC-10-B-162-BK-1TO,3.5833333333333335,3.060727945367826,0.8541566359166026,0.14583333333333334,-0.08011289622231874,True,3.125,2025-09-08,47,smooth,short,2.769230769230769,0.0
CA-SC-10-B-162-BR-1TO,0.17117117117117117,0.49997970902744526,2.9209340895813907,0.8738738738738738,0.004141804141804141,False,0.3392857142857143,2024-06-24,110,intermittent,full,0.23076923076923078,0.8461538461538461
CA-SC-10-B-162-DB-1TO,0.4864864864864865,0.9942615972123527,2.0437599498253918,0.7207207207207207,0.012469287469287467,False,0.9642857142857143,2024-06-24,110,intermittent,full,0.7692307692307693,0.3076923076923077
CA-SC-10-B-162-DG-1TO,0.8558558558558559,1.6540795695690425,1.9326613918122495,0.7117117117117117,0.018673218673218677,False,1.6964285714285714,2024-06-24,110,intermittent,full,0.7692307692307693,0.46153846153846156
CA-SC-10-B-162-GR-1TO,0.1981981981981982,0.4415333605348773,2.2277365008805172,0.8198198198198198,0.0010793260793260785,False,0.25,2024-06-24,110,intermittent,full,0.07692307692307693,0.9230769230769231
CA-SC-10-B-162-WR-1TO,0.08108108108108109,0.2729595929287048,3.3665016461206925,0.918918918918919,0.0032906282906282913,False,0.16071428571428573,2024-06-24,110,intermittent,full,0.46153846153846156,0.5384615384615384
CA-SC-10-B-164-BK-1TO,0.018018018018018018,0.13301642396606667,7.3824115301167,0.9819819819819819,-8.775008775008772e-06,False,0.017857142857142856,2024-06-24,110,intermittent,full,0.0,1.0
CA-SC-10-B-165-BK-1TO,0.07207207207207207,0.2913686779963285,4.042740407199058,0.9369369369369369,0.00300982800982801,False,0.14285714285714285,2024-06-24,110,intermittent,full,0.3076923076923077,0.7692307692307693
CA-SC-10-B-165-BR-1TO,0.02702702702702703,0.16216216216216223,6.000000000000002,0.972972972972973,0.001167076167076167,False,0.05357142857142857,2024-06-24,110,intermittent,full,0.15384615384615385,0.8461538461538461
CA-SC-10-B-165-DB-1TO,0.04504504504504504,0.2074029627607448,4.604345773288535,0.954954954954955,0.0017813267813267817,False,0.08928571428571429,2024-06-24,110,intermittent,full,0.23076923076923078,0.7692307692307693
CA-SC-10-B-165-DG-1TO,0.06306306306306306,0.277676306440044,4.403152859263555,0.9459459459459459,0.002860652860652861,False,0.125,2024-06-24,110,intermittent,full,0.46153846153846156,0.6153846153846154
CA-SC-10-B-165-GR-1TO,0.11711711711711711,0.373412284253382,3.1883664270865695,0.9009009009009009,0.005396630396630398,False,0.23214285714285715,2024-06-24,110,intermittent,full,0.8461538461538461,0.3076923076923077
CA-SC-10-B-165-WR-1TO,0.018018018018018018,0.13301642396606667,7.3824115301167,0.9819819819819819,0.0009126009126009125,False,0.03571428571428571,2024-06-24,110,intermittent,full,0.15384615384615385,0.8461538461538461
CA-SC-10-B-166-BK-1TO,0.06306306306306306,0.33636314779449494,5.333758486455563,0.954954954954955,0.0030800280800280804,False,0.125,2024-06-24,110,intermittent,full,0.46153846153846156,0.6923076923076923
CA-SC-10-B-166-DB-1TO,0.036036036036036036,0.22968556367535065,6.37377439199098,0.972972972972973,0.0015882765882765883,False,0.07142857142857142,2024-06-24,110,intermittent,full,0.15384615384615385,0.8461538461538461
CA-SC-10-B-166-DG-1TO,0.08108108108108109,0.3828563848806446,4.72189541352795,0.954954954954955,0.0038785538785538792,False,0.16071428571428573,2024-06-24,110,intermittent,full,0.6923076923076923,0.6153846153846154
CA-SC-10-B-166-GR-1TO,0.036036036036036036,0.22968556367535067,6.373774391990981,0.972972972972973,0.00179010179010179,False,0.07142857142857142,2024-06-24,110,intermittent,full,0.3076923076923077,0.7692307692307693
CA-SC-10-B-167-BK-1TO,0.009009009009009009,0.09448728361893258,10.488088481701515,0.990990990990991,0.00037732537732537735,False,0.017857142857142856,2024-06-24,110,intermittent,full,0.07692307692307693,0.9230769230769231
CA-SC-10-B-167-WR-1TO,0.018018018018018018,0.13301642396606667,7.3824115301167,0.9819819819819819,0.0008424008424008424,False,0.03571428571428571,2024-06-24,110,intermittent,full,0.07692307692307693,0.9230769230769231
CA-SC-10-B-168-BK-1TO,0.5585585585585585,3.9902689847797506,7.143868666299231,0.963963963963964,0.01616356616356617,False,1.1071428571428572,2024-06-24,110,intermittent,full,2.3846153846153846,0.8461538461538461
CA-SC-10-B-168-BR-1TO,0.04504504504504504,0.24705061623066824,5.4845236803208355,0.963963963963964,0.0014303264303264305,False,0.08928571428571429,2024-06-24,110,intermittent,full,0.07692307692307693,0.9230769230769231
CA-SC-10-B-168-DG-1TO,0.009009009009009009,0.09448728361893258,10.488088481701515,0.990990990990991,0.00021937521937521947,False,0.017857142857142856,2024-06-24,110,intermittent,full,0.0,1.0
CA-SC-10-B-168-GR-1TO,0.04504504504504504,0.2074029627607448,4.604345773288535,0.954954954954955,0.0010003510003510005,False,0.08928571428571429,2024-06-24,110,intermittent,full,0.0,1.0
CA-SC-10-B-168-WH-1TO,0.009009009009009009,0.09448728361893259,10.488088481701517,0.990990990990991,8.775008775008773e-05,False,0.017857142857142856,2024-06-24,110,intermittent,full,0.0,1.0
CA-SC-10-B-169-BE-1TO,0.009009009009009009,0.09448728361893258,10.488088481701515,0.990990990990991,0.0002457002457002457,False,0.017857142857142856,2024-06-24,110,intermittent,full,0.0,1.0
CA-SC-10-B-169-BK-1TO,0.09009009009009009,0.3162149328789953,3.509985754956848,0.918918918918919,0.002588627588627589,False,0.17857142857142858,2024-06-24,110,intermittent,full,0.07692307692307693,0.9230769230769231
CA-SC-10-B-169-WR-1TO,0.018018018018018018,0.13301642396606667,7.3824115301167,0.9819819819819819,0.0002895752895752895,False,0.03571428571428571,2024-06-24,110,intermittent,full,0.0,1.0
CA-SC-10-B-17-BE-1TO,0.018018018018018018,0.13301642396606667,7.3824115301167,0.9819819819819819,0.0005967005967005968,False,0.03571428571428571,2024-06-24,110,intermittent,full,0.0,1.0
CA-SC-10-B-17-BK-1TO,0.3153153153153153,0.6293423133900173,1.995914193894055,0.7747747747747747,0.010372060372060373,False,0.625,2024-06-24,110,intermittent,full,0.8461538461538461,0.46153846153846156
CA-SC-10-B-17-BR-1TO,0.009009009009009009,0.09448728361893258,10.488088481701515,0.990990990990991,0.0004738504738504738,False,0.017857142857142856,2024-06-24,110,intermittent,full,0.07692307692307693,0.9230769230769231
CA-SC-10-B-17-DB-1TO,0.009009009009009009,0.09448728361893258,10.488088481701515,0.990990990990991,0.00048262548262548264,False,0.017857142857142856,2024-06-24,110,intermittent,full,0.07692307692307693,0.9230769230769231
CA-SC-10-B-17-DG-1TO,0.08108108108108109,0.3324800376080349,4.100587130499097,0.9369369369369369,0.002474552474552475,False,0.16071428571428573,2024-06-24,110,intermittent,full,0.3076923076923077,0.7692307692307693
CA-SC-10-B-17-GR-1TO,0.036036036036036036,0.22968556367535065,6.37377439199098,0.972972972972973,0.001053001053001053,False,0.07142857142857142,2024-06-24,110,intermittent,full,0.07692307692307693,0.9230769230769231
CA-SC-10-B-170-BK-1TO,0.14414414414414414,0.4420844737436144,3.066961036596325,0.8918918918918919,0.004396279396279397,False,0.2857142857142857,2024-06-24,110,intermittent,full,0.38461538461538464,0.6923076923076923
CA-SC-10-B-170-BR-1TO,0.018018018018018018,0.13301642396606667,7.3824115301167,0.9819819819819819,0.0006932256932256933,False,0.03571428571428571,2024-06-24,110,intermittent,full,0.07692307692307693,0.9230769230769231
CA-SC-10-B-170-DG-1TO,0.036036036036036036,0.18637982761781263,5.172040216394301,0.963963963963964,0.0014391014391014392,False,0.07142857142857142,2024-06-24,110,intermittent,full,0.15384615384615385,0.8461538461538461
CA-SC-10-B-170-GR-1TO,0.036036036036036036,0.18637982761781263,5.172040216394301,0.963963963963964,0.0012987012987012987,False,0.07142857142857142,2024-06-24,110,intermittent,full,0.07692307692307693,0.9230769230769231
CA-SC-10-B-170-PK-1TO,0.009009009009009009,0.09448728361893259,10.488088481701517,0.990990990990991,0.00012285012285012285,False,0.017857142857142856,2024-06-24,110,intermittent,full,0.0,1.0
CA-SC-10-B-170-RD-1TO,0.009009009009009009,0.09448728361893259,10.488088481701517,0.990990990990991,7.020007020007022e-05,False,0.017857142857142856,2024-06-24,110,intermittent,full,0.0,1.0
CA-SC-10-B-170-WR-1TO,0.07207207207207207,0.2913686779963285,4.042740407199058,0.9369369369369369,0.0022200772200772208,False,0.14285714285714285,2024-06-24,110,intermittent,full,0.15384615384615385,0.8461538461538461
CA-SC-10-B-171-BE-1TO,0.04504504504504504,0.24705061623066824,5.4845236803208355,0.963963963963964,0.0014040014040014042,False,0.08928571428571429,2024-06-24,110,intermittent,full,0.07692307692307693,0.9230769230769231
CA-SC-10-B-171-BK-1TO,0.04504504504504504,0.24705061623066824,5.4845236803208355,0.963963963963964,0.0015531765531765533,False,0.08928571428571429,2024-06-24,110,intermittent,full,0.15384615384615385,0.8461538461538461
CA-SC-10-B-171-BR-1TO,0.009009009009009009,0.09448728361893258,10.488088481701515,0.990990990990991,0.00028080028080028086,False,0.017857142857142856,2024-06-24,110,intermittent,full,0.0,1.0
CA-SC-10-B-171-DB-1TO,0.018018018018018018,0.13301642396606667,7.3824115301167,0.9819819819819819,0.000544050544050544,False,0.03571428571428571,2024-06-24,110,intermittent,full,0.0,1.0
CA-SC-10-B-171-DG-1TO,0.018018018018018018,0.13301642396606667,7.3824115301167,0.9819819819819819,0.0006669006669006671,False,0.03571428571428571,2024-06-24,110,intermittent,full,0.07692307692307693,0.9230769230769231
CA-SC-10-B-172-DB-1TO,0.036036036036036036,0.22968556367535067,6.373774391990981,0.972972972972973,0.0018164268164268167,False,0.07142857142857142,2024-06-24,110,intermittent,full,0.3076923076923077,0.7692307692307693
CA-SC-10-B-175-BR-1TO,0.018018018018018018,0.13301642396606667,7.3824115301167,0.9819819819819819,0.0008336258336258336,False,0.03571428571428571,2024-06-24,110,intermittent,full,0.07692307692307693,0.9230769230769231
CA-SC-10-B-175-DG-1TO,0.04504504504504504,0.24705061623066824,5.4845236803208355,0.963963963963964,0.0018427518427518432,False,0.08928571428571429,2024-06-24,110,intermittent,full,0.3076923076923077,0.7692307692307693
CA-SC-10-B-175-WR-1TO,0.009009009009009009,0.09448728361893258,10.488088481701515,0.990990990990991,0.00048262548262548264,False,0.017857142857142856,2024-06-24,110,intermittent,full,0.07692307692307693,0.9230769230769231
CA-SC-10-B-176-BE-1TO,0.02702702702702703,0.21051029631617882,7.788880963698616,0.9819819819819819,0.0006844506844506844,False,0.05357142857142857,2024-06-24,110,intermittent,full,0.0,1.0
CA-SC-10-B-176-BK-1TO,10.854166666666666,5.4159855340977,0.4989775540051624,0.020833333333333332,0.1721124620060789,True,9.446428571428571,2025-09-08,47,smooth,short,12.076923076923077,0.0
CA-SC-10-B-176-BR-1TO,0.34234234234234234,0.690938720317622,2.0182683672435804,0.7657657657657657,0.010635310635310636,False,0.6785714285714286,2024-06-24,110,intermittent,full,0.8461538461538461,0.46153846153846156
CA-SC-10-B-176-DB-1TO,0.9819819819819819,1.4885871043519485,1.515900629202443,0.6036036036036037,0.03184450684450685,False,1.9464285714285714,2025-07-28,54,smooth,medium,2.1538461538461537,0.07692307692307693
CA-SC-10-B-176-DG-1TO,3.7142857142857144,2.3299294900428698,0.6272887088576957,0.04081632653061224,0.052755102040816355,True,3.2857142857142856,2025-09-01,48,smooth,short,4.153846153846154,0.0
CA-SC-10-B-176-GR-1TO,0.16216216216216217,0.4357977161242459,2.6874192494328497,0.8648648648648649,0.005124605124605125,False,0.32142857142857145,2024-06-24,110,intermittent,full,0.46153846153846156,0.6153846153846154
CA-SC-10-B-176-PK-1TO,0.009009009009009009,0.09448728361893258,10.488088481701515,0.990990990990991,0.00017550017550017544,False,0.017857142857142856,2024-06-24,110,intermittent,full,0.0,1.0
CA-SC-10-B-176-RD-1TO,0.009009009009009009,0.09448728361893259,10.488088481701517,0.990990990990991,7.020007020007022e-05,False,0.017857142857142856,2024-06-24,110,intermittent,full,0.0,1.0
CA-SC-10-B-176-WH-1TO,0.018018018018018018,0.13301642396606667,7.3824115301167,0.9819819819819819,0.00018427518427518427,False,0.03571428571428571,2024-06-24,110,intermittent,full,0.0,1.0
CA-SC-10-B-176-WR-1TO,0.6396396396396397,1.1530827681222238,1.8027068628389695,0.6756756756756757,0.020945945945945947,False,1.2678571428571428,2024-06-24,110,intermittent,full,1.6923076923076923,0.23076923076923078
CA-SC-10-B-177-BE-1TO,0.8738738738738738,1.2237670177864453,1.4003931853020148,0.5855855855855856,0.026105651105651106,False,1.7321428571428572,2024-06-24,110,intermittent,full,1.6923076923076923,0.15384615384615385
CA-SC-10-B-177-BK-1TO,11.25,4.719198378255923,0.41948430028941536,0.0,-0.04287885366912741,True,9.767857142857142,2025-09-08,47,smooth,short,8.846153846153847,0.0
CA-SC-10-B-177-BR-1TO,0.2702702702702703,0.5994884598059146,2.2181073012818837,0.7927927927927928,0.007932607932607935,False,0.5357142857142857,2024-06-24,110,intermittent,full,0.5384615384615384,0.6153846153846154
CA-SC-10-B-177-DB-1TO,0.5045045045045045,0.8476132242406542,1.6800904980484397,0.6846846846846847,0.014355914355914358,False,1.0,2024-06-24,110,intermittent,full,0.8461538461538461,0.46153846153846156
CA-SC-10-B-177-DG-1TO,5.354166666666667,2.2775131113173033,0.42537209861179204,0.0,0.0005970473295700138,True,4.660714285714286,2025-09-08,47,smooth,short,4.384615384615385,0.0
CA-SC-10-B-177-GR-1TO,0.9099099099099099,1.4491348742527963,1.5926135746738652,0.5765765765765766,0.026974376974376976,False,1.8035714285714286,2026-04-13,17,smooth,short,2.0,0.07692307692307693
CA-SC-10-B-177-PK-1TO,0.05405405405405406,0.26296431566353917,4.864839839775475,0.954954954954955,0.0008160758160758161,False,0.10714285714285714,2024-06-24,110,intermittent,full,0.0,1.0
CA-SC-10-B-177-RD-1TO,0.009009009009009009,0.09448728361893259,10.488088481701517,0.990990990990991,6.142506142506145e-05,False,0.017857142857142856,2024-06-24,110,intermittent,full,0.0,1.0
CA-SC-10-B-177-WH-1TO,0.11711711711711711,0.3968056855053195,3.388110083930036,0.9009009009009009,0.0023517023517023515,False,0.23214285714285715,2024-06-24,110,intermittent,full,0.0,1.0
CA-SC-10-B-177-WR-1TO,0.46846846846846846,0.8783668282908904,1.8749753450055546,0.7207207207207207,0.014891189891189895,False,0.9285714285714286,2024-06-24,110,intermittent,full,1.2307692307692308,0.38461538461538464
CA-SC-10-B-179-BK-1TO,0.036036036036036036,0.22968556367535067,6.373774391990981,0.972972972972973,0.0015882765882765883,False,0.07142857142857142,2024-06-24,110,intermittent,full,0.15384615384615385,0.9230769230769231
CA-SC-10-B-179-DB-1TO,0.07207207207207207,0.3477524155967348,4.8250647664046955,0.9459459459459459,0.0031063531063531074,False,0.14285714285714285,2024-06-24,110,intermittent,full,0.3076923076923077,0.6923076923076923
CA-SC-10-B-179-DG-1TO,0.036036036036036036,0.22968556367535067,6.373774391990981,0.972972972972973,0.001833976833976834,False,0.07142857142857142,2024-06-24,110,intermittent,full,0.3076923076923077,0.7692307692307693
CA-SC-10-B-179-GR-1TO,0.009009009009009009,0.09448728361893258,10.488088481701515,0.990990990990991,0.00048262548262548264,False,0.017857142857142856,2024-06-24,110,intermittent,full,0.07692307692307693,0.9230769230769231
CA-SC-10-B-179-WR-1TO,0.018018018018018018,0.13301642396606667,7.3824115301167,0.9819819819819819,0.0008073008073008074,False,0.03571428571428571,2024-06-24,110,intermittent,full,0.07692307692307693,0.9230769230769231
CA-SC-10-B-180-BK-1TO,0.009009009009009009,0.09448728361893258,10.488088481701515,0.990990990990991,0.0004738504738504738,False,0.017857142857142856,2024-06-24,110,intermittent,full,0.07692307692307693,0.9230769230769231
CA-SC-10-B-180-BR-1TO,0.009009009009009009,0.09448728361893258,10.488088481701515,0.990990990990991,0.00028957528957528967,False,0.017857142857142856,2024-06-24,110,intermittent,full,0.0,1.0
CA-SC-10-B-180-DG-1TO,0.02702702702702703,0.2105102963161788,7.788880963698615,0.9819819819819819,0.0012372762372762373,False,0.05357142857142857,2024-06-24,110,intermittent,full,0.15384615384615385,0.9230769230769231
CA-SC-10-B-181-BK-1TO,0.018018018018018018,0.13301642396606667,7.3824115301167,0.9819819819819819,0.0003246753246753247,False,0.017857142857142856,2024-06-24,110,intermittent,full,0.0,1.0
CA-SC-10-B-181-WR-1TO,0.018018018018018018,0.13301642396606667,7.3824115301167,0.9819819819819819,0.0006493506493506494,False,0.03571428571428571,2024-06-24,110,intermittent,full,0.0,1.0
CA-SC-10-B-183-BE-1TO,0.009009009009009009,0.09448728361893258,10.488088481701515,0.990990990990991,0.0004475254475254477,False,0.017857142857142856,2024-06-24,110,intermittent,full,0.07692307692307693,0.9230769230769231
CA-SC-10-B-183-BK-1TO,0.7477477477477478,1.521429321267355,2.0346825862732096,0.7207207207207207,0.029659529659529664,False,1.4821428571428572,2025-11-17,38,smooth,short,3.076923076923077,0.07692307692307693
CA-SC-10-B-183-BR-1TO,0.036036036036036036,0.18637982761781263,5.172040216394301,0.963963963963964,0.0015005265005265005,False,0.07142857142857142,2024-06-24,110,intermittent,full,0.15384615384615385,0.8461538461538461
CA-SC-10-B-183-DB-1TO,0.18018018018018017,0.46881484076604285,2.601922366251538,0.8558558558558559,0.007353457353457354,False,0.35714285714285715,2024-06-24,110,intermittent,full,0.9230769230769231,0.3076923076923077
CA-SC-10-B-183-DG-1TO,0.3153153153153153,0.7591125921780503,2.4074713637646736,0.8198198198198198,0.011714636714636718,False,0.625,2024-06-24,110,intermittent,full,1.1538461538461537,0.3076923076923077
CA-SC-10-B-183-GR-1TO,0.06306306306306306,0.277676306440044,4.403152859263555,0.9459459459459459,0.002588627588627589,False,0.125,2024-06-24,110,intermittent,full,0.23076923076923078,0.8461538461538461
CA-SC-10-B-183-WR-1TO,0.05405405405405406,0.22612433149569605,4.183300132670377,0.9459459459459459,0.0017286767286767287,False,0.10714285714285714,2024-06-24,110,intermittent,full,0.07692307692307693,0.9230769230769231
CA-SC-10-B-184-BE-1TO,0.009009009009009009,0.09448728361893259,10.488088481701517,0.990990990990991,7.020007020007022e-05,False,0.017857142857142856,2024-06-24,110,intermittent,full,0.0,1.0
CA-SC-10-B-184-BK-1TO,0.3153153153153153,0.7100562340626319,2.251892628027204,0.8108108108108109,0.006932256932256934,False,0.625,2024-06-24,110,intermittent,full,0.15384615384615385,0.9230769230769231
CA-SC-10-B-184-BR-1TO,0.018018018018018018,0.13301642396606667,7.3824115301167,0.9819819819819819,0.000272025272025272,False,0.03571428571428571,2024-06-24,110,intermittent,full,0.0,1.0
CA-SC-10-B-184-DB-1TO,0.036036036036036036,0.18637982761781266,5.172040216394302,0.963963963963964,0.0007546507546507547,False,0.07142857142857142,2024-06-24,110,intermittent,full,0.0,1.0
CA-SC-10-B-184-DG-1TO,0.09009009009009009,0.3162149328789953,3.509985754956848,0.918918918918919,0.0022113022113022115,False,0.17857142857142858,2024-06-24,110,intermittent,full,0.07692307692307693,0.9230769230769231
CA-SC-10-B-184-GR-1TO,0.42342342342342343,1.111362685585045,2.6247076191476593,0.8018018018018018,0.010512460512460511,False,0.8214285714285714,2024-06-24,110,intermittent,full,0.15384615384615385,0.8461538461538461
CA-SC-10-B-184-PK-1TO,0.036036036036036036,0.18637982761781263,5.172040216394301,0.963963963963964,0.0006932256932256932,False,0.07142857142857142,2024-06-24,110,intermittent,full,0.0,1.0
CA-SC-10-B-184-WH-1TO,0.009009009009009009,0.09448728361893258,10.488088481701515,0.990990990990991,0.0001930501930501931,False,0.017857142857142856,2024-06-24,110,intermittent,full,0.0,1.0
CA-SC-10-B-184-WR-1TO,0.036036036036036036,0.22968556367535065,6.37377439199098,0.972972972972973,0.0008336258336258336,False,0.07142857142857142,2024-06-24,110,intermittent,full,0.0,1.0
CA-SC-10-B-185-BK-1TO,0.07207207207207207,0.2913686779963285,4.042740407199058,0.9369369369369369,0.0031765531765531774,False,0.14285714285714285,2024-06-24,110,intermittent,full,0.38461538461538464,0.6923076923076923
CA-SC-10-B-185-DG-1TO,0.04504504504504504,0.2074029627607448,4.604345773288535,0.954954954954955,0.002158652158652159,False,0.08928571428571429,2024-06-24,110,intermittent,full,0.38461538461538464,0.6153846153846154
CA-SC-10-B-185-GR-1TO,0.09009009009009009,0.36881963045871563,4.093897898091743,0.9279279279279279,0.003720603720603721,False,0.17857142857142858,2024-06-24,110,intermittent,full,0.3076923076923077,0.6923076923076923
CA-SC-10-B-186-BK-1TO,0.018018018018018018,0.13301642396606667,7.3824115301167,0.9819819819819819,0.0008511758511758514,False,0.03571428571428571,2024-06-24,110,intermittent,full,0.15384615384615385,0.8461538461538461
CA-SC-10-B-186-BR-1TO,0.009009009009009009,0.09448728361893258,10.488088481701515,0.990990990990991,0.0004475254475254477,False,0.017857142857142856,2024-06-24,110,intermittent,full,0.07692307692307693,0.9230769230769231
CA-SC-10-B-186-DG-1TO,0.02702702702702703,0.16216216216216217,6.0,0.972972972972973,0.0011144261144261146,False,0.05357142857142857,2024-06-24,110,intermittent,full,0.07692307692307693,0.9230769230769231
CA-SC-10-B-186-GR-1TO,0.06306306306306306,0.27767630644004393,4.403152859263554,0.9459459459459459,0.0025623025623025624,False,0.125,2024-06-24,110,intermittent,full,0.23076923076923078,0.7692307692307693
CA-SC-10-B-186-WR-1TO,0.018018018018018018,0.13301642396606667,7.3824115301167,0.9819819819819819,0.0005879255879255879,False,0.03571428571428571,2024-06-24,110,intermittent,full,0.0,1.0
CA-SC-10-B-187-BE-1TO,0.018018018018018018,0.13301642396606667,7.3824115301167,0.9819819819819819,0.0006230256230256232,False,0.03571428571428571,2024-06-24,110,intermittent,full,0.0,1.0
CA-SC-10-B-187-BK-1TO,0.08108108108108109,0.3041791534438583,3.7515428924742524,0.9279279279279279,0.003457353457353458,False,0.16071428571428573,2024-06-24,110,intermittent,full,0.38461538461538464,0.6153846153846154
CA-SC-10-B-187-BR-1TO,0.009009009009009009,0.09448728361893258,10.488088481701515,0.990990990990991,0.00048262548262548264,False,0.017857142857142856,2024-06-24,110,intermittent,full,0.07692307692307693,0.9230769230769231
CA-SC-10-B-187-DB-1TO,0.018018018018018018,0.13301642396606667,7.3824115301167,0.9819819819819819,0.0007458757458757459,False,0.03571428571428571,2024-06-24,110,intermittent,full,0.07692307692307693,0.9230769230769231
CA-SC-10-B-187-DG-1TO,0.09009009009009009,0.36881963045871563,4.093897898091743,0.9369369369369369,0.0035012285012285013,False,0.17857142857142858,2024-06-24,110,intermittent,full,0.3076923076923077,0.8461538461538461
CA-SC-10-B-187-GR-1TO,0.07207207207207207,0.2913686779963285,4.042740407199058,0.9369369369369369,0.0031239031239031242,False,0.14285714285714285,2024-06-24,110,intermittent,full,0.3076923076923077,0.7692307692307693
CA-SC-10-B-188-BE-1TO,0.13513513513513514,0.3672759839754867,2.7178422814186014,0.8738738738738738,0.004054054054054054,False,0.26785714285714285,2024-06-24,110,intermittent,full,0.3076923076923077,0.6923076923076923
CA-SC-10-B-188-BK-1TO,2.9591836734693877,2.019892739862632,0.6825844431259929,0.061224489795918366,-0.009489795918367343,True,2.5892857142857144,2025-07-07,57,smooth,medium,2.5384615384615383,0.0
CA-SC-10-B-188-BR-1TO,0.0990990990990991,0.35399788656555853,3.572160491707,0.918918918918919,0.002176202176202176,False,0.19642857142857142,2024-06-24,110,intermittent,full,0.0,1.0
CA-SC-10-B-188-DB-1TO,0.17117117117117117,0.46254045596372734,2.702210032209144,0.8558558558558559,0.0046507546507546516,False,0.3392857142857143,2024-06-24,110,intermittent,full,0.07692307692307693,0.9230769230769231
CA-SC-10-B-188-DG-1TO,0.5495495495495496,1.063215747166265,1.9347040645156626,0.6846846846846847,0.016453141453141452,False,1.0892857142857142,2024-06-24,110,intermittent,full,1.0769230769230769,0.23076923076923078
CA-SC-10-B-188-GR-1TO,0.09009009009009009,0.34352569306193903,3.8131351929875232,0.9279279279279279,0.0023868023868023874,False,0.17857142857142858,2024-06-24,110,intermittent,full,0.07692307692307693,0.9230769230769231
CA-SC-10-B-188-PK-1TO,0.009009009009009009,0.09448728361893258,10.488088481701515,0.990990990990991,0.0001842751842751843,False,0.017857142857142856,2024-06-24,110,intermittent,full,0.0,1.0
CA-SC-10-B-188-WH-1TO,0.009009009009009009,0.09448728361893258,10.488088481701515,0.990990990990991,0.00015795015795015793,False,0.017857142857142856,2024-06-24,110,intermittent,full,0.0,1.0
CA-SC-10-B-188-WR-1TO,0.02702702702702703,0.16216216216216223,6.000000000000002,0.972972972972973,0.0009213759213759216,False,0.05357142857142857,2024-06-24,110,intermittent,full,0.0,1.0
CA-SC-10-B-189-BE-1TO,0.009009009009009009,0.09448728361893258,10.488088481701515,0.990990990990991,0.00040365040365040387,False,0.017857142857142856,2024-06-24,110,intermittent,full,0.07692307692307693,0.9230769230769231
CA-SC-10-B-189-BK-1TO,0.22522522522522523,0.7674068266323191,3.4072863102474966,0.8738738738738738,0.010319410319410319,False,0.44642857142857145,2024-06-24,110,intermittent,full,1.3846153846153846,0.3076923076923077
CA-SC-10-B-189-BR-1TO,0.018018018018018018,0.18897456723786515,10.488088481701515,0.990990990990991,0.0006493506493506494,False,0.03571428571428571,2024-06-24,110,intermittent,full,0.0,1.0
CA-SC-10-B-189-DB-1TO,0.018018018018018018,0.13301642396606667,7.3824115301167,0.9819819819819819,0.0009564759564759566,False,0.03571428571428571,2024-06-24,110,intermittent,full,0.15384615384615385,0.8461538461538461
CA-SC-10-B-189-DG-1TO,0.06306306306306306,0.2430763524906674,3.854496446637726,0.9369369369369369,0.0027378027378027387,False,0.125,2024-06-24,110,intermittent,full,0.3076923076923077,0.6923076923076923
CA-SC-10-B-189-GR-1TO,0.018018018018018018,0.18897456723786515,10.488088481701515,0.990990990990991,0.0006669006669006671,False,0.03571428571428571,2024-06-24,110,intermittent,full,0.0,1.0
CA-SC-10-B-189-WR-1TO,0.02702702702702703,0.16216216216216217,6.0,0.972972972972973,0.0012987012987012987,False,0.05357142857142857,2024-06-24,110,intermittent,full,0.23076923076923078,0.7692307692307693
CA-SC-10-B-19-BE-1TO,0.02702702702702703,0.16216216216216217,6.0,0.972972972972973,0.0007809757809757813,False,0.05357142857142857,2024-06-24,110,intermittent,full,0.07692307692307693,0.9230769230769231
CA-SC-10-B-19-BK-1TO,0.2072072072072072,0.5043436036857083,2.434006087352766,0.8378378378378378,0.006107406107406108,False,0.4107142857142857,2024-06-24,110,intermittent,full,0.6153846153846154,0.5384615384615384
CA-SC-10-B-19-BR-1TO,0.009009009009009009,0.09448728361893259,10.488088481701517,0.990990990990991,0.00013162513162513154,False,0.017857142857142856,2024-06-24,110,intermittent,full,0.0,1.0
CA-SC-10-B-19-DG-1TO,0.04504504504504504,0.2074029627607448,4.604345773288535,0.954954954954955,0.0009126009126009128,False,0.08928571428571429,2024-06-24,110,intermittent,full,0.0,1.0
CA-SC-10-B-19-GR-1TO,0.16216216216216217,0.49393694277019096,3.0459444804161775,0.8738738738738738,0.005738855738855739,False,0.32142857142857145,2024-06-24,110,intermittent,full,0.5384615384615384,0.6153846153846154
CA-SC-10-B-19-WR-1TO,0.04504504504504504,0.2470506162306682,5.484523680320835,0.963963963963964,0.0010091260091260091,False,0.08928571428571429,2024-06-24,110,intermittent,full,0.07692307692307693,0.9230769230769231
CA-SC-10-B-190-BK-1TO,0.07207207207207207,0.2586072089082401,3.5881750236018317,0.9279279279279279,0.0031677781677781672,False,0.14285714285714285,2024-06-24,110,intermittent,full,0.46153846153846156,0.5384615384615384
CA-SC-10-B-190-WR-1TO,0.02702702702702703,0.16216216216216217,6.0,0.972972972972973,0.0012460512460512462,False,0.05357142857142857,2024-06-24,110,intermittent,full,0.15384615384615385,0.8461538461538461
CA-SC-10-B-191-BE-1TO,0.009009009009009009,0.09448728361893258,10.488088481701515,0.990990990990991,0.0002281502281502282,False,0.017857142857142856,2024-06-24,110,intermittent,full,0.0,1.0
CA-SC-10-B-191-BK-1TO,0.4774774774774775,1.0556313754545608,2.210850616518042,0.7477477477477478,0.015689715689715694,False,0.9464285714285714,2024-06-24,110,intermittent,full,1.5384615384615385,0.3076923076923077
CA-SC-10-B-191-BR-1TO,0.09009009009009009,0.34352569306193903,3.8131351929875232,0.9279279279279279,0.0034573534573534574,False,0.17857142857142858,2024-06-24,110,intermittent,full,0.5384615384615384,0.6153846153846154
CA-SC-10-B-191-DB-1TO,0.18018018018018017,0.5232985849173913,2.904307146291522,0.8738738738738738,0.00652860652860653,False,0.35714285714285715,2024-06-24,110,intermittent,full,0.7692307692307693,0.5384615384615384
CA-SC-10-B-191-DG-1TO,0.2072072072072072,0.5043436036857083,2.434006087352766,0.8288288288288288,0.0057300807300807305,False,0.39285714285714285,2024-06-24,110,intermittent,full,0.46153846153846156,0.5384615384615384
CA-SC-10-B-191-GR-1TO,0.10810810810810811,0.3879108133623601,3.588175023601831,0.918918918918919,0.003764478764478765,False,0.19642857142857142,2024-06-24,110,intermittent,full,0.5384615384615384,0.6923076923076923
CA-SC-10-B-191-PK-1TO,0.009009009009009009,0.09448728361893259,10.488088481701517,0.990990990990991,0.00010530010530010532,False,0.017857142857142856,2024-06-24,110,intermittent,full,0.0,1.0
CA-SC-10-B-191-WR-1TO,0.14414414414414414,0.39925260912000604,2.769814975770042,0.8738738738738738,0.005089505089505089,False,0.2857142857142857,2024-06-24,110,intermittent,full,0.6153846153846154,0.46153846153846156
CA-SC-10-B-194-BE-1TO,0.23423423423423423,0.5844062969451117,2.494965344650285,0.8198198198198198,0.004606879606879608,False,0.4642857142857143,2024-06-24,110,intermittent,full,0.15384615384615385,0.8461538461538461
CA-SC-10-B-194-BK-1TO,0.35135135135135137,0.906916850570947,2.5812248823942334,0.8198198198198198,0.00616005616005616,False,0.6964285714285714,2024-06-24,110,intermittent,full,0.23076923076923078,0.7692307692307693
CA-SC-10-B-194-BR-1TO,0.11711711711711711,0.4790895783894893,4.0906879385564086,0.918918918918919,0.0018603018603018605,False,0.23214285714285715,2024-06-24,110,intermittent,full,0.0,1.0
CA-SC-10-B-194-DB-1TO,0.13513513513513514,0.4549326548811746,3.366501646120692,0.9009009009009009,0.0033783783783783786,False,0.26785714285714285,2024-06-24,110,intermittent,full,0.15384615384615385,0.8461538461538461
CA-SC-10-B-194-DG-1TO,0.26126126126126126,0.6937521912857102,2.6553963183694425,0.8558558558558559,0.003694278694278694,False,0.5178571428571429,2024-06-24,110,intermittent,full,0.0,1.0
CA-SC-10-B-194-GR-1TO,0.06306306306306306,0.24307635249066736,3.8544964466377256,0.9369369369369369,0.0008511758511758513,False,0.125,2024-06-24,110,intermittent,full,0.0,1.0
CA-SC-10-B-194-WR-1TO,0.009009009009009009,0.09448728361893259,10.488088481701517,0.990990990990991,8.775008775008772e-06,False,0.017857142857142856,2024-06-24,110,intermittent,full,0.0,1.0
CA-SC-10-B-196-BK-1TO,0.10810810810810811,0.36394612390493974,3.3665016461206925,0.9099099099099099,0.004966654966654967,False,0.21428571428571427,2024-06-24,110,intermittent,full,0.7692307692307693,0.38461538461538464
CA-SC-10-B-196-BR-1TO,0.08108108108108109,0.35855403138977293,4.422166387140533,0.9369369369369369,0.0038610038610038615,False,0.16071428571428573,2024-06-24,110,intermittent,full,0.5384615384615384,0.6153846153846154
CA-SC-10-B-196-DB-1TO,0.16216216216216217,0.5291594650662491,3.2631500345752027,0.8918918918918919,0.007607932607932609,False,0.32142857142857145,2024-06-24,110,intermittent,full,1.0769230769230769,0.38461538461538464
CA-SC-10-B-196-DG-1TO,0.009009009009009009,0.09448728361893258,10.488088481701515,0.990990990990991,0.00046507546507546513,False,0.017857142857142856,2024-06-24,110,intermittent,full,0.07692307692307693,0.9230769230769231
CA-SC-10-B-196-WR-1TO,0.009009009009009009,0.09448728361893258,10.488088481701515,0.990990990990991,0.0004738504738504738,False,0.017857142857142856,2024-06-24,110,intermittent,full,0.07692307692307693,0.9230769230769231
CA-SC-10-B-199-BE-1TO,0.009009009009009009,0.09448728361893259,10.488088481701517,0.990990990990991,7.020007020007022e-05,False,0.017857142857142856,2024-06-24,110,intermittent,full,0.0,1.0
CA-SC-10-B-199-BK-1TO,0.25225225225225223,0.6072900737424402,2.4074713637646736,0.8198198198198198,0.007362232362232364,False,0.5,2024-06-24,110,intermittent,full,0.6153846153846154,0.6153846153846154
CA-SC-10-B-199-BR-1TO,0.009009009009009009,0.09448728361893258,10.488088481701515,0.990990990990991,0.00030712530712530717,False,0.017857142857142856,2024-06-24,110,intermittent,full,0.0,1.0
CA-SC-10-B-199-DG-1TO,0.009009009009009009,0.09448728361893258,10.488088481701515,0.990990990990991,0.00039487539487539496,False,0.017857142857142856,2024-06-24,110,intermittent,full,0.07692307692307693,0.9230769230769231
CA-SC-10-B-199-GR-1TO,0.009009009009009009,0.09448728361893258,10.488088481701515,0.990990990990991,0.0001930501930501931,False,0.017857142857142856,2024-06-24,110,intermittent,full,0.0,1.0
CA-SC-10-B-199-WR-1TO,0.11711711711711711,0.3734122842533821,3.18836642708657,0.9009009009009009,0.004352404352404352,False,0.23214285714285715,2024-06-24,110,intermittent,full,0.5384615384615384,0.6153846153846154
CA-SC-10-B-20-BE-1TO,0.963963963963964,1.576447871194381,1.6353805018932364,0.6036036036036037,0.030993330993331004,False,1.8928571428571428,2025-08-04,53,smooth,medium,2.923076923076923,0.07692307692307693
CA-SC-10-B-20-BK-1TO,0.6576576576576577,1.1663100780311537,1.773430392622713,0.6846846846846847,0.021393471393471395,False,1.3035714285714286,2024-06-24,110,intermittent,full,1.7692307692307692,0.23076923076923078
CA-SC-10-B-20-BR-1TO,0.21621621621621623,0.49146600709858934,2.2730302828309754,0.8198198198198198,0.0075903825903825915,False,0.42857142857142855,2024-06-24,110,intermittent,full,0.7692307692307693,0.38461538461538464
CA-SC-10-B-20-DB-1TO,0.1981981981981982,0.5975900523162883,3.015113445777636,0.8738738738738738,0.007020007020007022,False,0.39285714285714285,2024-06-24,110,intermittent,full,0.8461538461538461,0.5384615384615384
CA-SC-10-B-20-DG-1TO,0.4594594594594595,0.8779971452659757,1.9109349632259471,0.7117117117117117,0.015242190242190245,False,0.9107142857142857,2024-06-24,110,intermittent,full,1.4615384615384615,0.15384615384615385
CA-SC-10-B-20-GR-1TO,0.42342342342342343,0.7658187581028254,1.8086357904130557,0.7117117117117117,0.013101088101088103,False,0.8392857142857143,2024-06-24,110,intermittent,full,1.0,0.38461538461538464
CA-SC-10-B-20-RD-1TO,0.009009009009009009,0.09448728361893258,10.488088481701515,0.990990990990991,0.0004738504738504738,False,0.017857142857142856,2024-06-24,110,intermittent,full,0.07692307692307693,0.9230769230769231
CA-SC-10-B-20-WR-1TO,0.09009009009009009,0.2863107852625352,3.1780497164141406,0.9099099099099099,0.003053703053703054,False,0.17857142857142858,2024-06-24,110,intermittent,full,0.23076923076923078,0.7692307692307693
CA-SC-10-B-201-BE-1TO,0.13513513513513514,0.39103665611190447,2.8936712552280928,0.8828828828828829,0.0026237276237276244,False,0.26785714285714285,2024-06-24,110,intermittent,full,0.0,1.0
CA-SC-10-B-201-BK-1TO,2.8333333333333335,1.8745369798669986,0.6616012870118818,0.08333333333333333,-0.028224055579678737,True,2.4464285714285716,2025-09-08,47,intermittent,short,1.6923076923076923,0.07692307692307693
CA-SC-10-B-201-BR-1TO,0.07207207207207207,0.2586072089082401,3.5881750236018317,0.9279279279279279,0.001904176904176904,False,0.14285714285714285,2024-06-24,110,intermittent,full,0.0,1.0
CA-SC-10-B-201-DB-1TO,0.10810810810810811,0.3382879883877223,3.129163892586431,0.9009009009009009,0.0036153036153036156,False,0.21428571428571427,2024-06-24,110,intermittent,full,0.23076923076923078,0.7692307692307693
CA-SC-10-B-201-DG-1TO,0.6216216216216216,1.1154448395878376,1.7944112636847822,0.6666666666666666,0.019462969462969465,False,1.2142857142857142,2024-06-24,110,intermittent,full,1.0769230769230769,0.23076923076923078
CA-SC-10-B-201-GR-1TO,3.6041666666666665,2.058919450963431,0.571260888128582,0.041666666666666664,0.024153278332609576,True,3.125,2025-09-08,47,smooth,short,3.3846153846153846,0.07692307692307693
CA-SC-10-B-201-WH-1TO,0.21621621621621623,0.6493989654392828,3.0034702151566828,0.8828828828828829,0.004747279747279747,False,0.42857142857142855,2024-06-24,110,intermittent,full,0.0,1.0
CA-SC-10-B-201-WR-1TO,0.12612612612612611,0.358101025483816,2.8392295591931127,0.8828828828828829,0.004045279045279047,False,0.25,2024-06-24,110,intermittent,full,0.23076923076923078,0.7692307692307693
CA-SC-10-B-202-BE-1TO,0.04504504504504504,0.2074029627607448,4.604345773288535,0.954954954954955,0.0009389259389259389,False,0.08928571428571429,2024-06-24,110,intermittent,full,0.0,1.0
CA-SC-10-B-202-BK-1TO,2.795918367346939,2.0301763453789206,0.7261214665953802,0.12244897959183673,0.05867346938775512,True,2.4464285714285716,2025-08-04,53,smooth,medium,4.153846153846154,0.07692307692307693
CA-SC-10-B-202-BR-1TO,0.0990990990990991,0.29879502615814413,3.015113445777636,0.9009009009009009,0.003237978237978238,False,0.19642857142857142,2024-06-24,110,intermittent,full,0.3076923076923077,0.6923076923076923
CA-SC-10-B-202-DB-1TO,0.13513513513513514,0.45493265488117457,3.3665016461206916,0.9099099099099099,0.00451912951912952,False,0.26785714285714285,2024-06-24,110,intermittent,full,0.38461538461538464,0.6923076923076923
CA-SC-10-B-202-DG-1TO,0.5855855855855856,1.1347775784641754,1.9378509416849763,0.6846846846846847,0.021823446823446828,False,1.1607142857142858,2026-03-02,23,smooth,short,2.5384615384615383,0.07692307692307693
CA-SC-10-B-202-GR-1TO,0.3783783783783784,0.7833176619561858,2.070196678027062,0.7657657657657657,0.01433836433836434,False,0.75,2024-06-24,110,intermittent,full,1.4615384615384615,0.23076923076923078
CA-SC-10-B-202-PK-1TO,0.036036036036036036,0.18637982761781263,5.172040216394301,0.963963963963964,0.0006669006669006669,False,0.07142857142857142,2024-06-24,110,intermittent,full,0.0,1.0
CA-SC-10-B-202-RD-1TO,0.05405405405405406,0.26296431566353917,4.864839839775475,0.954954954954955,0.0009915759915759919,False,0.10714285714285714,2024-06-24,110,intermittent,full,0.0,1.0
CA-SC-10-B-202-WH-1TO,0.018018018018018018,0.13301642396606664,7.382411530116698,0.9819819819819819,0.00021060021060021063,False,0.03571428571428571,2024-06-24,110,intermittent,full,0.0,1.0
CA-SC-10-B-202-WR-1TO,0.38738738738738737,0.773096863168466,1.9956686467837148,0.7477477477477478,0.014619164619164623,False,0.7678571428571429,2024-06-24,110,intermittent,full,1.4615384615384615,0.23076923076923078
CA-SC-10-B-205-BK-1TO,0.2702702702702703,0.8693576995902572,3.2166234884839513,0.8738738738738738,0.0034222534222534224,False,0.5357142857142857,2024-06-24,110,intermittent,full,0.07692307692307693,0.9230769230769231
CA-SC-10-B-205-BR-1TO,0.009009009009009009,0.09448728361893259,10.488088481701517,0.990990990990991,9.652509652509655e-05,False,0.017857142857142856,2024-06-24,110,intermittent,full,0.0,1.0
CA-SC-10-B-205-DB-1TO,0.05405405405405406,0.26296431566353917,4.864839839775475,0.954954954954955,0.0005879255879255881,False,0.10714285714285714,2024-06-24,110,intermittent,full,0.0,1.0
CA-SC-10-B-205-DG-1TO,0.15315315315315314,0.4876529226206977,3.1840867300527913,0.8918918918918919,0.0017199017199017199,False,0.30357142857142855,2024-06-24,110,intermittent,full,0.0,1.0
CA-SC-10-B-205-GR-1TO,0.018018018018018018,0.13301642396606667,7.3824115301167,0.9819819819819819,0.000272025272025272,False,0.03571428571428571,2024-06-24,110,intermittent,full,0.0,1.0
CA-SC-10-B-205-RD-1TO,0.02702702702702703,0.16216216216216223,6.000000000000002,0.972972972972973,0.00029835029835029837,False,0.05357142857142857,2024-06-24,110,intermittent,full,0.0,1.0
CA-SC-10-B-205-WH-1TO,0.009009009009009009,0.09448728361893258,10.488088481701515,0.990990990990991,0.00015795015795015793,False,0.017857142857142856,2024-06-24,110,intermittent,full,0.0,1.0
CA-SC-10-B-205-WR-1TO,0.036036036036036036,0.22968556367535065,6.37377439199098,0.972972972972973,0.00039487539487539485,False,0.07142857142857142,2024-06-24,110,intermittent,full,0.0,1.0
CA-SC-10-B-208-BE-1TO,0.009009009009009009,0.09448728361893258,10.488088481701515,0.990990990990991,0.00035977535977535984,False,0.017857142857142856,2024-06-24,110,intermittent,full,0.0,1.0
CA-SC-10-B-208-DB-1TO,0.018018018018018018,0.13301642396606667,7.3824115301167,0.9819819819819819,0.0008424008424008424,False,0.03571428571428571,2024-06-24,110,intermittent,full,0.15384615384615385,0.8461538461538461
CA-SC-10-B-208-GR-1TO,0.009009009009009009,0.09448728361893258,10.488088481701515,0.990990990990991,0.0003422253422253422,False,0.017857142857142856,2024-06-24,110,intermittent,full,0.0,1.0
CA-SC-10-B-21-BE-1TO,0.09009009009009009,0.36881963045871563,4.093897898091743,0.9279279279279279,0.0023955773955773962,False,0.17857142857142858,2024-06-24,110,intermittent,full,0.15384615384615385,0.8461538461538461
CA-SC-10-B-21-BK-1TO,0.18018018018018017,0.4688148407660429,2.601922366251538,0.8468468468468469,0.005528255528255529,False,0.3392857142857143,2024-06-24,110,intermittent,full,0.38461538461538464,0.7692307692307693
CA-SC-10-B-21-BR-1TO,0.018018018018018018,0.13301642396606667,7.3824115301167,0.9819819819819819,0.0005265005265005265,False,0.03571428571428571,2024-06-24,110,intermittent,full,0.0,1.0
CA-SC-10-B-21-GR-1TO,0.10810810810810811,0.3105168998128664,2.872281323269014,0.8918918918918919,0.0032730782730782735,False,0.21428571428571427,2024-06-24,110,intermittent,full,0.3076923076923077,0.6923076923076923
CA-SC-10-B-210-BK-1TO,0.009009009009009009,0.09448728361893258,10.488088481701515,0.990990990990991,0.00046507546507546513,False,0.017857142857142856,2024-06-24,110,intermittent,full,0.07692307692307693,0.9230769230769231
CA-SC-10-B-210-BR-1TO,0.009009009009009009,0.09448728361893258,10.488088481701515,0.990990990990991,0.0004475254475254477,False,0.017857142857142856,2024-06-24,110,intermittent,full,0.07692307692307693,0.9230769230769231
CA-SC-10-B-212-GR-1TO,0.018018018018018018,0.13301642396606667,7.3824115301167,0.9819819819819819,0.0009564759564759566,False,0.03571428571428571,2024-06-24,110,intermittent,full,0.15384615384615385,0.8461538461538461
CA-SC-10-B-213-BE-1TO,0.009009009009009009,0.09448728361893258,10.488088481701515,0.990990990990991,0.0001667251667251667,False,0.017857142857142856,2024-06-24,110,intermittent,full,0.0,1.0
CA-SC-10-B-213-BK-1TO,0.10810810810810811,0.41047876576196457,3.796928583298172,0.9279279279279279,0.0037995787995788,False,0.21428571428571427,2024-06-24,110,intermittent,full,0.5384615384615384,0.6923076923076923
CA-SC-10-B-213-BR-1TO,0.009009009009009009,0.09448728361893258,10.488088481701515,0.990990990990991,0.00048262548262548264,False,0.017857142857142856,2024-06-24,110,intermittent,full,0.07692307692307693,0.9230769230769231
CA-SC-10-B-213-DB-1TO,0.05405405405405406,0.32432432432432434,6.0,0.963963963963964,0.0020621270621270626,False,0.10714285714285714,2024-06-24,110,intermittent,full,0.3076923076923077,0.8461538461538461
CA-SC-10-B-213-DG-1TO,0.018018018018018018,0.13301642396606667,7.3824115301167,0.9819819819819819,0.0009213759213759212,False,0.03571428571428571,2024-06-24,110,intermittent,full,0.15384615384615385,0.8461538461538461
CA-SC-10-B-213-WR-1TO,0.018018018018018018,0.13301642396606667,7.3824115301167,0.9819819819819819,0.00021937521937521936,False,0.03571428571428571,2024-06-24,110,intermittent,full,0.0,1.0
CA-SC-10-B-214-BE-1TO,0.3963963963963964,0.8728051419663324,2.2018493354150657,0.7567567567567568,0.010881010881010882,False,0.7678571428571429,2024-06-24,110,intermittent,full,0.9230769230769231,0.38461538461538464
CA-SC-10-B-214-BK-1TO,0.5225225225225225,0.9758050208325049,1.867488919179449,0.7207207207207207,0.01432081432081432,False,1.0357142857142858,2024-06-24,110,intermittent,full,0.6923076923076923,0.5384615384615384
CA-SC-10-B-214-BR-1TO,0.04504504504504504,0.2074029627607448,4.604345773288535,0.954954954954955,0.0014391014391014394,False,0.08928571428571429,2024-06-24,110,intermittent,full,0.07692307692307693,0.9230769230769231
CA-SC-10-B-214-DB-1TO,0.11711711711711711,0.3734122842533821,3.18836642708657,0.9009009009009009,0.0035889785889785895,False,0.23214285714285715,2024-06-24,110,intermittent,full,0.3076923076923077,0.7692307692307693
CA-SC-10-B-214-DG-1TO,0.5585585585585585,1.045666171426804,1.8720797585221816,0.7027027027027027,0.01655844155844156,False,1.1071428571428572,2024-06-24,110,intermittent,full,1.0769230769230769,0.3076923076923077
CA-SC-10-B-214-GR-1TO,0.5225225225225225,0.9187422547014028,1.758282590894064,0.6936936936936937,0.014206739206739207,False,1.0178571428571428,2024-06-24,110,intermittent,full,1.1538461538461537,0.3076923076923077
CA-SC-10-B-214-WR-1TO,0.04504504504504504,0.2074029627607448,4.604345773288535,0.954954954954955,0.0012021762021762023,False,0.08928571428571429,2024-06-24,110,intermittent,full,0.07692307692307693,0.9230769230769231
CA-SC-10-B-215-BE-1TO,0.34234234234234234,0.7038567562026887,2.0560026299604854,0.7567567567567568,0.01024921024921025,False,0.6607142857142857,2024-06-24,110,intermittent,full,0.9230769230769231,0.38461538461538464
CA-SC-10-B-215-BK-1TO,0.8558558558558559,1.3875043825714202,1.6211893312150276,0.6126126126126126,0.027430677430677435,False,1.6964285714285714,2024-06-24,110,intermittent,full,2.076923076923077,0.23076923076923078
CA-SC-10-B-215-BR-1TO,0.009009009009009009,0.09448728361893258,10.488088481701515,0.990990990990991,0.0002018252018252018,False,0.017857142857142856,2024-06-24,110,intermittent,full,0.0,1.0
CA-SC-10-B-215-DB-1TO,0.0990990990990991,0.29879502615814413,3.015113445777636,0.9009009009009009,0.002729027729027729,False,0.19642857142857142,2024-06-24,110,intermittent,full,0.23076923076923078,0.7692307692307693
CA-SC-10-B-215-DG-1TO,0.43243243243243246,0.7666661373475057,1.7729154426161067,0.7207207207207207,0.012855387855387857,False,0.8571428571428571,2024-06-24,110,intermittent,full,0.9230769230769231,0.46153846153846156
CA-SC-10-B-215-GR-1TO,0.5855855855855856,1.0693811333855079,1.8261739354737134,0.6756756756756757,0.018690768690768692,False,1.1607142857142858,2024-06-24,110,intermittent,full,1.6923076923076923,0.23076923076923078
CA-SC-10-B-215-PK-1TO,0.018018018018018018,0.13301642396606667,7.3824115301167,0.9819819819819819,0.0002983502983502984,False,0.03571428571428571,2024-06-24,110,intermittent,full,0.0,1.0
CA-SC-10-B-215-RD-1TO,0.009009009009009009,0.09448728361893259,10.488088481701517,0.990990990990991,0.00012285012285012285,False,0.017857142857142856,2024-06-24,110,intermittent,full,0.0,1.0
CA-SC-10-B-215-WR-1TO,0.11711711711711711,0.3484518847894363,2.975243016279033,0.8918918918918919,0.0035187785187785186,False,0.23214285714285715,2024-06-24,110,intermittent,full,0.15384615384615385,0.8461538461538461
CA-SC-10-B-218-BE-1TO,0.1981981981981982,0.5338930591001461,2.6937331618234643,0.8558558558558559,0.006151281151281153,False,0.39285714285714285,2024-06-24,110,intermittent,full,0.6923076923076923,0.5384615384615384
CA-SC-10-B-218-BK-1TO,0.7747747747747747,1.4623483808967805,1.8874496544132866,0.6576576576576577,0.019480519480519484,False,1.5178571428571428,2024-06-24,110,intermittent,full,1.1538461538461537,0.3076923076923077
CA-SC-10-B-218-BR-1TO,0.018018018018018018,0.13301642396606667,7.3824115301167,0.9819819819819819,0.0005352755352755354,False,0.03571428571428571,2024-06-24,110,intermittent,full,0.0,1.0
CA-SC-10-B-218-DB-1TO,0.05405405405405406,0.2261243314956961,4.183300132670378,0.9459459459459459,0.0014127764127764126,False,0.10714285714285714,2024-06-24,110,intermittent,full,0.07692307692307693,0.9230769230769231
CA-SC-10-B-218-DG-1TO,0.26126126126126126,0.5806444340296224,2.2224666268030373,0.8018018018018018,0.007774657774657777,False,0.5178571428571429,2024-06-24,110,intermittent,full,0.5384615384615384,0.6153846153846154
CA-SC-10-B-218-GR-1TO,0.3333333333333333,0.6199874066337029,1.8599622199011088,0.7387387387387387,0.008520533520533521,False,0.6607142857142857,2024-06-24,110,intermittent,full,0.7692307692307693,0.38461538461538464
CA-SC-10-B-218-PK-1TO,0.036036036036036036,0.18637982761781263,5.172040216394301,0.963963963963964,0.0005089505089505089,False,0.07142857142857142,2024-06-24,110,intermittent,full,0.0,1.0
CA-SC-10-B-218-RD-1TO,0.009009009009009009,0.09448728361893258,10.488088481701515,0.990990990990991,0.0001667251667251667,False,0.017857142857142856,2024-06-24,110,intermittent,full,0.0,1.0
CA-SC-10-B-218-WH-1TO,0.009009009009009009,0.09448728361893258,10.488088481701515,0.990990990990991,0.0001667251667251667,False,0.017857142857142856,2024-06-24,110,intermittent,full,0.0,1.0
CA-SC-10-B-218-WR-1TO,0.18018018018018017,0.5566663677756903,3.0894983411550814,0.8738738738738738,0.003983853983853984,False,0.35714285714285715,2024-06-24,110,intermittent,full,0.23076923076923078,0.8461538461538461
CA-SC-10-B-22-BE-1TO,0.7657657657657657,1.2151814082861183,1.5868839567030488,0.6396396396396397,0.02213934713934714,False,1.5178571428571428,2024-06-24,110,intermittent,full,1.6153846153846154,0.15384615384615385
CA-SC-10-B-22-BK-1TO,3.7916666666666665,2.1307112792575995,0.5619458318921142,0.020833333333333332,0.01715154146765089,True,3.3035714285714284,2025-09-08,47,smooth,short,4.0,0.07692307692307693
CA-SC-10-B-22-BR-1TO,0.1981981981981982,0.4806118439044734,2.4249052124271158,0.8378378378378378,0.005396630396630397,False,0.39285714285714285,2024-06-24,110,intermittent,full,0.38461538461538464,0.7692307692307693
CA-SC-10-B-22-DB-1TO,0.32432432432432434,0.7123386450728215,2.196377488974533,0.7747747747747747,0.011047736047736048,False,0.6428571428571429,2024-06-24,110,intermittent,full,1.0,0.3076923076923077
CA-SC-10-B-22-DG-1TO,0.9009009009009009,1.3685986451259662,1.5191444960898224,0.5855855855855856,0.028088803088803096,False,1.75,2025-10-06,44,smooth,short,2.3846153846153846,0.07692307692307693
CA-SC-10-B-22-GR-1TO,0.7207207207207207,1.091912704585635,1.5150288776125687,0.6306306306306306,0.022551772551772552,False,1.4285714285714286,2024-06-24,110,intermittent,full,1.7692307692307692,0.07692307692307693
CA-SC-10-B-22-PK-1TO,0.018018018018018018,0.13301642396606667,7.3824115301167,0.9819819819819819,0.0003597753597753599,False,0.03571428571428571,2024-06-24,110,intermittent,full,0.0,1.0
CA-SC-10-B-22-WR-1TO,0.1981981981981982,0.4806118439044735,2.424905212427116,0.8288288288288288,0.007204282204282205,False,0.39285714285714285,2024-06-24,110,intermittent,full,0.7692307692307693,0.46153846153846156
CA-SC-10-B-221-BE-1TO,0.009009009009009009,0.09448728361893259,10.488088481701517,0.990990990990991,9.652509652509655e-05,False,0.017857142857142856,2024-06-24,110,intermittent,full,0.0,1.0
CA-SC-10-B-221-BK-1TO,0.08108108108108109,0.3041791534438582,3.751542892474251,0.9279279279279279,0.0025096525096525097,False,0.16071428571428573,2024-06-24,110,intermittent,full,0.3076923076923077,0.6923076923076923
CA-SC-10-B-221-BR-1TO,0.07207207207207207,0.2913686779963285,4.042740407199058,0.9369369369369369,0.002614952614952615,False,0.14285714285714285,2024-06-24,110,intermittent,full,0.3076923076923077,0.7692307692307693
CA-SC-10-B-221-DB-1TO,0.04504504504504504,0.2074029627607448,4.604345773288535,0.954954954954955,0.0016584766584766587,False,0.08928571428571429,2024-06-24,110,intermittent,full,0.23076923076923078,0.7692307692307693
CA-SC-10-B-221-DG-1TO,0.009009009009009009,0.09448728361893258,10.488088481701515,0.990990990990991,0.0001930501930501931,False,0.017857142857142856,2024-06-24,110,intermittent,full,0.0,1.0
CA-SC-10-B-221-GR-1TO,0.06306306306306306,0.277676306440044,4.403152859263555,0.9459459459459459,0.0022551772551772553,False,0.125,2024-06-24,110,intermittent,full,0.23076923076923078,0.8461538461538461
CA-SC-10-B-221-PK-1TO,0.009009009009009009,0.09448728361893258,10.488088481701515,0.990990990990991,0.0001842751842751843,False,0.017857142857142856,2024-06-24,110,intermittent,full,0.0,1.0
CA-SC-10-B-221-WH-1TO,0.018018018018018018,0.13301642396606667,7.3824115301167,0.9819819819819819,0.00036855036855036854,False,0.03571428571428571,2024-06-24,110,intermittent,full,0.0,1.0
CA-SC-10-B-221-WR-1TO,0.02702702702702703,0.16216216216216217,6.0,0.972972972972973,0.0008862758862758863,False,0.05357142857142857,2024-06-24,110,intermittent,full,0.07692307692307693,0.9230769230769231
CA-SC-10-B-222-BE-1TO,0.04504504504504504,0.2074029627607448,4.604345773288535,0.954954954954955,0.0018076518076518074,False,0.08928571428571429,2024-06-24,110,intermittent,full,0.23076923076923078,0.7692307692307693
CA-SC-10-B-222-BK-1TO,0.23423423423423423,0.4831382946952045,2.06262887350645,0.7927927927927928,0.00731835731835732,False,0.4642857142857143,2024-06-24,110,intermittent,full,0.6923076923076923,0.46153846153846156
CA-SC-10-B-222-BR-1TO,0.04504504504504504,0.24705061623066824,5.4845236803208355,0.963963963963964,0.0015795015795015798,False,0.08928571428571429,2024-06-24,110,intermittent,full,0.15384615384615385,0.9230769230769231
CA-SC-10-B-222-DB-1TO,0.05405405405405406,0.26296431566353917,4.864839839775475,0.954954954954955,0.001833976833976834,False,0.10714285714285714,2024-06-24,110,intermittent,full,0.23076923076923078,0.7692307692307693
CA-SC-10-B-222-DG-1TO,0.0990990990990991,0.35399788656555853,3.572160491707,0.918918918918919,0.0030888030888030897,False,0.19642857142857142,2024-06-24,110,intermittent,full,0.23076923076923078,0.7692307692307693
CA-SC-10-B-222-GR-1TO,0.24324324324324326,0.6467690484972096,2.6589394215996394,0.8468468468468469,0.009283959283959285,False,0.48214285714285715,2024-06-24,110,intermittent,full,0.8461538461538461,0.5384615384615384
CA-SC-10-B-222-WH-1TO,0.04504504504504504,0.2074029627607448,4.604345773288535,0.954954954954955,0.0009213759213759216,False,0.08928571428571429,2024-06-24,110,intermittent,full,0.0,1.0
CA-SC-10-B-222-WR-1TO,0.036036036036036036,0.18637982761781263,5.172040216394301,0.963963963963964,0.0011934011934011937,False,0.07142857142857142,2024-06-24,110,intermittent,full,0.07692307692307693,0.9230769230769231
CA-SC-10-B-223-BK-1TO,0.02702702702702703,0.21051029631617882,7.788880963698616,0.9819819819819819,0.0006581256581256581,False,0.05357142857142857,2024-06-24,110,intermittent,full,0.07692307692307693,0.9230769230769231
CA-SC-10-B-223-DG-1TO,0.009009009009009009,0.09448728361893259,10.488088481701517,0.990990990990991,8.775008775008773e-05,False,0.017857142857142856,2024-06-24,110,intermittent,full,0.0,1.0
CA-SC-10-B-224-BK-1TO,0.009009009009009009,0.09448728361893258,10.488088481701515,0.990990990990991,0.0004738504738504738,False,0.017857142857142856,2024-06-24,110,intermittent,full,0.07692307692307693,0.9230769230769231
CA-SC-10-B-224-GR-1TO,0.009009009009009009,0.09448728361893258,10.488088481701515,0.990990990990991,0.00048262548262548264,False,0.017857142857142856,2024-06-24,110,intermittent,full,0.07692307692307693,0.9230769230769231
CA-SC-10-B-224-WR-1TO,0.009009009009009009,0.09448728361893258,10.488088481701515,0.990990990990991,0.0004738504738504738,False,0.017857142857142856,2024-06-24,110,intermittent,full,0.07692307692307693,0.9230769230769231
CA-SC-10-B-225-BE-1TO,0.4954954954954955,0.9852413055489959,1.988396089380701,0.7297297297297297,0.016356616356616355,False,0.9821428571428571,2024-06-24,110,intermittent,full,1.6153846153846154,0.23076923076923078
CA-SC-10-B-225-BK-1TO,0.9459459459459459,1.5759329445527839,1.6659862556700857,0.6306306306306306,0.032564057564057565,False,1.875,2026-05-04,14,smooth,short,2.6923076923076925,0.15384615384615385
CA-SC-10-B-225-BR-1TO,0.018018018018018018,0.13301642396606667,7.3824115301167,0.9819819819819819,0.0002983502983502984,False,0.03571428571428571,2024-06-24,110,intermittent,full,0.0,1.0
CA-SC-10-B-225-DB-1TO,0.05405405405405406,0.22612433149569605,4.183300132670377,0.9459459459459459,0.0018603018603018608,False,0.10714285714285714,2024-06-24,110,intermittent,full,0.15384615384615385,0.8461538461538461
CA-SC-10-B-225-DG-1TO,0.23423423423423423,0.5527157351415483,2.359671023104302,0.8198198198198198,0.0070024570024570035,False,0.44642857142857145,2024-06-24,110,intermittent,full,0.46153846153846156,0.6153846153846154
CA-SC-10-B-225-GR-1TO,0.1981981981981982,0.5167434378270265,2.607205527218179,0.8378378378378378,0.006107406107406108,False,0.39285714285714285,2024-06-24,110,intermittent,full,0.5384615384615384,0.6153846153846154
CA-SC-10-B-225-RD-1TO,0.009009009009009009,0.09448728361893258,10.488088481701515,0.990990990990991,0.0001842751842751843,False,0.017857142857142856,2024-06-24,110,intermittent,full,0.0,1.0
CA-SC-10-B-225-WR-1TO,0.0990990990990991,0.3275614227513125,3.305392538672335,0.9099099099099099,0.0033169533169533174,False,0.19642857142857142,2024-06-24,110,intermittent,full,0.3076923076923077,0.6923076923076923
CA-SC-10-B-227-BE-1TO,0.07207207207207207,0.5148552094497133,7.143616031114772,0.972972972972973,0.002132327132327132,False,0.14285714285714285,2024-06-24,110,intermittent,full,0.07692307692307693,0.9230769230769231
CA-SC-10-B-227-BK-1TO,0.6936936936936937,1.3409207055634866,1.9330155625655456,0.6936936936936937,0.017023517023517024,False,1.375,2024-06-24,110,intermittent,full,0.5384615384615384,0.6153846153846154
CA-SC-10-B-227-BR-1TO,0.036036036036036036,0.22968556367535062,6.373774391990979,0.972972972972973,0.0007546507546507547,False,0.07142857142857142,2024-06-24,110,intermittent,full,0.0,1.0
CA-SC-10-B-227-DB-1TO,0.1891891891891892,0.52869912616653,2.794552524023087,0.8648648648648649,0.005361530361530363,False,0.375,2024-06-24,110,intermittent,full,0.3076923076923077,0.7692307692307693
CA-SC-10-B-227-DG-1TO,0.13513513513513514,0.43467884979512855,3.2166234884839513,0.8918918918918919,0.002755352755352756,False,0.26785714285714285,2024-06-24,110,intermittent,full,0.0,1.0
CA-SC-10-B-227-GR-1TO,0.036036036036036036,0.18637982761781266,5.172040216394302,0.963963963963964,0.0005001755001755002,False,0.07142857142857142,2024-06-24,110,intermittent,full,0.0,1.0
CA-SC-10-B-227-WR-1TO,0.07207207207207207,0.2913686779963285,4.042740407199058,0.9369369369369369,0.0019041769041769046,False,0.14285714285714285,2024-06-24,110,intermittent,full,0.07692307692307693,0.9230769230769231
CA-SC-10-B-228-BE-1TO,0.036036036036036036,0.18637982761781266,5.172040216394302,0.963963963963964,0.0004914004914004915,False,0.07142857142857142,2024-06-24,110,intermittent,full,0.0,1.0
CA-SC-10-B-228-BK-1TO,0.25225225225225223,0.5610233325023517,2.2240567824200372,0.8108108108108109,0.005396630396630398,False,0.5,2024-06-24,110,intermittent,full,0.15384615384615385,0.8461538461538461
CA-SC-10-B-228-BR-1TO,0.14414414414414414,0.4420844737436144,3.066961036596325,0.8918918918918919,0.0017374517374517371,False,0.2857142857142857,2024-06-24,110,intermittent,full,0.0,1.0
CA-SC-10-B-228-DB-1TO,0.0990990990990991,0.29879502615814413,3.015113445777636,0.9009009009009009,0.0019831519831519833,False,0.19642857142857142,2024-06-24,110,intermittent,full,0.07692307692307693,0.9230769230769231
CA-SC-10-B-228-DG-1TO,0.05405405405405406,0.26296431566353917,4.864839839775475,0.954954954954955,0.001263601263601264,False,0.10714285714285714,2024-06-24,110,intermittent,full,0.0,1.0
CA-SC-10-B-228-GR-1TO,0.02702702702702703,0.16216216216216223,6.000000000000002,0.972972972972973,0.0006230256230256231,False,0.05357142857142857,2024-06-24,110,intermittent,full,0.0,1.0
CA-SC-10-B-228-RD-1TO,0.018018018018018018,0.13301642396606664,7.382411530116698,0.9819819819819819,0.00021060021060021063,False,0.03571428571428571,2024-06-24,110,intermittent,full,0.0,1.0
CA-SC-10-B-228-WR-1TO,0.02702702702702703,0.21051029631617882,7.788880963698616,0.9819819819819819,0.0008687258687258688,False,0.05357142857142857,2024-06-24,110,intermittent,full,0.0,1.0
CA-SC-10-B-24-BE-1TO,0.27927927927927926,0.6866969009066487,2.458817935504452,0.7927927927927928,0.008248508248508249,False,0.5535714285714286,2024-06-24,110,intermittent,full,0.46153846153846156,0.5384615384615384
CA-SC-10-B-24-BK-1TO,0.6486486486486487,1.045355654368309,1.6115899671511429,0.6756756756756757,0.019515619515619517,False,1.25,2024-06-24,110,intermittent,full,1.5384615384615385,0.3076923076923077
CA-SC-10-B-24-BR-1TO,0.08108108108108109,0.3041791534438583,3.7515428924742524,0.9279279279279279,0.0029922779922779935,False,0.16071428571428573,2024-06-24,110,intermittent,full,0.38461538461538464,0.6923076923076923
CA-SC-10-B-24-DB-1TO,0.15315315315315314,0.4071035505475677,2.6581467123988247,0.8648648648648649,0.004738504738504739,False,0.30357142857142855,2024-06-24,110,intermittent,full,0.38461538461538464,0.6153846153846154
CA-SC-10-B-24-DG-1TO,0.1891891891891892,0.52869912616653,2.794552524023087,0.8468468468468469,0.0057564057564057575,False,0.375,2024-06-24,110,intermittent,full,0.23076923076923078,0.7692307692307693
CA-SC-10-B-24-GR-1TO,0.10810810810810811,0.3382879883877223,3.129163892586431,0.9009009009009009,0.0037732537732537725,False,0.21428571428571427,2024-06-24,110,intermittent,full,0.38461538461538464,0.6923076923076923
CA-SC-10-B-24-PK-1TO,0.02702702702702703,0.1621621621621622,6.000000000000001,0.972972972972973,0.0003422253422253422,False,0.05357142857142857,2024-06-24,110,intermittent,full,0.0,1.0
CA-SC-10-B-24-RD-1TO,0.009009009009009009,0.09448728361893258,10.488088481701515,0.990990990990991,0.0001491751491751492,False,0.017857142857142856,2024-06-24,110,intermittent,full,0.0,1.0
CA-SC-10-B-24-WR-1TO,0.18018018018018017,0.5232985849173913,2.904307146291522,0.8738738738738738,0.00580905580905581,False,0.35714285714285715,2024-06-24,110,intermittent,full,0.46153846153846156,0.6923076923076923
CA-SC-10-B-25-BE-1TO,0.38738738738738737,0.7494282646156908,1.9345706365660855,0.7477477477477478,0.012135837135837137,False,0.7678571428571429,2024-06-24,110,intermittent,full,1.0769230769230769,0.23076923076923078
CA-SC-10-B-25-BK-1TO,0.2972972972972973,0.6656920072760781,2.239145842655899,0.7927927927927928,0.010143910143910147,False,0.5714285714285714,2024-06-24,110,intermittent,full,0.6923076923076923,0.5384615384615384
CA-SC-10-B-25-BR-1TO,0.11711711711711711,0.3215597891454909,2.745625891934576,0.8828828828828829,0.0037557037557037565,False,0.23214285714285715,2024-06-24,110,intermittent,full,0.3076923076923077,0.6923076923076923
CA-SC-10-B-25-DB-1TO,0.04504504504504504,0.24705061623066824,5.4845236803208355,0.963963963963964,0.0018778518778518778,False,0.08928571428571429,2024-06-24,110,intermittent,full,0.23076923076923078,0.8461538461538461
CA-SC-10-B-25-DG-1TO,0.16216216216216217,0.41461021618031896,2.5567629997786336,0.8558558558558559,0.004791154791154792,False,0.32142857142857145,2024-06-24,110,intermittent,full,0.46153846153846156,0.6153846153846154
CA-SC-10-B-25-GR-1TO,0.16216216216216217,0.3922800190464368,2.419060117453027,0.8468468468468469,0.004914004914004915,False,0.32142857142857145,2024-06-24,110,intermittent,full,0.23076923076923078,0.7692307692307693
CA-SC-10-B-25-RD-1TO,0.036036036036036036,0.18637982761781263,5.172040216394301,0.963963963963964,0.001088101088101088,False,0.07142857142857142,2024-06-24,110,intermittent,full,0.07692307692307693,0.9230769230769231
CA-SC-10-B-25-WH-1TO,0.02702702702702703,0.16216216216216223,6.000000000000002,0.972972972972973,0.0007195507195507195,False,0.05357142857142857,2024-06-24,110,intermittent,full,0.07692307692307693,0.9230769230769231
CA-SC-10-B-25-WR-1TO,0.0990990990990991,0.29879502615814413,3.015113445777636,0.9009009009009009,0.003036153036153036,False,0.19642857142857142,2024-06-24,110,intermittent,full,0.15384615384615385,0.8461538461538461
CA-SC-10-B-26-BE-1TO,1.0360360360360361,1.5707227230085132,1.5160888891647388,0.5675675675675675,0.03218673218673219,False,2.017857142857143,2025-07-07,57,smooth,medium,2.6153846153846154,0.0
CA-SC-10-B-26-BK-1TO,2.617021276595745,1.9080255082081157,0.7290829177705808,0.14893617021276595,0.03977798334875118,True,2.232142857142857,2025-08-18,51,smooth,medium,3.1538461538461537,0.07692307692307693
CA-SC-10-B-26-BR-1TO,0.04504504504504504,0.2074029627607448,4.604345773288535,0.954954954954955,0.0015356265356265355,False,0.08928571428571429,2024-06-24,110,intermittent,full,0.07692307692307693,0.9230769230769231
CA-SC-10-B-26-DB-1TO,0.036036036036036036,0.18637982761781263,5.172040216394301,0.963963963963964,0.0010617760617760619,False,0.07142857142857142,2024-06-24,110,intermittent,full,0.07692307692307693,0.9230769230769231
CA-SC-10-B-26-DG-1TO,0.44144144144144143,0.8561877023795834,1.9395272441659952,0.7387387387387387,0.015040365040365041,False,0.875,2024-06-24,110,intermittent,full,1.3846153846153846,0.38461538461538464
CA-SC-10-B-26-GR-1TO,0.36936936936936937,0.8157009689668612,2.2083611598858925,0.7837837837837838,0.01346963846963847,False,0.7321428571428571,2024-06-24,110,intermittent,full,1.3076923076923077,0.3076923076923077
CA-SC-10-B-26-RD-1TO,0.009009009009009009,0.09448728361893258,10.488088481701515,0.990990990990991,0.00048262548262548264,False,0.017857142857142856,2024-06-24,110,intermittent,full,0.07692307692307693,0.9230769230769231
CA-SC-10-B-26-WR-1TO,0.1981981981981982,0.4614864315266918,2.328408813611945,0.8288288288288288,0.006590031590031591,False,0.39285714285714285,2024-06-24,110,intermittent,full,0.6923076923076923,0.38461538461538464
CA-SC-10-B-27-BE-1TO,0.02702702702702703,0.16216216216216223,6.000000000000002,0.972972972972973,0.0011583011583011585,False,0.05357142857142857,2024-06-24,110,intermittent,full,0.15384615384615385,0.8461538461538461
CA-SC-10-B-27-BK-1TO,0.21621621621621623,0.5268537483680521,2.436698586202241,0.8378378378378378,0.007151632151632151,False,0.42857142857142855,2024-06-24,110,intermittent,full,0.46153846153846156,0.7692307692307693
CA-SC-10-B-27-BR-1TO,0.009009009009009009,0.09448728361893258,10.488088481701515,0.990990990990991,0.00017550017550017544,False,0.017857142857142856,2024-06-24,110,intermittent,full,0.0,1.0
CA-SC-10-B-27-DB-1TO,0.018018018018018018,0.13301642396606667,7.3824115301167,0.9819819819819819,0.0007458757458757459,False,0.03571428571428571,2024-06-24,110,intermittent,full,0.07692307692307693,0.9230769230769231
CA-SC-10-B-27-DG-1TO,0.15315315315315314,0.40710355054756775,2.6581467123988247,0.8648648648648649,0.004633204633204634,False,0.30357142857142855,2024-06-24,110,intermittent,full,0.3076923076923077,0.6923076923076923
CA-SC-10-B-27-GR-1TO,0.09009009009009009,0.2863107852625351,3.17804971641414,0.9099099099099099,0.002097227097227097,False,0.16071428571428573,2024-06-24,110,intermittent,full,0.15384615384615385,0.8461538461538461
CA-SC-10-B-28-BE-1TO,10.333333333333334,3.8477987935383986,0.3723676251811353,0.0,0.10508033000434198,True,9.035714285714286,2025-09-08,47,smooth,short,12.461538461538462,0.0
CA-SC-10-B-28-BK-1TO,18.375,7.040433817126139,0.3831528607959804,0.0,0.254776378636561,True,16.053571428571427,2025-09-08,47,smooth,short,21.76923076923077,0.0
CA-SC-10-B-28-BR-1TO,1.0,1.4457143874535143,1.4457143874535143,0.5585585585585585,0.031256581256581255,False,1.9464285714285714,2025-07-28,54,smooth,medium,2.230769230769231,0.0
CA-SC-10-B-28-DB-1TO,1.3783783783783783,1.936161587953764,1.4046662500841034,0.5765765765765766,0.04587574587574588,False,2.7142857142857144,2025-06-30,58,smooth,medium,3.5384615384615383,0.0
CA-SC-10-B-28-DG-1TO,6.551020408163265,3.003815427424343,0.4585263425040274,0.02040816326530612,0.06367346938775512,True,5.839285714285714,2025-09-01,48,smooth,short,7.3076923076923075,0.07692307692307693
CA-SC-10-B-28-GR-1TO,6.387755102040816,3.1932091626374115,0.4998953641189558,0.0,0.0571428571428572,True,5.660714285714286,2025-09-01,48,smooth,short,7.3076923076923075,0.0
CA-SC-10-B-28-PK-1TO,0.14414414414414414,0.7209459107654976,5.00156225593564,0.9369369369369369,0.0025710775710775713,False,0.2857142857142857,2024-06-24,110,intermittent,full,0.0,1.0
CA-SC-10-B-28-RD-1TO,0.2072072072072072,0.6727262955889898,3.246635600451212,0.9009009009009009,0.003264303264303264,False,0.4107142857142857,2024-06-24,110,intermittent,full,0.0,1.0
CA-SC-10-B-28-WH-1TO,0.2072072072072072,0.6591984911685301,3.181349239987254,0.8918918918918919,0.002965952965952966,False,0.4107142857142857,2024-06-24,110,intermittent,full,0.0,1.0
CA-SC-10-B-28-WR-1TO,5.340425531914893,2.3725073884572607,0.4442543715437899,0.0,0.052728954671600436,True,4.589285714285714,2025-09-15,46,smooth,short,5.923076923076923,0.0
CA-SC-10-B-29-BE-1TO,0.08108108108108109,0.3324800376080349,4.100587130499097,0.9369369369369369,0.002825552825552826,False,0.16071428571428573,2024-06-24,110,intermittent,full,0.23076923076923078,0.8461538461538461
CA-SC-10-B-29-BK-1TO,0.07207207207207207,0.37275965523562526,5.172040216394301,0.954954954954955,0.0031590031590031597,False,0.14285714285714285,2024-06-24,110,intermittent,full,0.38461538461538464,0.7692307692307693
CA-SC-10-B-29-BR-1TO,0.018018018018018018,0.13301642396606667,7.3824115301167,0.9819819819819819,0.00015795015795015793,False,0.03571428571428571,2024-06-24,110,intermittent,full,0.0,1.0
CA-SC-10-B-29-DG-1TO,0.036036036036036036,0.18637982761781263,5.172040216394301,0.963963963963964,0.0013338013338013337,False,0.07142857142857142,2024-06-24,110,intermittent,full,0.15384615384615385,0.8461538461538461
CA-SC-10-B-29-GR-1TO,0.05405405405405406,0.22612433149569605,4.183300132670377,0.9459459459459459,0.001202176202176202,False,0.10714285714285714,2024-06-24,110,intermittent,full,0.0,1.0
CA-SC-10-B-29-WR-1TO,0.009009009009009009,0.09448728361893258,10.488088481701515,0.990990990990991,0.00037732537732537735,False,0.017857142857142856,2024-06-24,110,intermittent,full,0.07692307692307693,0.9230769230769231
CA-SC-10-B-30-BE-1TO,0.26126126126126126,0.6536344917916056,2.501842365133387,0.8198198198198198,0.007502632502632504,False,0.5178571428571429,2024-06-24,110,intermittent,full,0.6153846153846154,0.5384615384615384
CA-SC-10-B-30-BK-1TO,1.2252252252252251,1.8777247334204294,1.5325547456593211,0.6306306306306306,0.04290979290979292,False,2.4107142857142856,2025-09-01,49,smooth,short,4.384615384615385,0.07692307692307693
CA-SC-10-B-30-BR-1TO,0.4594594594594595,0.8359467178134806,1.8194134446528696,0.7297297297297297,0.015294840294840297,False,0.9107142857142857,2024-06-24,110,intermittent,full,1.4615384615384615,0.15384615384615385
CA-SC-10-B-30-DB-1TO,0.6576576576576577,1.2043127866991723,1.831215333200111,0.6756756756756757,0.02321867321867322,False,1.2857142857142858,2026-04-06,18,smooth,short,2.5384615384615383,0.15384615384615385
CA-SC-10-B-30-DG-1TO,0.5855855855855856,1.1347775784641754,1.9378509416849763,0.6936936936936937,0.019533169533169536,False,1.1607142857142858,2026-05-04,14,smooth,short,2.3076923076923075,0.15384615384615385
CA-SC-10-B-30-GR-1TO,0.17117117117117117,0.46254045596372734,2.702210032209144,0.8648648648648649,0.006063531063531065,False,0.3392857142857143,2024-06-24,110,intermittent,full,0.5384615384615384,0.5384615384615384
CA-SC-10-B-30-PK-1TO,0.1891891891891892,0.6369057168336446,3.366501646120693,0.8828828828828829,0.00551070551070551,False,0.375,2024-06-24,110,intermittent,full,0.0,1.0
CA-SC-10-B-30-WH-1TO,0.009009009009009009,0.09448728361893259,10.488088481701517,0.990990990990991,6.142506142506145e-05,False,0.017857142857142856,2024-06-24,110,intermittent,full,0.0,1.0
CA-SC-10-B-30-WR-1TO,0.3333333333333333,0.701778093482899,2.105334280448697,0.7657657657657657,0.012276237276237275,False,0.6607142857142857,2024-06-24,110,intermittent,full,1.1538461538461537,0.3076923076923077
CA-SC-10-B-31-BE-1TO,0.08108108108108109,0.3041791534438583,3.7515428924742524,0.9279279279279279,0.0025535275535275535,False,0.16071428571428573,2024-06-24,110,intermittent,full,0.15384615384615385,0.8461538461538461
CA-SC-10-B-31-BK-1TO,0.10810810810810811,0.3639461239049397,3.366501646120692,0.9099099099099099,0.0036065286065286063,False,0.21428571428571427,2024-06-24,110,intermittent,full,0.15384615384615385,0.8461538461538461
CA-SC-10-B-31-DB-1TO,0.009009009009009009,0.09448728361893258,10.488088481701515,0.990990990990991,0.00029835029835029837,False,0.017857142857142856,2024-06-24,110,intermittent,full,0.0,1.0
CA-SC-10-B-31-DG-1TO,0.036036036036036036,0.18637982761781263,5.172040216394301,0.963963963963964,0.0013864513864513866,False,0.07142857142857142,2024-06-24,110,intermittent,full,0.07692307692307693,0.9230769230769231
CA-SC-10-B-31-GR-1TO,0.018018018018018018,0.13301642396606667,7.3824115301167,0.9819819819819819,0.0007371007371007372,False,0.03571428571428571,2024-06-24,110,intermittent,full,0.07692307692307693,0.9230769230769231
CA-SC-10-B-32-BE-1TO,10.36734693877551,4.250780852881658,0.41001626336850644,0.0,0.11683673469387756,True,9.214285714285714,2025-09-01,48,smooth,short,12.384615384615385,0.0
CA-SC-10-B-32-BK-1TO,41.145833333333336,14.557342911358822,0.35379871379504985,0.0,0.6242401215805469,True,35.92857142857143,2025-09-08,47,smooth,short,52.07692307692308,0.0
CA-SC-10-B-32-BR-1TO,4.387755102040816,2.2751212260198828,0.5185160003487175,0.0,0.0071428571428572,True,3.9285714285714284,2025-09-01,48,smooth,short,4.538461538461538,0.0
CA-SC-10-B-32-DB-1TO,6.604166666666667,3.0258578902886737,0.45817406540648686,0.0,0.10470039079461564,True,5.714285714285714,2025-09-08,47,smooth,short,8.23076923076923,0.0
CA-SC-10-B-32-DG-1TO,15.208333333333334,5.722609884387445,0.3762811978775306,0.0,0.20560138949196685,True,13.339285714285714,2025-09-08,47,smooth,short,19.76923076923077,0.0
CA-SC-10-B-32-GR-1TO,7.754716981132075,4.3171691475088405,0.5567152428661035,0.018867924528301886,0.1967424608934043,True,7.464285714285714,2025-08-04,52,smooth,medium,10.923076923076923,0.0
CA-SC-10-B-32-PK-1TO,0.44144144144144143,1.213176046765171,2.748215126345592,0.8198198198198198,0.009573534573534576,False,0.875,2024-06-24,110,intermittent,full,0.0,1.0
CA-SC-10-B-32-RD-1TO,0.16216216216216217,0.5291594650662491,3.2631500345752027,0.8918918918918919,0.0025798525798525797,False,0.32142857142857145,2024-06-24,110,intermittent,full,0.0,1.0
CA-SC-10-B-32-WH-1TO,0.2072072072072072,0.571344504349835,2.757358260123117,0.8558558558558559,0.003281853281853282,False,0.39285714285714285,2024-06-24,110,intermittent,full,0.0,1.0
CA-SC-10-B-32-WR-1TO,6.979166666666667,3.307123519347625,0.47385650426473436,0.0,0.1027464177160225,True,6.125,2025-09-08,47,smooth,short,8.076923076923077,0.0
CA-SC-10-B-34-BE-1TO,0.05405405405405406,0.22612433149569605,4.183300132670377,0.9459459459459459,0.001869076869076869,False,0.10714285714285714,2024-06-24,110,intermittent,full,0.07692307692307693,0.9230769230769231
CA-SC-10-B-34-BK-1TO,0.23423423423423423,0.5527157351415484,2.3596710231043025,0.8198198198198198,0.0076781326781326775,False,0.4642857142857143,2024-06-24,110,intermittent,full,0.6153846153846154,0.5384615384615384
CA-SC-10-B-34-BR-1TO,0.02702702702702703,0.16216216216216217,6.0,0.972972972972973,0.0009740259740259742,False,0.05357142857142857,2024-06-24,110,intermittent,full,0.15384615384615385,0.8461538461538461
CA-SC-10-B-34-DG-1TO,0.009009009009009009,0.09448728361893258,10.488088481701515,0.990990990990991,0.00031590031590031603,False,0.017857142857142856,2024-06-24,110,intermittent,full,0.0,1.0
CA-SC-10-B-34-GR-1TO,0.018018018018018018,0.13301642396606667,7.3824115301167,0.9819819819819819,0.0005703755703755706,False,0.03571428571428571,2024-06-24,110,intermittent,full,0.0,1.0
CA-SC-10-B-34-WR-1TO,0.14414414414414414,0.42121332351571034,2.9221674318902404,0.8828828828828829,0.0047911547911547924,False,0.2857142857142857,2024-06-24,110,intermittent,full,0.38461538461538464,0.6153846153846154
CA-SC-10-B-35-BK-1TO,0.009009009009009009,0.09448728361893258,10.488088481701515,0.990990990990991,0.00046507546507546513,False,0.017857142857142856,2024-06-24,110,intermittent,full,0.07692307692307693,0.9230769230769231
CA-SC-10-B-36-BE-1TO,3.0833333333333335,1.9021187017522212,0.6169033627304501,0.08333333333333333,0.03886235345201909,True,2.6607142857142856,2025-09-08,47,smooth,short,4.153846153846154,0.0
CA-SC-10-B-36-BK-1TO,4.303571428571429,2.4994259545025166,0.580779474905149,0.05357142857142857,0.045420369104579576,True,4.303571428571429,2025-07-14,55,smooth,medium,4.6923076923076925,0.0
CA-SC-10-B-36-BR-1TO,0.43243243243243246,0.8763316417518682,2.026516921551195,0.7387387387387387,0.01413653913653914,False,0.8392857142857143,2024-06-24,110,intermittent,full,1.1538461538461537,0.38461538461538464
CA-SC-10-B-36-DB-1TO,0.34234234234234234,0.690938720317622,2.0182683672435804,0.7657657657657657,0.010582660582660584,False,0.6785714285714286,2024-06-24,110,intermittent,full,0.7692307692307693,0.46153846153846156
CA-SC-10-B-36-DG-1TO,0.6036036036036037,0.9612236878089468,1.5924750648775088,0.6576576576576577,0.01793611793611793,False,1.1964285714285714,2024-06-24,110,intermittent,full,1.3076923076923077,0.23076923076923078
CA-SC-10-B-36-GR-1TO,0.8198198198198198,1.3096880737099141,1.5975316063934117,0.5855855855855856,0.02581607581607582,False,1.5892857142857142,2026-01-12,30,smooth,short,2.6153846153846154,0.07692307692307693
CA-SC-10-B-36-PK-1TO,0.0990990990990991,0.37859281782794035,3.820345707172853,0.9279279279279279,0.003088803088803089,False,0.19642857142857142,2024-06-24,110,intermittent,full,0.23076923076923078,0.8461538461538461
CA-SC-10-B-36-WH-1TO,0.036036036036036036,0.18637982761781263,5.172040216394301,0.963963963963964,0.0003861003861003861,False,0.07142857142857142,2024-06-24,110,intermittent,full,0.0,1.0
CA-SC-10-B-36-WR-1TO,0.6846846846846847,1.130908763033509,1.651722009167362,0.6216216216216216,0.021805896805896806,False,1.3571428571428572,2026-04-20,16,smooth,short,2.230769230769231,0.0
CA-SC-10-B-37-BE-1TO,0.9009009009009009,1.3217171124391573,1.4671059948074647,0.5675675675675675,0.026114426114426114,False,1.7321428571428572,2026-04-13,17,smooth,short,2.230769230769231,0.0
CA-SC-10-B-37-BK-1TO,17.857142857142858,6.4269839309725665,0.3599111001344637,0.0,0.11214285714285731,True,16.0,2025-09-01,48,smooth,short,19.384615384615383,0.0
CA-SC-10-B-37-BR-1TO,0.7207207207207207,1.1163903477232193,1.5489916074659669,0.6216216216216216,0.02231484731484732,False,1.4285714285714286,2024-06-24,110,intermittent,full,1.8461538461538463,0.15384615384615385
CA-SC-10-B-37-DB-1TO,1.4864864864864864,2.065874004621419,1.3897697849271364,0.5315315315315315,0.04394524394524395,False,2.875,2025-05-19,64,smooth,medium,3.1538461538461537,0.07692307692307693
CA-SC-10-B-37-DG-1TO,11.074074074074074,5.74086021381056,0.5184054373675088,0.0,0.2672765389746522,True,10.767857142857142,2025-07-28,53,smooth,medium,16.307692307692307,0.0
CA-SC-10-B-37-GR-1TO,3.4693877551020407,1.9388829186144685,0.5588544883065233,0.02040816326530612,0.023061224489795938,True,3.0535714285714284,2025-09-01,48,smooth,short,4.153846153846154,0.0
CA-SC-10-B-37-PK-1TO,0.08108108108108109,0.3324800376080349,4.100587130499097,0.9369369369369369,0.001965601965601966,False,0.16071428571428573,2024-06-24,110,intermittent,full,0.07692307692307693,0.9230769230769231
CA-SC-10-B-37-RD-1TO,0.06306306306306306,0.2430763524906674,3.854496446637726,0.9369369369369369,0.0013074763074763076,False,0.125,2024-06-24,110,intermittent,full,0.0,1.0
CA-SC-10-B-37-WH-1TO,0.04504504504504504,0.2074029627607448,4.604345773288535,0.954954954954955,0.0007283257283257285,False,0.08928571428571429,2024-06-24,110,intermittent,full,0.0,1.0
CA-SC-10-B-37-WR-1TO,0.9279279279279279,1.5579595786989056,1.678966147918238,0.6486486486486487,0.032142857142857154,False,1.8392857142857142,2026-04-13,17,smooth,short,2.769230769230769,0.15384615384615385
CA-SC-10-B-38-BE-1TO,0.4594594594594595,0.7075370780566437,1.5399336404762243,0.6666666666666666,0.014294489294489293,False,0.9107142857142857,2024-06-24,110,intermittent,full,1.1538461538461537,0.15384615384615385
CA-SC-10-B-38-BK-1TO,4.0638297872340425,2.1576608228233565,0.5309427155638626,0.0425531914893617,0.06371415356151713,True,3.482142857142857,2025-09-15,46,smooth,short,4.923076923076923,0.0
CA-SC-10-B-38-BR-1TO,0.2972972972972973,0.6091582524099809,2.04898684901539,0.7747747747747747,0.009643734643734643,False,0.5892857142857143,2024-06-24,110,intermittent,full,0.8461538461538461,0.3076923076923077
CA-SC-10-B-38-DB-1TO,0.5675675675675675,0.9737234343055039,1.715607955681126,0.7027027027027027,0.01857669357669358,False,1.125,2024-06-24,110,intermittent,full,1.3846153846153846,0.23076923076923078
CA-SC-10-B-38-DG-1TO,0.8018018018018018,1.4194264786472885,1.7702959452792024,0.6846846846846847,0.02852755352755353,False,1.5892857142857142,2026-05-04,14,smooth,short,2.769230769230769,0.15384615384615385
CA-SC-10-B-38-GR-1TO,0.3333333333333333,0.8201662469723274,2.4604987409169823,0.8018018018018018,0.012232362232362232,False,0.6607142857142857,2024-06-24,110,intermittent,full,1.3846153846153846,0.3076923076923077
CA-SC-10-B-38-WH-1TO,0.009009009009009009,0.09448728361893258,10.488088481701515,0.990990990990991,0.00021937521937521947,False,0.017857142857142856,2024-06-24,110,intermittent,full,0.0,1.0
CA-SC-10-B-38-WR-1TO,0.34234234234234234,0.6223393167268664,1.817885898860057,0.7297297297297297,0.010336960336960337,False,0.6785714285714286,2024-06-24,110,intermittent,full,0.6923076923076923,0.38461538461538464
CA-SC-10-B-39-BE-1TO,0.06306306306306306,0.2430763524906674,3.854496446637726,0.9369369369369369,0.0019831519831519833,False,0.125,2024-06-24,110,intermittent,full,0.15384615384615385,0.8461538461538461
CA-SC-10-B-39-BK-1TO,4.243589743589744,3.2312016397646683,0.7614312021197708,0.11538461538461539,0.07333173155957964,True,5.446428571428571,2025-02-10,77,smooth,medium,5.153846153846154,0.0
CA-SC-10-B-39-BR-1TO,0.16216216216216217,0.3922800190464368,2.419060117453027,0.8468468468468469,0.004545454545454544,False,0.32142857142857145,2024-06-24,110,intermittent,full,0.5384615384615384,0.46153846153846156
CA-SC-10-B-39-DB-1TO,0.5675675675675675,1.1438958374240482,2.015435523080466,0.7207207207207207,0.014426114426114425,False,1.1071428571428572,2024-06-24,110,intermittent,full,0.6923076923076923,0.6153846153846154
CA-SC-10-B-39-DG-1TO,0.9009009009009009,1.5593655152013552,1.7308957218735044,0.6666666666666666,0.022876447876447874,False,1.7857142857142858,2024-06-24,110,intermittent,full,1.0769230769230769,0.46153846153846156
CA-SC-10-B-39-GR-1TO,0.3783783783783784,0.7235305587481536,1.9121879052629773,0.7387387387387387,0.0070551070551070575,False,0.6071428571428571,2024-06-24,110,intermittent,full,0.5384615384615384,0.6153846153846154
CA-SC-10-B-39-RD-1TO,0.02702702702702703,0.1621621621621622,6.000000000000001,0.972972972972973,0.0003685503685503686,False,0.05357142857142857,2024-06-24,110,intermittent,full,0.0,1.0
CA-SC-10-B-39-WH-1TO,0.018018018018018018,0.13301642396606667,7.3824115301167,0.9819819819819819,0.0005001755001755004,False,0.03571428571428571,2024-06-24,110,intermittent,full,0.07692307692307693,0.9230769230769231
CA-SC-10-B-39-WR-1TO,0.07207207207207207,0.2913686779963285,4.042740407199058,0.9369369369369369,0.0015795015795015794,False,0.14285714285714285,2024-06-24,110,intermittent,full,0.0,1.0
CA-SC-10-B-40-BE-1TO,0.04504504504504504,0.2074029627607448,4.604345773288535,0.954954954954955,0.0003685503685503686,False,0.07142857142857142,2024-06-24,110,intermittent,full,0.07692307692307693,0.9230769230769231
CA-SC-10-B-40-BK-1TO,1.0,1.4394693717033622,1.4394693717033622,0.5585585585585585,0.0020270270270270245,False,1.125,2024-06-24,110,intermittent,full,0.07692307692307693,0.9230769230769231
CA-SC-10-B-40-BR-1TO,0.02702702702702703,0.1621621621621622,6.000000000000001,0.972972972972973,0.00029835029835029837,False,0.03571428571428571,2024-06-24,110,intermittent,full,0.0,1.0
CA-SC-10-B-40-DB-1TO,0.018018018018018018,0.13301642396606667,7.3824115301167,0.9819819819819819,0.00041242541242541235,False,0.03571428571428571,2024-06-24,110,intermittent,full,0.0,1.0
CA-SC-10-B-40-DG-1TO,0.12612612612612611,0.4053052929442159,3.2134919654862837,0.9009009009009009,0.001632151632151632,False,0.23214285714285715,2024-06-24,110,intermittent,full,0.07692307692307693,0.9230769230769231
CA-SC-10-B-40-GR-1TO,0.32432432432432434,0.6995772489483667,2.1570298509241304,0.7567567567567568,-0.000702000702000703,False,0.25,2024-06-24,110,intermittent,full,0.07692307692307693,0.9230769230769231
CA-SC-10-B-42-BE-1TO,0.5045045045045045,0.9760545128945779,1.9346794809160386,0.7297297297297297,0.015075465075465078,False,0.9821428571428571,2024-06-24,110,intermittent,full,1.2307692307692308,0.3076923076923077
CA-SC-10-B-42-BK-1TO,0.8108108108108109,1.2840919497367087,1.5837134046752739,0.6306306306306306,0.027685152685152693,False,1.6071428571428572,2025-10-20,42,smooth,short,2.6153846153846154,0.0
CA-SC-10-B-42-BR-1TO,0.16216216216216217,0.49393694277019096,3.0459444804161775,0.8738738738738738,0.004756054756054757,False,0.30357142857142855,2024-06-24,110,intermittent,full,0.38461538461538464,0.6153846153846154
CA-SC-10-B-42-DB-1TO,0.16216216216216217,0.4560018282826582,2.812011274409725,0.8738738738738738,0.005054405054405055,False,0.32142857142857145,2024-06-24,110,intermittent,full,0.15384615384615385,0.8461538461538461
CA-SC-10-B-42-DG-1TO,0.2972972972972973,0.6237722296617573,2.09814295431682,0.7747747747747747,0.008441558441558441,False,0.5892857142857143,2024-06-24,110,intermittent,full,0.7692307692307693,0.46153846153846156
CA-SC-10-B-42-GR-1TO,0.22522522522522523,0.4780720418530306,2.122639865827456,0.8018018018018018,0.008055458055458056,False,0.42857142857142855,2024-06-24,110,intermittent,full,0.9230769230769231,0.3076923076923077
CA-SC-10-B-42-PK-1TO,0.018018018018018018,0.13301642396606667,7.3824115301167,0.9819819819819819,0.00024570024570024575,False,0.03571428571428571,2024-06-24,110,intermittent,full,0.0,1.0
CA-SC-10-B-42-WH-1TO,0.06306306306306306,0.277676306440044,4.403152859263555,0.9459459459459459,0.0013513513513513514,False,0.125,2024-06-24,110,intermittent,full,0.0,1.0
CA-SC-10-B-42-WR-1TO,0.0990990990990991,0.29879502615814413,3.015113445777636,0.9009009009009009,0.003167778167778169,False,0.19642857142857142,2024-06-24,110,intermittent,full,0.23076923076923078,0.7692307692307693
CA-SC-10-B-43-BE-1TO,0.018018018018018018,0.13301642396606667,7.3824115301167,0.9819819819819819,0.00042120042120042127,False,0.03571428571428571,2024-06-24,110,intermittent,full,0.07692307692307693,0.9230769230769231
CA-SC-10-B-43-BK-1TO,0.15315315315315314,0.5057898683826378,3.3025103170866354,0.8828828828828829,0.0049578799578799595,False,0.26785714285714285,2024-06-24,110,intermittent,full,0.5384615384615384,0.6923076923076923
CA-SC-10-B-43-DB-1TO,0.009009009009009009,0.09448728361893258,10.488088481701515,0.990990990990991,0.0004563004563004563,False,0.017857142857142856,2024-06-24,110,intermittent,full,0.07692307692307693,0.9230769230769231
CA-SC-10-B-43-GR-1TO,0.06306306306306306,0.27767630644004393,4.403152859263554,0.9459459459459459,0.0017550017550017549,False,0.10714285714285714,2024-06-24,110,intermittent,full,0.15384615384615385,0.8461538461538461
CA-SC-10-B-43-WR-1TO,0.04504504504504504,0.2074029627607448,4.604345773288535,0.954954954954955,0.0015356265356265362,False,0.08928571428571429,2024-06-24,110,intermittent,full,0.07692307692307693,0.9230769230769231
CA-SC-10-B-44-BE-1TO,6.795918367346939,4.256949141502176,0.6263979217225424,0.0,0.06255102040816335,True,6.017857142857143,2025-09-01,48,smooth,short,6.076923076923077,0.0
CA-SC-10-B-44-BK-1TO,22.875,8.678577552417984,0.37939136841171517,0.0,0.10681719496309124,True,20.107142857142858,2025-09-08,47,smooth,short,21.076923076923077,0.0
CA-SC-10-B-44-BR-1TO,1.2342342342342343,1.949612828068321,1.579613313252435,0.5585585585585585,0.03636363636363636,False,2.4285714285714284,2025-06-09,61,smooth,medium,2.3846153846153846,0.07692307692307693
CA-SC-10-B-44-DB-1TO,6.34,3.350283570087762,0.5284358943356091,0.0,0.045282112845138084,True,5.75,2025-08-25,49,smooth,short,5.6923076923076925,0.0
CA-SC-10-B-44-DG-1TO,15.428571428571429,6.534055214873868,0.4235035787418248,0.0,0.18785714285714292,True,13.642857142857142,2025-09-01,48,smooth,short,18.307692307692307,0.0
CA-SC-10-B-44-GR-1TO,5.8478260869565215,2.620715064255388,0.44815201842285446,0.0,0.08862164662349677,True,4.857142857142857,2025-09-22,45,smooth,short,7.076923076923077,0.0
CA-SC-10-B-44-RD-1TO,0.18018018018018017,0.4071035505475678,2.2594247055390015,0.8288288288288288,0.004984204984204985,False,0.35714285714285715,2024-06-24,110,intermittent,full,0.3076923076923077,0.6923076923076923
CA-SC-10-B-44-WH-1TO,0.04504504504504504,0.2074029627607448,4.604345773288535,0.954954954954955,0.0012372762372762373,False,0.08928571428571429,2024-06-24,110,intermittent,full,0.0,1.0
CA-SC-10-B-44-WR-1TO,0.7927927927927928,1.1939571356417524,1.5060141142753922,0.6216216216216216,0.025974025974025972,False,1.5714285714285714,2026-05-11,13,smooth,short,2.0,0.07692307692307693
CA-SC-10-B-45-BE-1TO,0.04504504504504504,0.2074029627607448,4.604345773288535,0.954954954954955,0.0002457002457002457,False,0.05357142857142857,2024-06-24,110,intermittent,full,0.0,1.0
CA-SC-10-B-45-BK-1TO,0.3333333333333333,0.8524826841213415,2.5574480523640246,0.8018018018018018,0.0036416286416286418,False,0.5535714285714286,2024-06-24,110,intermittent,full,0.07692307692307693,0.9230769230769231
CA-SC-10-B-45-BR-1TO,0.02702702702702703,0.1621621621621622,6.000000000000001,0.972972972972973,0.00021937521937521944,False,0.05357142857142857,2024-06-24,110,intermittent,full,0.0,1.0
CA-SC-10-B-45-DB-1TO,0.08108108108108109,0.38285638488064455,4.72189541352795,0.954954954954955,0.0007107757107757109,False,0.16071428571428573,2024-06-24,110,intermittent,full,0.0,1.0
CA-SC-10-B-45-DG-1TO,0.11711711711711711,0.4188947004527088,3.5767162884808217,0.918918918918919,0.001325026325026325,False,0.23214285714285715,2024-06-24,110,intermittent,full,0.0,1.0
CA-SC-10-B-45-GR-1TO,0.009009009009009009,0.09448728361893259,10.488088481701517,0.990990990990991,-5.265005265005267e-05,False,0.0,2024-06-24,110,intermittent,full,0.0,1.0
CA-SC-10-B-45-WH-1TO,0.009009009009009009,0.09448728361893259,10.488088481701517,0.990990990990991,0.00013162513162513154,False,0.017857142857142856,2024-06-24,110,intermittent,full,0.0,1.0
CA-SC-10-B-45-WR-1TO,0.009009009009009009,0.09448728361893259,10.488088481701517,0.990990990990991,5.265005265005261e-05,False,0.017857142857142856,2024-06-24,110,intermittent,full,0.0,1.0
CA-SC-10-B-46-BE-1TO,0.46846846846846846,0.8576084473731369,1.8306641857388115,0.6936936936936937,0.01354861354861355,False,0.8928571428571429,2024-06-24,110,intermittent,full,1.0769230769230769,0.38461538461538464
CA-SC-10-B-46-BK-1TO,2.3617021276595747,1.5767665798850132,0.6676399031945551,0.1276595744680851,-0.0013876040703052464,True,2.0,2025-08-11,52,smooth,medium,2.3076923076923075,0.07692307692307693
CA-SC-10-B-46-BR-1TO,0.05405405405405406,0.2261243314956961,4.183300132670378,0.9459459459459459,0.0018076518076518078,False,0.10714285714285714,2024-06-24,110,intermittent,full,0.15384615384615385,0.8461538461538461
CA-SC-10-B-46-DB-1TO,0.07207207207207207,0.2913686779963285,4.042740407199058,0.9369369369369369,0.0025798525798525797,False,0.14285714285714285,2024-06-24,110,intermittent,full,0.3076923076923077,0.7692307692307693
CA-SC-10-B-46-DG-1TO,0.4144144144144144,0.9723054099626697,2.346215228388181,0.7747747747747747,0.01305721305721306,False,0.8214285714285714,2024-06-24,110,intermittent,full,1.3076923076923077,0.38461538461538464
CA-SC-10-B-46-GR-1TO,0.32432432432432434,0.6865786984957712,2.116950987028628,0.7657657657657657,0.010661635661635664,False,0.625,2024-06-24,110,intermittent,full,1.1538461538461537,0.38461538461538464
CA-SC-10-B-46-PK-1TO,0.009009009009009009,0.09448728361893259,10.488088481701517,0.990990990990991,7.897507897507897e-05,False,0.017857142857142856,2024-06-24,110,intermittent,full,0.0,1.0
CA-SC-10-B-46-WR-1TO,0.04504504504504504,0.2074029627607448,4.604345773288535,0.954954954954955,0.001948051948051949,False,0.08928571428571429,2024-06-24,110,intermittent,full,0.23076923076923078,0.7692307692307693
CA-SC-10-B-47-BE-1TO,4.408163265306122,2.0890224971868068,0.4738986220470071,0.02040816326530612,0.042551020408163276,True,3.9107142857142856,2025-09-01,48,smooth,short,5.230769230769231,0.0
CA-SC-10-B-47-BK-1TO,4.8125,2.4465643427740322,0.508377006290708,0.0,0.06377551020408159,True,4.196428571428571,2025-09-08,47,smooth,short,5.923076923076923,0.0
CA-SC-10-B-47-BR-1TO,0.3153153153153153,0.6434980694929214,2.0408081632489794,0.7657657657657657,0.010038610038610039,False,0.625,2024-06-24,110,intermittent,full,0.6153846153846154,0.5384615384615384
CA-SC-10-B-47-DB-1TO,0.34234234234234234,0.7651826078409396,2.2351386702722182,0.7927927927927928,0.011583011583011584,False,0.6785714285714286,2024-06-24,110,intermittent,full,0.6153846153846154,0.6153846153846154
CA-SC-10-B-47-DG-1TO,0.5765765765765766,1.0700639835172066,1.8558922214126552,0.7027027027027027,0.018708318708318707,False,1.1428571428571428,2024-06-24,110,intermittent,full,1.4615384615384615,0.23076923076923078
CA-SC-10-B-47-GR-1TO,0.5495495495495496,0.907811334317882,1.6519189853981129,0.6666666666666666,0.016883116883116885,False,1.0892857142857142,2024-06-24,110,intermittent,full,1.2307692307692308,0.15384615384615385
CA-SC-10-B-47-PK-1TO,0.02702702702702703,0.1621621621621622,6.000000000000001,0.972972972972973,0.00036855036855036843,False,0.05357142857142857,2024-06-24,110,intermittent,full,0.0,1.0
CA-SC-10-B-47-RD-1TO,0.09009009009009009,0.34352569306193903,3.8131351929875232,0.9279279279279279,0.0026412776412776413,False,0.17857142857142858,2024-06-24,110,intermittent,full,0.23076923076923078,0.8461538461538461
CA-SC-10-B-47-WH-1TO,0.05405405405405406,0.26296431566353917,4.864839839775475,0.954954954954955,0.0007985257985257986,False,0.10714285714285714,2024-06-24,110,intermittent,full,0.0,1.0
CA-SC-10-B-47-WR-1TO,2.3333333333333335,1.6372402253657083,0.7016743822995892,0.14583333333333334,0.03755970473295699,True,2.0535714285714284,2025-08-04,53,smooth,medium,2.6923076923076925,0.07692307692307693
CA-SC-10-B-48-BE-1TO,0.43243243243243246,0.8341972633996425,1.9290811716116731,0.7207207207207207,0.015110565110565112,False,0.8392857142857143,2024-06-24,110,intermittent,full,1.4615384615384615,0.23076923076923078
CA-SC-10-B-48-BK-1TO,3.125,1.7751173670117326,0.5680375574437544,0.0625,0.019539730785931346,True,2.7142857142857144,2025-09-08,47,smooth,short,2.769230769230769,0.07692307692307693
CA-SC-10-B-48-BR-1TO,0.2702702702702703,0.6967872986547572,2.5781130050226015,0.8288288288288288,0.010003510003510005,False,0.5357142857142857,2024-06-24,110,intermittent,full,1.1538461538461537,0.3076923076923077
CA-SC-10-B-48-DB-1TO,0.40540540540540543,0.9527426354163808,2.3500985006937394,0.7837837837837838,0.012846612846612848,False,0.8035714285714286,2024-06-24,110,intermittent,full,1.0,0.3076923076923077
CA-SC-10-B-48-DG-1TO,0.6036036036036037,1.164638746752599,1.9294761326796788,0.7207207207207207,0.020129870129870133,False,1.1964285714285714,2024-06-24,110,intermittent,full,2.0,0.3076923076923077
CA-SC-10-B-48-GR-1TO,0.1981981981981982,0.4614864315266917,2.3284088136119445,0.8288288288288288,0.006537381537381539,False,0.39285714285714285,2024-06-24,110,intermittent,full,0.6153846153846154,0.5384615384615384
CA-SC-10-B-48-WH-1TO,0.08108108108108109,0.27295959292870486,3.366501646120693,0.918918918918919,0.002614952614952615,False,0.16071428571428573,2024-06-24,110,intermittent,full,0.15384615384615385,0.8461538461538461
CA-SC-10-B-48-WR-1TO,0.2882882882882883,0.6491489562036692,2.2517354418314777,0.8018018018018018,0.009784134784134785,False,0.5714285714285714,2024-06-24,110,intermittent,full,0.8461538461538461,0.46153846153846156
CA-SC-10-B-51-DG-1TO,0.009009009009009009,0.09448728361893258,10.488088481701515,0.990990990990991,0.00030712530712530717,False,0.017857142857142856,2024-06-24,110,intermittent,full,0.0,1.0
CA-SC-10-B-52-BK-1TO,0.009009009009009009,0.09448728361893258,10.488088481701515,0.990990990990991,0.0001842751842751843,False,0.017857142857142856,2024-06-24,110,intermittent,full,0.0,1.0
CA-SC-10-B-53-BE-1TO,0.9819819819819819,1.4518207393252136,1.4784596519733828,0.5675675675675675,0.031274131274131284,False,1.9464285714285714,2025-07-28,54,smooth,medium,2.6923076923076925,0.0
CA-SC-10-B-53-BK-1TO,4.08,2.028201173453955,0.49710813074851834,0.0,0.013157262905162068,True,3.7142857142857144,2025-08-25,49,smooth,short,4.538461538461538,0.0
CA-SC-10-B-53-BR-1TO,0.27927927927927926,0.6461413000735534,2.3136027196182076,0.8108108108108109,0.007994032994032995,False,0.5535714285714286,2024-06-24,110,intermittent,full,0.6923076923076923,0.46153846153846156
CA-SC-10-B-53-DB-1TO,0.46846846846846846,0.8986458262729732,1.9182632060826927,0.7117117117117117,0.01420673920673921,False,0.9107142857142857,2024-06-24,110,intermittent,full,1.1538461538461537,0.3076923076923077
CA-SC-10-B-53-DG-1TO,0.8378378378378378,1.2630617778970727,1.5075253478126351,0.5945945945945946,0.026702351702351707,False,1.6428571428571428,2026-02-16,25,smooth,short,2.5384615384615383,0.0
CA-SC-10-B-53-GR-1TO,0.6306306306306306,0.9765533057963425,1.5485345277627716,0.6396396396396397,0.019032994032994036,False,1.2321428571428572,2024-06-24,110,intermittent,full,1.6923076923076923,0.15384615384615385
CA-SC-10-B-53-PK-1TO,0.009009009009009009,0.09448728361893258,10.488088481701515,0.990990990990991,0.00017550017550017544,False,0.017857142857142856,2024-06-24,110,intermittent,full,0.0,1.0
CA-SC-10-B-53-WR-1TO,0.2882882882882883,0.6060860609569066,2.10236102394427,0.7837837837837838,0.00988943488943489,False,0.5714285714285714,2024-06-24,110,intermittent,full,0.9230769230769231,0.38461538461538464
CA-SC-10-B-54-BE-1TO,0.018018018018018018,0.13301642396606667,7.3824115301167,0.9819819819819819,0.0008073008073008072,False,0.03571428571428571,2024-06-24,110,intermittent,full,0.15384615384615385,0.8461538461538461
CA-SC-10-B-54-BK-1TO,0.04504504504504504,0.2074029627607448,4.604345773288535,0.954954954954955,0.0013162513162513164,False,0.08928571428571429,2024-06-24,110,intermittent,full,0.07692307692307693,0.9230769230769231
CA-SC-10-B-54-BR-1TO,0.009009009009009009,0.09448728361893258,10.488088481701515,0.990990990990991,0.00030712530712530717,False,0.017857142857142856,2024-06-24,110,intermittent,full,0.0,1.0
CA-SC-10-B-55-BK-1TO,0.018018018018018018,0.13301642396606667,7.3824115301167,0.9819819819819819,0.00028080028080028075,False,0.03571428571428571,2024-06-24,110,intermittent,full,0.0,1.0
CA-SC-10-B-56-BE-1TO,1.2342342342342343,1.765306062608938,1.430284474084614,0.5765765765765766,0.037732537732537735,False,2.4285714285714284,2025-06-30,58,smooth,medium,3.076923076923077,0.0
CA-SC-10-B-56-BK-1TO,6.591836734693878,3.116240325979819,0.47274234047371866,0.02040816326530612,0.030408163265306133,True,5.875,2025-09-01,48,smooth,short,7.384615384615385,0.0
CA-SC-10-B-56-BR-1TO,0.5495495495495496,0.9655203399328889,1.756930454631978,0.7027027027027027,0.01413653913653914,False,1.0714285714285714,2024-06-24,110,intermittent,full,1.0769230769230769,0.38461538461538464
CA-SC-10-B-56-DB-1TO,0.6486486486486487,1.1441086750549583,1.763834207376394,0.6756756756756757,0.020735345735345738,False,1.2678571428571428,2024-06-24,110,intermittent,full,1.8461538461538463,0.15384615384615385
CA-SC-10-B-56-DG-1TO,0.6306306306306306,1.098138703130901,1.7413342292504286,0.6666666666666666,0.018725868725868733,False,1.25,2024-06-24,110,intermittent,full,1.4615384615384615,0.46153846153846156
CA-SC-10-B-56-GR-1TO,0.5855855855855856,1.1025643203518538,1.882840608600858,0.6936936936936937,0.01935766935766936,False,1.1607142857142858,2024-06-24,110,intermittent,full,1.9230769230769231,0.3076923076923077
CA-SC-10-B-56-PK-1TO,0.04504504504504504,0.24705061623066824,5.4845236803208355,0.963963963963964,0.0008862758862758863,False,0.08928571428571429,2024-06-24,110,intermittent,full,0.0,1.0
CA-SC-10-B-56-RD-1TO,0.036036036036036036,0.18637982761781263,5.172040216394301,0.963963963963964,0.0007107757107757109,False,0.07142857142857142,2024-06-24,110,intermittent,full,0.0,1.0
CA-SC-10-B-56-WH-1TO,0.24324324324324326,0.506110699286059,2.0806773192871315,0.7927927927927928,0.005300105300105299,False,0.48214285714285715,2024-06-24,110,intermittent,full,0.07692307692307693,0.9230769230769231
CA-SC-10-B-56-WR-1TO,0.5045045045045045,0.9287584842421531,1.8409319955514107,0.7117117117117117,0.01683924183924184,False,1.0,2024-06-24,110,intermittent,full,1.5384615384615385,0.15384615384615385
CA-SC-10-B-57-BK-1TO,0.018018018018018018,0.13301642396606667,7.3824115301167,0.9819819819819819,0.000631800631800632,False,0.03571428571428571,2024-06-24,110,intermittent,full,0.07692307692307693,0.9230769230769231
CA-SC-10-B-61-DG-1TO,0.009009009009009009,0.09448728361893259,10.488088481701517,0.990990990990991,7.897507897507897e-05,False,0.017857142857142856,2024-06-24,110,intermittent,full,0.0,1.0
CA-SC-10-B-62-BE-1TO,0.04504504504504504,0.2074029627607448,4.604345773288535,0.954954954954955,0.0012987012987012987,False,0.08928571428571429,2024-06-24,110,intermittent,full,0.15384615384615385,0.8461538461538461
CA-SC-10-B-62-BK-1TO,0.02702702702702703,0.16216216216216223,6.000000000000002,0.972972972972973,0.0011144261144261144,False,0.05357142857142857,2024-06-24,110,intermittent,full,0.15384615384615385,0.8461538461538461
CA-SC-10-B-62-DB-1TO,0.009009009009009009,0.09448728361893258,10.488088481701515,0.990990990990991,0.00033345033345033354,False,0.017857142857142856,2024-06-24,110,intermittent,full,0.0,1.0
CA-SC-10-B-62-DG-1TO,0.08108108108108109,0.2729595929287048,3.3665016461206925,0.918918918918919,0.003027378027378028,False,0.16071428571428573,2024-06-24,110,intermittent,full,0.23076923076923078,0.7692307692307693
CA-SC-10-B-62-GR-1TO,0.04504504504504504,0.2074029627607448,4.604345773288535,0.954954954954955,0.001017901017901018,False,0.07142857142857142,2024-06-24,110,intermittent,full,0.07692307692307693,0.9230769230769231
CA-SC-10-B-62-WR-1TO,0.009009009009009009,0.09448728361893258,10.488088481701515,0.990990990990991,0.00039487539487539496,False,0.017857142857142856,2024-06-24,110,intermittent,full,0.07692307692307693,0.9230769230769231
CA-SC-10-B-64-BK-1TO,0.08108108108108109,0.30417915344385826,3.7515428924742515,0.9279279279279279,0.0032994032994033,False,0.16071428571428573,2024-06-24,110,intermittent,full,0.46153846153846156,0.6153846153846154
CA-SC-10-B-64-DB-1TO,0.009009009009009009,0.09448728361893258,10.488088481701515,0.990990990990991,0.00028957528957528967,False,0.017857142857142856,2024-06-24,110,intermittent,full,0.0,1.0
CA-SC-10-B-64-GR-1TO,0.07207207207207207,0.2586072089082401,3.5881750236018317,0.9279279279279279,0.0025974025974025974,False,0.125,2024-06-24,110,intermittent,full,0.3076923076923077,0.6923076923076923
CA-SC-10-B-65-BE-1TO,0.018018018018018018,0.13301642396606667,7.3824115301167,0.9819819819819819,0.0004738504738504739,False,0.03571428571428571,2024-06-24,110,intermittent,full,0.0,1.0
CA-SC-10-B-65-BK-1TO,0.0990990990990991,0.29879502615814413,3.015113445777636,0.9009009009009009,0.0032292032292032297,False,0.19642857142857142,2024-06-24,110,intermittent,full,0.23076923076923078,0.7692307692307693
CA-SC-10-B-65-DG-1TO,0.02702702702702703,0.16216216216216223,6.000000000000002,0.972972972972973,0.001131976131976132,False,0.05357142857142857,2024-06-24,110,intermittent,full,0.15384615384615385,0.8461538461538461
CA-SC-10-B-66-BE-1TO,0.15315315315315314,0.4286622433646962,2.7989122949106635,0.8738738738738738,0.0054931554931554934,False,0.30357142857142855,2024-06-24,110,intermittent,full,0.6153846153846154,0.46153846153846156
CA-SC-10-B-66-BK-1TO,0.02702702702702703,0.1621621621621622,6.000000000000001,0.972972972972973,0.001123201123201123,False,0.05357142857142857,2024-06-24,110,intermittent,full,0.07692307692307693,0.9230769230769231
CA-SC-10-B-66-DB-1TO,0.009009009009009009,0.09448728361893258,10.488088481701515,0.990990990990991,0.0003246753246753247,False,0.017857142857142856,2024-06-24,110,intermittent,full,0.0,1.0
CA-SC-10-B-66-DG-1TO,0.07207207207207207,0.2913686779963285,4.042740407199058,0.9369369369369369,0.0022200772200772208,False,0.14285714285714285,2024-06-24,110,intermittent,full,0.15384615384615385,0.8461538461538461
CA-SC-10-B-66-GR-1TO,0.04504504504504504,0.2074029627607448,4.604345773288535,0.954954954954955,0.001605826605826606,False,0.08928571428571429,2024-06-24,110,intermittent,full,0.07692307692307693,0.9230769230769231
CA-SC-10-B-67-BE-1TO,0.15315315315315314,0.4286622433646962,2.7989122949106635,0.8738738738738738,0.004703404703404704,False,0.30357142857142855,2024-06-24,110,intermittent,full,0.23076923076923078,0.8461538461538461
CA-SC-10-B-67-BK-1TO,2.9375,2.276750700010873,0.7750640680888079,0.08333333333333333,-0.0016825879287885811,True,2.5535714285714284,2025-09-08,47,intermittent,short,2.5384615384615383,0.23076923076923078
CA-SC-10-B-67-BR-1TO,0.3063063063063063,0.7076517796992967,2.3102749278418218,0.7927927927927928,0.011012636012636013,False,0.6071428571428571,2024-06-24,110,intermittent,full,1.1538461538461537,0.38461538461538464
CA-SC-10-B-67-DB-1TO,0.3333333333333333,0.8091073196150526,2.427321958845158,0.7837837837837838,0.011144261144261145,False,0.6607142857142857,2024-06-24,110,intermittent,full,0.6923076923076923,0.6153846153846154
CA-SC-10-B-67-DG-1TO,0.4144144144144144,0.8432932918080405,2.0349033780585324,0.7297297297297297,0.01045981045981046,False,0.8214285714285714,2024-06-24,110,intermittent,full,0.6153846153846154,0.46153846153846156
CA-SC-10-B-67-GR-1TO,0.13513513513513514,0.3672759839754867,2.7178422814186014,0.8738738738738738,0.0034924534924534924,False,0.25,2024-06-24,110,intermittent,full,0.23076923076923078,0.7692307692307693
CA-SC-10-B-67-RD-1TO,0.09009009009009009,0.3162149328789953,3.509985754956848,0.918918918918919,0.0011232011232011232,False,0.17857142857142858,2024-06-24,110,intermittent,full,0.0,1.0
CA-SC-10-B-67-WR-1TO,0.1981981981981982,0.4806118439044734,2.4249052124271158,0.8378378378378378,0.0063882063882063885,False,0.39285714285714285,2024-06-24,110,intermittent,full,0.38461538461538464,0.6923076923076923
CA-SC-10-B-68-BE-1TO,0.09009009009009009,0.3162149328789953,3.509985754956848,0.918918918918919,0.0031502281502281512,False,0.17857142857142858,2024-06-24,110,intermittent,full,0.23076923076923078,0.7692307692307693
CA-SC-10-B-68-BK-1TO,0.8198198198198198,1.3369199386986708,1.6307484966544226,0.6396396396396397,0.027220077220077226,False,1.6071428571428572,2025-10-20,42,smooth,short,2.3846153846153846,0.0
CA-SC-10-B-68-DB-1TO,0.08108108108108109,0.30417915344385826,3.7515428924742515,0.9279279279279279,0.0027816777816777826,False,0.16071428571428573,2024-06-24,110,intermittent,full,0.23076923076923078,0.7692307692307693
CA-SC-10-B-68-DG-1TO,0.0990990990990991,0.29879502615814413,3.015113445777636,0.9009009009009009,0.0035714285714285726,False,0.19642857142857142,2024-06-24,110,intermittent,full,0.3076923076923077,0.6923076923076923
CA-SC-10-B-68-GR-1TO,0.018018018018018018,0.13301642396606667,7.3824115301167,0.9819819819819819,0.0009477009477009479,False,0.03571428571428571,2024-06-24,110,intermittent,full,0.15384615384615385,0.8461538461538461
CA-SC-10-B-68-WR-1TO,0.3063063063063063,0.6948043057534717,2.268331704077511,0.8018018018018018,0.011275886275886276,False,0.6071428571428571,2024-06-24,110,intermittent,full,0.8461538461538461,0.38461538461538464
CA-SC-10-B-70-BE-1TO,0.04504504504504504,0.24705061623066824,5.4845236803208355,0.963963963963964,0.0012987012987012987,False,0.08928571428571429,2024-06-24,110,intermittent,full,0.07692307692307693,0.9230769230769231
CA-SC-10-B-70-BK-1TO,0.3153153153153153,0.7349938037611221,2.330980349070987,0.7927927927927928,0.010916110916110916,False,0.625,2024-06-24,110,intermittent,full,0.7692307692307693,0.46153846153846156
CA-SC-10-B-70-BR-1TO,0.05405405405405406,0.2261243314956961,4.183300132670378,0.9459459459459459,0.0017374517374517376,False,0.10714285714285714,2024-06-24,110,intermittent,full,0.07692307692307693,0.9230769230769231
CA-SC-10-B-70-DG-1TO,0.02702702702702703,0.1621621621621622,6.000000000000001,0.972972972972973,0.0009213759213759216,False,0.05357142857142857,2024-06-24,110,intermittent,full,0.07692307692307693,0.9230769230769231
CA-SC-10-B-70-GR-1TO,0.036036036036036036,0.22968556367535067,6.373774391990981,0.972972972972973,0.001763776763776764,False,0.07142857142857142,2024-06-24,110,intermittent,full,0.23076923076923078,0.8461538461538461
CA-SC-10-B-70-WH-1TO,0.009009009009009009,0.09448728361893258,10.488088481701515,0.990990990990991,0.00035977535977535984,False,0.017857142857142856,2024-06-24,110,intermittent,full,0.0,1.0
CA-SC-10-B-70-WR-1TO,0.018018018018018018,0.18897456723786515,10.488088481701515,0.990990990990991,0.0009477009477009476,False,0.03571428571428571,2024-06-24,110,intermittent,full,0.15384615384615385,0.9230769230769231
CA-SC-10-B-71-BE-1TO,0.3153153153153153,0.7349938037611221,2.330980349070987,0.8018018018018018,0.010494910494910498,False,0.625,2024-06-24,110,intermittent,full,0.8461538461538461,0.3076923076923077
CA-SC-10-B-71-BK-1TO,3.0208333333333335,2.1649632727190133,0.7166774971759492,0.0625,0.048360833695180204,True,2.625,2025-09-08,47,smooth,short,3.3846153846153846,0.0
CA-SC-10-B-71-BR-1TO,0.10810810810810811,0.3382879883877223,3.129163892586431,0.9009009009009009,0.0028343278343278345,False,0.21428571428571427,2024-06-24,110,intermittent,full,0.07692307692307693,0.9230769230769231
CA-SC-10-B-71-DB-1TO,0.2702702702702703,0.5842674006158906,2.161789382278795,0.7837837837837838,0.0095998595998596,False,0.5178571428571429,2024-06-24,110,intermittent,full,1.0,0.38461538461538464
CA-SC-10-B-71-DG-1TO,0.27927927927927926,0.7373090978598242,2.640042253627113,0.8378378378378378,0.01024043524043524,False,0.5535714285714286,2024-06-24,110,intermittent,full,0.7692307692307693,0.46153846153846156
CA-SC-10-B-71-GR-1TO,0.3333333333333333,0.7145001823026434,2.1435005469079305,0.7747747747747747,0.011012636012636013,False,0.6607142857142857,2024-06-24,110,intermittent,full,0.8461538461538461,0.5384615384615384
CA-SC-10-B-71-WH-1TO,0.11711711711711711,0.41889470045270877,3.5767162884808212,0.9099099099099099,0.0022113022113022115,False,0.23214285714285715,2024-06-24,110,intermittent,full,0.0,1.0
CA-SC-10-B-71-WR-1TO,0.11711711711711711,0.373412284253382,3.1883664270865695,0.9009009009009009,0.003413478413478414,False,0.23214285714285715,2024-06-24,110,intermittent,full,0.23076923076923078,0.7692307692307693
CA-SC-10-B-72-BE-1TO,0.009009009009009009,0.09448728361893258,10.488088481701515,0.990990990990991,0.00025447525447525445,False,0.017857142857142856,2024-06-24,110,intermittent,full,0.0,1.0
CA-SC-10-B-72-BK-1TO,0.26126126126126126,0.5959580327402245,2.2810807460056868,0.8198198198198198,0.00938048438048438,False,0.5178571428571429,2024-06-24,110,intermittent,full,0.8461538461538461,0.46153846153846156
CA-SC-10-B-72-DB-1TO,0.08108108108108109,0.3324800376080349,4.100587130499097,0.9369369369369369,0.003027378027378028,False,0.16071428571428573,2024-06-24,110,intermittent,full,0.38461538461538464,0.6923076923076923
CA-SC-10-B-72-DG-1TO,0.0990990990990991,0.32756142275131245,3.3053925386723346,0.9099099099099099,0.0031941031941031942,False,0.19642857142857142,2024-06-24,110,intermittent,full,0.07692307692307693,0.9230769230769231
CA-SC-10-B-72-GR-1TO,0.0990990990990991,0.32756142275131245,3.3053925386723346,0.9099099099099099,0.003167778167778169,False,0.19642857142857142,2024-06-24,110,intermittent,full,0.15384615384615385,0.8461538461538461
CA-SC-10-B-72-WR-1TO,0.036036036036036036,0.22968556367535062,6.373774391990979,0.972972972972973,0.0011583011583011585,False,0.07142857142857142,2024-06-24,110,intermittent,full,0.15384615384615385,0.9230769230769231
CA-SC-10-B-73-BE-1TO,0.36036036036036034,0.918212058107453,2.5480384612481823,0.7927927927927928,0.011697086697086698,False,0.7142857142857143,2024-06-24,110,intermittent,full,0.8461538461538461,0.46153846153846156
CA-SC-10-B-73-BK-1TO,0.3333333333333333,0.7632709758549598,2.2898129275648795,0.7927927927927928,0.012197262197262198,False,0.6607142857142857,2024-06-24,110,intermittent,full,1.1538461538461537,0.46153846153846156
CA-SC-10-B-73-BR-1TO,0.036036036036036036,0.18637982761781263,5.172040216394301,0.963963963963964,0.0012899262899262898,False,0.07142857142857142,2024-06-24,110,intermittent,full,0.15384615384615385,0.8461538461538461
CA-SC-10-B-73-DB-1TO,0.04504504504504504,0.24705061623066824,5.4845236803208355,0.963963963963964,0.0017199017199017199,False,0.08928571428571429,2024-06-24,110,intermittent,full,0.07692307692307693,0.9230769230769231
CA-SC-10-B-73-DG-1TO,0.04504504504504504,0.2074029627607448,4.604345773288535,0.954954954954955,0.00200947700947701,False,0.08928571428571429,2024-06-24,110,intermittent,full,0.3076923076923077,0.6923076923076923
CA-SC-10-B-73-GR-1TO,0.009009009009009009,0.09448728361893259,10.488088481701517,0.990990990990991,9.652509652509655e-05,False,0.017857142857142856,2024-06-24,110,intermittent,full,0.0,1.0
CA-SC-10-B-73-WR-1TO,0.009009009009009009,0.09448728361893258,10.488088481701515,0.990990990990991,0.00038610038610038604,False,0.017857142857142856,2024-06-24,110,intermittent,full,0.07692307692307693,0.9230769230769231
CA-SC-10-B-75-BE-1TO,0.7567567567567568,1.3302862674797995,1.757878282026878,0.6936936936936937,0.023464373464373467,False,1.5,2024-06-24,110,intermittent,full,1.6923076923076923,0.15384615384615385
CA-SC-10-B-75-BK-1TO,0.6576576576576577,1.0696087985337535,1.6263914607842003,0.6486486486486487,0.020024570024570025,False,1.3035714285714286,2024-06-24,110,intermittent,full,1.4615384615384615,0.3076923076923077
CA-SC-10-B-75-BR-1TO,0.26126126126126126,0.7316735316845749,2.8005435178271663,0.8378378378378378,0.009319059319059322,False,0.5178571428571429,2024-06-24,110,intermittent,full,0.6923076923076923,0.46153846153846156
CA-SC-10-B-75-DB-1TO,0.3963963963963964,0.9131598370027789,2.3036532251661015,0.7837837837837838,0.012662337662337667,False,0.7857142857142857,2024-06-24,110,intermittent,full,0.7692307692307693,0.6153846153846154
CA-SC-10-B-75-DG-1TO,0.6576576576576577,1.0611526581424566,1.613533493887845,0.6396396396396397,0.021182871182871182,False,1.3035714285714286,2024-06-24,110,intermittent,full,1.6923076923076923,0.15384615384615385
CA-SC-10-B-75-GR-1TO,0.38738738738738737,0.8612914164120448,2.2233336563194643,0.7657657657657657,0.013460863460863465,False,0.7678571428571429,2024-06-24,110,intermittent,full,1.1538461538461537,0.38461538461538464
CA-SC-10-B-75-WR-1TO,0.04504504504504504,0.2074029627607448,4.604345773288535,0.954954954954955,0.0017374517374517371,False,0.08928571428571429,2024-06-24,110,intermittent,full,0.15384615384615385,0.8461538461538461
CA-SC-10-B-76-BE-1TO,0.14414414414414414,0.3760114730578235,2.6085795943386505,0.8648648648648649,0.004422604422604423,False,0.26785714285714285,2024-06-24,110,intermittent,full,0.3076923076923077,0.7692307692307693
CA-SC-10-B-76-BK-1TO,4.689655172413793,2.736766885312341,0.583575291721014,0.017241379310344827,0.05106278261404528,True,4.785714285714286,2025-06-30,57,smooth,medium,5.384615384615385,0.0
CA-SC-10-B-76-BR-1TO,0.18018018018018017,0.4491874184619068,2.492990172463583,0.8468468468468469,0.005265005265005266,False,0.35714285714285715,2024-06-24,110,intermittent,full,0.5384615384615384,0.6153846153846154
CA-SC-10-B-76-DB-1TO,0.5585585585585585,0.9650158443798879,1.7276896568736704,0.6756756756756757,0.016242541242541247,False,1.0892857142857142,2024-06-24,110,intermittent,full,1.0,0.38461538461538464
CA-SC-10-B-76-DG-1TO,4.036363636363636,2.1059537797193104,0.5217453057863156,0.03636363636363636,0.04307359307359307,True,3.982142857142857,2025-07-21,54,smooth,medium,4.384615384615385,0.0
CA-SC-10-B-76-GR-1TO,0.44144144144144143,0.8666460636984674,1.9632186340924467,0.7117117117117117,0.01233766233766234,False,0.8214285714285714,2024-06-24,110,intermittent,full,1.2307692307692308,0.3076923076923077
CA-SC-10-B-76-RD-1TO,0.018018018018018018,0.13301642396606667,7.3824115301167,0.9819819819819819,0.00018427518427518427,False,0.03571428571428571,2024-06-24,110,intermittent,full,0.0,1.0
CA-SC-10-B-76-WR-1TO,0.2882882882882883,0.5433859045045124,1.8848698562500275,0.7567567567567568,0.00816953316953317,False,0.5357142857142857,2024-06-24,110,intermittent,full,0.8461538461538461,0.38461538461538464
CA-SC-10-B-77-BE-1TO,0.15315315315315314,0.42866224336469627,2.798912294910664,0.8738738738738738,0.005361530361530364,False,0.30357142857142855,2024-06-24,110,intermittent,full,0.38461538461538464,0.6923076923076923
CA-SC-10-B-77-BK-1TO,0.5765765765765766,1.0182970198879129,1.7661088938680989,0.6756756756756757,0.0179010179010179,False,1.1428571428571428,2024-06-24,110,intermittent,full,1.6923076923076923,0.07692307692307693
CA-SC-10-B-77-BR-1TO,0.018018018018018018,0.13301642396606667,7.3824115301167,0.9819819819819819,0.0006932256932256933,False,0.03571428571428571,2024-06-24,110,intermittent,full,0.07692307692307693,0.9230769230769231
CA-SC-10-B-77-DB-1TO,0.11711711711711711,0.3484518847894363,2.975243016279033,0.8918918918918919,0.0033783783783783786,False,0.23214285714285715,2024-06-24,110,intermittent,full,0.15384615384615385,0.8461538461538461
CA-SC-10-B-77-DG-1TO,0.6576576576576577,1.0440349265454512,1.5875051622814393,0.6396396396396397,0.020349245349245353,False,1.3035714285714286,2024-06-24,110,intermittent,full,1.4615384615384615,0.07692307692307693
CA-SC-10-B-77-GR-1TO,0.14414414414414414,0.3760114730578235,2.6085795943386505,0.8648648648648649,0.005300105300105301,False,0.2857142857142857,2024-06-24,110,intermittent,full,0.5384615384615384,0.5384615384615384
CA-SC-10-B-77-RD-1TO,0.009009009009009009,0.09448728361893258,10.488088481701515,0.990990990990991,0.00028080028080028086,False,0.017857142857142856,2024-06-24,110,intermittent,full,0.0,1.0
CA-SC-10-B-77-WR-1TO,0.009009009009009009,0.09448728361893258,10.488088481701515,0.990990990990991,0.00040365040365040387,False,0.017857142857142856,2024-06-24,110,intermittent,full,0.07692307692307693,0.9230769230769231
CA-SC-10-B-78-BE-1TO,0.13513513513513514,0.39103665611190447,2.8936712552280928,0.8828828828828829,0.003720603720603721,False,0.26785714285714285,2024-06-24,110,intermittent,full,0.15384615384615385,0.8461538461538461
CA-SC-10-B-78-BK-1TO,0.2072072072072072,0.48615270498133484,2.346215228388181,0.8288288288288288,0.006914706914706916,False,0.4107142857142857,2024-06-24,110,intermittent,full,0.6153846153846154,0.5384615384615384
CA-SC-10-B-78-BR-1TO,0.04504504504504504,0.2074029627607448,4.604345773288535,0.954954954954955,0.0016760266760266762,False,0.08928571428571429,2024-06-24,110,intermittent,full,0.15384615384615385,0.8461538461538461
CA-SC-10-B-78-DB-1TO,0.04504504504504504,0.24705061623066824,5.4845236803208355,0.963963963963964,0.0012899262899262898,False,0.08928571428571429,2024-06-24,110,intermittent,full,0.07692307692307693,0.9230769230769231
CA-SC-10-B-78-DG-1TO,0.07207207207207207,0.2913686779963285,4.042740407199058,0.9369369369369369,0.0021937521937521937,False,0.14285714285714285,2024-06-24,110,intermittent,full,0.15384615384615385,0.8461538461538461
CA-SC-10-B-78-GR-1TO,0.08108108108108109,0.2729595929287048,3.3665016461206925,0.918918918918919,0.0028957528957528965,False,0.16071428571428573,2024-06-24,110,intermittent,full,0.23076923076923078,0.7692307692307693
CA-SC-10-B-78-WR-1TO,0.018018018018018018,0.13301642396606667,7.3824115301167,0.9819819819819819,0.000780975780975781,False,0.03571428571428571,2024-06-24,110,intermittent,full,0.07692307692307693,0.9230769230769231
CA-SC-10-B-79-BE-1TO,0.14414414414414414,0.4420844737436144,3.066961036596325,0.8828828828828829,0.004835029835029836,False,0.2857142857142857,2024-06-24,110,intermittent,full,0.3076923076923077,0.6923076923076923
CA-SC-10-B-79-BK-1TO,0.26126126126126126,0.5649158705077796,2.162264194012536,0.7837837837837838,0.007827307827307829,False,0.5178571428571429,2024-06-24,110,intermittent,full,0.38461538461538464,0.6153846153846154
CA-SC-10-B-79-BR-1TO,0.04504504504504504,0.2074029627607448,4.604345773288535,0.954954954954955,0.0013601263601263599,False,0.08928571428571429,2024-06-24,110,intermittent,full,0.0,1.0
CA-SC-10-B-79-DB-1TO,0.17117117117117117,0.442634900776153,2.5859196834817357,0.8558558558558559,0.0051158301158301155,False,0.3392857142857143,2024-06-24,110,intermittent,full,0.3076923076923077,0.6923076923076923
CA-SC-10-B-79-DG-1TO,0.02702702702702703,0.16216216216216223,6.000000000000002,0.972972972972973,0.0009301509301509303,False,0.05357142857142857,2024-06-24,110,intermittent,full,0.07692307692307693,0.9230769230769231
CA-SC-10-B-79-GR-1TO,0.17117117117117117,0.4816240145810327,2.8136981904470857,0.8738738738738738,0.005537030537030538,False,0.3392857142857143,2024-06-24,110,intermittent,full,0.38461538461538464,0.6923076923076923
CA-SC-10-B-79-WR-1TO,0.07207207207207207,0.2586072089082401,3.5881750236018317,0.9279279279279279,0.0026500526500526506,False,0.14285714285714285,2024-06-24,110,intermittent,full,0.15384615384615385,0.8461538461538461
CA-SC-10-B-80-BK-1TO,0.09009009009009009,0.31621493287899544,3.5099857549568494,0.918918918918919,0.003624078624078625,False,0.17857142857142858,2024-06-24,110,intermittent,full,0.46153846153846156,0.6153846153846154
CA-SC-10-B-80-BR-1TO,0.036036036036036036,0.18637982761781263,5.172040216394301,0.963963963963964,0.0017462267462267462,False,0.07142857142857142,2024-06-24,110,intermittent,full,0.3076923076923077,0.6923076923076923
CA-SC-10-B-80-DB-1TO,0.036036036036036036,0.18637982761781263,5.172040216394301,0.963963963963964,0.0013338013338013337,False,0.07142857142857142,2024-06-24,110,intermittent,full,0.15384615384615385,0.8461538461538461
CA-SC-10-B-80-DG-1TO,0.15315315315315314,0.4688148407660428,3.061085136766515,0.8828828828828829,0.0057300807300807305,False,0.30357142857142855,2024-06-24,110,intermittent,full,0.46153846153846156,0.6153846153846154
CA-SC-10-B-80-GR-1TO,0.10810810810810811,0.4717487373544521,4.363675820528682,0.9279279279279279,0.0039048789048789054,False,0.21428571428571427,2024-06-24,110,intermittent,full,0.46153846153846156,0.7692307692307693
CA-SC-10-B-80-WH-1TO,0.0990990990990991,0.40168462720014325,4.053363056292355,0.9279279279279279,0.003904878904878905,False,0.19642857142857142,2024-06-24,110,intermittent,full,0.38461538461538464,0.7692307692307693
CA-SC-10-B-80-WR-1TO,0.14414414414414414,0.3760114730578235,2.6085795943386505,0.8648648648648649,0.005563355563355564,False,0.2857142857142857,2024-06-24,110,intermittent,full,0.5384615384615384,0.5384615384615384
CA-SC-10-B-81-BK-1TO,0.06306306306306306,0.2430763524906674,3.854496446637726,0.9369369369369369,0.0020094770094770094,False,0.125,2024-06-24,110,intermittent,full,0.23076923076923078,0.7692307692307693
CA-SC-10-B-81-BR-1TO,0.009009009009009009,0.09448728361893258,10.488088481701515,0.990990990990991,0.00037732537732537735,False,0.017857142857142856,2024-06-24,110,intermittent,full,0.07692307692307693,0.9230769230769231
CA-SC-10-B-81-DB-1TO,0.009009009009009009,0.09448728361893258,10.488088481701515,0.990990990990991,0.0004738504738504738,False,0.017857142857142856,2024-06-24,110,intermittent,full,0.07692307692307693,0.9230769230769231
CA-SC-10-B-81-DG-1TO,0.018018018018018018,0.13301642396606667,7.3824115301167,0.9819819819819819,0.00085995085995086,False,0.03571428571428571,2024-06-24,110,intermittent,full,0.15384615384615385,0.8461538461538461
CA-SC-10-B-81-GR-1TO,0.009009009009009009,0.09448728361893258,10.488088481701515,0.990990990990991,0.0004475254475254477,False,0.017857142857142856,2024-06-24,110,intermittent,full,0.07692307692307693,0.9230769230769231
CA-SC-10-B-82-BE-1TO,0.02702702702702703,0.1621621621621622,6.000000000000001,0.972972972972973,0.0010003510003510005,False,0.05357142857142857,2024-06-24,110,intermittent,full,0.15384615384615385,0.8461538461538461
CA-SC-10-B-82-BK-1TO,0.04504504504504504,0.2074029627607448,4.604345773288535,0.954954954954955,0.0016672516672516671,False,0.08928571428571429,2024-06-24,110,intermittent,full,0.07692307692307693,0.9230769230769231
CA-SC-10-B-82-DB-1TO,0.009009009009009009,0.09448728361893258,10.488088481701515,0.990990990990991,0.0004212004212004214,False,0.017857142857142856,2024-06-24,110,intermittent,full,0.07692307692307693,0.9230769230769231
CA-SC-10-B-82-DG-1TO,0.036036036036036036,0.22968556367535065,6.37377439199098,0.972972972972973,0.0013864513864513864,False,0.07142857142857142,2024-06-24,110,intermittent,full,0.07692307692307693,0.9230769230769231
CA-SC-10-B-82-GR-1TO,0.07207207207207207,0.2913686779963285,4.042740407199058,0.9369369369369369,0.0033169533169533174,False,0.14285714285714285,2024-06-24,110,intermittent,full,0.46153846153846156,0.6153846153846154
CA-SC-10-B-83-BE-1TO,0.0990990990990991,0.3539978865655586,3.5721604917070002,0.918918918918919,0.00358020358020358,False,0.19642857142857142,2024-06-24,110,intermittent,full,0.3076923076923077,0.6923076923076923
CA-SC-10-B-83-BK-1TO,0.009009009009009009,0.09448728361893258,10.488088481701515,0.990990990990991,0.00037732537732537735,False,0.017857142857142856,2024-06-24,110,intermittent,full,0.07692307692307693,0.9230769230769231
CA-SC-10-B-83-BR-1TO,0.11711711711711711,0.373412284253382,3.1883664270865695,0.9009009009009009,0.004378729378729378,False,0.23214285714285715,2024-06-24,110,intermittent,full,0.46153846153846156,0.6153846153846154
CA-SC-10-B-83-WR-1TO,0.02702702702702703,0.16216216216216217,6.0,0.972972972972973,0.0012548262548262548,False,0.05357142857142857,2024-06-24,110,intermittent,full,0.15384615384615385,0.8461538461538461
CA-SC-10-B-84-BE-1TO,0.05405405405405406,0.32432432432432445,6.000000000000002,0.963963963963964,0.0009915759915759919,False,0.10714285714285714,2024-06-24,110,intermittent,full,0.0,1.0
CA-SC-10-B-84-BK-1TO,0.26126126126126126,0.5959580327402246,2.281080746005687,0.8108108108108109,0.00716040716040716,False,0.5178571428571429,2024-06-24,110,intermittent,full,0.6153846153846154,0.46153846153846156
CA-SC-10-B-84-BR-1TO,0.02702702702702703,0.16216216216216217,6.0,0.972972972972973,0.0008511758511758511,False,0.05357142857142857,2024-06-24,110,intermittent,full,0.07692307692307693,0.9230769230769231
CA-SC-10-B-84-GR-1TO,0.009009009009009009,0.09448728361893258,10.488088481701515,0.990990990990991,0.0001842751842751843,False,0.017857142857142856,2024-06-24,110,intermittent,full,0.0,1.0
CA-SC-10-B-84-WR-1TO,0.018018018018018018,0.13301642396606667,7.3824115301167,0.9819819819819819,0.0004914004914004914,False,0.03571428571428571,2024-06-24,110,intermittent,full,0.0,1.0
CA-SC-10-B-85-BE-1TO,0.036036036036036036,0.18637982761781263,5.172040216394301,0.963963963963964,0.0007897507897507899,False,0.07142857142857142,2024-06-24,110,intermittent,full,0.0,1.0
CA-SC-10-B-85-BK-1TO,0.10810810810810811,0.3382879883877223,3.129163892586431,0.9009009009009009,0.003834678834678835,False,0.21428571428571427,2024-06-24,110,intermittent,full,0.38461538461538464,0.6153846153846154
CA-SC-10-B-85-BR-1TO,0.009009009009009009,0.09448728361893258,10.488088481701515,0.990990990990991,0.00037732537732537735,False,0.017857142857142856,2024-06-24,110,intermittent,full,0.07692307692307693,0.9230769230769231
CA-SC-10-B-85-DG-1TO,0.06306306306306306,0.30841878862385025,4.89064079103534,0.954954954954955,0.00179010179010179,False,0.125,2024-06-24,110,intermittent,full,0.15384615384615385,0.8461538461538461
CA-SC-10-B-85-GR-1TO,0.18018018018018017,0.4688148407660429,2.601922366251538,0.8558558558558559,0.006607581607581609,False,0.35714285714285715,2024-06-24,110,intermittent,full,0.7692307692307693,0.46153846153846156
CA-SC-10-B-85-WR-1TO,0.018018018018018018,0.13301642396606667,7.3824115301167,0.9819819819819819,0.0007809757809757813,False,0.03571428571428571,2024-06-24,110,intermittent,full,0.07692307692307693,0.9230769230769231
CA-SC-10-B-86-BE-1TO,0.0990990990990991,0.35399788656555853,3.572160491707,0.918918918918919,0.002992277992277992,False,0.19642857142857142,2024-06-24,110,intermittent,full,0.15384615384615385,0.8461538461538461
CA-SC-10-B-86-BK-1TO,0.2972972972972973,0.6790904700916307,2.284213399399121,0.8108108108108109,0.009784134784134785,False,0.5892857142857143,2024-06-24,110,intermittent,full,1.0769230769230769,0.3076923076923077
CA-SC-10-B-86-DG-1TO,0.07207207207207207,0.2586072089082401,3.5881750236018317,0.9279279279279279,0.0021937521937521937,False,0.14285714285714285,2024-06-24,110,intermittent,full,0.15384615384615385,0.8461538461538461
CA-SC-10-B-86-GR-1TO,0.05405405405405406,0.26296431566353917,4.864839839775475,0.954954954954955,0.002184977184977185,False,0.10714285714285714,2024-06-24,110,intermittent,full,0.3076923076923077,0.7692307692307693
CA-SC-10-B-86-WR-1TO,0.06306306306306306,0.277676306440044,4.403152859263555,0.9459459459459459,0.0026588276588276586,False,0.125,2024-06-24,110,intermittent,full,0.38461538461538464,0.6923076923076923
CA-SC-10-B-87-BE-1TO,0.009009009009009009,0.09448728361893258,10.488088481701515,0.990990990990991,0.0004563004563004563,False,0.017857142857142856,2024-06-24,110,intermittent,full,0.07692307692307693,0.9230769230769231
CA-SC-10-B-87-BK-1TO,0.15315315315315314,0.48765292262069765,3.184086730052791,0.9009009009009009,0.005861705861705862,False,0.30357142857142855,2024-06-24,110,intermittent,full,0.6153846153846154,0.6153846153846154
CA-SC-10-B-87-BR-1TO,0.009009009009009009,0.09448728361893258,10.488088481701515,0.990990990990991,0.00033345033345033354,False,0.017857142857142856,2024-06-24,110,intermittent,full,0.0,1.0
CA-SC-10-B-87-DG-1TO,0.036036036036036036,0.22968556367535065,6.37377439199098,0.972972972972973,0.0013864513864513866,False,0.07142857142857142,2024-06-24,110,intermittent,full,0.15384615384615385,0.9230769230769231
CA-SC-10-B-87-GR-1TO,0.009009009009009009,0.09448728361893258,10.488088481701515,0.990990990990991,0.0004563004563004563,False,0.017857142857142856,2024-06-24,110,intermittent,full,0.07692307692307693,0.9230769230769231
CA-SC-10-B-87-WR-1TO,0.009009009009009009,0.09448728361893258,10.488088481701515,0.990990990990991,0.0003246753246753247,False,0.017857142857142856,2024-06-24,110,intermittent,full,0.0,1.0
CA-SC-10-B-95-BK-1TO,0.10810810810810811,0.3879108133623601,3.588175023601831,0.918918918918919,0.0036767286767286776,False,0.21428571428571427,2024-06-24,110,intermittent,full,0.3076923076923077,0.7692307692307693
CA-SC-10-B-95-GR-1TO,0.018018018018018018,0.13301642396606667,7.3824115301167,0.9819819819819819,0.0004475254475254475,False,0.03571428571428571,2024-06-24,110,intermittent,full,0.0,1.0
CA-SC-10-B-INV-BE-1TO,0.009009009009009009,0.09448728361893259,10.488088481701517,0.990990990990991,7.020007020007022e-05,False,0.017857142857142856,2024-06-24,110,intermittent,full,0.0,1.0
CA-SC-10-B-INV-BR-1TO,0.009009009009009009,0.09448728361893258,10.488088481701515,0.990990990990991,0.00021937521937521947,False,0.017857142857142856,2024-06-24,110,intermittent,full,0.0,1.0
CA-SC-10-B-NEW-BE-1TO,0.8648648648648649,1.5215360096249257,1.7592760111288204,0.6396396396396397,0.021963846963846966,False,1.7142857142857142,2024-06-24,110,intermittent,full,0.7692307692307693,0.38461538461538464
CA-SC-10-B-NEW-BK-1TO,8.122448979591837,5.7839773514856505,0.7120977141276303,0.10204081632653061,-0.21969387755102027,True,7.125,2025-09-01,48,intermittent,short,1.3076923076923077,0.38461538461538464
CA-SC-10-B-NEW-BR-1TO,0.45045045045045046,0.907811334317882,2.015341162185698,0.7477477477477478,0.010301860301860304,False,0.8928571428571429,2024-06-24,110,intermittent,full,0.23076923076923078,0.8461538461538461
CA-SC-10-B-NEW-DB-1TO,0.5045045045045045,0.9760545128945779,1.9346794809160386,0.7207207207207207,0.013504738504738503,False,1.0,2024-06-24,110,intermittent,full,0.23076923076923078,0.7692307692307693
CA-SC-10-B-NEW-DG-1TO,3.9591836734693877,3.294765072752745,0.8321829307468274,0.1836734693877551,-0.14091836734693877,True,3.482142857142857,2025-09-01,48,intermittent,short,0.46153846153846156,0.6923076923076923
CA-SC-10-B-NEW-GR-1TO,2.5306122448979593,2.322050824878614,0.9175846001536457,0.2653061224489796,-0.09551020408163272,True,2.232142857142857,2025-09-01,48,intermittent,short,0.15384615384615385,0.8461538461538461
CA-SC-10-B-NEW-PK-1TO,0.05405405405405406,0.2261243314956961,4.183300132670378,0.9459459459459459,0.0012811512811512812,False,0.10714285714285714,2024-06-24,110,intermittent,full,0.0,1.0
CA-SC-10-B-NEW-RD-1TO,0.009009009009009009,0.09448728361893259,10.488088481701517,0.990990990990991,0.00014040014040014043,False,0.017857142857142856,2024-06-24,110,intermittent,full,0.0,1.0
CA-SC-10-B-NEW-WH-1TO,0.11711711711711711,0.3484518847894363,2.975243016279033,0.8918918918918919,0.0028167778167778176,False,0.23214285714285715,2024-06-24,110,intermittent,full,0.0,1.0
CA-SC-10-B-NEW-WR-1TO,0.5945945945945946,1.1260900895134953,1.8938787869090603,0.7027027027027027,0.01556686556686557,False,1.1785714285714286,2024-06-24,110,intermittent,full,0.3076923076923077,0.7692307692307693
CA-SC-10-E-12-BE-1TO,0.009009009009009009,0.09448728361893258,10.488088481701515,0.990990990990991,0.00038610038610038604,False,0.017857142857142856,2024-06-24,110,intermittent,full,0.07692307692307693,0.9230769230769231
CA-SC-10-E-12-BK-1TO,0.14414414414414414,0.49949247840104916,3.4652290689072784,0.9009009009009009,0.006107406107406108,False,0.2857142857142857,2024-06-24,110,intermittent,full,0.8461538461538461,0.46153846153846156
CA-SC-10-E-12-BR-1TO,0.018018018018018018,0.13301642396606667,7.3824115301167,0.9819819819819819,0.0007371007371007372,False,0.03571428571428571,2024-06-24,110,intermittent,full,0.07692307692307693,0.9230769230769231
CA-SC-10-E-12-DB-1TO,0.036036036036036036,0.22968556367535062,6.373774391990979,0.972972972972973,0.001447876447876448,False,0.07142857142857142,2024-06-24,110,intermittent,full,0.15384615384615385,0.8461538461538461
CA-SC-10-E-12-DG-1TO,0.09009009009009009,0.3162149328789953,3.509985754956848,0.918918918918919,0.003667953667953668,False,0.17857142857142858,2024-06-24,110,intermittent,full,0.23076923076923078,0.7692307692307693
CA-SC-10-E-12-GR-1TO,0.036036036036036036,0.22968556367535062,6.373774391990979,0.972972972972973,0.0015093015093015094,False,0.07142857142857142,2024-06-24,110,intermittent,full,0.23076923076923078,0.8461538461538461
CA-SC-10-E-12-WR-1TO,0.009009009009009009,0.09448728361893258,10.488088481701515,0.990990990990991,0.00035100035100035104,False,0.017857142857142856,2024-06-24,110,intermittent,full,0.0,1.0
CA-SC-10-E-13-BE-1TO,0.018018018018018018,0.13301642396606667,7.3824115301167,0.9819819819819819,0.0006318006318006318,False,0.03571428571428571,2024-06-24,110,intermittent,full,0.0,1.0
CA-SC-10-E-13-BK-1TO,0.10810810810810811,0.3382879883877223,3.129163892586431,0.9009009009009009,0.004677079677079679,False,0.21428571428571427,2024-06-24,110,intermittent,full,0.6153846153846154,0.38461538461538464
CA-SC-10-E-13-BR-1TO,0.018018018018018018,0.18897456723786515,10.488088481701515,0.990990990990991,0.0005967005967005967,False,0.03571428571428571,2024-06-24,110,intermittent,full,0.0,1.0
CA-SC-10-E-13-WR-1TO,0.009009009009009009,0.09448728361893258,10.488088481701515,0.990990990990991,0.0004387504387504389,False,0.017857142857142856,2024-06-24,110,intermittent,full,0.07692307692307693,0.9230769230769231
CA-SC-10-E-14-BK-1TO,0.018018018018018018,0.13301642396606667,7.3824115301167,0.9819819819819819,0.0006756756756756757,False,0.03571428571428571,2024-06-24,110,intermittent,full,0.07692307692307693,0.9230769230769231
CA-SC-10-E-26-BK-1TO,0.009009009009009009,0.09448728361893258,10.488088481701515,0.990990990990991,0.0004738504738504738,False,0.017857142857142856,2024-06-24,110,intermittent,full,0.07692307692307693,0.9230769230769231
CA-SC-10-E-26-DB-1TO,0.009009009009009009,0.09448728361893258,10.488088481701515,0.990990990990991,0.00037732537732537735,False,0.017857142857142856,2024-06-24,110,intermittent,full,0.07692307692307693,0.9230769230769231
CA-SC-10-E-26-GR-1TO,0.009009009009009009,0.09448728361893258,10.488088481701515,0.990990990990991,0.00041242541242541246,False,0.017857142857142856,2024-06-24,110,intermittent,full,0.07692307692307693,0.9230769230769231
CA-SC-10-E-27-BK-1TO,0.08108108108108109,0.30417915344385826,3.7515428924742515,0.9279279279279279,0.0035626535626535633,False,0.16071428571428573,2024-06-24,110,intermittent,full,0.38461538461538464,0.6153846153846154
CA-SC-10-E-27-BR-1TO,0.018018018018018018,0.13301642396606667,7.3824115301167,0.9819819819819819,0.0007722007722007722,False,0.03571428571428571,2024-06-24,110,intermittent,full,0.07692307692307693,0.9230769230769231
CA-SC-10-E-27-DB-1TO,0.06306306306306306,0.30841878862385025,4.89064079103534,0.954954954954955,0.002983502983502984,False,0.125,2024-06-24,110,intermittent,full,0.38461538461538464,0.6923076923076923
CA-SC-10-E-27-DG-1TO,0.09009009009009009,0.3162149328789954,3.509985754956849,0.918918918918919,0.0042997542997543,False,0.17857142857142858,2024-06-24,110,intermittent,full,0.6923076923076923,0.38461538461538464
CA-SC-10-E-27-GR-1TO,0.12612612612612611,0.4269547967954157,3.385141603163653,0.9009009009009009,0.005791505791505793,False,0.25,2024-06-24,110,intermittent,full,0.8461538461538461,0.38461538461538464
CA-SC-10-E-27-WR-1TO,0.009009009009009009,0.09448728361893258,10.488088481701515,0.990990990990991,0.0004387504387504389,False,0.017857142857142856,2024-06-24,110,intermittent,full,0.07692307692307693,0.9230769230769231
CA-SC-10-E-28-BK-1TO,0.5675675675675675,3.9923837888543092,7.034200008933783,0.963963963963964,0.016646191646191653,False,1.125,2024-06-24,110,intermittent,full,2.3846153846153846,0.8461538461538461
CA-SC-10-E-28-BR-1TO,0.009009009009009009,0.09448728361893258,10.488088481701515,0.990990990990991,0.0004563004563004563,False,0.017857142857142856,2024-06-24,110,intermittent,full,0.07692307692307693,0.9230769230769231
CA-SC-10-E-28-WR-1TO,0.018018018018018018,0.13301642396606667,7.3824115301167,0.9819819819819819,0.0008424008424008424,False,0.03571428571428571,2024-06-24,110,intermittent,full,0.07692307692307693,0.9230769230769231
CA-SC-10-E-29-BK-1TO,0.009009009009009009,0.09448728361893258,10.488088481701515,0.990990990990991,0.0004212004212004214,False,0.017857142857142856,2024-06-24,110,intermittent,full,0.07692307692307693,0.9230769230769231
CA-SC-10-E-29-DB-1TO,0.009009009009009009,0.09448728361893258,10.488088481701515,0.990990990990991,0.00042997542997542986,False,0.017857142857142856,2024-06-24,110,intermittent,full,0.07692307692307693,0.9230769230769231
CA-SC-10-E-30-BE-1TO,0.018018018018018018,0.13301642396606667,7.3824115301167,0.9819819819819819,0.0008687258687258689,False,0.03571428571428571,2024-06-24,110,intermittent,full,0.15384615384615385,0.8461538461538461
CA-SC-10-E-30-BK-1TO,0.018018018018018018,0.13301642396606667,7.3824115301167,0.9819819819819819,0.0008950508950508953,False,0.03571428571428571,2024-06-24,110,intermittent,full,0.15384615384615385,0.8461538461538461
CA-SC-10-E-30-DB-1TO,0.009009009009009009,0.09448728361893258,10.488088481701515,0.990990990990991,0.00042997542997542986,False,0.017857142857142856,2024-06-24,110,intermittent,full,0.07692307692307693,0.9230769230769231
CA-SC-10-E-30-DG-1TO,0.018018018018018018,0.13301642396606667,7.3824115301167,0.9819819819819819,0.0007985257985257986,False,0.03571428571428571,2024-06-24,110,intermittent,full,0.07692307692307693,0.9230769230769231
CA-SC-10-E-30-GR-1TO,0.06306306306306306,0.277676306440044,4.403152859263555,0.9459459459459459,0.002922077922077922,False,0.125,2024-06-24,110,intermittent,full,0.38461538461538464,0.6923076923076923
CA-SC-10-E-31-BK-1TO,0.009009009009009009,0.09448728361893258,10.488088481701515,0.990990990990991,0.0004387504387504389,False,0.017857142857142856,2024-06-24,110,intermittent,full,0.07692307692307693,0.9230769230769231
CA-SC-10-E-32-BE-1TO,0.009009009009009009,0.09448728361893258,10.488088481701515,0.990990990990991,0.0004563004563004563,False,0.017857142857142856,2024-06-24,110,intermittent,full,0.07692307692307693,0.9230769230769231
CA-SC-10-E-32-BK-1TO,0.009009009009009009,0.09448728361893258,10.488088481701515,0.990990990990991,0.0004475254475254477,False,0.017857142857142856,2024-06-24,110,intermittent,full,0.07692307692307693,0.9230769230769231
CA-SC-10-E-32-DG-1TO,0.018018018018018018,0.18897456723786515,10.488088481701515,0.990990990990991,0.0009126009126009125,False,0.03571428571428571,2024-06-24,110,intermittent,full,0.15384615384615385,0.9230769230769231
CA-SC-10-E-32-GR-1TO,0.009009009009009009,0.09448728361893258,10.488088481701515,0.990990990990991,0.0004563004563004563,False,0.017857142857142856,2024-06-24,110,intermittent,full,0.07692307692307693,0.9230769230769231
CA-SC-10-E-32-WR-1TO,0.009009009009009009,0.09448728361893258,10.488088481701515,0.990990990990991,0.0004387504387504389,False,0.017857142857142856,2024-06-24,110,intermittent,full,0.07692307692307693,0.9230769230769231
CA-SC-10-E-33-BE-1TO,0.009009009009009009,0.09448728361893258,10.488088481701515,0.990990990990991,0.00046507546507546513,False,0.017857142857142856,2024-06-24,110,intermittent,full,0.07692307692307693,0.9230769230769231
CA-SC-10-E-33-BK-1TO,0.036036036036036036,0.22968556367535067,6.373774391990981,0.972972972972973,0.001886626886626887,False,0.07142857142857142,2024-06-24,110,intermittent,full,0.3076923076923077,0.7692307692307693
CA-SC-10-E-33-DG-1TO,0.018018018018018018,0.13301642396606667,7.3824115301167,0.9819819819819819,0.0009038259038259037,False,0.03571428571428571,2024-06-24,110,intermittent,full,0.15384615384615385,0.8461538461538461
CA-SC-10-E-33-WR-1TO,0.009009009009009009,0.09448728361893258,10.488088481701515,0.990990990990991,0.00046507546507546513,False,0.017857142857142856,2024-06-24,110,intermittent,full,0.07692307692307693,0.9230769230769231
CA-SC-10-E-34-BR-1TO,0.009009009009009009,0.09448728361893258,10.488088481701515,0.990990990990991,0.0004563004563004563,False,0.017857142857142856,2024-06-24,110,intermittent,full,0.07692307692307693,0.9230769230769231
CA-SC-10-E-34-DB-1TO,0.018018018018018018,0.13301642396606667,7.3824115301167,0.9819819819819819,0.0009213759213759212,False,0.03571428571428571,2024-06-24,110,intermittent,full,0.15384615384615385,0.8461538461538461
CA-SC-10-E-34-GR-1TO,0.009009009009009009,0.09448728361893258,10.488088481701515,0.990990990990991,0.0004738504738504738,False,0.017857142857142856,2024-06-24,110,intermittent,full,0.07692307692307693,0.9230769230769231
CA-SC-10-E-NEW-BK-1TO,0.009009009009009009,0.0944872836189326,10.488088481701519,0.990990990990991,-0.00016672516672516685,False,0.0,2024-06-24,110,intermittent,full,0.0,1.0
CA-SC-10-F-10-BE-1TO,67.24489795918367,19.794382435680983,0.2943625916080025,0.0,0.6648979591836739,True,60.25,2025-09-01,48,smooth,short,83.46153846153847,0.0
CA-SC-10-F-10-BK-1TO,138.53061224489795,40.60868613266224,0.29313871840018413,0.0,1.6822448979591844,True,124.125,2025-09-01,48,smooth,short,170.07692307692307,0.0
CA-SC-10-F-10-BKRD-STI,23.216216216216218,10.843194739995532,0.46705262558770044,0.0,0.7275960170697011,True,15.375,2025-11-24,36,smooth,short,31.76923076923077,0.0
CA-SC-10-F-10-BKWH-STI,14.378378378378379,6.964587457374945,0.48437920286254316,0.02702702702702703,0.20151730678046467,True,9.535714285714286,2025-11-24,36,smooth,short,15.76923076923077,0.0
CA-SC-10-F-10-BR-1TO,13.714285714285714,3.9279220242478625,0.28641098093474,0.0,0.09826530612244899,True,12.267857142857142,2025-09-01,48,smooth,short,15.307692307692308,0.0
CA-SC-10-F-10-DB-1TO,18.46938775510204,7.53252008353311,0.407838103970301,0.0,0.3274489795918367,True,16.553571428571427,2025-09-01,48,smooth,short,22.153846153846153,0.0
CA-SC-10-F-10-DG-1TO,46.92,16.349727826480784,0.3484596723461377,0.0,0.8676110444177673,True,42.80357142857143,2025-08-25,49,smooth,short,66.15384615384616,0.0
CA-SC-10-F-10-GR-1TO,30.464285714285715,15.011857558175098,0.4927690640432623,0.0,0.7691729323308271,True,30.464285714285715,2025-07-14,55,smooth,medium,47.0,0.0
CA-SC-10-F-10-OR-1TO,3.725,2.2359282188836027,0.6002491862774773,0.025,0.11998123827392114,True,2.6964285714285716,2025-11-03,39,smooth,short,5.923076923076923,0.0
CA-SC-10-F-10-PK-1TO,0.5405405405405406,1.8048172964545994,3.338911998441009,0.8558558558558559,0.009845559845559846,False,1.0714285714285714,2024-06-24,110,intermittent,full,0.23076923076923078,0.9230769230769231
CA-SC-10-F-10-RD-1TO,0.3333333333333333,1.0512397942929603,3.153719382878881,0.8828828828828829,0.004808704808704808,False,0.6607142857142857,2024-06-24,110,intermittent,full,0.0,1.0
CA-SC-10-F-10-WH-1TO,4.755102040816326,5.056943548311783,1.0634773985720058,0.3673469387755102,-0.16081632653061217,True,4.196428571428571,2025-09-01,48,intermittent,short,0.0,1.0
CA-SC-10-F-10-WR-1TO,19.5625,7.466330675104071,0.38166546582001637,0.0,0.31952887537993924,True,17.178571428571427,2025-09-08,47,smooth,short,24.23076923076923,0.0
CA-SC-10-F-100-BK-1TO,0.02702702702702703,0.21051029631617882,7.788880963698616,0.9819819819819819,0.0012197262197262198,False,0.05357142857142857,2024-06-24,110,intermittent,full,0.23076923076923078,0.8461538461538461
CA-SC-10-F-100-BR-1TO,0.009009009009009009,0.09448728361893258,10.488088481701515,0.990990990990991,0.00028080028080028086,False,0.017857142857142856,2024-06-24,110,intermittent,full,0.0,1.0
CA-SC-10-F-102-BE-1TO,3.020408163265306,2.32545625032557,0.7699145693645468,0.08163265306122448,0.047448979591836776,True,2.642857142857143,2025-09-01,48,smooth,short,4.461538461538462,0.0
CA-SC-10-F-102-BK-1TO,2.5208333333333335,1.607140101408572,0.6375431807240616,0.125,0.026975683890577473,True,2.1964285714285716,2025-08-04,53,smooth,medium,3.3076923076923075,0.0
CA-SC-10-F-102-BR-1TO,0.14414414414414414,0.4420844737436144,3.066961036596325,0.8828828828828829,0.004703404703404703,False,0.2857142857142857,2024-06-24,110,intermittent,full,0.3076923076923077,0.7692307692307693
CA-SC-10-F-102-DB-1TO,0.34234234234234234,0.6506475706402806,1.9005757984492406,0.7477477477477478,0.011056511056511058,False,0.6785714285714286,2024-06-24,110,intermittent,full,0.9230769230769231,0.23076923076923078
CA-SC-10-F-102-DG-1TO,0.5675675675675675,1.0010950906730882,1.7638342073763935,0.6666666666666666,0.019050544050544054,False,1.125,2024-06-24,110,intermittent,full,1.6923076923076923,0.23076923076923078
CA-SC-10-F-102-GR-1TO,0.36036036036036034,0.7686749191964521,2.1330729007701548,0.7747747747747747,0.013285363285363288,False,0.7142857142857143,2024-06-24,110,intermittent,full,1.4615384615384615,0.15384615384615385
CA-SC-10-F-102-WH-1TO,0.12612612612612611,0.358101025483816,2.8392295591931127,0.8828828828828829,0.005177255177255178,False,0.25,2024-06-24,110,intermittent,full,0.6923076923076923,0.38461538461538464
CA-SC-10-F-103-BE-1TO,4.127659574468085,2.375558355656988,0.5755218696694765,0.06382978723404255,0.019195189639223058,True,3.517857142857143,2025-09-15,46,smooth,short,4.846153846153846,0.0
CA-SC-10-F-103-BK-1TO,0.5855855855855856,0.9535941349476932,1.628445368910676,0.6306306306306306,0.018129168129168132,False,1.1607142857142858,2024-06-24,110,intermittent,full,1.4615384615384615,0.15384615384615385
CA-SC-10-F-103-BR-1TO,0.3963963963963964,0.9326826491100699,2.3529039557094946,0.7477477477477478,0.012592137592137596,False,0.7857142857142857,2024-06-24,110,intermittent,full,0.8461538461538461,0.46153846153846156
CA-SC-10-F-103-DB-1TO,0.46846846846846846,0.9474462576673807,2.0224333577130627,0.7387387387387387,0.014908739908739912,False,0.9285714285714286,2024-06-24,110,intermittent,full,1.0,0.46153846153846156
CA-SC-10-F-103-DG-1TO,0.3333333333333333,0.7865231202060233,2.35956936061807,0.8018018018018018,0.012118287118287118,False,0.6607142857142857,2024-06-24,110,intermittent,full,0.9230769230769231,0.46153846153846156
CA-SC-10-F-103-GR-1TO,0.4774774774774775,0.9088835528029976,1.9035108370025045,0.7387387387387387,0.01645314145314146,False,0.9464285714285714,2024-06-24,110,intermittent,full,1.2307692307692308,0.38461538461538464
CA-SC-10-F-103-WR-1TO,0.06306306306306306,0.2430763524906674,3.854496446637726,0.9369369369369369,0.0025447525447525447,False,0.125,2024-06-24,110,intermittent,full,0.3076923076923077,0.6923076923076923
CA-SC-10-F-104-BE-1TO,3.7291666666666665,2.635807777302603,0.7068087894442735,0.041666666666666664,0.02437038645245325,True,3.232142857142857,2025-09-08,47,smooth,short,4.230769230769231,0.07692307692307693
CA-SC-10-F-104-BK-1TO,0.8918918918918919,1.403671834490978,1.573813875035339,0.6126126126126126,0.02857142857142857,False,1.7678571428571428,2025-09-01,49,smooth,short,2.1538461538461537,0.15384615384615385
CA-SC-10-F-104-BKRD-STI,0.018018018018018018,0.13301642396606667,7.3824115301167,0.9819819819819819,0.00035977535977535984,False,0.03571428571428571,2024-06-24,110,intermittent,full,0.0,1.0
CA-SC-10-F-104-BR-1TO,0.18018018018018017,0.4688148407660429,2.601922366251538,0.8558558558558559,0.005115830115830117,False,0.35714285714285715,2024-06-24,110,intermittent,full,0.23076923076923078,0.8461538461538461
CA-SC-10-F-104-DB-1TO,0.3153153153153153,0.7591125921780503,2.4074713637646736,0.8018018018018018,0.0088978588978589,False,0.6071428571428571,2024-06-24,110,intermittent,full,0.3076923076923077,0.6923076923076923
CA-SC-10-F-104-DG-1TO,2.9347826086956523,2.02594233482727,0.6903210918670698,0.10869565217391304,0.04323157570151092,True,2.482142857142857,2025-07-14,56,smooth,medium,3.3076923076923075,0.0
CA-SC-10-F-104-GR-1TO,0.6126126126126126,1.132414872970859,1.848500748525961,0.7207207207207207,0.021393471393471395,False,1.2142857142857142,2024-06-24,110,intermittent,full,1.9230769230769231,0.3076923076923077
CA-SC-10-F-104-WR-1TO,0.05405405405405406,0.2261243314956961,4.183300132670378,0.9459459459459459,0.002062127062127062,False,0.10714285714285714,2024-06-24,110,intermittent,full,0.23076923076923078,0.7692307692307693
CA-SC-10-F-105-BK-1TO,0.12612612612612611,0.38243216714938955,3.0321407538273033,0.8918918918918919,0.003975078975078976,False,0.25,2024-06-24,110,intermittent,full,0.38461538461538464,0.6923076923076923
CA-SC-10-F-105-BR-1TO,0.018018018018018018,0.13301642396606667,7.3824115301167,0.9819819819819819,0.0008687258687258689,False,0.03571428571428571,2024-06-24,110,intermittent,full,0.15384615384615385,0.8461538461538461
CA-SC-10-F-105-DG-1TO,0.018018018018018018,0.13301642396606667,7.3824115301167,0.9819819819819819,0.00020182520182520186,False,0.03571428571428571,2024-06-24,110,intermittent,full,0.0,1.0
CA-SC-10-F-105-GR-1TO,0.04504504504504504,0.2074029627607448,4.604345773288535,0.954954954954955,0.001991926991926992,False,0.08928571428571429,2024-06-24,110,intermittent,full,0.3076923076923077,0.6923076923076923
CA-SC-10-F-105-WH-1TO,0.07207207207207207,0.25860720890824007,3.588175023601831,0.9279279279279279,0.0020182520182520187,False,0.14285714285714285,2024-06-24,110,intermittent,full,0.15384615384615385,0.8461538461538461
CA-SC-10-F-105-WR-1TO,0.036036036036036036,0.18637982761781263,5.172040216394301,0.963963963963964,0.0011846261846261846,False,0.07142857142857142,2024-06-24,110,intermittent,full,0.0,1.0
CA-SC-10-F-106-BE-1TO,10.708333333333334,5.135490618128797,0.4795788904089149,0.0,0.18530178028658267,True,9.303571428571429,2025-09-08,47,smooth,short,12.23076923076923,0.0
CA-SC-10-F-106-BK-1TO,6.877551020408164,2.840182899120784,0.4129642791006481,0.0,0.0129591836734694,True,6.071428571428571,2025-09-01,48,smooth,short,6.3076923076923075,0.0
CA-SC-10-F-106-BKRD-STI,0.009009009009009009,0.09448728361893258,10.488088481701515,0.990990990990991,0.00017550017550017544,False,0.017857142857142856,2024-06-24,110,intermittent,full,0.0,1.0
CA-SC-10-F-106-BR-1TO,0.44144144144144143,0.8769797134153482,1.9866275140633398,0.7387387387387387,0.013013338013338014,False,0.875,2024-06-24,110,intermittent,full,0.8461538461538461,0.46153846153846156
CA-SC-10-F-106-DB-1TO,0.5675675675675675,0.9920551207225033,1.7479066412729822,0.6846846846846847,0.01802386802386802,False,1.125,2024-06-24,110,intermittent,full,1.6153846153846154,0.15384615384615385
CA-SC-10-F-106-DG-1TO,12.125,5.019233839276004,0.41395743004338176,0.0,0.12147199305253999,True,10.553571428571429,2025-09-08,47,smooth,short,14.538461538461538,0.0
CA-SC-10-F-106-GR-1TO,7.065217391304348,3.0673751270642335,0.4341515564460146,0.0,0.08825161887141543,True,5.910714285714286,2025-09-22,45,smooth,short,8.076923076923077,0.0
CA-SC-10-F-106-RD-1TO,0.10810810810810811,0.4318690023137616,3.994788271402294,0.9279279279279279,0.003325728325728326,False,0.21428571428571427,2024-06-24,110,intermittent,full,0.07692307692307693,0.9230769230769231
CA-SC-10-F-106-WH-1TO,0.0990990990990991,0.3275614227513125,3.305392538672335,0.9099099099099099,0.00358897858897859,False,0.19642857142857142,2024-06-24,110,intermittent,full,0.23076923076923078,0.7692307692307693
CA-SC-10-F-106-WR-1TO,0.26126126126126126,0.6254614399174697,2.3940075803737635,0.8198198198198198,0.00968760968760969,False,0.5178571428571429,2024-06-24,110,intermittent,full,0.7692307692307693,0.5384615384615384
CA-SC-10-F-107-BE-1TO,0.6666666666666666,1.2399748132674058,1.8599622199011088,0.6936936936936937,0.018252018252018255,False,1.3214285714285714,2024-06-24,110,intermittent,full,1.1538461538461537,0.38461538461538464
CA-SC-10-F-107-BK-1TO,3.2448979591836733,2.0054071014756323,0.618018540706327,0.061224489795918366,-0.055714285714285744,True,2.8392857142857144,2025-09-01,48,smooth,short,2.076923076923077,0.0
CA-SC-10-F-107-BKRD-STI,0.018018018018018018,0.13301642396606667,7.3824115301167,0.9819819819819819,0.00037732537732537735,False,0.03571428571428571,2024-06-24,110,intermittent,full,0.0,1.0
CA-SC-10-F-107-BKWH-STI,0.009009009009009009,0.09448728361893258,10.488088481701515,0.990990990990991,0.0001930501930501931,False,0.017857142857142856,2024-06-24,110,intermittent,full,0.0,1.0
CA-SC-10-F-107-BR-1TO,0.21621621621621623,0.49146600709858934,2.2730302828309754,0.8198198198198198,0.007107757107757108,False,0.42857142857142855,2024-06-24,110,intermittent,full,0.6153846153846154,0.46153846153846156
CA-SC-10-F-107-DB-1TO,0.21621621621621623,0.5600097393845064,2.590045044653342,0.8288288288288288,0.006598806598806599,False,0.42857142857142855,2024-06-24,110,intermittent,full,0.38461538461538464,0.6923076923076923
CA-SC-10-F-107-DG-1TO,4.816326530612245,2.36188673619254,0.49039173759929855,0.04081632653061224,-0.009387755102040768,True,4.25,2025-09-01,48,smooth,short,4.615384615384615,0.0
CA-SC-10-F-107-GR-1TO,0.7027027027027027,1.2125068558891867,1.7254905256884578,0.6756756756756757,0.02076167076167076,False,1.3928571428571428,2024-06-24,110,intermittent,full,1.3846153846153846,0.46153846153846156
CA-SC-10-F-107-RD-1TO,0.009009009009009009,0.09448728361893258,10.488088481701515,0.990990990990991,0.0001491751491751492,False,0.017857142857142856,2024-06-24,110,intermittent,full,0.0,1.0
CA-SC-10-F-107-WR-1TO,0.11711711711711711,0.3215597891454908,2.7456258919345755,0.8828828828828829,0.0041505791505791504,False,0.23214285714285715,2024-06-24,110,intermittent,full,0.46153846153846156,0.5384615384615384
CA-SC-10-F-108-BE-1TO,0.6936936936936937,1.29998470394877,1.8740039238742008,0.6936936936936937,0.02328887328887329,False,1.375,2026-05-04,14,smooth,short,2.076923076923077,0.15384615384615385
CA-SC-10-F-108-BK-1TO,0.2972972972972973,0.71778682115467,2.4143738529747987,0.8198198198198198,0.010284310284310285,False,0.5892857142857143,2024-06-24,110,intermittent,full,0.6923076923076923,0.46153846153846156
CA-SC-10-F-108-BR-1TO,0.07207207207207207,0.2913686779963285,4.042740407199058,0.9369369369369369,0.0024219024219024224,False,0.14285714285714285,2024-06-24,110,intermittent,full,0.15384615384615385,0.8461538461538461
CA-SC-10-F-108-DB-1TO,0.02702702702702703,0.1621621621621622,6.000000000000001,0.972972972972973,0.0010266760266760269,False,0.05357142857142857,2024-06-24,110,intermittent,full,0.07692307692307693,0.9230769230769231
CA-SC-10-F-108-DG-1TO,0.4954954954954955,0.9667804270483829,1.9511386800430999,0.7207207207207207,0.01697964197964198,False,0.9821428571428571,2024-06-24,110,intermittent,full,1.5384615384615385,0.23076923076923078
CA-SC-10-F-108-GR-1TO,0.46846846846846846,0.9282340088209916,1.9814225957525013,0.7207207207207207,0.014742014742014746,False,0.9285714285714286,2024-06-24,110,intermittent,full,0.9230769230769231,0.46153846153846156
CA-SC-10-F-108-WR-1TO,0.06306306306306306,0.2430763524906674,3.854496446637726,0.9369369369369369,0.0023955773955773954,False,0.125,2024-06-24,110,intermittent,full,0.3076923076923077,0.6923076923076923
CA-SC-10-F-109-BE-1TO,0.12612612612612611,0.3319914553637527,2.6322179675268966,0.8738738738738738,0.004097929097929098,False,0.25,2024-06-24,110,intermittent,full,0.38461538461538464,0.6153846153846154
CA-SC-10-F-109-BK-1TO,0.12612612612612611,0.358101025483816,2.8392295591931127,0.8828828828828829,0.004124254124254124,False,0.25,2024-06-24,110,intermittent,full,0.46153846153846156,0.6153846153846154
CA-SC-10-F-109-BR-1TO,0.08108108108108109,0.3041791534438583,3.7515428924742524,0.9279279279279279,0.0022200772200772203,False,0.16071428571428573,2024-06-24,110,intermittent,full,0.23076923076923078,0.8461538461538461
CA-SC-10-F-109-DG-1TO,0.05405405405405406,0.26296431566353917,4.864839839775475,0.954954954954955,0.001974376974376975,False,0.10714285714285714,2024-06-24,110,intermittent,full,0.07692307692307693,0.9230769230769231
CA-SC-10-F-109-WH-1TO,0.009009009009009009,0.09448728361893259,10.488088481701517,0.990990990990991,0.00010530010530010532,False,0.017857142857142856,2024-06-24,110,intermittent,full,0.0,1.0
CA-SC-10-F-11-BE-1TO,4.836734693877551,2.1413989207468855,0.4427364857240396,0.0,0.06571428571428573,True,4.357142857142857,2025-09-01,48,smooth,short,6.076923076923077,0.0
CA-SC-10-F-11-BK-1TO,33.020833333333336,11.610859829152284,0.3516222535011417,0.0,0.5111267911419887,True,28.875,2025-09-08,47,smooth,short,42.0,0.0
CA-SC-10-F-11-BKRD-STI,0.11711711711711711,0.41889470045270877,3.5767162884808212,0.9099099099099099,0.00393997893997894,False,0.23214285714285715,2024-06-24,110,intermittent,full,0.3076923076923077,0.7692307692307693
CA-SC-10-F-11-BKWH-STI,0.05405405405405406,0.29524269564277367,5.461989869391313,0.963963963963964,0.00214987714987715,False,0.10714285714285714,2024-06-24,110,intermittent,full,0.3076923076923077,0.8461538461538461
CA-SC-10-F-11-BR-1TO,1.3063063063063063,1.8443622047234869,1.4118910670641864,0.5765765765765766,0.041303966303966315,False,2.5714285714285716,2025-07-07,57,smooth,medium,3.6153846153846154,0.0
CA-SC-10-F-11-DB-1TO,5.127659574468085,2.772333077503692,0.5406624673969856,0.02127659574468085,0.0615171137835338,True,4.375,2025-09-15,46,smooth,short,6.230769230769231,0.0
CA-SC-10-F-11-DG-1TO,16.877551020408163,6.6994750116013115,0.39694591967166176,0.0,0.3215306122448982,True,15.035714285714286,2025-09-01,48,smooth,short,24.615384615384617,0.0
CA-SC-10-F-11-GR-1TO,8.89795918367347,3.4714279715412983,0.39013754726037525,0.0,0.1321428571428572,True,7.875,2025-09-01,48,smooth,short,11.615384615384615,0.0
CA-SC-10-F-11-OR-1TO,0.009009009009009009,0.09448728361893258,10.488088481701515,0.990990990990991,0.0003422253422253422,False,0.017857142857142856,2024-06-24,110,intermittent,full,0.0,1.0
CA-SC-10-F-11-PK-1TO,0.4594594594594595,1.0887118082897866,2.3695492298071827,0.7837837837837838,0.013153738153738156,False,0.9107142857142857,2024-06-24,110,intermittent,full,0.0,1.0
CA-SC-10-F-11-RD-1TO,0.25225225225225223,0.6639829107275054,2.6322179675268966,0.8378378378378378,0.007643032643032644,False,0.5,2024-06-24,110,intermittent,full,0.15384615384615385,0.9230769230769231
CA-SC-10-F-11-WH-1TO,0.036036036036036036,0.22968556367535065,6.37377439199098,0.972972972972973,0.0002808002808002808,False,0.07142857142857142,2024-06-24,110,intermittent,full,0.0,1.0
CA-SC-10-F-11-WR-1TO,3.6458333333333335,2.32279988495685,0.6371108255881645,0.041666666666666664,0.06572948328267476,True,3.1607142857142856,2025-09-08,47,smooth,short,4.6923076923076925,0.07692307692307693
CA-SC-10-F-110-BE-1TO,0.0990990990990991,0.29879502615814413,3.015113445777636,0.9009009009009009,0.002974727974727975,False,0.19642857142857142,2024-06-24,110,intermittent,full,0.3076923076923077,0.6923076923076923
CA-SC-10-F-110-BK-1TO,0.46846846846846846,0.9938533600375936,2.12149467238794,0.7477477477477478,0.018041418041418043,False,0.9285714285714286,2026-04-20,16,smooth,short,2.3076923076923075,0.07692307692307693
CA-SC-10-F-110-DB-1TO,0.009009009009009009,0.09448728361893258,10.488088481701515,0.990990990990991,0.00028080028080028086,False,0.017857142857142856,2024-06-24,110,intermittent,full,0.0,1.0
CA-SC-10-F-110-DG-1TO,0.07207207207207207,0.2913686779963285,4.042740407199058,0.9369369369369369,0.003071253071253071,False,0.14285714285714285,2024-06-24,110,intermittent,full,0.38461538461538464,0.6923076923076923
CA-SC-10-F-110-GR-1TO,0.10810810810810811,0.3382879883877223,3.129163892586431,0.9009009009009009,0.0037030537030537033,False,0.21428571428571427,2024-06-24,110,intermittent,full,0.23076923076923078,0.7692307692307693
CA-SC-10-F-110-WR-1TO,0.06306306306306306,0.2430763524906674,3.854496446637726,0.9369369369369369,0.00214987714987715,False,0.125,2024-06-24,110,intermittent,full,0.15384615384615385,0.8461538461538461
CA-SC-10-F-111-BE-1TO,0.2882882882882883,0.6628818788881857,2.299371517393394,0.7927927927927928,0.00968760968760969,False,0.5714285714285714,2024-06-24,110,intermittent,full,0.9230769230769231,0.46153846153846156
CA-SC-10-F-111-BK-1TO,0.3153153153153153,0.6709141535823737,2.1277563156469568,0.7837837837837838,0.010029835029835031,False,0.625,2024-06-24,110,intermittent,full,0.6153846153846154,0.6153846153846154
CA-SC-10-F-111-BR-1TO,0.13513513513513514,0.4134340146156311,3.05941170815567,0.8918918918918919,0.00465952965952966,False,0.26785714285714285,2024-06-24,110,intermittent,full,0.38461538461538464,0.6923076923076923
CA-SC-10-F-111-DB-1TO,0.036036036036036036,0.18637982761781263,5.172040216394301,0.963963963963964,0.0008248508248508249,False,0.07142857142857142,2024-06-24,110,intermittent,full,0.0,1.0
CA-SC-10-F-111-DG-1TO,0.06306306306306306,0.2430763524906674,3.854496446637726,0.9369369369369369,0.0016409266409266406,False,0.125,2024-06-24,110,intermittent,full,0.07692307692307693,0.9230769230769231
CA-SC-10-F-111-GR-1TO,0.11711711711711711,0.373412284253382,3.1883664270865695,0.9009009009009009,0.0039224289224289235,False,0.23214285714285715,2024-06-24,110,intermittent,full,0.23076923076923078,0.7692307692307693
CA-SC-10-F-111-WH-1TO,0.14414414414414414,0.3760114730578235,2.6085795943386505,0.8648648648648649,0.005019305019305019,False,0.2857142857142857,2024-06-24,110,intermittent,full,0.46153846153846156,0.6153846153846154
CA-SC-10-F-111-WR-1TO,0.02702702702702703,0.16216216216216217,6.0,0.972972972972973,0.0012285012285012287,False,0.05357142857142857,2024-06-24,110,intermittent,full,0.15384615384615385,0.8461538461538461
CA-SC-10-F-112-BE-1TO,0.15315315315315314,0.4688148407660428,3.061085136766515,0.8918918918918919,0.004545454545454547,False,0.30357142857142855,2024-06-24,110,intermittent,full,0.3076923076923077,0.7692307692307693
CA-SC-10-F-112-BK-1TO,0.4864864864864865,1.089382541575482,2.239286335460713,0.7387387387387387,0.016751491751491758,False,0.9285714285714286,2024-06-24,110,intermittent,full,1.7692307692307692,0.3076923076923077
CA-SC-10-F-112-BR-1TO,0.10810810810810811,0.3382879883877223,3.129163892586431,0.9009009009009009,0.0035187785187785195,False,0.21428571428571427,2024-06-24,110,intermittent,full,0.38461538461538464,0.6923076923076923
CA-SC-10-F-112-DB-1TO,0.04504504504504504,0.2074029627607448,4.604345773288535,0.954954954954955,0.0017725517725517728,False,0.08928571428571429,2024-06-24,110,intermittent,full,0.23076923076923078,0.7692307692307693
CA-SC-10-F-112-DG-1TO,0.26126126126126126,0.6672751058429265,2.554052991329822,0.8378378378378378,0.010161460161460165,False,0.5178571428571429,2024-06-24,110,intermittent,full,1.0769230769230769,0.46153846153846156
CA-SC-10-F-112-GR-1TO,0.27927927927927926,0.6320447465510046,2.263127963456823,0.7927927927927928,0.010161460161460162,False,0.5535714285714286,2024-06-24,110,intermittent,full,1.2307692307692308,0.23076923076923078
CA-SC-10-F-112-RD-1TO,0.036036036036036036,0.18637982761781263,5.172040216394301,0.963963963963964,0.0014040014040014042,False,0.07142857142857142,2024-06-24,110,intermittent,full,0.15384615384615385,0.8461538461538461
CA-SC-10-F-112-WH-1TO,0.3153153153153153,0.8272605609548827,2.623597779028342,0.8288288288288288,0.010758160758160759,False,0.625,2024-06-24,110,intermittent,full,1.0,0.5384615384615384
CA-SC-10-F-112-WR-1TO,0.21621621621621623,0.49146600709858934,2.2730302828309754,0.8198198198198198,0.008283608283608284,False,0.42857142857142855,2024-06-24,110,intermittent,full,0.9230769230769231,0.3076923076923077
CA-SC-10-F-113-BE-1TO,0.06306306306306306,0.2430763524906674,3.854496446637726,0.9369369369369369,0.0018164268164268167,False,0.125,2024-06-24,110,intermittent,full,0.15384615384615385,0.8461538461538461
CA-SC-10-F-113-BK-1TO,0.15315315315315314,0.40710355054756775,2.6581467123988247,0.8648648648648649,0.004580554580554581,False,0.30357142857142855,2024-06-24,110,intermittent,full,0.38461538461538464,0.6923076923076923
CA-SC-10-F-113-BKWH-STI,0.009009009009009009,0.09448728361893258,10.488088481701515,0.990990990990991,0.0001842751842751843,False,0.017857142857142856,2024-06-24,110,intermittent,full,0.0,1.0
CA-SC-10-F-113-BR-1TO,0.009009009009009009,0.09448728361893258,10.488088481701515,0.990990990990991,0.00048262548262548264,False,0.017857142857142856,2024-06-24,110,intermittent,full,0.07692307692307693,0.9230769230769231
CA-SC-10-F-113-DG-1TO,0.06306306306306306,0.33636314779449494,5.333758486455563,0.954954954954955,0.0015005265005265005,False,0.125,2024-06-24,110,intermittent,full,0.07692307692307693,0.9230769230769231
CA-SC-10-F-113-GR-1TO,0.07207207207207207,0.32080169035612355,4.451123453691214,0.9459459459459459,0.002895752895752896,False,0.14285714285714285,2024-06-24,110,intermittent,full,0.38461538461538464,0.7692307692307693
CA-SC-10-F-114-BE-1TO,0.009009009009009009,0.09448728361893258,10.488088481701515,0.990990990990991,0.0004212004212004214,False,0.017857142857142856,2024-06-24,110,intermittent,full,0.07692307692307693,0.9230769230769231
CA-SC-10-F-114-BK-1TO,0.18018018018018017,0.4688148407660429,2.601922366251538,0.8558558558558559,0.006045981045981047,False,0.35714285714285715,2024-06-24,110,intermittent,full,0.6153846153846154,0.5384615384615384
CA-SC-10-F-114-BR-1TO,0.018018018018018018,0.13301642396606667,7.3824115301167,0.9819819819819819,0.0008160758160758163,False,0.03571428571428571,2024-06-24,110,intermittent,full,0.15384615384615385,0.8461538461538461
CA-SC-10-F-114-DB-1TO,0.009009009009009009,0.09448728361893258,10.488088481701515,0.990990990990991,0.0004738504738504738,False,0.017857142857142856,2024-06-24,110,intermittent,full,0.07692307692307693,0.9230769230769231
CA-SC-10-F-114-DG-1TO,0.14414414414414414,0.44208447374361437,3.0669610365963247,0.8828828828828829,0.004405054405054405,False,0.26785714285714285,2024-06-24,110,intermittent,full,0.5384615384615384,0.6153846153846154
CA-SC-10-F-114-GR-1TO,0.10810810810810811,0.4104787657619646,3.7969285832981727,0.918918918918919,0.0037118287118287118,False,0.21428571428571427,2024-06-24,110,intermittent,full,0.38461538461538464,0.7692307692307693
CA-SC-10-F-114-WR-1TO,0.018018018018018018,0.13301642396606667,7.3824115301167,0.9819819819819819,0.00042120042120042127,False,0.03571428571428571,2024-06-24,110,intermittent,full,0.0,1.0
CA-SC-10-F-115-BE-1TO,0.6216216216216216,1.0227506988337567,1.6452946024716957,0.6306306306306306,0.019673569673569674,False,1.2321428571428572,2024-06-24,110,intermittent,full,1.6923076923076923,0.15384615384615385
CA-SC-10-F-115-BK-1TO,0.7387387387387387,1.2281364459785207,1.6624773841904366,0.6666666666666666,0.02415759915759916,False,1.4642857142857142,2026-05-04,14,smooth,short,2.3076923076923075,0.15384615384615385
CA-SC-10-F-115-BR-1TO,0.14414414414414414,0.44208447374361426,3.066961036596324,0.8828828828828829,0.005677430677430678,False,0.2857142857142857,2024-06-24,110,intermittent,full,0.6923076923076923,0.5384615384615384
CA-SC-10-F-115-DB-1TO,0.16216216216216217,0.43579771612424595,2.6874192494328497,0.8648648648648649,0.005379080379080381,False,0.32142857142857145,2024-06-24,110,intermittent,full,0.3076923076923077,0.6923076923076923
CA-SC-10-F-115-DG-1TO,0.918918918918919,1.4773676074288054,1.6077235727901704,0.6216216216216216,0.028185328185328193,False,1.8214285714285714,2026-05-11,13,smooth,short,2.076923076923077,0.07692307692307693
CA-SC-10-F-115-GR-1TO,0.6126126126126126,1.1163903477232193,1.8223430676070198,0.6846846846846847,0.02114777114777115,False,1.2142857142857142,2024-06-24,110,intermittent,full,1.9230769230769231,0.15384615384615385
CA-SC-10-F-115-RD-1TO,0.009009009009009009,0.09448728361893258,10.488088481701515,0.990990990990991,0.0001842751842751843,False,0.017857142857142856,2024-06-24,110,intermittent,full,0.0,1.0
CA-SC-10-F-115-WR-1TO,0.05405405405405406,0.2261243314956961,4.183300132670378,0.9459459459459459,0.0018690768690768694,False,0.10714285714285714,2024-06-24,110,intermittent,full,0.15384615384615385,0.8461538461538461
CA-SC-10-F-116-BE-1TO,2.816326530612245,1.8480377832933501,0.6561873288505373,0.061224489795918366,0.014795918367346948,True,2.5,2025-06-30,58,smooth,medium,2.3846153846153846,0.15384615384615385
CA-SC-10-F-116-BK-1TO,1.4054054054054055,2.01962612889399,1.437041668636108,0.5405405405405406,0.04290979290979292,False,2.767857142857143,2025-05-26,63,smooth,medium,3.3076923076923075,0.15384615384615385
CA-SC-10-F-116-BR-1TO,0.2882882882882883,0.6351191615140384,2.2030695915018206,0.7927927927927928,0.00795893295893296,False,0.5714285714285714,2024-06-24,110,intermittent,full,0.6153846153846154,0.5384615384615384
CA-SC-10-F-116-DB-1TO,0.34234234234234234,0.7997240007629601,2.336035896965489,0.7927927927927928,0.011916461916461916,False,0.6785714285714286,2024-06-24,110,intermittent,full,1.0,0.38461538461538464
CA-SC-10-F-116-DG-1TO,0.8558558558558559,1.4633470633691497,1.7098055161471117,0.6486486486486487,0.027395577395577395,False,1.6964285714285714,2024-06-24,110,intermittent,full,1.8461538461538463,0.15384615384615385
CA-SC-10-F-116-GR-1TO,0.36036036036036034,0.6683689005762669,1.8547236990991407,0.7297297297297297,0.012127062127062127,False,0.7142857142857143,2024-06-24,110,intermittent,full,1.2307692307692308,0.15384615384615385
CA-SC-10-F-117-BE-1TO,0.05405405405405406,0.2261243314956961,4.183300132670378,0.9459459459459459,0.0024482274482274485,False,0.10714285714285714,2024-06-24,110,intermittent,full,0.46153846153846156,0.5384615384615384
CA-SC-10-F-117-BK-1TO,0.10810810810810811,0.6202491703804869,5.737304826019503,0.9459459459459459,0.004826254826254826,False,0.21428571428571427,2024-06-24,110,intermittent,full,0.9230769230769231,0.5384615384615384
CA-SC-10-F-117-BR-1TO,0.02702702702702703,0.16216216216216217,6.0,0.972972972972973,0.0012197262197262198,False,0.05357142857142857,2024-06-24,110,intermittent,full,0.23076923076923078,0.7692307692307693
CA-SC-10-F-117-GR-1TO,0.009009009009009009,0.09448728361893258,10.488088481701515,0.990990990990991,0.0004738504738504738,False,0.017857142857142856,2024-06-24,110,intermittent,full,0.07692307692307693,0.9230769230769231
CA-SC-10-F-117-RD-1TO,0.018018018018018018,0.13301642396606667,7.3824115301167,0.9819819819819819,0.0009389259389259391,False,0.03571428571428571,2024-06-24,110,intermittent,full,0.15384615384615385,0.8461538461538461
CA-SC-10-F-117-WR-1TO,0.018018018018018018,0.13301642396606667,7.3824115301167,0.9819819819819819,0.0008775008775008778,False,0.03571428571428571,2024-06-24,110,intermittent,full,0.15384615384615385,0.8461538461538461
CA-SC-10-F-119-BE-1TO,0.2972972972972973,0.6656920072760781,2.239145842655899,0.7927927927927928,0.009354159354159354,False,0.5892857142857143,2024-06-24,110,intermittent,full,0.8461538461538461,0.3076923076923077
CA-SC-10-F-119-BK-1TO,0.14414414414414414,0.46201374432281395,3.2052203512395216,0.9009009009009009,0.005133380133380134,False,0.2857142857142857,2024-06-24,110,intermittent,full,0.5384615384615384,0.6923076923076923
CA-SC-10-F-119-BR-1TO,0.10810810810810811,0.38791081336236005,3.5881750236018304,0.918918918918919,0.003123903123903125,False,0.21428571428571427,2024-06-24,110,intermittent,full,0.3076923076923077,0.7692307692307693
CA-SC-10-F-119-DB-1TO,0.09009009009009009,0.2863107852625352,3.1780497164141406,0.9099099099099099,0.0030800280800280804,False,0.17857142857142858,2024-06-24,110,intermittent,full,0.23076923076923078,0.7692307692307693
CA-SC-10-F-119-DG-1TO,0.10810810810810811,0.3879108133623601,3.588175023601831,0.918918918918919,0.0033608283608283613,False,0.21428571428571427,2024-06-24,110,intermittent,full,0.23076923076923078,0.8461538461538461
CA-SC-10-F-119-GR-1TO,0.2072072072072072,0.44755828282429627,2.159955191021604,0.8108108108108109,0.006265356265356267,False,0.4107142857142857,2024-06-24,110,intermittent,full,0.38461538461538464,0.6153846153846154
CA-SC-10-F-12-BE-1TO,4.916666666666667,2.2438186696393765,0.45636989890970364,0.020833333333333332,0.024641771602257875,True,4.303571428571429,2025-09-08,47,smooth,short,6.0,0.0
CA-SC-10-F-12-BK-1TO,8.745762711864407,4.40951675102756,0.5041889308345466,0.0,0.16931618936294562,True,9.017857142857142,2025-06-23,58,smooth,medium,11.76923076923077,0.0
CA-SC-10-F-12-BKRD-STI,0.05405405405405406,0.26296431566353917,4.864839839775475,0.954954954954955,0.0016848016848016849,False,0.10714285714285714,2024-06-24,110,intermittent,full,0.0,1.0
CA-SC-10-F-12-BKWH-STI,0.04504504504504504,0.2074029627607448,4.604345773288535,0.954954954954955,0.0011407511407511407,False,0.08928571428571429,2024-06-24,110,intermittent,full,0.0,1.0
CA-SC-10-F-12-BR-1TO,0.6126126126126126,0.9787947283272844,1.5977384535930674,0.6396396396396397,0.01905931905931906,False,1.1964285714285714,2024-06-24,110,intermittent,full,1.8461538461538463,0.15384615384615385
CA-SC-10-F-12-DB-1TO,0.43243243243243246,0.8233268222555576,1.903943276465977,0.7297297297297297,0.01318006318006318,False,0.8571428571428571,2024-06-24,110,intermittent,full,1.0769230769230769,0.38461538461538464
CA-SC-10-F-12-DG-1TO,7.64,3.653819918934156,0.47824868048876384,0.0,0.11899159663865543,True,6.928571428571429,2025-08-25,49,smooth,short,9.692307692307692,0.0
CA-SC-10-F-12-GR-1TO,3.6530612244897958,2.308378885253505,0.6319025998738645,0.061224489795918366,0.03540816326530615,True,3.232142857142857,2025-09-01,48,smooth,short,4.384615384615385,0.0
CA-SC-10-F-12-PK-1TO,0.0990990990990991,0.4235192531006543,4.273694281288421,0.9369369369369369,0.0015356265356265353,False,0.19642857142857142,2024-06-24,110,intermittent,full,0.0,1.0
CA-SC-10-F-12-RD-1TO,0.16216216216216217,0.4560018282826582,2.812011274409725,0.8648648648648649,0.004308529308529309,False,0.2857142857142857,2024-06-24,110,intermittent,full,0.38461538461538464,0.7692307692307693
CA-SC-10-F-12-WH-1TO,0.12612612612612611,0.4053052929442159,3.2134919654862837,0.8918918918918919,0.004115479115479116,False,0.25,2024-06-24,110,intermittent,full,0.6153846153846154,0.5384615384615384
CA-SC-10-F-12-WR-1TO,0.6036036036036037,0.9980095440811696,1.6534187969105942,0.6396396396396397,0.01890136890136891,False,1.1607142857142858,2024-06-24,110,intermittent,full,1.5384615384615385,0.23076923076923078
CA-SC-10-F-120-BE-1TO,0.44144144144144143,0.8561877023795834,1.9395272441659952,0.7297297297297297,0.015171990171990174,False,0.875,2024-06-24,110,intermittent,full,1.5384615384615385,0.15384615384615385
CA-SC-10-F-120-BK-1TO,0.08108108108108109,0.3324800376080349,4.100587130499097,0.9369369369369369,0.002764127764127765,False,0.16071428571428573,2024-06-24,110,intermittent,full,0.38461538461538464,0.6923076923076923
CA-SC-10-F-120-BR-1TO,0.38738738738738737,0.7846634806456458,2.025526659341086,0.7387387387387387,0.012697437697437697,False,0.7678571428571429,2024-06-24,110,intermittent,full,1.0769230769230769,0.3076923076923077
CA-SC-10-F-120-DB-1TO,0.02702702702702703,0.16216216216216217,6.0,0.972972972972973,0.0012723762723762728,False,0.05357142857142857,2024-06-24,110,intermittent,full,0.15384615384615385,0.8461538461538461
CA-SC-10-F-120-GR-1TO,0.009009009009009009,0.09448728361893259,10.488088481701517,0.990990990990991,0.00010530010530010532,False,0.017857142857142856,2024-06-24,110,intermittent,full,0.0,1.0
CA-SC-10-F-120-WH-1TO,0.15315315315315314,0.42866224336469627,2.798912294910664,0.8738738738738738,0.005598455598455599,False,0.30357142857142855,2024-06-24,110,intermittent,full,0.6153846153846154,0.5384615384615384
CA-SC-10-F-120-WR-1TO,0.02702702702702703,0.16216216216216217,6.0,0.972972972972973,0.0012548262548262548,False,0.05357142857142857,2024-06-24,110,intermittent,full,0.15384615384615385,0.8461538461538461
CA-SC-10-F-121-BE-1TO,0.5135135135135135,1.0810810810810811,2.105263157894737,0.7387387387387387,0.018102843102843102,False,1.0178571428571428,2024-06-24,110,intermittent,full,1.5384615384615385,0.3076923076923077
CA-SC-10-F-121-BK-1TO,0.5585585585585585,1.0712010997569243,1.9177955173067518,0.7207207207207207,0.018445068445068446,False,1.1071428571428572,2024-06-24,110,intermittent,full,1.7692307692307692,0.23076923076923078
CA-SC-10-F-121-BR-1TO,0.1981981981981982,0.4990047720405848,2.517705895295678,0.8378378378378378,0.00644963144963145,False,0.39285714285714285,2024-06-24,110,intermittent,full,0.46153846153846156,0.5384615384615384
CA-SC-10-F-121-DB-1TO,0.018018018018018018,0.13301642396606667,7.3824115301167,0.9819819819819819,0.0004124254124254125,False,0.03571428571428571,2024-06-24,110,intermittent,full,0.0,1.0
CA-SC-10-F-121-DG-1TO,0.04504504504504504,0.24705061623066824,5.4845236803208355,0.963963963963964,0.0018954018954018955,False,0.08928571428571429,2024-06-24,110,intermittent,full,0.3076923076923077,0.7692307692307693
CA-SC-10-F-121-GR-1TO,0.02702702702702703,0.16216216216216223,6.000000000000002,0.972972972972973,0.0005616005616005618,False,0.05357142857142857,2024-06-24,110,intermittent,full,0.0,1.0
CA-SC-10-F-121-WR-1TO,0.05405405405405406,0.26296431566353917,4.864839839775475,0.954954954954955,0.0017462267462267467,False,0.10714285714285714,2024-06-24,110,intermittent,full,0.07692307692307693,0.9230769230769231
CA-SC-10-F-122-BE-1TO,0.16216216216216217,0.5291594650662491,3.2631500345752027,0.8828828828828829,0.006186381186381186,False,0.32142857142857145,2024-06-24,110,intermittent,full,0.7692307692307693,0.5384615384615384
CA-SC-10-F-122-BK-1TO,0.8648648648648649,1.3588978475650306,1.5712256362470667,0.6306306306306306,0.028843453843453853,False,1.7142857142857142,2025-09-15,47,smooth,short,2.1538461538461537,0.07692307692307693
CA-SC-10-F-122-BKRD-STI,0.009009009009009009,0.09448728361893258,10.488088481701515,0.990990990990991,0.0001930501930501931,False,0.017857142857142856,2024-06-24,110,intermittent,full,0.0,1.0
CA-SC-10-F-122-BR-1TO,0.35135135135135137,0.6388143387832734,1.8181638873062396,0.7297297297297297,0.011100386100386104,False,0.6964285714285714,2024-06-24,110,intermittent,full,1.0,0.3076923076923077
CA-SC-10-F-122-DB-1TO,0.036036036036036036,0.18637982761781263,5.172040216394301,0.963963963963964,0.0011144261144261142,False,0.07142857142857142,2024-06-24,110,intermittent,full,0.15384615384615385,0.8461538461538461
CA-SC-10-F-122-DG-1TO,0.21621621621621623,0.5758723176395275,2.6634094690828145,0.8378378378378378,0.008406458406458409,False,0.42857142857142855,2024-06-24,110,intermittent,full,1.0769230769230769,0.3076923076923077
CA-SC-10-F-122-GR-1TO,0.06306306306306306,0.24307635249066742,3.8544964466377265,0.9369369369369369,0.002632502632502633,False,0.125,2024-06-24,110,intermittent,full,0.3076923076923077,0.6923076923076923
CA-SC-10-F-122-WR-1TO,0.25225225225225223,0.6905862305130377,2.737681128105257,0.8468468468468469,0.0078009828009828015,False,0.5,2024-06-24,110,intermittent,full,0.5384615384615384,0.6153846153846154
CA-SC-10-F-123-BE-1TO,0.16216216216216217,0.4357977161242459,2.6874192494328497,0.8648648648648649,0.004001404001404002,False,0.32142857142857145,2024-06-24,110,intermittent,full,0.07692307692307693,0.9230769230769231
CA-SC-10-F-123-BK-1TO,0.36036036036036034,0.6408439367127473,1.778341924377874,0.7207207207207207,0.011205686205686205,False,0.7142857142857143,2024-06-24,110,intermittent,full,0.7692307692307693,0.46153846153846156
CA-SC-10-F-123-BR-1TO,0.009009009009009009,0.09448728361893258,10.488088481701515,0.990990990990991,0.00037732537732537735,False,0.017857142857142856,2024-06-24,110,intermittent,full,0.07692307692307693,0.9230769230769231
CA-SC-10-F-123-DB-1TO,0.009009009009009009,0.09448728361893258,10.488088481701515,0.990990990990991,0.00033345033345033354,False,0.017857142857142856,2024-06-24,110,intermittent,full,0.0,1.0
CA-SC-10-F-123-DG-1TO,0.10810810810810811,0.36394612390493974,3.3665016461206925,0.9099099099099099,0.003255528255528256,False,0.21428571428571427,2024-06-24,110,intermittent,full,0.23076923076923078,0.7692307692307693
CA-SC-10-F-123-GR-1TO,0.4954954954954955,0.9190072382923672,1.8547236990991411,0.7117117117117117,0.016953316953316956,False,0.9821428571428571,2024-06-24,110,intermittent,full,1.6153846153846154,0.3076923076923077
CA-SC-10-F-123-WR-1TO,0.018018018018018018,0.13301642396606667,7.3824115301167,0.9819819819819819,0.0007809757809757813,False,0.03571428571428571,2024-06-24,110,intermittent,full,0.07692307692307693,0.9230769230769231
CA-SC-10-F-124-BE-1TO,0.5495495495495496,0.9561440837060612,1.7398687424815211,0.7027027027027027,0.019454194454194457,False,1.0892857142857142,2024-06-24,110,intermittent,full,1.9230769230769231,0.07692307692307693
CA-SC-10-F-124-BK-1TO,0.6486486486486487,1.182824902691054,1.8235217249820415,0.6936936936936937,0.022639522639522642,False,1.2857142857142858,2026-03-02,23,smooth,short,2.3846153846153846,0.07692307692307693
CA-SC-10-F-124-BR-1TO,0.08108108108108109,0.33248003760803485,4.100587130499096,0.9369369369369369,0.0035714285714285718,False,0.16071428571428573,2024-06-24,110,intermittent,full,0.46153846153846156,0.6153846153846154
CA-SC-10-F-124-DB-1TO,0.009009009009009009,0.09448728361893258,10.488088481701515,0.990990990990991,0.0003246753246753247,False,0.017857142857142856,2024-06-24,110,intermittent,full,0.0,1.0
CA-SC-10-F-124-GR-1TO,0.08108108108108109,0.27295959292870486,3.366501646120693,0.918918918918919,0.0027378027378027383,False,0.16071428571428573,2024-06-24,110,intermittent,full,0.3076923076923077,0.6923076923076923
CA-SC-10-F-124-WR-1TO,0.2702702702702703,0.6429933650470444,2.379075450674064,0.8018018018018018,0.00953843453843454,False,0.5357142857142857,2024-06-24,110,intermittent,full,1.1538461538461537,0.38461538461538464
CA-SC-10-F-125-BE-1TO,0.04504504504504504,0.24705061623066824,5.4845236803208355,0.963963963963964,0.0017374517374517371,False,0.08928571428571429,2024-06-24,110,intermittent,full,0.23076923076923078,0.8461538461538461
CA-SC-10-F-125-BK-1TO,0.18018018018018017,0.4876529226206977,2.7064737205448726,0.8558558558558559,0.006818181818181819,False,0.35714285714285715,2024-06-24,110,intermittent,full,0.8461538461538461,0.46153846153846156
CA-SC-10-F-125-BR-1TO,0.02702702702702703,0.16216216216216223,6.000000000000002,0.972972972972973,0.0007195507195507197,False,0.05357142857142857,2024-06-24,110,intermittent,full,0.0,1.0
CA-SC-10-F-126-BE-1TO,0.22522522522522523,0.49655905511786197,2.204722204723307,0.8018018018018018,0.008046683046683047,False,0.44642857142857145,2024-06-24,110,intermittent,full,0.9230769230769231,0.23076923076923078
CA-SC-10-F-126-BK-1TO,0.17117117117117117,0.4816240145810327,2.8136981904470857,0.8738738738738738,0.005405405405405406,False,0.3392857142857143,2024-06-24,110,intermittent,full,0.23076923076923078,0.8461538461538461
CA-SC-10-F-126-BR-1TO,0.009009009009009009,0.09448728361893258,10.488088481701515,0.990990990990991,0.00038610038610038604,False,0.017857142857142856,2024-06-24,110,intermittent,full,0.07692307692307693,0.9230769230769231
CA-SC-10-F-126-DB-1TO,0.018018018018018018,0.13301642396606667,7.3824115301167,0.9819819819819819,0.0008073008073008074,False,0.03571428571428571,2024-06-24,110,intermittent,full,0.07692307692307693,0.9230769230769231
CA-SC-10-F-126-GR-1TO,0.08108108108108109,0.27295959292870475,3.3665016461206916,0.918918918918919,0.0022200772200772203,False,0.16071428571428573,2024-06-24,110,intermittent,full,0.15384615384615385,0.8461538461538461
CA-SC-10-F-13-BE-1TO,8.333333333333334,3.9651257511234395,0.4758150901348127,0.0,0.12016934433347799,True,7.267857142857143,2025-09-08,47,smooth,short,11.76923076923077,0.0
CA-SC-10-F-13-BK-1TO,20.666666666666668,10.046420036787014,0.4861170985542103,0.0,0.29874077290490636,True,17.946428571428573,2025-09-08,47,smooth,short,25.384615384615383,0.0
CA-SC-10-F-13-BKWH-STI,0.018018018018018018,0.18897456723786515,10.488088481701515,0.990990990990991,0.0003510003510003509,False,0.03571428571428571,2024-06-24,110,intermittent,full,0.0,1.0
CA-SC-10-F-13-BR-1TO,0.7117117117117117,1.093695177878685,1.5367109461333424,0.6216216216216216,0.021595296595296597,False,1.3928571428571428,2024-06-24,110,intermittent,full,1.3846153846153846,0.23076923076923078
CA-SC-10-F-13-DB-1TO,2.5531914893617023,1.8997033434510397,0.7440504761849905,0.1276595744680851,0.03260869565217392,True,2.1607142857142856,2025-08-11,52,smooth,medium,3.076923076923077,0.0
CA-SC-10-F-13-DG-1TO,10.333333333333334,5.177408189003022,0.5010395021615828,0.020833333333333332,0.1571862787668258,True,9.053571428571429,2025-09-08,47,smooth,short,12.76923076923077,0.0
CA-SC-10-F-13-GR-1TO,8.16326530612245,3.400761852072359,0.41659332687886397,0.0,0.14244897959183683,True,7.214285714285714,2025-09-01,48,smooth,short,11.0,0.0
CA-SC-10-F-13-PK-1TO,0.1891891891891892,0.47483545776952923,2.509844562496083,0.8468468468468469,0.0035012285012285017,False,0.375,2024-06-24,110,intermittent,full,0.0,1.0
CA-SC-10-F-13-RD-1TO,0.16216216216216217,0.5621794869125295,3.466773502627265,0.8918918918918919,0.004115479115479116,False,0.32142857142857145,2024-06-24,110,intermittent,full,0.3076923076923077,0.7692307692307693
CA-SC-10-F-13-WH-1TO,0.21621621621621623,0.6765759767754445,3.1291638925864302,0.8918918918918919,0.003738153738153738,False,0.42857142857142855,2024-06-24,110,intermittent,full,0.0,1.0
CA-SC-10-F-13-WR-1TO,3.375,1.996089927833914,0.59143405269153,0.020833333333333332,0.06198436821537119,True,2.9107142857142856,2025-09-08,47,smooth,short,4.6923076923076925,0.0
CA-SC-10-F-135-BE-1TO,0.35135135135135137,0.7669836631997391,2.1829535029531035,0.7837837837837838,0.011495261495261496,False,0.6785714285714286,2024-06-24,110,intermittent,full,0.7692307692307693,0.46153846153846156
CA-SC-10-F-135-BK-1TO,0.7477477477477478,1.2189825063483133,1.6302055205381056,0.6396396396396397,0.02514040014040014,False,1.4642857142857142,2026-01-19,29,smooth,short,2.6923076923076925,0.15384615384615385
CA-SC-10-F-135-DG-1TO,0.17117117117117117,0.4625404559637274,2.7022100322091442,0.8558558558558559,0.005203580203580204,False,0.3392857142857143,2024-06-24,110,intermittent,full,0.6153846153846154,0.6153846153846154
CA-SC-10-F-135-GR-1TO,0.25225225225225223,0.5768580394083647,2.2868300847974457,0.8018018018018018,0.009301509301509305,False,0.5,2024-06-24,110,intermittent,full,0.9230769230769231,0.3076923076923077
CA-SC-10-F-135-WR-1TO,0.0990990990990991,0.40168462720014325,4.053363056292355,0.9279279279279279,0.00423832923832924,False,0.19642857142857142,2024-06-24,110,intermittent,full,0.6153846153846154,0.6153846153846154
CA-SC-10-F-136-BE-1TO,0.2072072072072072,0.5219008417282969,2.51873884486265,0.8288288288288288,0.006984906984906985,False,0.4107142857142857,2024-06-24,110,intermittent,full,0.6923076923076923,0.46153846153846156
CA-SC-10-F-136-BK-1TO,0.7207207207207207,1.1715176202753832,1.6254806981320942,0.6126126126126126,0.020366795366795372,False,1.2857142857142858,2024-06-24,110,intermittent,full,1.8461538461538463,0.07692307692307693
CA-SC-10-F-136-BR-1TO,0.14414414414414414,0.3760114730578235,2.6085795943386505,0.8648648648648649,0.005098280098280099,False,0.2857142857142857,2024-06-24,110,intermittent,full,0.6153846153846154,0.46153846153846156
CA-SC-10-F-136-DG-1TO,0.036036036036036036,0.18637982761781263,5.172040216394301,0.963963963963964,0.001605826605826606,False,0.07142857142857142,2024-06-24,110,intermittent,full,0.23076923076923078,0.7692307692307693
CA-SC-10-F-136-GR-1TO,0.036036036036036036,0.22968556367535062,6.373774391990979,0.972972972972973,0.0009301509301509303,False,0.07142857142857142,2024-06-24,110,intermittent,full,0.0,1.0
CA-SC-10-F-136-WR-1TO,0.06306306306306306,0.24307635249066742,3.8544964466377265,0.9369369369369369,0.00222007722007722,False,0.10714285714285714,2024-06-24,110,intermittent,full,0.3076923076923077,0.6923076923076923
CA-SC-10-F-137-BE-1TO,0.009009009009009009,0.09448728361893258,10.488088481701515,0.990990990990991,0.0004563004563004563,False,0.017857142857142856,2024-06-24,110,intermittent,full,0.07692307692307693,0.9230769230769231
CA-SC-10-F-137-BK-1TO,0.04504504504504504,0.28116191953742764,6.241794613730894,0.972972972972973,0.00214987714987715,False,0.08928571428571429,2024-06-24,110,intermittent,full,0.38461538461538464,0.7692307692307693
CA-SC-10-F-137-DG-1TO,0.018018018018018018,0.18897456723786515,10.488088481701515,0.990990990990991,0.0008950508950508954,False,0.03571428571428571,2024-06-24,110,intermittent,full,0.15384615384615385,0.9230769230769231
CA-SC-10-F-14-BE-1TO,10.25925925925926,5.575027603934934,0.5434142429828275,0.0,0.16497045931008192,True,10.017857142857142,2025-07-28,53,smooth,medium,11.76923076923077,0.0
CA-SC-10-F-14-BK-1TO,8.107142857142858,4.7797137221078545,0.5895682124185899,0.017857142857142856,0.1509227614490772,True,8.107142857142858,2025-07-14,55,smooth,medium,9.615384615384615,0.0
CA-SC-10-F-14-BKRD-STI,0.009009009009009009,0.09448728361893258,10.488088481701515,0.990990990990991,0.00017550017550017544,False,0.017857142857142856,2024-06-24,110,intermittent,full,0.0,1.0
CA-SC-10-F-14-BR-1TO,2.425531914893617,1.7103524689754377,0.7051453161565401,0.0851063829787234,0.013876040703052749,True,2.0714285714285716,2025-07-14,56,smooth,medium,2.076923076923077,0.07692307692307693
CA-SC-10-F-14-DB-1TO,0.9279279279279279,1.242720872109577,1.339242881593816,0.5495495495495496,0.028229203229203238,False,1.8214285714285714,2026-05-11,13,smooth,short,2.3076923076923075,0.15384615384615385
CA-SC-10-F-14-DG-1TO,1.2792792792792793,1.936706460203527,1.513904345652053,0.5675675675675675,0.04168129168129169,False,2.517857142857143,2025-06-30,58,smooth,medium,2.8461538461538463,0.0
CA-SC-10-F-14-GR-1TO,5.796296296296297,3.3905076077387633,0.5849438045300103,0.05555555555555555,0.1470173432437583,True,5.642857142857143,2025-07-28,53,smooth,medium,8.615384615384615,0.0
CA-SC-10-F-14-RD-1TO,0.036036036036036036,0.18637982761781263,5.172040216394301,0.963963963963964,0.0006405756405756406,False,0.07142857142857142,2024-06-24,110,intermittent,full,0.0,1.0
CA-SC-10-F-14-WH-1TO,0.009009009009009009,0.09448728361893259,10.488088481701517,0.990990990990991,6.142506142506145e-05,False,0.017857142857142856,2024-06-24,110,intermittent,full,0.0,1.0
CA-SC-10-F-14-WR-1TO,0.6666666666666666,1.1572982931549411,1.7359474397324117,0.6756756756756757,0.019892944892944894,False,1.2678571428571428,2024-06-24,110,intermittent,full,1.3076923076923077,0.38461538461538464
CA-SC-10-F-148-BE-1TO,0.1981981981981982,0.4614864315266918,2.328408813611945,0.8288288288288288,0.007353457353457354,False,0.39285714285714285,2024-06-24,110,intermittent,full,0.8461538461538461,0.38461538461538464
CA-SC-10-F-148-BK-1TO,2.74468085106383,2.138483108309938,0.7791372565160238,0.1276595744680851,0.07250231267345053,True,2.3392857142857144,2025-08-11,52,smooth,medium,4.153846153846154,0.0
CA-SC-10-F-148-BKRD-STI,0.009009009009009009,0.09448728361893258,10.488088481701515,0.990990990990991,0.0001842751842751843,False,0.017857142857142856,2024-06-24,110,intermittent,full,0.0,1.0
CA-SC-10-F-148-BR-1TO,0.35135135135135137,0.7431203829658118,2.115034936133464,0.7837837837837838,0.011626886626886629,False,0.6964285714285714,2024-06-24,110,intermittent,full,1.1538461538461537,0.38461538461538464
CA-SC-10-F-148-DB-1TO,0.3783783783783784,0.7109700777278867,1.8789923482808433,0.7387387387387387,0.011969111969111969,False,0.75,2024-06-24,110,intermittent,full,1.3076923076923077,0.23076923076923078
CA-SC-10-F-148-DG-1TO,0.954954954954955,1.5444605308340764,1.6173124426658725,0.6306306306306306,0.032406107406107415,False,1.8928571428571428,2025-08-18,51,smooth,medium,2.8461538461538463,0.07692307692307693
CA-SC-10-F-148-GR-1TO,0.9099099099099099,1.5913592668558851,1.7489195903069628,0.6666666666666666,0.030624780624780627,False,1.8035714285714286,2026-05-04,14,smooth,short,3.4615384615384617,0.07692307692307693
CA-SC-10-F-148-PK-1TO,0.02702702702702703,0.21051029631617882,7.788880963698616,0.9819819819819819,0.00038610038610038604,False,0.05357142857142857,2024-06-24,110,intermittent,full,0.0,1.0
CA-SC-10-F-148-WR-1TO,0.18018018018018017,0.5232985849173913,2.904307146291522,0.8738738738738738,0.006546156546156547,False,0.35714285714285715,2024-06-24,110,intermittent,full,0.38461538461538464,0.7692307692307693
CA-SC-10-F-149-BE-1TO,0.16216216216216217,0.47534796246028543,2.93131243517176,0.8738738738738738,0.005642330642330643,False,0.32142857142857145,2024-06-24,110,intermittent,full,0.5384615384615384,0.5384615384615384
CA-SC-10-F-149-BK-1TO,0.3963963963963964,0.8932104185906622,2.253326283262807,0.7657657657657657,0.013732888732888734,False,0.7857142857142857,2024-06-24,110,intermittent,full,1.1538461538461537,0.3076923076923077
CA-SC-10-F-149-BKRD-STI,0.018018018018018018,0.13301642396606667,7.3824115301167,0.9819819819819819,0.0006493506493506494,False,0.03571428571428571,2024-06-24,110,intermittent,full,0.0,1.0
CA-SC-10-F-149-BKWH-STI,0.04504504504504504,0.2074029627607448,4.604345773288535,0.954954954954955,0.0014127764127764128,False,0.08928571428571429,2024-06-24,110,intermittent,full,0.0,1.0
CA-SC-10-F-149-BR-1TO,0.05405405405405406,0.22612433149569605,4.183300132670377,0.9459459459459459,0.0014742014742014744,False,0.10714285714285714,2024-06-24,110,intermittent,full,0.0,1.0
CA-SC-10-F-149-DB-1TO,0.04504504504504504,0.2074029627607448,4.604345773288535,0.954954954954955,0.0013513513513513514,False,0.08928571428571429,2024-06-24,110,intermittent,full,0.07692307692307693,0.9230769230769231
CA-SC-10-F-149-DG-1TO,0.02702702702702703,0.1621621621621622,6.000000000000001,0.972972972972973,0.0005177255177255178,False,0.05357142857142857,2024-06-24,110,intermittent,full,0.0,1.0
CA-SC-10-F-149-GR-1TO,0.018018018018018018,0.13301642396606667,7.3824115301167,0.9819819819819819,0.00039487539487539485,False,0.03571428571428571,2024-06-24,110,intermittent,full,0.0,1.0
CA-SC-10-F-149-WR-1TO,0.04504504504504504,0.24705061623066824,5.4845236803208355,0.963963963963964,0.001307476307476308,False,0.08928571428571429,2024-06-24,110,intermittent,full,0.07692307692307693,0.9230769230769231
CA-SC-10-F-15-BE-1TO,0.13513513513513514,0.3672759839754867,2.7178422814186014,0.8738738738738738,0.005115830115830118,False,0.26785714285714285,2024-06-24,110,intermittent,full,0.6153846153846154,0.46153846153846156
CA-SC-10-F-15-BK-1TO,0.3963963963963964,0.8830667210697547,2.2277365008805177,0.7747747747747747,0.013434538434538438,False,0.7321428571428571,2024-06-24,110,intermittent,full,1.5384615384615385,0.3076923076923077
CA-SC-10-F-15-BR-1TO,0.036036036036036036,0.22968556367535065,6.37377439199098,0.972972972972973,0.0013513513513513512,False,0.07142857142857142,2024-06-24,110,intermittent,full,0.07692307692307693,0.9230769230769231
CA-SC-10-F-15-DG-1TO,0.3963963963963964,0.903240206089678,2.278628701726233,0.7747747747747747,0.013171288171288171,False,0.7857142857142857,2024-06-24,110,intermittent,full,1.0,0.3076923076923077
CA-SC-10-F-15-GR-1TO,0.1891891891891892,0.4352386424930148,2.300547110320221,0.8288288288288288,0.005835380835380836,False,0.35714285714285715,2024-06-24,110,intermittent,full,0.46153846153846156,0.5384615384615384
CA-SC-10-F-15-RD-1TO,0.009009009009009009,0.09448728361893258,10.488088481701515,0.990990990990991,0.00048262548262548264,False,0.017857142857142856,2024-06-24,110,intermittent,full,0.07692307692307693,0.9230769230769231
CA-SC-10-F-15-WR-1TO,0.08108108108108109,0.27295959292870486,3.366501646120693,0.918918918918919,0.0025008775008775012,False,0.16071428571428573,2024-06-24,110,intermittent,full,0.15384615384615385,0.8461538461538461
CA-SC-10-F-150-BE-1TO,0.018018018018018018,0.13301642396606667,7.3824115301167,0.9819819819819819,0.0007371007371007372,False,0.03571428571428571,2024-06-24,110,intermittent,full,0.07692307692307693,0.9230769230769231
CA-SC-10-F-150-BK-1TO,0.018018018018018018,0.13301642396606667,7.3824115301167,0.9819819819819819,0.0008160758160758163,False,0.03571428571428571,2024-06-24,110,intermittent,full,0.15384615384615385,0.8461538461538461
CA-SC-10-F-150-BR-1TO,0.009009009009009009,0.09448728361893258,10.488088481701515,0.990990990990991,0.00025447525447525445,False,0.017857142857142856,2024-06-24,110,intermittent,full,0.0,1.0
CA-SC-10-F-150-DB-1TO,0.018018018018018018,0.13301642396606667,7.3824115301167,0.9819819819819819,0.0008775008775008778,False,0.03571428571428571,2024-06-24,110,intermittent,full,0.15384615384615385,0.8461538461538461
CA-SC-10-F-150-DG-1TO,0.02702702702702703,0.16216216216216217,6.0,0.972972972972973,0.0010530010530010532,False,0.05357142857142857,2024-06-24,110,intermittent,full,0.07692307692307693,0.9230769230769231
CA-SC-10-F-150-GR-1TO,0.018018018018018018,0.13301642396606667,7.3824115301167,0.9819819819819819,0.0008775008775008778,False,0.03571428571428571,2024-06-24,110,intermittent,full,0.15384615384615385,0.8461538461538461
CA-SC-10-F-151-BR-1TO,0.009009009009009009,0.09448728361893258,10.488088481701515,0.990990990990991,0.0001930501930501931,False,0.017857142857142856,2024-06-24,110,intermittent,full,0.0,1.0
CA-SC-10-F-151-DB-1TO,0.018018018018018018,0.13301642396606667,7.3824115301167,0.9819819819819819,0.0008073008073008072,False,0.03571428571428571,2024-06-24,110,intermittent,full,0.15384615384615385,0.8461538461538461
CA-SC-10-F-151-DG-1TO,0.009009009009009009,0.09448728361893258,10.488088481701515,0.990990990990991,0.00041242541242541246,False,0.017857142857142856,2024-06-24,110,intermittent,full,0.07692307692307693,0.9230769230769231
CA-SC-10-F-151-GR-1TO,0.009009009009009009,0.09448728361893258,10.488088481701515,0.990990990990991,0.0004563004563004563,False,0.017857142857142856,2024-06-24,110,intermittent,full,0.07692307692307693,0.9230769230769231
CA-SC-10-F-16-BE-1TO,1.2252252252252251,1.6802224471170835,1.3713580266911491,0.5315315315315315,0.03667953667953668,False,2.392857142857143,2025-05-19,64,smooth,medium,2.769230769230769,0.07692307692307693
CA-SC-10-F-16-BK-1TO,3.595744680851064,1.8411325661943778,0.5120309503617501,0.0,0.01919518963922299,True,3.0535714285714284,2025-09-15,46,smooth,short,4.0,0.0
CA-SC-10-F-16-BR-1TO,0.06306306306306306,0.277676306440044,4.403152859263555,0.9459459459459459,0.002035802035802036,False,0.125,2024-06-24,110,intermittent,full,0.07692307692307693,0.9230769230769231
CA-SC-10-F-16-DB-1TO,0.10810810810810811,0.3105168998128664,2.872281323269014,0.8918918918918919,0.003483678483678485,False,0.21428571428571427,2024-06-24,110,intermittent,full,0.38461538461538464,0.6153846153846154
CA-SC-10-F-16-DG-1TO,0.5315315315315315,0.918477194661833,1.727982518770567,0.6666666666666666,0.016716391716391717,False,1.0535714285714286,2024-06-24,110,intermittent,full,1.3076923076923077,0.3076923076923077
CA-SC-10-F-16-GR-1TO,0.44144144144144143,0.8348780423930158,1.8912543409311173,0.7207207207207207,0.013864513864513865,False,0.8571428571428571,2024-06-24,110,intermittent,full,1.3076923076923077,0.23076923076923078
CA-SC-10-F-16-PK-1TO,0.036036036036036036,0.18637982761781263,5.172040216394301,0.963963963963964,0.0015005265005265005,False,0.07142857142857142,2024-06-24,110,intermittent,full,0.23076923076923078,0.7692307692307693
CA-SC-10-F-16-WH-1TO,0.12612612612612611,0.4053052929442159,3.2134919654862837,0.9009009009009009,0.0042471042471042475,False,0.25,2024-06-24,110,intermittent,full,0.3076923076923077,0.7692307692307693
CA-SC-10-F-16-WR-1TO,0.1891891891891892,0.47483545776952923,2.509844562496083,0.8468468468468469,0.006265356265356267,False,0.375,2024-06-24,110,intermittent,full,0.6923076923076923,0.38461538461538464
CA-SC-10-F-165-BK-1TO,0.018018018018018018,0.13301642396606667,7.3824115301167,0.9819819819819819,0.0005703755703755705,False,0.03571428571428571,2024-06-24,110,intermittent,full,0.0,1.0
CA-SC-10-F-165-DG-1TO,0.018018018018018018,0.13301642396606667,7.3824115301167,0.9819819819819819,0.0008160758160758163,False,0.03571428571428571,2024-06-24,110,intermittent,full,0.07692307692307693,0.9230769230769231
CA-SC-10-F-165-GR-1TO,0.02702702702702703,0.16216216216216217,6.0,0.972972972972973,0.0012636012636012637,False,0.05357142857142857,2024-06-24,110,intermittent,full,0.15384615384615385,0.8461538461538461
CA-SC-10-F-167-BK-1TO,0.12612612612612611,0.4672541434194572,3.7046578513971253,0.9099099099099099,0.004510354510354511,False,0.25,2024-06-24,110,intermittent,full,0.38461538461538464,0.7692307692307693
CA-SC-10-F-167-BKRD-STI,0.009009009009009009,0.09448728361893258,10.488088481701515,0.990990990990991,0.0001842751842751843,False,0.017857142857142856,2024-06-24,110,intermittent,full,0.0,1.0
CA-SC-10-F-167-DG-1TO,0.06306306306306306,0.277676306440044,4.403152859263555,0.9459459459459459,0.0025008775008775017,False,0.125,2024-06-24,110,intermittent,full,0.23076923076923078,0.8461538461538461
CA-SC-10-F-167-GR-1TO,0.04504504504504504,0.2074029627607448,4.604345773288535,0.954954954954955,0.001570726570726571,False,0.08928571428571429,2024-06-24,110,intermittent,full,0.15384615384615385,0.8461538461538461
CA-SC-10-F-168-BE-1TO,0.009009009009009009,0.09448728361893258,10.488088481701515,0.990990990990991,0.0002018252018252018,False,0.017857142857142856,2024-06-24,110,intermittent,full,0.0,1.0
CA-SC-10-F-168-BK-1TO,0.5945945945945946,1.109974258108933,1.8667748886377507,0.6756756756756757,0.008055458055458056,False,1.0178571428571428,2024-06-24,110,intermittent,full,0.07692307692307693,0.9230769230769231
CA-SC-10-F-168-BR-1TO,0.009009009009009009,0.09448728361893258,10.488088481701515,0.990990990990991,0.00030712530712530717,False,0.017857142857142856,2024-06-24,110,intermittent,full,0.0,1.0
CA-SC-10-F-168-DG-1TO,0.13513513513513514,0.4549326548811746,3.366501646120692,0.9009009009009009,0.004782379782379782,False,0.26785714285714285,2024-06-24,110,intermittent,full,0.3076923076923077,0.6923076923076923
CA-SC-10-F-168-GR-1TO,0.009009009009009009,0.09448728361893258,10.488088481701515,0.990990990990991,0.0002281502281502282,False,0.017857142857142856,2024-06-24,110,intermittent,full,0.0,1.0
CA-SC-10-F-168-WR-1TO,0.009009009009009009,0.09448728361893258,10.488088481701515,0.990990990990991,0.00040365040365040387,False,0.017857142857142856,2024-06-24,110,intermittent,full,0.07692307692307693,0.9230769230769231
CA-SC-10-F-169-BE-1TO,0.4144144144144144,0.8325416253800305,2.0089591395039865,0.7477477477477478,0.011767286767286769,False,0.8214285714285714,2024-06-24,110,intermittent,full,0.7692307692307693,0.5384615384615384
CA-SC-10-F-169-BK-1TO,33.12244897959184,13.259779068343274,0.4003260470417871,0.0,-0.45397959183673464,True,29.464285714285715,2025-09-01,48,smooth,short,22.923076923076923,0.0
CA-SC-10-F-169-BKRD-STI,0.15315315315315314,0.7734117488769281,5.049923772078766,0.9369369369369369,0.003834678834678835,False,0.30357142857142855,2024-06-24,110,intermittent,full,0.0,1.0
CA-SC-10-F-169-BKWH-STI,0.0990990990990991,0.4235192531006543,4.273694281288421,0.9369369369369369,0.002781677781677782,False,0.19642857142857142,2024-06-24,110,intermittent,full,0.0,1.0
CA-SC-10-F-169-BR-1TO,0.990990990990991,1.6357244613419315,1.6505946837177672,0.6036036036036037,0.0298964548964549,False,1.9642857142857142,2025-07-28,54,smooth,medium,2.3846153846153846,0.0
CA-SC-10-F-169-DB-1TO,9.081632653061224,4.20804251692398,0.46335749062758436,0.0,-0.058469387755101944,True,8.017857142857142,2025-09-01,48,smooth,short,7.384615384615385,0.0
CA-SC-10-F-169-DG-1TO,9.571428571428571,3.7307328163430276,0.38977805543882377,0.0,-0.11520408163265303,True,8.464285714285714,2025-09-01,48,smooth,short,7.538461538461538,0.0
CA-SC-10-F-169-GR-1TO,2.5918367346938775,1.7013604082176597,0.6564303937217743,0.10204081632653061,-0.011326530612244904,True,2.2857142857142856,2025-07-28,54,smooth,medium,2.5384615384615383,0.07692307692307693
CA-SC-10-F-169-OR-1TO,0.009009009009009009,0.09448728361893258,10.488088481701515,0.990990990990991,0.0001842751842751843,False,0.017857142857142856,2024-06-24,110,intermittent,full,0.0,1.0
CA-SC-10-F-169-PK-1TO,0.009009009009009009,0.09448728361893259,10.488088481701517,0.990990990990991,9.652509652509655e-05,False,0.017857142857142856,2024-06-24,110,intermittent,full,0.0,1.0
CA-SC-10-F-169-RD-1TO,0.11711711711711711,0.4599008655171249,3.9268458517231433,0.9279279279279279,0.0019129519129519133,False,0.23214285714285715,2024-06-24,110,intermittent,full,0.0,1.0
CA-SC-10-F-169-WH-1TO,0.0990990990990991,0.35399788656555853,3.572160491707,0.918918918918919,0.0022551772551772553,False,0.19642857142857142,2024-06-24,110,intermittent,full,0.0,1.0
CA-SC-10-F-169-WR-1TO,0.7387387387387387,1.1602400474809467,1.5705688447607937,0.6216216216216216,0.022621972621972627,False,1.4642857142857142,2024-06-24,110,intermittent,full,1.5384615384615385,0.15384615384615385
CA-SC-10-F-17-BE-1TO,0.36936936936936937,0.6834982608429065,1.850446511062503,0.7387387387387387,0.011468936468936472,False,0.6964285714285714,2024-06-24,110,intermittent,full,1.0,0.38461538461538464
CA-SC-10-F-17-BK-1TO,4.387755102040816,2.686446150514993,0.6122598203499287,0.0,0.10734693877551027,True,3.875,2025-09-01,48,smooth,short,7.230769230769231,0.0
CA-SC-10-F-17-BR-1TO,0.35135135135135137,0.801447436622855,2.2810427042342796,0.7927927927927928,0.010591435591435593,False,0.6964285714285714,2024-06-24,110,intermittent,full,1.0,0.5384615384615384
CA-SC-10-F-17-DB-1TO,0.46846846846846846,0.8576084473731369,1.8306641857388115,0.7027027027027027,0.01590909090909091,False,0.8928571428571429,2024-06-24,110,intermittent,full,1.3846153846153846,0.3076923076923077
CA-SC-10-F-17-DG-1TO,4.1875,2.976688946351858,0.7108510916661154,0.041666666666666664,0.14150021710811983,True,3.5892857142857144,2025-09-08,47,smooth,short,7.230769230769231,0.0
CA-SC-10-F-17-GR-1TO,0.5945945945945946,0.9527426354163809,1.6023398868366405,0.6396396396396397,0.018146718146718147,False,1.1071428571428572,2024-06-24,110,intermittent,full,1.8461538461538463,0.15384615384615385
CA-SC-10-F-17-PK-1TO,0.18018018018018017,0.4876529226206977,2.7064737205448726,0.8648648648648649,0.0052123552123552125,False,0.35714285714285715,2024-06-24,110,intermittent,full,0.0,1.0
CA-SC-10-F-17-RD-1TO,0.04504504504504504,0.2074029627607448,4.604345773288535,0.954954954954955,0.0017286767286767287,False,0.08928571428571429,2024-06-24,110,intermittent,full,0.23076923076923078,0.7692307692307693
CA-SC-10-F-17-WH-1TO,0.09009009009009009,0.3162149328789953,3.509985754956848,0.918918918918919,0.0037118287118287126,False,0.17857142857142858,2024-06-24,110,intermittent,full,0.46153846153846156,0.6153846153846154
CA-SC-10-F-17-WR-1TO,0.27927927927927926,0.6176265405766705,2.211501484000337,0.8018018018018018,0.009283959283959286,False,0.5535714285714286,2024-06-24,110,intermittent,full,0.9230769230769231,0.38461538461538464
CA-SC-10-F-170-BE-1TO,0.009009009009009009,0.09448728361893258,10.488088481701515,0.990990990990991,0.00038610038610038604,False,0.017857142857142856,2024-06-24,110,intermittent,full,0.07692307692307693,0.9230769230769231
CA-SC-10-F-170-BK-1TO,0.018018018018018018,0.18897456723786515,10.488088481701515,0.990990990990991,0.0008950508950508954,False,0.03571428571428571,2024-06-24,110,intermittent,full,0.15384615384615385,0.9230769230769231
CA-SC-10-F-170-DB-1TO,0.009009009009009009,0.09448728361893258,10.488088481701515,0.990990990990991,0.0004387504387504389,False,0.017857142857142856,2024-06-24,110,intermittent,full,0.07692307692307693,0.9230769230769231
CA-SC-10-F-170-DG-1TO,0.009009009009009009,0.09448728361893258,10.488088481701515,0.990990990990991,0.00029835029835029837,False,0.017857142857142856,2024-06-24,110,intermittent,full,0.0,1.0
CA-SC-10-F-171-BE-1TO,0.25225225225225223,0.621947949336692,2.4655793705847433,0.8288288288288288,0.010170235170235171,False,0.5,2024-06-24,110,intermittent,full,1.0,0.46153846153846156
CA-SC-10-F-171-BK-1TO,26.61764705882353,9.7769678503113,0.3673114993487118,0.0,0.22139037433155112,True,16.339285714285715,2025-12-15,33,smooth,short,28.615384615384617,0.0
CA-SC-10-F-171-BR-1TO,0.6126126126126126,1.2675518801413737,2.0690920396425367,0.7567567567567568,0.024622674622674624,False,1.2142857142857142,2026-03-30,19,smooth,short,2.769230769230769,0.07692307692307693
CA-SC-10-F-171-DB-1TO,5.794117647058823,3.4366486048500793,0.5931271703802168,0.029411764705882353,0.1330786860198625,True,3.5357142857142856,2025-12-15,33,smooth,short,6.923076923076923,0.0
CA-SC-10-F-171-DG-1TO,7.5,3.4577279177143443,0.46103038902857923,0.0,0.19755538579067994,True,4.589285714285714,2025-12-15,33,smooth,short,9.846153846153847,0.0
CA-SC-10-F-171-GR-1TO,0.6036036036036037,1.2683200158831038,2.1012465934779776,0.7477477477477478,0.02406984906984907,False,1.1964285714285714,2026-04-06,18,smooth,short,2.5384615384615383,0.15384615384615385
CA-SC-10-F-171-WR-1TO,0.7747747747747747,1.5227090882015566,1.9653570789578232,0.7117117117117117,0.030335205335205336,False,1.5357142857142858,2025-11-10,39,smooth,short,2.923076923076923,0.0
CA-SC-10-F-172-BK-1TO,0.32432432432432434,1.066797532756246,3.2892923926650917,0.8828828828828829,0.01561074061074061,False,0.6428571428571429,2026-04-20,16,smooth,short,2.6923076923076925,0.07692307692307693
CA-SC-10-F-172-DB-1TO,0.0990990990990991,0.4016846272001433,4.053363056292355,0.9279279279279279,0.004852579852579852,False,0.19642857142857142,2024-06-24,110,intermittent,full,0.7692307692307693,0.46153846153846156
CA-SC-10-F-172-DG-1TO,0.10810810810810811,0.4717487373544521,4.363675820528682,0.9369369369369369,0.005458055458055458,False,0.21428571428571427,2024-06-24,110,intermittent,full,0.9230769230769231,0.46153846153846156
CA-SC-10-F-172-GR-1TO,0.018018018018018018,0.13301642396606667,7.3824115301167,0.9819819819819819,0.000824850824850825,False,0.03571428571428571,2024-06-24,110,intermittent,full,0.07692307692307693,0.9230769230769231
CA-SC-10-F-172-WR-1TO,0.009009009009009009,0.09448728361893258,10.488088481701515,0.990990990990991,0.00042997542997542986,False,0.017857142857142856,2024-06-24,110,intermittent,full,0.07692307692307693,0.9230769230769231
CA-SC-10-F-173-BE-1TO,0.42342342342342343,0.8441590468556741,1.993652217042124,0.7297297297297297,0.013083538083538085,False,0.75,2024-06-24,110,intermittent,full,1.2307692307692308,0.23076923076923078
CA-SC-10-F-173-BK-1TO,18.256410256410255,7.59796851633905,0.41618085974329067,0.0,0.14473684210526305,True,13.0,2025-11-10,38,smooth,short,18.153846153846153,0.0
CA-SC-10-F-173-BKWH-STI,0.009009009009009009,0.09448728361893258,10.488088481701515,0.990990990990991,0.00017550017550017544,False,0.017857142857142856,2024-06-24,110,intermittent,full,0.0,1.0
CA-SC-10-F-173-BR-1TO,0.3153153153153153,0.6709141535823736,2.1277563156469563,0.7837837837837838,0.011346086346086347,False,0.625,2024-06-24,110,intermittent,full,1.1538461538461537,0.23076923076923078
CA-SC-10-F-173-DB-1TO,3.358974358974359,1.8043704703342751,0.5371789949850132,0.02564102564102564,0.003846153846153824,True,2.4464285714285716,2025-11-10,38,smooth,short,3.3076923076923075,0.0
CA-SC-10-F-173-DG-1TO,6.82051282051282,3.7201584944992074,0.5454367717498838,0.0,0.09736842105263152,True,4.839285714285714,2025-11-10,38,smooth,short,7.538461538461538,0.0
CA-SC-10-F-173-GR-1TO,0.34234234234234234,0.7412613488549266,2.165263413760443,0.7747747747747747,0.010582660582660584,False,0.5892857142857143,2024-06-24,110,intermittent,full,0.9230769230769231,0.46153846153846156
CA-SC-10-F-173-WR-1TO,0.7207207207207207,1.3568058089071422,1.8825680598586598,0.7027027027027027,0.02558792558792559,False,1.4285714285714286,2024-06-24,110,intermittent,full,2.1538461538461537,0.23076923076923078
CA-SC-10-F-174-BE-1TO,0.036036036036036036,0.18637982761781263,5.172040216394301,0.963963963963964,0.000824850824850825,False,0.07142857142857142,2024-06-24,110,intermittent,full,0.0,1.0
CA-SC-10-F-174-BK-1TO,5.795918367346939,4.969209651922998,0.8573636371275594,0.12244897959183673,-0.12581632653061223,True,5.142857142857143,2025-09-01,48,smooth,short,3.8461538461538463,0.23076923076923078
CA-SC-10-F-174-BR-1TO,0.17117117117117117,0.583155039015577,3.4068531226699497,0.8918918918918919,0.003185328185328186,False,0.3392857142857143,2024-06-24,110,intermittent,full,0.07692307692307693,0.9230769230769231
CA-SC-10-F-174-DB-1TO,0.3333333333333333,0.6756156129460424,2.0268468388381273,0.7657657657657657,0.0073271323271323265,False,0.6607142857142857,2024-06-24,110,intermittent,full,0.07692307692307693,0.9230769230769231
CA-SC-10-F-174-DG-1TO,0.963963963963964,1.854762207278402,1.924099112223389,0.6846846846846847,0.02575465075465076,False,1.9107142857142858,2024-06-24,110,intermittent,full,1.6153846153846154,0.46153846153846156
CA-SC-10-F-174-GR-1TO,0.18018018018018017,0.505789868382638,2.8071337695236407,0.8648648648648649,0.0043436293436293445,False,0.35714285714285715,2024-06-24,110,intermittent,full,0.3076923076923077,0.6923076923076923
CA-SC-10-F-174-RD-1TO,0.02702702702702703,0.1621621621621622,6.000000000000001,0.972972972972973,0.0002544752544752545,False,0.05357142857142857,2024-06-24,110,intermittent,full,0.0,1.0
CA-SC-10-F-174-WH-1TO,0.018018018018018018,0.13301642396606667,7.3824115301167,0.9819819819819819,0.00018427518427518427,False,0.03571428571428571,2024-06-24,110,intermittent,full,0.0,1.0
CA-SC-10-F-174-WR-1TO,0.22522522522522523,0.6393223423138801,2.8385911998736275,0.8648648648648649,0.005089505089505089,False,0.44642857142857145,2024-06-24,110,intermittent,full,0.38461538461538464,0.6923076923076923
CA-SC-10-F-175-BK-1TO,0.24324324324324326,0.6182832409648105,2.5418311017442208,0.8198198198198198,0.008494208494208493,False,0.48214285714285715,2024-06-24,110,intermittent,full,0.9230769230769231,0.46153846153846156
CA-SC-10-F-175-BR-1TO,0.018018018018018018,0.13301642396606667,7.3824115301167,0.9819819819819819,0.0007458757458757459,False,0.03571428571428571,2024-06-24,110,intermittent,full,0.07692307692307693,0.9230769230769231
CA-SC-10-F-175-DB-1TO,0.009009009009009009,0.09448728361893258,10.488088481701515,0.990990990990991,0.0003246753246753247,False,0.017857142857142856,2024-06-24,110,intermittent,full,0.0,1.0
CA-SC-10-F-175-DG-1TO,0.018018018018018018,0.13301642396606667,7.3824115301167,0.9819819819819819,0.0005616005616005616,False,0.03571428571428571,2024-06-24,110,intermittent,full,0.0,1.0
CA-SC-10-F-175-GR-1TO,0.009009009009009009,0.09448728361893258,10.488088481701515,0.990990990990991,0.00040365040365040387,False,0.017857142857142856,2024-06-24,110,intermittent,full,0.07692307692307693,0.9230769230769231
CA-SC-10-F-175-WR-1TO,0.06306306306306306,0.24307635249066742,3.8544964466377265,0.9369369369369369,0.0024745524745524747,False,0.125,2024-06-24,110,intermittent,full,0.3076923076923077,0.6923076923076923
CA-SC-10-F-176-BE-1TO,0.2702702702702703,0.6704300884734796,2.4805913273518745,0.8198198198198198,0.010854685854685858,False,0.5178571428571429,2024-06-24,110,intermittent,full,1.2307692307692308,0.3076923076923077
CA-SC-10-F-176-BK-1TO,5.230769230769231,2.4068442841787716,0.46013199550476513,0.0,-0.059487179487179506,True,2.4642857142857144,2026-02-09,25,smooth,short,4.769230769230769,0.0
CA-SC-10-F-176-BR-1TO,0.04504504504504504,0.24705061623066824,5.4845236803208355,0.963963963963964,0.001956826956826957,False,0.08928571428571429,2024-06-24,110,intermittent,full,0.23076923076923078,0.7692307692307693
CA-SC-10-F-176-DB-1TO,0.45045045045045046,1.1910986580928584,2.6442390209661455,0.8198198198198198,0.01912074412074412,False,0.8928571428571429,2024-06-24,110,intermittent,full,2.3076923076923075,0.23076923076923078
CA-SC-10-F-176-DG-1TO,0.5045045045045045,1.047294875517882,2.0758880568300877,0.7387387387387387,0.01851526851526852,False,1.0,2024-06-24,110,intermittent,full,1.6153846153846154,0.3076923076923077
CA-SC-10-F-176-GR-1TO,0.05405405405405406,0.2261243314956961,4.183300132670378,0.9459459459459459,0.0014478764478764482,False,0.08928571428571429,2024-06-24,110,intermittent,full,0.15384615384615385,0.8461538461538461
CA-SC-10-F-176-WR-1TO,0.07207207207207207,0.2913686779963285,4.042740407199058,0.9369369369369369,0.0029133029133029133,False,0.14285714285714285,2024-06-24,110,intermittent,full,0.23076923076923078,0.7692307692307693
CA-SC-10-F-177-BE-1TO,0.5675675675675675,1.2778192404250255,2.251395804558378,0.7567567567567568,0.011960336960336961,False,1.125,2024-06-24,110,intermittent,full,0.5384615384615384,0.6923076923076923
CA-SC-10-F-177-BK-1TO,9.49090909090909,9.43084441851741,0.9936713467786543,0.0,-0.24783549783549808,True,9.392857142857142,2025-07-21,54,smooth,medium,3.3846153846153846,0.0
CA-SC-10-F-177-BKRD-STI,0.02702702702702703,0.21051029631617882,7.788880963698616,0.9819819819819819,0.0005177255177255179,False,0.05357142857142857,2024-06-24,110,intermittent,full,0.0,1.0
CA-SC-10-F-177-BR-1TO,0.27927927927927926,0.5877299614522554,2.1044524426193663,0.7927927927927928,0.006993681993681994,False,0.5535714285714286,2024-06-24,110,intermittent,full,0.5384615384615384,0.5384615384615384
CA-SC-10-F-177-DB-1TO,1.4054054054054055,2.576324564000018,1.8331540166923204,0.5945945945945946,0.03030010530010531,False,2.767857142857143,2024-06-24,110,intermittent,full,1.1538461538461537,0.3076923076923077
CA-SC-10-F-177-DG-1TO,9.285714285714286,7.886956423909863,0.8493645379595237,0.04081632653061224,-0.3556122448979591,True,8.357142857142858,2025-09-01,48,smooth,short,4.384615384615385,0.0
CA-SC-10-F-177-GR-1TO,0.8468468468468469,1.7767172796647828,2.098038489816924,0.7027027027027027,0.016163566163566165,False,1.6428571428571428,2024-06-24,110,intermittent,full,0.46153846153846156,0.6923076923076923
CA-SC-10-F-177-RD-1TO,0.09009009009009009,0.3688196304587156,4.093897898091743,0.9369369369369369,0.0017023517023517028,False,0.17857142857142858,2024-06-24,110,intermittent,full,0.0,1.0
CA-SC-10-F-177-WR-1TO,0.25225225225225223,0.621947949336692,2.4655793705847433,0.8198198198198198,0.004159354159354159,False,0.4642857142857143,2024-06-24,110,intermittent,full,0.07692307692307693,0.9230769230769231
CA-SC-10-F-178-BE-1TO,0.05405405405405406,0.2261243314956961,4.183300132670378,0.9459459459459459,0.002430677430677431,False,0.10714285714285714,2024-06-24,110,intermittent,full,0.38461538461538464,0.6153846153846154
CA-SC-10-F-178-BK-1TO,0.3063063063063063,0.825197686310233,2.6940277406010553,0.8288288288288288,0.012679887679887682,False,0.6071428571428571,2024-06-24,110,intermittent,full,1.3846153846153846,0.23076923076923078
CA-SC-10-F-178-BR-1TO,0.02702702702702703,0.16216216216216217,6.0,0.972972972972973,0.001123201123201123,False,0.05357142857142857,2024-06-24,110,intermittent,full,0.15384615384615385,0.8461538461538461
CA-SC-10-F-178-DB-1TO,0.11711711711711711,0.3484518847894363,2.975243016279033,0.8918918918918919,0.004703404703404704,False,0.23214285714285715,2024-06-24,110,intermittent,full,0.46153846153846156,0.6153846153846154
CA-SC-10-F-178-DG-1TO,0.21621621621621623,0.5913095164476375,2.7348065135703234,0.8558558558558559,0.009090909090909094,False,0.42857142857142855,2024-06-24,110,intermittent,full,1.0769230769230769,0.3076923076923077
CA-SC-10-F-178-GR-1TO,0.04504504504504504,0.2074029627607448,4.604345773288535,0.954954954954955,0.0018515268515268512,False,0.08928571428571429,2024-06-24,110,intermittent,full,0.15384615384615385,0.8461538461538461
CA-SC-10-F-178-WR-1TO,0.018018018018018018,0.13301642396606667,7.3824115301167,0.9819819819819819,0.0007722007722007722,False,0.03571428571428571,2024-06-24,110,intermittent,full,0.07692307692307693,0.9230769230769231
CA-SC-10-F-179-BE-1TO,0.04504504504504504,0.3887468290160616,8.630179604156568,0.9819819819819819,0.002228852228852229,False,0.08928571428571429,2024-06-24,110,intermittent,full,0.3076923076923077,0.9230769230769231
CA-SC-10-F-179-BK-1TO,4.481481481481482,2.217278451421595,0.49476461312713277,0.0,0.03174603174603169,True,2.1785714285714284,2026-02-02,26,smooth,short,4.615384615384615,0.0
CA-SC-10-F-179-DB-1TO,0.22522522522522523,0.6393223423138801,2.8385911998736275,0.8648648648648649,0.008889083889083889,False,0.44642857142857145,2024-06-24,110,intermittent,full,0.6923076923076923,0.5384615384615384
CA-SC-10-F-179-DG-1TO,4.857142857142857,2.2632827882506943,0.46596998581631943,0.0,0.15216201423097978,True,2.4642857142857144,2026-01-26,27,smooth,short,5.846153846153846,0.0
CA-SC-10-F-179-GR-1TO,0.24324324324324326,0.6467690484972096,2.6589394215996394,0.8378378378378378,0.01031941031941032,False,0.48214285714285715,2024-06-24,110,intermittent,full,1.3846153846153846,0.23076923076923078
CA-SC-10-F-179-WR-1TO,0.10810810810810811,0.43186900231376163,3.9947882714022946,0.9279279279279279,0.005098280098280099,False,0.21428571428571427,2024-06-24,110,intermittent,full,0.6923076923076923,0.6153846153846154
CA-SC-10-F-18-BE-1TO,0.6486486486486487,1.0624521072292301,1.637946998645063,0.6576576576576577,0.021217971217971216,False,1.2857142857142858,2024-06-24,110,intermittent,full,1.7692307692307692,0.15384615384615385
CA-SC-10-F-18-BK-1TO,7.895833333333333,3.809197112107601,0.48243129652022393,0.0,0.1595201910551454,True,6.839285714285714,2025-09-08,47,smooth,short,10.461538461538462,0.0
CA-SC-10-F-18-BKRD-STI,0.04504504504504504,0.38874682901606156,8.630179604156567,0.9819819819819819,0.0008862758862758863,False,0.08928571428571429,2024-06-24,110,intermittent,full,0.0,1.0
CA-SC-10-F-18-BKWH-STI,0.009009009009009009,0.09448728361893258,10.488088481701515,0.990990990990991,0.0001842751842751843,False,0.017857142857142856,2024-06-24,110,intermittent,full,0.0,1.0
CA-SC-10-F-18-BR-1TO,0.16216216216216217,0.414610216180319,2.5567629997786336,0.8558558558558559,0.00551070551070551,False,0.32142857142857145,2024-06-24,110,intermittent,full,0.46153846153846156,0.6153846153846154
CA-SC-10-F-18-DB-1TO,0.24324324324324326,0.5729049764174647,2.355276014160688,0.8198198198198198,0.009222534222534225,False,0.48214285714285715,2024-06-24,110,intermittent,full,0.8461538461538461,0.46153846153846156
CA-SC-10-F-18-DG-1TO,0.990990990990991,1.5274986648406632,1.5413850163392147,0.6126126126126126,0.032695682695682696,False,1.9642857142857142,2025-08-04,53,smooth,medium,3.076923076923077,0.0
CA-SC-10-F-18-GR-1TO,0.7207207207207207,1.3299811769390169,1.845348883002886,0.6756756756756757,0.024280449280449288,False,1.4285714285714286,2026-04-20,16,smooth,short,2.230769230769231,0.0
CA-SC-10-F-18-PK-1TO,0.16216216216216217,0.4357977161242459,2.6874192494328497,0.8648648648648649,0.005642330642330643,False,0.32142857142857145,2024-06-24,110,intermittent,full,0.38461538461538464,0.7692307692307693
CA-SC-10-F-18-RD-1TO,0.09009009009009009,0.3162149328789954,3.509985754956849,0.918918918918919,0.0036416286416286418,False,0.17857142857142858,2024-06-24,110,intermittent,full,0.46153846153846156,0.6153846153846154
CA-SC-10-F-18-WH-1TO,0.15315315315315314,0.46881484076604285,3.0610851367665153,0.8918918918918919,0.004589329589329589,False,0.30357142857142855,2024-06-24,110,intermittent,full,0.23076923076923078,0.8461538461538461
CA-SC-10-F-18-WR-1TO,0.46846846846846846,0.8885641806081407,1.8967427701443003,0.7117117117117117,0.015672165672165672,False,0.9285714285714286,2024-06-24,110,intermittent,full,1.2307692307692308,0.3076923076923077
CA-SC-10-F-180-BE-1TO,0.04504504504504504,0.2074029627607448,4.604345773288535,0.954954954954955,0.001974376974376975,False,0.08928571428571429,2024-06-24,110,intermittent,full,0.3076923076923077,0.6923076923076923
CA-SC-10-F-180-BK-1TO,0.05405405405405406,0.2261243314956961,4.183300132670378,0.9459459459459459,0.0026763776763776767,False,0.10714285714285714,2024-06-24,110,intermittent,full,0.46153846153846156,0.5384615384615384
CA-SC-10-F-180-DB-1TO,0.018018018018018018,0.13301642396606667,7.3824115301167,0.9819819819819819,0.0008248508248508249,False,0.03571428571428571,2024-06-24,110,intermittent,full,0.15384615384615385,0.8461538461538461
CA-SC-10-F-180-DG-1TO,0.11711711711711711,0.4188947004527088,3.5767162884808217,0.918918918918919,0.005484380484380486,False,0.23214285714285715,2024-06-24,110,intermittent,full,0.8461538461538461,0.46153846153846156
CA-SC-10-F-180-GR-1TO,0.036036036036036036,0.22968556367535065,6.37377439199098,0.972972972972973,0.0015795015795015798,False,0.07142857142857142,2024-06-24,110,intermittent,full,0.23076923076923078,0.8461538461538461
CA-SC-10-F-180-WR-1TO,0.036036036036036036,0.18637982761781263,5.172040216394301,0.963963963963964,0.001535626535626536,False,0.07142857142857142,2024-06-24,110,intermittent,full,0.23076923076923078,0.7692307692307693
CA-SC-10-F-181-BK-1TO,0.036036036036036036,0.22968556367535065,6.37377439199098,0.972972972972973,0.0014040014040014042,False,0.07142857142857142,2024-06-24,110,intermittent,full,0.07692307692307693,0.9230769230769231
CA-SC-10-F-181-DG-1TO,0.14414414414414414,0.49949247840104916,3.4652290689072784,0.9009009009009009,0.006572481572481573,False,0.2857142857142857,2024-06-24,110,intermittent,full,0.8461538461538461,0.5384615384615384
CA-SC-10-F-181-GR-1TO,0.05405405405405406,0.2952426956427737,5.461989869391314,0.963963963963964,0.0023604773604773608,False,0.10714285714285714,2024-06-24,110,intermittent,full,0.3076923076923077,0.7692307692307693
CA-SC-10-F-182-BE-1TO,0.14414414414414414,0.3512358322453681,2.4366985862022412,0.8558558558558559,0.0033696033696033697,False,0.2857142857142857,2024-06-24,110,intermittent,full,0.23076923076923078,0.7692307692307693
CA-SC-10-F-182-BK-1TO,3.673469387755102,2.809515573771922,0.7648125728601344,0.04081632653061224,-0.05428571428571426,True,3.267857142857143,2025-09-01,48,smooth,short,2.5384615384615383,0.07692307692307693
CA-SC-10-F-182-BKRD-STI,0.036036036036036036,0.2979790163701123,8.268917704270617,0.9819819819819819,0.0006932256932256932,False,0.07142857142857142,2024-06-24,110,intermittent,full,0.0,1.0
CA-SC-10-F-182-BKWH-STI,0.018018018018018018,0.13301642396606667,7.3824115301167,0.9819819819819819,0.0003422253422253422,False,0.03571428571428571,2024-06-24,110,intermittent,full,0.0,1.0
CA-SC-10-F-182-BR-1TO,0.06306306306306306,0.277676306440044,4.403152859263555,0.9459459459459459,0.0016760266760266756,False,0.125,2024-06-24,110,intermittent,full,0.15384615384615385,0.8461538461538461
CA-SC-10-F-182-DB-1TO,0.32432432432432434,0.7959600940941131,2.454210290123515,0.8108108108108109,0.009283959283959286,False,0.6428571428571429,2024-06-24,110,intermittent,full,0.5384615384615384,0.6153846153846154
CA-SC-10-F-182-DG-1TO,6.795918367346939,4.266526531781718,0.6278072073792919,0.0,-0.11918367346938774,True,6.017857142857143,2025-09-01,48,smooth,short,5.076923076923077,0.0
CA-SC-10-F-182-GR-1TO,3.1875,2.088223427541539,0.6551289184444044,0.10416666666666667,-0.049229266174554975,True,2.767857142857143,2025-09-08,47,smooth,short,2.3076923076923075,0.07692307692307693
CA-SC-10-F-182-OR-1TO,0.009009009009009009,0.09448728361893258,10.488088481701515,0.990990990990991,0.0001667251667251667,False,0.017857142857142856,2024-06-24,110,intermittent,full,0.0,1.0
CA-SC-10-F-182-PK-1TO,0.036036036036036036,0.2296855636753506,6.373774391990979,0.972972972972973,0.00048262548262548264,False,0.07142857142857142,2024-06-24,110,intermittent,full,0.0,1.0
CA-SC-10-F-182-RD-1TO,0.018018018018018018,0.13301642396606664,7.382411530116698,0.9819819819819819,0.00021060021060021063,False,0.03571428571428571,2024-06-24,110,intermittent,full,0.0,1.0
CA-SC-10-F-182-WR-1TO,0.07207207207207207,0.32080169035612355,4.451123453691214,0.9459459459459459,0.0017462267462267462,False,0.14285714285714285,2024-06-24,110,intermittent,full,0.15384615384615385,0.8461538461538461
CA-SC-10-F-183-BE-1TO,0.34234234234234234,0.7165419396449793,2.09305671843665,0.7747747747747747,0.010415935415935417,False,0.6785714285714286,2024-06-24,110,intermittent,full,0.9230769230769231,0.38461538461538464
CA-SC-10-F-183-BK-1TO,8.591836734693878,4.237434569223044,0.49319309713047305,0.0,0.0016326530612244955,True,7.607142857142857,2025-09-01,48,smooth,short,8.692307692307692,0.0
CA-SC-10-F-183-BKWH-STI,0.009009009009009009,0.09448728361893258,10.488088481701515,0.990990990990991,0.0001930501930501931,False,0.017857142857142856,2024-06-24,110,intermittent,full,0.0,1.0
CA-SC-10-F-183-BR-1TO,0.8378378378378378,1.3257025371276459,1.582290124958803,0.6216216216216216,0.027474552474552476,False,1.6607142857142858,2026-04-13,17,smooth,short,2.3076923076923075,0.07692307692307693
CA-SC-10-F-183-DB-1TO,0.7387387387387387,1.104550062990566,1.4951836218530832,0.6126126126126126,0.02306949806949807,False,1.4642857142857142,2026-04-20,16,smooth,short,2.1538461538461537,0.0
CA-SC-10-F-183-DG-1TO,6.63265306122449,2.925565548332949,0.44108526728712155,0.0,0.04397959183673467,True,5.892857142857143,2025-09-01,48,smooth,short,7.538461538461538,0.0
CA-SC-10-F-183-GR-1TO,0.6846846846846847,1.12291433880237,1.640045942198198,0.6306306306306306,0.02170937170937171,False,1.3571428571428572,2024-06-24,110,intermittent,full,1.7692307692307692,0.07692307692307693
CA-SC-10-F-183-WR-1TO,0.2882882882882883,0.5910349357425846,2.0501524333570904,0.7747747747747747,0.009652509652509652,False,0.5714285714285714,2024-06-24,110,intermittent,full,1.0,0.3076923076923077
CA-SC-10-F-184-BE-1TO,0.42342342342342343,0.8652401588139076,2.0434395240073138,0.7387387387387387,0.014057564057564058,False,0.8392857142857143,2024-06-24,110,intermittent,full,1.2307692307692308,0.23076923076923078
CA-SC-10-F-184-BK-1TO,0.3153153153153153,0.6573490575479172,2.0847355825091087,0.7747747747747747,0.010301860301860304,False,0.625,2024-06-24,110,intermittent,full,0.6153846153846154,0.6153846153846154
CA-SC-10-F-184-BR-1TO,0.16216216216216217,0.4560018282826582,2.812011274409725,0.8648648648648649,0.005747630747630747,False,0.32142857142857145,2024-06-24,110,intermittent,full,0.5384615384615384,0.5384615384615384
CA-SC-10-F-184-DB-1TO,0.21621621621621623,0.5094672257873402,2.356285919266448,0.8198198198198198,0.007063882063882065,False,0.42857142857142855,2024-06-24,110,intermittent,full,0.5384615384615384,0.5384615384615384
CA-SC-10-F-184-DG-1TO,0.10810810810810811,0.3382879883877223,3.129163892586431,0.9009009009009009,0.0029133029133029138,False,0.21428571428571427,2024-06-24,110,intermittent,full,0.23076923076923078,0.7692307692307693
CA-SC-10-F-184-GR-1TO,0.009009009009009009,0.09448728361893258,10.488088481701515,0.990990990990991,0.00033345033345033354,False,0.017857142857142856,2024-06-24,110,intermittent,full,0.0,1.0
CA-SC-10-F-184-WR-1TO,0.009009009009009009,0.09448728361893258,10.488088481701515,0.990990990990991,0.00035977535977535984,False,0.017857142857142856,2024-06-24,110,intermittent,full,0.0,1.0
CA-SC-10-F-185-BE-1TO,3.1176470588235294,2.48246445247167,0.7962621828682716,0.17647058823529413,0.05233423674466541,True,3.5357142857142856,2025-04-21,67,smooth,medium,4.384615384615385,0.0
CA-SC-10-F-185-BK-1TO,3.915492957746479,3.1207911549876255,0.7970365899428827,0.11267605633802817,0.017102615694164977,True,4.446428571428571,2025-03-31,70,smooth,medium,3.3846153846153846,0.07692307692307693
CA-SC-10-F-185-BKWH-STI,0.009009009009009009,0.09448728361893258,10.488088481701515,0.990990990990991,0.0003422253422253422,False,0.017857142857142856,2024-06-24,110,intermittent,full,0.0,1.0
CA-SC-10-F-185-BR-1TO,0.25225225225225223,0.621947949336692,2.4655793705847433,0.8198198198198198,0.006941031941031942,False,0.5,2024-06-24,110,intermittent,full,0.6153846153846154,0.5384615384615384
CA-SC-10-F-185-DB-1TO,0.5405405405405406,1.1372781144547386,2.103964511741266,0.7387387387387387,0.016198666198666202,False,1.0714285714285714,2024-06-24,110,intermittent,full,1.6153846153846154,0.23076923076923078
CA-SC-10-F-185-DG-1TO,3.5714285714285716,2.267786838055364,0.6349803146555019,0.04081632653061224,-0.0732653061224489,True,3.1785714285714284,2025-09-01,48,smooth,short,2.076923076923077,0.07692307692307693
CA-SC-10-F-185-GR-1TO,1.1081081081081081,1.4416666490736947,1.3010162442860171,0.4774774774774775,0.018234468234468237,False,1.8035714285714286,2024-06-24,110,intermittent,full,1.1538461538461537,0.3076923076923077
CA-SC-10-F-185-OR-1TO,0.009009009009009009,0.09448728361893258,10.488088481701515,0.990990990990991,0.0001930501930501931,False,0.017857142857142856,2024-06-24,110,intermittent,full,0.0,1.0
CA-SC-10-F-185-WR-1TO,0.12612612612612611,0.40530529294421586,3.2134919654862832,0.9009009009009009,0.004185679185679185,False,0.25,2024-06-24,110,intermittent,full,0.38461538461538464,0.6923076923076923
CA-SC-10-F-186-BE-1TO,0.3333333333333333,0.8201662469723273,2.4604987409169823,0.8018018018018018,0.014584064584064587,False,0.6607142857142857,2024-06-24,110,intermittent,full,1.9230769230769231,0.0
CA-SC-10-F-186-BK-1TO,0.6126126126126126,1.5548307237962407,2.5380325050203343,0.7837837837837838,0.026518076518076524,False,1.2142857142857142,2026-05-11,13,smooth,short,3.3076923076923075,0.15384615384615385
CA-SC-10-F-186-BR-1TO,0.06306306306306306,0.277676306440044,4.403152859263555,0.9459459459459459,0.002676377676377676,False,0.125,2024-06-24,110,intermittent,full,0.3076923076923077,0.7692307692307693
CA-SC-10-F-186-DB-1TO,0.1891891891891892,0.5113753494168783,2.7029839897749284,0.8648648648648649,0.008178308178308181,False,0.375,2024-06-24,110,intermittent,full,0.9230769230769231,0.38461538461538464
CA-SC-10-F-186-DG-1TO,0.8828828828828829,2.074029627607448,2.349156006779865,0.7657657657657657,0.03751316251316251,False,1.75,2025-12-29,32,smooth,short,4.461538461538462,0.0
CA-SC-10-F-186-GR-1TO,0.3333333333333333,0.8091073196150524,2.4273219588451576,0.7927927927927928,0.013811863811863813,False,0.6607142857142857,2024-06-24,110,intermittent,full,1.3846153846153846,0.07692307692307693
CA-SC-10-F-186-WR-1TO,0.018018018018018018,0.13301642396606667,7.3824115301167,0.9819819819819819,0.0009126009126009125,False,0.03571428571428571,2024-06-24,110,intermittent,full,0.15384615384615385,0.8461538461538461
CA-SC-10-F-187-BK-1TO,0.05405405405405406,0.2261243314956961,4.183300132670378,0.9459459459459459,0.002421902421902422,False,0.10714285714285714,2024-06-24,110,intermittent,full,0.38461538461538464,0.6153846153846154
CA-SC-10-F-187-DG-1TO,0.0990990990990991,0.3539978865655586,3.5721604917070002,0.918918918918919,0.0044840294840294845,False,0.19642857142857142,2024-06-24,110,intermittent,full,0.6153846153846154,0.5384615384615384
CA-SC-10-F-187-GR-1TO,0.04504504504504504,0.24705061623066824,5.4845236803208355,0.963963963963964,0.0022376272376272376,False,0.08928571428571429,2024-06-24,110,intermittent,full,0.38461538461538464,0.6923076923076923
CA-SC-10-F-188-BE-1TO,0.42342342342342343,1.0182970198879129,2.4049142384586877,0.7477477477477478,0.014013689013689016,False,0.8392857142857143,2024-06-24,110,intermittent,full,0.8461538461538461,0.38461538461538464
CA-SC-10-F-188-BK-1TO,9.653061224489797,4.1725586551833445,0.4322523765411921,0.0,0.08408163265306129,True,8.517857142857142,2025-09-01,48,smooth,short,10.923076923076923,0.0
CA-SC-10-F-188-BKRD-STI,0.34234234234234234,0.9443573103696329,2.7585174066060327,0.8198198198198198,0.00981045981045981,False,0.6785714285714286,2024-06-24,110,intermittent,full,0.23076923076923078,0.8461538461538461
CA-SC-10-F-188-BKWH-STI,0.07207207207207207,0.2913686779963285,4.042740407199058,0.9369369369369369,0.0021937521937521937,False,0.14285714285714285,2024-06-24,110,intermittent,full,0.07692307692307693,0.9230769230769231
CA-SC-10-F-188-BR-1TO,0.8558558558558559,1.4004300938250844,1.6362920043640459,0.6576576576576577,0.026807651807651805,False,1.6964285714285714,2026-05-04,14,smooth,short,2.1538461538461537,0.07692307692307693
CA-SC-10-F-188-DB-1TO,2.4583333333333335,1.9467743977039444,0.7919082295744858,0.14583333333333334,0.02985236647850627,True,2.125,2025-08-11,52,smooth,medium,2.6923076923076925,0.15384615384615385
CA-SC-10-F-188-DG-1TO,3.2448979591836733,2.133604904275123,0.6575260396822706,0.12244897959183673,0.009591836734693908,True,2.892857142857143,2025-09-01,48,smooth,short,3.8461538461538463,0.15384615384615385
CA-SC-10-F-188-GR-1TO,0.4774774774774775,0.8366260732428038,1.7521791345273816,0.6756756756756757,0.013215163215163217,False,0.875,2024-06-24,110,intermittent,full,0.8461538461538461,0.38461538461538464
CA-SC-10-F-188-OR-1TO,0.1891891891891892,0.5775610963900761,3.052822938061831,0.8738738738738738,0.006107406107406108,False,0.375,2024-06-24,110,intermittent,full,0.15384615384615385,0.8461538461538461
CA-SC-10-F-188-PK-1TO,0.0990990990990991,0.37859281782794035,3.820345707172853,0.9279279279279279,0.0015619515619515621,False,0.19642857142857142,2024-06-24,110,intermittent,full,0.0,1.0
CA-SC-10-F-188-RD-1TO,0.15315315315315314,0.505789868382638,3.3025103170866363,0.9009009009009009,0.0020972270972270963,False,0.30357142857142855,2024-06-24,110,intermittent,full,0.0,1.0
CA-SC-10-F-188-WH-1TO,0.10810810810810811,0.3639461239049397,3.366501646120692,0.9099099099099099,0.0021762021762021765,False,0.21428571428571427,2024-06-24,110,intermittent,full,0.0,1.0
CA-SC-10-F-188-WR-1TO,0.9369369369369369,1.5784544800445146,1.6846966085090493,0.6576576576576577,0.03227448227448228,False,1.8571428571428572,2025-10-13,43,smooth,short,2.4615384615384617,0.15384615384615385
CA-SC-10-F-189-BE-1TO,0.11711711711711711,0.4398758780444577,3.7558632663796008,0.918918918918919,0.005265005265005266,False,0.23214285714285715,2024-06-24,110,intermittent,full,0.7692307692307693,0.5384615384615384
CA-SC-10-F-189-BK-1TO,8.36,3.9787435202586257,0.4759262584041419,0.04,0.05846153846153862,True,3.7857142857142856,2026-02-16,24,smooth,short,9.0,0.0
CA-SC-10-F-189-BR-1TO,0.0990990990990991,0.40168462720014325,4.053363056292355,0.9279279279279279,0.004641979641979642,False,0.19642857142857142,2024-06-24,110,intermittent,full,0.7692307692307693,0.46153846153846156
CA-SC-10-F-189-DB-1TO,0.32432432432432434,0.7729918727608157,2.3833916076791817,0.8108108108108109,0.013987363987363988,False,0.6428571428571429,2024-06-24,110,intermittent,full,1.6153846153846154,0.07692307692307693
CA-SC-10-F-189-DG-1TO,5.08,2.575577605120839,0.5070034655749683,0.0,0.07230769230769221,True,2.267857142857143,2026-02-16,24,smooth,short,5.3076923076923075,0.0
CA-SC-10-F-189-GR-1TO,0.3063063063063063,0.7917683799178318,2.584890887378804,0.8288288288288288,0.013153738153738156,False,0.6071428571428571,2024-06-24,110,intermittent,full,1.4615384615384615,0.23076923076923078
CA-SC-10-F-189-WR-1TO,0.06306306306306306,0.2430763524906674,3.854496446637726,0.9369369369369369,0.002816777816777817,False,0.125,2024-06-24,110,intermittent,full,0.38461538461538464,0.6153846153846154
CA-SC-10-F-19-BK-1TO,0.009009009009009009,0.09448728361893258,10.488088481701515,0.990990990990991,0.00048262548262548264,False,0.017857142857142856,2024-06-24,110,intermittent,full,0.07692307692307693,0.9230769230769231
CA-SC-10-F-19-DG-1TO,0.009009009009009009,0.09448728361893258,10.488088481701515,0.990990990990991,0.0003246753246753247,False,0.017857142857142856,2024-06-24,110,intermittent,full,0.0,1.0
CA-SC-10-F-190-BE-1TO,3.857142857142857,2.3647064796066926,0.6130720502684017,0.061224489795918366,0.03979591836734697,True,3.4285714285714284,2025-09-01,48,smooth,short,4.3076923076923075,0.0
CA-SC-10-F-190-BK-1TO,19.972602739726028,13.1711313654114,0.6594599380487189,0.0136986301369863,0.3744600765148711,True,24.553571428571427,2025-03-17,72,smooth,medium,23.307692307692307,0.0
CA-SC-10-F-190-BKRD-STI,0.17117117117117117,0.6558657557910379,3.831636783831853,0.9099099099099099,0.00401895401895402,False,0.3392857142857143,2024-06-24,110,intermittent,full,0.0,1.0
CA-SC-10-F-190-BKWH-STI,0.1891891891891892,0.6226000916458018,3.290886198699238,0.8918918918918919,0.004615654615654617,False,0.375,2024-06-24,110,intermittent,full,0.0,1.0
CA-SC-10-F-190-BR-1TO,0.7297297297297297,1.2871222594368277,1.7638342073763935,0.6306306306306306,0.020691470691470693,False,1.4464285714285714,2024-06-24,110,intermittent,full,1.5384615384615385,0.15384615384615385
CA-SC-10-F-190-DB-1TO,7.510204081632653,2.8864387278754524,0.38433559148341623,0.0,0.012755102040816379,True,6.660714285714286,2025-09-01,48,smooth,short,7.230769230769231,0.0
CA-SC-10-F-190-DG-1TO,8.6,3.3823069050575527,0.39329150058808754,0.0,-0.047635054021608524,True,7.839285714285714,2025-08-25,49,smooth,short,7.0,0.0
CA-SC-10-F-190-GR-1TO,1.1981981981981982,1.6593704429764264,1.3848881140630327,0.5315315315315315,0.028510003510003514,False,2.232142857142857,2024-06-24,110,intermittent,full,1.5384615384615385,0.15384615384615385
CA-SC-10-F-190-OR-1TO,0.02702702702702703,0.21051029631617882,7.788880963698616,0.9819819819819819,0.0007283257283257284,False,0.05357142857142857,2024-06-24,110,intermittent,full,0.0,1.0
CA-SC-10-F-190-RD-1TO,0.05405405405405406,0.26296431566353917,4.864839839775475,0.954954954954955,0.0009477009477009478,False,0.10714285714285714,2024-06-24,110,intermittent,full,0.0,1.0
CA-SC-10-F-190-WH-1TO,0.04504504504504504,0.24705061623066824,5.4845236803208355,0.963963963963964,0.0010003510003510005,False,0.08928571428571429,2024-06-24,110,intermittent,full,0.0,1.0
CA-SC-10-F-190-WR-1TO,0.26126126126126126,0.5959580327402245,2.2810807460056868,0.8108108108108109,0.006300456300456301,False,0.5178571428571429,2024-06-24,110,intermittent,full,0.15384615384615385,0.8461538461538461
CA-SC-10-F-193-BE-1TO,0.22522522522522523,0.5316078735831326,2.3603389587091086,0.8288288288288288,0.004299754299754301,False,0.44642857142857145,2024-06-24,110,intermittent,full,0.23076923076923078,0.7692307692307693
CA-SC-10-F-193-BK-1TO,15.0,14.281456508353761,0.9520971005569174,0.0,-0.6006242496998803,True,13.642857142857142,2025-08-25,49,smooth,short,5.923076923076923,0.0
CA-SC-10-F-193-BKRD-STI,0.009009009009009009,0.09448728361893258,10.488088481701515,0.990990990990991,0.0001842751842751843,False,0.017857142857142856,2024-06-24,110,intermittent,full,0.0,1.0
CA-SC-10-F-193-BKWH-STI,0.036036036036036036,0.2979790163701123,8.268917704270617,0.9819819819819819,0.0007195507195507197,False,0.07142857142857142,2024-06-24,110,intermittent,full,0.0,1.0
CA-SC-10-F-193-BR-1TO,0.36936936936936937,0.815700968966861,2.2083611598858917,0.7927927927927928,0.006537381537381539,False,0.7321428571428571,2024-06-24,110,intermittent,full,0.15384615384615385,0.8461538461538461
CA-SC-10-F-193-DB-1TO,1.3873873873873874,2.754754027283001,1.9855694612234616,0.6126126126126126,0.030238680238680236,False,2.7142857142857144,2024-06-24,110,intermittent,full,1.3076923076923077,0.3076923076923077
CA-SC-10-F-193-DG-1TO,6.02,6.038178533299591,1.0030196899168757,0.14,-0.2687635054021609,True,5.5,2025-08-25,49,smooth,short,2.4615384615384617,0.07692307692307693
CA-SC-10-F-193-GR-1TO,0.35135135135135137,0.7786410968047531,2.2161323524442973,0.7837837837837838,0.008283608283608284,False,0.6964285714285714,2024-06-24,110,intermittent,full,0.6153846153846154,0.46153846153846156
CA-SC-10-F-193-RD-1TO,0.009009009009009009,0.09448728361893259,10.488088481701517,0.990990990990991,7.897507897507897e-05,False,0.017857142857142856,2024-06-24,110,intermittent,full,0.0,1.0
CA-SC-10-F-193-WH-1TO,0.009009009009009009,0.09448728361893259,10.488088481701517,0.990990990990991,7.897507897507897e-05,False,0.017857142857142856,2024-06-24,110,intermittent,full,0.0,1.0
CA-SC-10-F-193-WR-1TO,0.36936936936936937,0.9672840022680755,2.6187444939452775,0.8288288288288288,0.008081783081783082,False,0.7321428571428571,2024-06-24,110,intermittent,full,0.38461538461538464,0.6153846153846154
CA-SC-10-F-194-BE-1TO,0.05405405405405406,0.26296431566353917,4.864839839775475,0.954954954954955,0.0026763776763776767,False,0.10714285714285714,2024-06-24,110,intermittent,full,0.38461538461538464,0.6923076923076923
CA-SC-10-F-194-BK-1TO,5.620689655172414,2.5381746509762686,0.45157708514301714,0.0,0.12266009852216739,True,2.9464285714285716,2026-01-19,28,smooth,short,6.153846153846154,0.0
CA-SC-10-F-194-BR-1TO,0.07207207207207207,0.2913686779963285,4.042740407199058,0.9369369369369369,0.0033257283257283263,False,0.14285714285714285,2024-06-24,110,intermittent,full,0.46153846153846156,0.6153846153846154
CA-SC-10-F-194-DB-1TO,0.2882882882882883,0.7024716644907361,2.436698586202241,0.8108108108108109,0.011907686907686909,False,0.5714285714285714,2024-06-24,110,intermittent,full,1.2307692307692308,0.23076923076923078
CA-SC-10-F-194-DG-1TO,0.7027027027027027,1.4862407659316237,2.115034936133464,0.7567567567567568,0.028966303966303977,False,1.3928571428571428,2025-12-22,33,smooth,short,2.923076923076923,0.07692307692307693
CA-SC-10-F-194-GR-1TO,0.06306306306306306,0.2430763524906674,3.854496446637726,0.9369369369369369,0.0024570024570024574,False,0.125,2024-06-24,110,intermittent,full,0.23076923076923078,0.7692307692307693
CA-SC-10-F-194-WR-1TO,0.08108108108108109,0.3324800376080349,4.100587130499097,0.9369369369369369,0.00358020358020358,False,0.16071428571428573,2024-06-24,110,intermittent,full,0.46153846153846156,0.6153846153846154
CA-SC-10-F-195-BE-1TO,0.05405405405405406,0.26296431566353917,4.864839839775475,0.954954954954955,0.002044577044577045,False,0.10714285714285714,2024-06-24,110,intermittent,full,0.15384615384615385,0.8461538461538461
CA-SC-10-F-195-BK-1TO,0.7927927927927928,1.66098373715193,2.095104486634821,0.7477477477477478,0.031783081783081785,False,1.5714285714285714,2025-12-15,34,smooth,short,2.769230769230769,0.07692307692307693
CA-SC-10-F-195-BR-1TO,0.09009009009009009,0.3162149328789953,3.509985754956848,0.918918918918919,0.00372937872937873,False,0.17857142857142858,2024-06-24,110,intermittent,full,0.38461538461538464,0.6923076923076923
CA-SC-10-F-195-DB-1TO,0.3153153153153153,0.8162977506359853,2.5888300091598393,0.8378378378378378,0.013004563004563005,False,0.625,2024-06-24,110,intermittent,full,1.3846153846153846,0.23076923076923078
CA-SC-10-F-195-DG-1TO,0.27927927927927926,0.6320447465510046,2.263127963456823,0.7927927927927928,0.012109512109512112,False,0.5535714285714286,2024-06-24,110,intermittent,full,1.3846153846153846,0.07692307692307693
CA-SC-10-F-195-GR-1TO,0.02702702702702703,0.1621621621621622,6.000000000000001,0.972972972972973,0.001114426114426115,False,0.05357142857142857,2024-06-24,110,intermittent,full,0.15384615384615385,0.8461538461538461
CA-SC-10-F-195-WR-1TO,0.04504504504504504,0.2074029627607448,4.604345773288535,0.954954954954955,0.001991926991926992,False,0.08928571428571429,2024-06-24,110,intermittent,full,0.23076923076923078,0.7692307692307693
CA-SC-10-F-196-BK-1TO,0.36036036036036034,0.8360438023870402,2.320021551624037,0.8018018018018018,0.015821340821340825,False,0.7142857142857143,2026-04-20,16,smooth,short,2.1538461538461537,0.0
CA-SC-10-F-196-BR-1TO,0.009009009009009009,0.09448728361893258,10.488088481701515,0.990990990990991,0.0004212004212004214,False,0.017857142857142856,2024-06-24,110,intermittent,full,0.07692307692307693,0.9230769230769231
CA-SC-10-F-196-DB-1TO,0.08108108108108109,0.2729595929287048,3.3665016461206925,0.918918918918919,0.0034573534573534574,False,0.16071428571428573,2024-06-24,110,intermittent,full,0.46153846153846156,0.5384615384615384
CA-SC-10-F-196-DG-1TO,0.22522522522522523,0.5644846918133528,2.5063120316512864,0.8378378378378378,0.009836784836784839,False,0.44642857142857145,2024-06-24,110,intermittent,full,1.2307692307692308,0.23076923076923078
CA-SC-10-F-196-GR-1TO,0.018018018018018018,0.13301642396606667,7.3824115301167,0.9819819819819819,0.0008073008073008074,False,0.03571428571428571,2024-06-24,110,intermittent,full,0.07692307692307693,0.9230769230769231
CA-SC-10-F-196-WR-1TO,0.009009009009009009,0.09448728361893258,10.488088481701515,0.990990990990991,0.00042997542997542986,False,0.017857142857142856,2024-06-24,110,intermittent,full,0.07692307692307693,0.9230769230769231
CA-SC-10-F-197-BE-1TO,0.07207207207207207,0.2913686779963285,4.042740407199058,0.9369369369369369,0.0011056511056511057,False,0.14285714285714285,2024-06-24,110,intermittent,full,0.0,1.0
CA-SC-10-F-197-BK-1TO,7.354166666666667,3.821483041816212,0.5196350878390317,0.0,-0.034140251845419106,True,6.410714285714286,2025-09-08,47,smooth,short,6.923076923076923,0.0
CA-SC-10-F-197-BKWH-STI,0.02702702702702703,0.1621621621621622,6.000000000000001,0.972972972972973,0.000544050544050544,False,0.05357142857142857,2024-06-24,110,intermittent,full,0.0,1.0
CA-SC-10-F-197-BR-1TO,0.6486486486486487,1.1282502489696051,1.7393858004948077,0.6846846846846847,0.01873464373464374,False,1.2857142857142858,2024-06-24,110,intermittent,full,1.0769230769230769,0.38461538461538464
CA-SC-10-F-197-DB-1TO,0.963963963963964,1.4452651985697642,1.499293804123774,0.6036036036036037,0.02792207792207792,False,1.875,2026-02-02,27,smooth,short,2.230769230769231,0.07692307692307693
CA-SC-10-F-197-DG-1TO,4.083333333333333,2.079997329058114,0.5093871009938239,0.020833333333333332,-0.004993486756404788,True,3.5535714285714284,2025-09-08,47,smooth,short,3.8461538461538463,0.0
CA-SC-10-F-197-GR-1TO,0.5135135135135135,0.8788287133879061,1.7114032839659226,0.6846846846846847,0.014285714285714287,False,1.0,2024-06-24,110,intermittent,full,1.1538461538461537,0.38461538461538464
CA-SC-10-F-197-RD-1TO,0.04504504504504504,0.2470506162306682,5.484523680320835,0.963963963963964,0.0005089505089505089,False,0.08928571428571429,2024-06-24,110,intermittent,full,0.0,1.0
CA-SC-10-F-197-WR-1TO,0.3963963963963964,0.7138182987221732,1.8007688899582095,0.7207207207207207,0.01090733590733591,False,0.7857142857142857,2024-06-24,110,intermittent,full,0.8461538461538461,0.3076923076923077
CA-SC-10-F-198-BE-1TO,0.018018018018018018,0.13301642396606667,7.3824115301167,0.9819819819819819,0.000895050895050895,False,0.03571428571428571,2024-06-24,110,intermittent,full,0.15384615384615385,0.8461538461538461
CA-SC-10-F-198-BK-1TO,0.009009009009009009,0.09448728361893258,10.488088481701515,0.990990990990991,0.00038610038610038604,False,0.017857142857142856,2024-06-24,110,intermittent,full,0.07692307692307693,0.9230769230769231
CA-SC-10-F-199-BE-1TO,3.036363636363636,2.358455861275927,0.7767369603004551,0.10909090909090909,0.0378066378066378,True,3.0,2025-07-21,54,smooth,medium,2.769230769230769,0.0
CA-SC-10-F-199-BK-1TO,34.354166666666664,13.438888817119103,0.39118657563475867,0.0,-0.04749240121580569,True,30.125,2025-09-08,47,smooth,short,28.615384615384617,0.0
CA-SC-10-F-199-BKRD-STI,0.05405405405405406,0.3510046799779849,6.49358657959272,0.972972972972973,0.001009126009126009,False,0.10714285714285714,2024-06-24,110,intermittent,full,0.0,1.0
CA-SC-10-F-199-BKWH-STI,0.04504504504504504,0.38874682901606156,8.630179604156567,0.9819819819819819,0.0008687258687258686,False,0.08928571428571429,2024-06-24,110,intermittent,full,0.0,1.0
CA-SC-10-F-199-BR-1TO,0.972972972972973,1.539038306599108,1.5817893706713053,0.6036036036036037,0.026167076167076173,False,1.9285714285714286,2024-06-24,110,intermittent,full,1.3076923076923077,0.3076923076923077
CA-SC-10-F-199-DB-1TO,4.755102040816326,2.9104359182922463,0.6120659227309875,0.02040816326530612,0.004693877551020475,True,4.214285714285714,2025-09-01,48,smooth,short,5.0,0.0
CA-SC-10-F-199-DG-1TO,18.081632653061224,8.040298336159175,0.4446666122706542,0.0,-0.09969387755102005,True,16.107142857142858,2025-09-01,48,smooth,short,16.153846153846153,0.0
CA-SC-10-F-199-GR-1TO,3.5555555555555554,2.574464208568318,0.7240680586598395,0.1111111111111111,0.039842549923195136,True,3.732142857142857,2025-05-26,62,smooth,medium,3.6923076923076925,0.07692307692307693
CA-SC-10-F-199-OR-1TO,0.009009009009009009,0.09448728361893258,10.488088481701515,0.990990990990991,0.00017550017550017544,False,0.017857142857142856,2024-06-24,110,intermittent,full,0.0,1.0
CA-SC-10-F-199-RD-1TO,0.06306306306306306,0.24307635249066736,3.8544964466377256,0.9369369369369369,0.00085995085995086,False,0.125,2024-06-24,110,intermittent,full,0.0,1.0
CA-SC-10-F-199-WH-1TO,0.018018018018018018,0.13301642396606667,7.3824115301167,0.9819819819819819,0.00021937521937521944,False,0.03571428571428571,2024-06-24,110,intermittent,full,0.0,1.0
CA-SC-10-F-199-WR-1TO,0.8378378378378378,1.473737300661516,1.7589767782089063,0.6486486486486487,0.027860652860652865,False,1.6607142857142858,2024-06-24,110,intermittent,full,1.9230769230769231,0.15384615384615385
CA-SC-10-F-20-BE-1TO,11.857142857142858,5.252793231671496,0.44300665809277673,0.0,0.22520408163265312,True,10.464285714285714,2025-09-01,48,smooth,short,16.384615384615383,0.0
CA-SC-10-F-20-BK-1TO,7.610169491525424,4.885179764062406,0.6419278531841469,0.0847457627118644,0.21057860900058442,True,7.928571428571429,2025-06-23,58,smooth,medium,11.23076923076923,0.0
CA-SC-10-F-20-BR-1TO,0.6486486486486487,1.0624521072292301,1.637946998645063,0.6486486486486487,0.021332046332046332,False,1.2857142857142858,2026-05-11,13,smooth,short,2.0,0.15384615384615385
CA-SC-10-F-20-DB-1TO,0.7387387387387387,1.1524491094016134,1.560022574921696,0.6306306306306306,0.024219024219024225,False,1.4642857142857142,2026-03-30,19,smooth,short,2.3076923076923075,0.07692307692307693
CA-SC-10-F-20-DG-1TO,4.415094339622642,2.8045378475374236,0.6352158372627498,0.05660377358490566,0.0898242218996936,True,4.232142857142857,2025-08-04,52,smooth,medium,5.076923076923077,0.0
CA-SC-10-F-20-GR-1TO,5.041666666666667,2.3801114586412875,0.4720882232015777,0.020833333333333332,0.09748154580981322,True,4.410714285714286,2025-09-08,47,smooth,short,6.615384615384615,0.0
CA-SC-10-F-20-PK-1TO,0.11711711711711711,0.3734122842533821,3.18836642708657,0.9009009009009009,0.00386977886977887,False,0.23214285714285715,2024-06-24,110,intermittent,full,0.3076923076923077,0.7692307692307693
CA-SC-10-F-20-RD-1TO,0.12612612612612611,0.42695479679541565,3.3851416031636528,0.9009009009009009,0.004036504036504037,False,0.25,2024-06-24,110,intermittent,full,0.38461538461538464,0.6153846153846154
CA-SC-10-F-20-WH-1TO,0.13513513513513514,0.43467884979512855,3.2166234884839513,0.8918918918918919,0.0032292032292032297,False,0.26785714285714285,2024-06-24,110,intermittent,full,0.0,1.0
CA-SC-10-F-20-WR-1TO,0.4144144144144144,0.8849947164138965,2.135530728737881,0.7567567567567568,0.014636714636714638,False,0.8035714285714286,2024-06-24,110,intermittent,full,1.3846153846153846,0.3076923076923077
CA-SC-10-F-200-BE-1TO,0.36936936936936937,0.7219583967441144,1.95457029362431,0.7477477477477478,0.006897156897156899,False,0.6428571428571429,2024-06-24,110,intermittent,full,0.15384615384615385,0.8461538461538461
CA-SC-10-F-200-BK-1TO,7.270833333333333,4.275607088148094,0.5880491124100531,0.020833333333333332,-0.12304602692140705,True,6.375,2025-09-08,47,smooth,short,2.6923076923076925,0.07692307692307693
CA-SC-10-F-200-BKRD-STI,0.036036036036036036,0.22968556367535062,6.373774391990979,0.972972972972973,0.0007985257985257986,False,0.07142857142857142,2024-06-24,110,intermittent,full,0.0,1.0
CA-SC-10-F-200-BKWH-STI,0.07207207207207207,0.37275965523562526,5.172040216394301,0.954954954954955,0.0018164268164268162,False,0.14285714285714285,2024-06-24,110,intermittent,full,0.0,1.0
CA-SC-10-F-200-BR-1TO,0.23423423423423423,0.5527157351415483,2.359671023104302,0.8198198198198198,0.005458055458055458,False,0.4642857142857143,2024-06-24,110,intermittent,full,0.23076923076923078,0.7692307692307693
CA-SC-10-F-200-DB-1TO,0.6846846846846847,1.2590714581040616,1.8389069980204058,0.6756756756756757,0.01747104247104247,False,1.3571428571428572,2024-06-24,110,intermittent,full,0.6153846153846154,0.5384615384615384
CA-SC-10-F-200-DG-1TO,6.395833333333333,4.172027800988654,0.6523040210014834,0.041666666666666664,-0.07430525401650043,True,5.589285714285714,2025-09-08,47,smooth,short,2.923076923076923,0.15384615384615385
CA-SC-10-F-200-GR-1TO,0.8558558558558559,1.3678868219267426,1.5982677603565096,0.5945945945945946,0.018471393471393472,False,1.4285714285714286,2024-06-24,110,intermittent,full,1.0,0.46153846153846156
CA-SC-10-F-200-OR-1TO,0.009009009009009009,0.09448728361893258,10.488088481701515,0.990990990990991,0.0002457002457002457,False,0.017857142857142856,2024-06-24,110,intermittent,full,0.0,1.0
CA-SC-10-F-200-WH-1TO,0.009009009009009009,0.09448728361893258,10.488088481701515,0.990990990990991,0.00017550017550017544,False,0.017857142857142856,2024-06-24,110,intermittent,full,0.0,1.0
CA-SC-10-F-200-WR-1TO,0.09009009009009009,0.34352569306193903,3.8131351929875232,0.9279279279279279,0.002965952965952966,False,0.17857142857142858,2024-06-24,110,intermittent,full,0.15384615384615385,0.9230769230769231
CA-SC-10-F-201-BE-1TO,0.26126126126126126,0.7793704055453035,2.9831074143285754,0.8738738738738738,0.004685854685854686,False,0.5178571428571429,2024-06-24,110,intermittent,full,0.07692307692307693,0.9230769230769231
CA-SC-10-F-201-BK-1TO,7.061224489795919,7.678244280779207,1.0873814154860726,0.08163265306122448,-0.29010204081632646,True,6.214285714285714,2025-09-01,48,intermittent,short,1.6153846153846154,0.15384615384615385
CA-SC-10-F-201-BKRD-STI,0.009009009009009009,0.09448728361893258,10.488088481701515,0.990990990990991,0.00017550017550017544,False,0.017857142857142856,2024-06-24,110,intermittent,full,0.0,1.0
CA-SC-10-F-201-BR-1TO,0.16216216216216217,0.4357977161242459,2.6874192494328497,0.8648648648648649,0.003790803790803791,False,0.32142857142857145,2024-06-24,110,intermittent,full,0.15384615384615385,0.8461538461538461
CA-SC-10-F-201-DB-1TO,0.4954954954954955,1.0643601797897422,2.1480723628483887,0.7387387387387387,0.01262723762723763,False,0.9821428571428571,2024-06-24,110,intermittent,full,0.46153846153846156,0.6153846153846154
CA-SC-10-F-201-DG-1TO,3.020408163265306,3.1068705688138882,1.0286260667018956,0.14285714285714285,-0.09163265306122438,True,2.6607142857142856,2025-09-01,48,intermittent,short,1.0,0.3076923076923077
CA-SC-10-F-201-GR-1TO,0.27927927927927926,0.6734497870641715,2.4113847214233237,0.8108108108108109,0.007344682344682345,False,0.5535714285714286,2024-06-24,110,intermittent,full,0.23076923076923078,0.7692307692307693
CA-SC-10-F-201-PK-1TO,0.036036036036036036,0.18637982761781263,5.172040216394301,0.963963963963964,0.0008160758160758161,False,0.07142857142857142,2024-06-24,110,intermittent,full,0.0,1.0
CA-SC-10-F-201-RD-1TO,0.05405405405405406,0.22612433149569605,4.183300132670377,0.9459459459459459,0.0013074763074763073,False,0.10714285714285714,2024-06-24,110,intermittent,full,0.07692307692307693,0.9230769230769231
CA-SC-10-F-201-WH-1TO,0.02702702702702703,0.21051029631617885,7.788880963698617,0.9819819819819819,0.0007195507195507197,False,0.05357142857142857,2024-06-24,110,intermittent,full,0.0,1.0
CA-SC-10-F-201-WR-1TO,0.12612612612612611,0.42695479679541565,3.3851416031636528,0.9099099099099099,0.0024657774657774662,False,0.25,2024-06-24,110,intermittent,full,0.0,1.0
CA-SC-10-F-202-BE-1TO,0.009009009009009009,0.09448728361893258,10.488088481701515,0.990990990990991,0.00027202527202527195,False,0.017857142857142856,2024-06-24,110,intermittent,full,0.0,1.0
CA-SC-10-F-202-BK-1TO,0.2972972972972973,0.9162653791056663,3.0819835479008773,0.8828828828828829,0.013285363285363288,False,0.5892857142857143,2024-06-24,110,intermittent,full,1.7692307692307692,0.3076923076923077
CA-SC-10-F-202-DB-1TO,0.07207207207207207,0.41831303662140173,5.804093383121949,0.954954954954955,0.003510003510003511,False,0.14285714285714285,2024-06-24,110,intermittent,full,0.5384615384615384,0.6923076923076923
CA-SC-10-F-202-DG-1TO,0.08108108108108109,0.3041791534438582,3.751542892474251,0.9279279279279279,0.003834678834678835,False,0.16071428571428573,2024-06-24,110,intermittent,full,0.6153846153846154,0.46153846153846156
CA-SC-10-F-202-GR-1TO,0.02702702702702703,0.16216216216216217,6.0,0.972972972972973,0.0012987012987012987,False,0.05357142857142857,2024-06-24,110,intermittent,full,0.23076923076923078,0.7692307692307693
CA-SC-10-F-203-BE-1TO,0.02702702702702703,0.16216216216216223,6.000000000000002,0.972972972972973,0.0009652509652509654,False,0.05357142857142857,2024-06-24,110,intermittent,full,0.07692307692307693,0.9230769230769231
CA-SC-10-F-203-BK-1TO,0.009009009009009009,0.09448728361893259,10.488088481701517,0.990990990990991,0.00012285012285012285,False,0.017857142857142856,2024-06-24,110,intermittent,full,0.0,1.0
CA-SC-10-F-203-GR-1TO,0.018018018018018018,0.13301642396606667,7.3824115301167,0.9819819819819819,0.0008248508248508249,False,0.03571428571428571,2024-06-24,110,intermittent,full,0.15384615384615385,0.8461538461538461
CA-SC-10-F-203-WH-1TO,0.018018018018018018,0.13301642396606667,7.3824115301167,0.9819819819819819,0.0005791505791505792,False,0.03571428571428571,2024-06-24,110,intermittent,full,0.07692307692307693,0.9230769230769231
CA-SC-10-F-205-BK-1TO,6.3,3.132091952673165,0.49715745280526435,0.0,0.15506117908787548,True,3.392857142857143,2026-01-12,29,smooth,short,7.923076923076923,0.0
CA-SC-10-F-205-BR-1TO,0.05405405405405406,0.2261243314956961,4.183300132670378,0.9459459459459459,0.001991926991926992,False,0.10714285714285714,2024-06-24,110,intermittent,full,0.07692307692307693,0.9230769230769231
CA-SC-10-F-205-DB-1TO,0.4144144144144144,0.9345082868389145,2.255009126937381,0.7747747747747747,0.016935766935766934,False,0.7857142857142857,2026-05-04,14,smooth,short,2.076923076923077,0.15384615384615385
CA-SC-10-F-205-DG-1TO,1.1981981981981982,2.430362816572236,2.028347914582844,0.7207207207207207,0.05101790101790102,False,2.357142857142857,2025-11-24,37,smooth,short,5.923076923076923,0.0
CA-SC-10-F-205-GR-1TO,0.42342342342342343,0.9059318983766871,2.1395412919108994,0.7927927927927928,0.017163917163917165,False,0.8392857142857143,2024-06-24,110,intermittent,full,1.5384615384615385,0.3076923076923077
CA-SC-10-F-205-WR-1TO,0.2072072072072072,0.5713445043498352,2.7573582601231177,0.8468468468468469,0.008792558792558795,False,0.4107142857142857,2024-06-24,110,intermittent,full,1.0,0.3076923076923077
CA-SC-10-F-206-BE-1TO,0.17117117117117117,0.48162401458103277,2.813698190447086,0.8648648648648649,0.006396981396981398,False,0.3392857142857143,2024-06-24,110,intermittent,full,0.9230769230769231,0.3076923076923077
CA-SC-10-F-206-BK-1TO,0.21621621621621623,0.49146600709858934,2.2730302828309754,0.8198198198198198,0.006581256581256581,False,0.42857142857142855,2024-06-24,110,intermittent,full,0.6153846153846154,0.5384615384615384
CA-SC-10-F-206-BR-1TO,0.08108108108108109,0.3324800376080349,4.100587130499097,0.9369369369369369,0.0016848016848016849,False,0.16071428571428573,2024-06-24,110,intermittent,full,0.07692307692307693,0.9230769230769231
CA-SC-10-F-206-DB-1TO,0.14414414414414414,0.42121332351571034,2.9221674318902404,0.8828828828828829,0.0049315549315549325,False,0.2857142857142857,2024-06-24,110,intermittent,full,0.6153846153846154,0.46153846153846156
CA-SC-10-F-206-DG-1TO,0.44144144144144143,0.7674068266323191,1.738411382779335,0.7027027027027027,0.01404001404001404,False,0.875,2024-06-24,110,intermittent,full,1.0,0.23076923076923078
CA-SC-10-F-206-GR-1TO,0.2702702702702703,0.6429933650470444,2.379075450674064,0.8198198198198198,0.009275184275184277,False,0.5357142857142857,2024-06-24,110,intermittent,full,1.0,0.38461538461538464
CA-SC-10-F-206-WR-1TO,0.04504504504504504,0.2074029627607448,4.604345773288535,0.954954954954955,0.0011846261846261846,False,0.07142857142857142,2024-06-24,110,intermittent,full,0.15384615384615385,0.8461538461538461
CA-SC-10-F-208-BE-1TO,0.07207207207207207,0.2586072089082401,3.5881750236018317,0.9279279279279279,0.0021147771147771153,False,0.14285714285714285,2024-06-24,110,intermittent,full,0.15384615384615385,0.8461538461538461
CA-SC-10-F-208-BK-1TO,5.755102040816326,2.9522085281479193,0.5129724038271207,0.0,0.08071428571428571,True,5.053571428571429,2025-09-01,48,smooth,short,7.076923076923077,0.0
CA-SC-10-F-208-BKRD-STI,0.12612612612612611,0.4861527049813347,3.8544964466377256,0.918918918918919,0.0035889785889785895,False,0.25,2024-06-24,110,intermittent,full,0.0,1.0
CA-SC-10-F-208-BKWH-STI,0.09009009009009009,0.3924868632575128,4.356604182158392,0.9369369369369369,0.0023341523341523338,False,0.17857142857142858,2024-06-24,110,intermittent,full,0.0,1.0
CA-SC-10-F-208-BR-1TO,0.43243243243243246,0.8555238806132116,1.9783989739180516,0.7297297297297297,0.014627939627939625,False,0.8571428571428571,2024-06-24,110,intermittent,full,1.3076923076923077,0.5384615384615384
CA-SC-10-F-208-DB-1TO,0.44144144144144143,0.8348780423930157,1.891254340931117,0.7297297297297297,0.012706212706212706,False,0.875,2024-06-24,110,intermittent,full,0.7692307692307693,0.5384615384615384
CA-SC-10-F-208-DG-1TO,0.45045045045045046,0.8567562830968463,1.9019989484749986,0.7477477477477478,0.015224640224640228,False,0.8928571428571429,2024-06-24,110,intermittent,full,1.3846153846153846,0.3076923076923077
CA-SC-10-F-208-GR-1TO,0.09009009009009009,0.3162149328789953,3.509985754956848,0.918918918918919,0.0022551772551772553,False,0.17857142857142858,2024-06-24,110,intermittent,full,0.15384615384615385,0.8461538461538461
CA-SC-10-F-208-OR-1TO,0.036036036036036036,0.18637982761781263,5.172040216394301,0.963963963963964,0.0009038259038259039,False,0.07142857142857142,2024-06-24,110,intermittent,full,0.0,1.0
CA-SC-10-F-208-PK-1TO,0.036036036036036036,0.18637982761781263,5.172040216394301,0.963963963963964,0.0004914004914004915,False,0.07142857142857142,2024-06-24,110,intermittent,full,0.0,1.0
CA-SC-10-F-208-RD-1TO,0.036036036036036036,0.18637982761781266,5.172040216394302,0.963963963963964,0.0005879255879255881,False,0.07142857142857142,2024-06-24,110,intermittent,full,0.0,1.0
CA-SC-10-F-208-WH-1TO,0.036036036036036036,0.22968556367535065,6.37377439199098,0.972972972972973,0.0008775008775008778,False,0.07142857142857142,2024-06-24,110,intermittent,full,0.0,1.0
CA-SC-10-F-208-WR-1TO,0.32432432432432434,0.7123386450728214,2.1963774889745324,0.7837837837837838,0.010187785187785188,False,0.6428571428571429,2024-06-24,110,intermittent,full,0.6923076923076923,0.38461538461538464
CA-SC-10-F-209-BE-1TO,0.09009009009009009,0.34352569306193903,3.8131351929875232,0.9279279279279279,0.003676728676728677,False,0.17857142857142858,2024-06-24,110,intermittent,full,0.5384615384615384,0.6153846153846154
CA-SC-10-F-209-BK-1TO,0.6936936936936937,1.3409207055634869,1.9330155625655459,0.7117117117117117,0.027167427167427167,False,1.375,2025-12-15,34,smooth,short,3.076923076923077,0.0
CA-SC-10-F-209-BR-1TO,0.036036036036036036,0.22968556367535062,6.373774391990979,0.972972972972973,0.001447876447876448,False,0.07142857142857142,2024-06-24,110,intermittent,full,0.15384615384615385,0.8461538461538461
CA-SC-10-F-209-DB-1TO,0.02702702702702703,0.16216216216216217,6.0,0.972972972972973,0.0012548262548262546,False,0.05357142857142857,2024-06-24,110,intermittent,full,0.15384615384615385,0.8461538461538461
CA-SC-10-F-209-DG-1TO,0.2702702702702703,0.7345519679509734,2.7178422814186014,0.8468468468468469,0.011056511056511058,False,0.5357142857142857,2024-06-24,110,intermittent,full,1.2307692307692308,0.38461538461538464
CA-SC-10-F-209-GR-1TO,0.0990990990990991,0.37859281782794046,3.8203457071728537,0.918918918918919,0.0038171288171288177,False,0.19642857142857142,2024-06-24,110,intermittent,full,0.38461538461538464,0.6153846153846154
CA-SC-10-F-209-RD-1TO,0.009009009009009009,0.09448728361893258,10.488088481701515,0.990990990990991,0.00030712530712530717,False,0.017857142857142856,2024-06-24,110,intermittent,full,0.0,1.0
CA-SC-10-F-209-WR-1TO,0.04504504504504504,0.24705061623066826,5.4845236803208355,0.963963963963964,0.0022200772200772203,False,0.08928571428571429,2024-06-24,110,intermittent,full,0.38461538461538464,0.6923076923076923
CA-SC-10-F-21-BK-1TO,0.04504504504504504,0.2074029627607448,4.604345773288535,0.954954954954955,0.0014917514917514919,False,0.08928571428571429,2024-06-24,110,intermittent,full,0.15384615384615385,0.8461538461538461
CA-SC-10-F-21-GR-1TO,0.009009009009009009,0.09448728361893258,10.488088481701515,0.990990990990991,0.0004738504738504738,False,0.017857142857142856,2024-06-24,110,intermittent,full,0.07692307692307693,0.9230769230769231
CA-SC-10-F-210-BE-1TO,0.4774774774774775,0.8366260732428037,1.7521791345273814,0.6846846846846847,0.015171990171990174,False,0.9285714285714286,2024-06-24,110,intermittent,full,1.1538461538461537,0.23076923076923078
CA-SC-10-F-210-BK-1TO,0.7117117117117117,1.2690876866984024,1.7831485218167429,0.6846846846846847,0.02215689715689716,False,1.375,2024-06-24,110,intermittent,full,1.9230769230769231,0.23076923076923078
CA-SC-10-F-210-BKRD-STI,0.036036036036036036,0.22968556367535062,6.373774391990979,0.972972972972973,0.0013338013338013341,False,0.07142857142857142,2024-06-24,110,intermittent,full,0.07692307692307693,0.9230769230769231
CA-SC-10-F-210-BKWH-STI,0.018018018018018018,0.13301642396606667,7.3824115301167,0.9819819819819819,0.0005703755703755706,False,0.03571428571428571,2024-06-24,110,intermittent,full,0.0,1.0
CA-SC-10-F-210-BR-1TO,0.04504504504504504,0.2074029627607448,4.604345773288535,0.954954954954955,0.0014215514215514219,False,0.08928571428571429,2024-06-24,110,intermittent,full,0.07692307692307693,0.9230769230769231
CA-SC-10-F-210-DB-1TO,0.0990990990990991,0.32756142275131245,3.3053925386723346,0.9099099099099099,0.003167778167778168,False,0.19642857142857142,2024-06-24,110,intermittent,full,0.07692307692307693,0.9230769230769231
CA-SC-10-F-210-DG-1TO,0.4864864864864865,0.9090621329310208,1.8686277176915427,0.7117117117117117,0.015391365391365394,False,0.9464285714285714,2024-06-24,110,intermittent,full,1.3846153846153846,0.15384615384615385
CA-SC-10-F-210-GR-1TO,0.5135135135135135,0.9189189189189189,1.7894736842105263,0.7027027027027027,0.017172692172692173,False,1.0178571428571428,2024-06-24,110,intermittent,full,1.4615384615384615,0.23076923076923078
CA-SC-10-F-210-OR-1TO,0.009009009009009009,0.09448728361893258,10.488088481701515,0.990990990990991,0.00038610038610038604,False,0.017857142857142856,2024-06-24,110,intermittent,full,0.07692307692307693,0.9230769230769231
CA-SC-10-F-210-PK-1TO,0.009009009009009009,0.09448728361893259,10.488088481701517,0.990990990990991,0.00011407511407511407,False,0.017857142857142856,2024-06-24,110,intermittent,full,0.0,1.0
CA-SC-10-F-210-WH-1TO,0.009009009009009009,0.09448728361893259,10.488088481701517,0.990990990990991,0.00010530010530010532,False,0.017857142857142856,2024-06-24,110,intermittent,full,0.0,1.0
CA-SC-10-F-210-WR-1TO,0.06306306306306306,0.2430763524906674,3.854496446637726,0.9369369369369369,0.0015356265356265355,False,0.125,2024-06-24,110,intermittent,full,0.0,1.0
CA-SC-10-F-212-BE-1TO,0.009009009009009009,0.09448728361893258,10.488088481701515,0.990990990990991,0.00030712530712530717,False,0.017857142857142856,2024-06-24,110,intermittent,full,0.0,1.0
CA-SC-10-F-212-BK-1TO,0.15315315315315314,0.4688148407660428,3.061085136766515,0.8828828828828829,0.0063882063882063885,False,0.30357142857142855,2024-06-24,110,intermittent,full,0.8461538461538461,0.46153846153846156
CA-SC-10-F-212-BR-1TO,0.06306306306306306,0.2430763524906674,3.854496446637726,0.9369369369369369,0.0025798525798525805,False,0.125,2024-06-24,110,intermittent,full,0.23076923076923078,0.7692307692307693
CA-SC-10-F-212-DB-1TO,0.0990990990990991,0.3275614227513125,3.305392538672335,0.9099099099099099,0.00351000351000351,False,0.19642857142857142,2024-06-24,110,intermittent,full,0.3076923076923077,0.6923076923076923
CA-SC-10-F-212-DG-1TO,0.35135135135135137,0.8452159876276697,2.4056147340172136,0.7837837837837838,0.01353983853983854,False,0.6964285714285714,2024-06-24,110,intermittent,full,1.7692307692307692,0.15384615384615385
CA-SC-10-F-212-GR-1TO,0.3153153153153153,0.8162977506359853,2.5888300091598393,0.8018018018018018,0.012197262197262198,False,0.625,2024-06-24,110,intermittent,full,1.3076923076923077,0.23076923076923078
CA-SC-10-F-212-WH-1TO,0.04504504504504504,0.2074029627607448,4.604345773288535,0.954954954954955,0.0014566514566514564,False,0.08928571428571429,2024-06-24,110,intermittent,full,0.07692307692307693,0.9230769230769231
CA-SC-10-F-212-WR-1TO,0.02702702702702703,0.1621621621621622,6.000000000000001,0.972972972972973,0.00085995085995086,False,0.05357142857142857,2024-06-24,110,intermittent,full,0.07692307692307693,0.9230769230769231
CA-SC-10-F-213-BK-1TO,0.5675675675675675,3.9923837888543097,7.034200008933784,0.963963963963964,0.016821691821691825,False,1.125,2024-06-24,110,intermittent,full,2.4615384615384617,0.8461538461538461
CA-SC-10-F-213-BR-1TO,0.036036036036036036,0.22968556367535065,6.37377439199098,0.972972972972973,0.0012899262899262898,False,0.07142857142857142,2024-06-24,110,intermittent,full,0.07692307692307693,0.9230769230769231
CA-SC-10-F-213-DB-1TO,0.009009009009009009,0.09448728361893258,10.488088481701515,0.990990990990991,0.0004563004563004563,False,0.017857142857142856,2024-06-24,110,intermittent,full,0.07692307692307693,0.9230769230769231
CA-SC-10-F-213-DG-1TO,0.009009009009009009,0.09448728361893258,10.488088481701515,0.990990990990991,0.00021937521937521947,False,0.017857142857142856,2024-06-24,110,intermittent,full,0.0,1.0
CA-SC-10-F-213-GR-1TO,0.06306306306306306,0.33636314779449494,5.333758486455563,0.954954954954955,0.0014040014040014046,False,0.125,2024-06-24,110,intermittent,full,0.0,1.0
CA-SC-10-F-213-WR-1TO,0.018018018018018018,0.13301642396606667,7.3824115301167,0.9819819819819819,0.0008424008424008424,False,0.03571428571428571,2024-06-24,110,intermittent,full,0.07692307692307693,0.9230769230769231
CA-SC-10-F-215-BE-1TO,10.9375,3.901955973184047,0.3567502604053986,0.0,0.058564915327832985,True,9.535714285714286,2025-09-08,47,smooth,short,12.076923076923077,0.0
CA-SC-10-F-215-BK-1TO,11.142857142857142,4.861342722049587,0.43627434685060396,0.0,0.03683673469387761,True,9.821428571428571,2025-09-01,48,smooth,short,11.538461538461538,0.0
CA-SC-10-F-215-BKRD-STI,0.08108108108108109,0.2729595929287049,3.366501646120694,0.918918918918919,0.0023078273078273076,False,0.16071428571428573,2024-06-24,110,intermittent,full,0.0,1.0
CA-SC-10-F-215-BKWH-STI,0.08108108108108109,0.3324800376080349,4.100587130499097,0.9369369369369369,0.0023955773955773962,False,0.16071428571428573,2024-06-24,110,intermittent,full,0.0,1.0
CA-SC-10-F-215-BR-1TO,0.8108108108108109,1.3118552540012538,1.6179548132682129,0.6396396396396397,0.024894699894699897,False,1.5892857142857142,2024-06-24,110,intermittent,full,1.9230769230769231,0.23076923076923078
CA-SC-10-F-215-DB-1TO,3.7755102040816326,2.4929722128370204,0.6603007482649406,0.02040816326530612,0.08479591836734696,True,3.357142857142857,2025-09-01,48,smooth,short,6.0,0.0
CA-SC-10-F-215-DG-1TO,1.0,1.6107745325136584,1.6107745325136584,0.6216216216216216,0.033617058617058625,False,1.9821428571428572,2025-08-18,51,smooth,medium,3.6153846153846154,0.0
CA-SC-10-F-215-GR-1TO,0.5585585585585585,1.045666171426804,1.8720797585221816,0.7117117117117117,0.01939276939276939,False,1.1071428571428572,2026-04-27,15,smooth,short,2.0,0.07692307692307693
CA-SC-10-F-215-OR-1TO,0.018018018018018018,0.13301642396606667,7.3824115301167,0.9819819819819819,0.00039487539487539485,False,0.03571428571428571,2024-06-24,110,intermittent,full,0.0,1.0
CA-SC-10-F-215-PK-1TO,0.009009009009009009,0.09448728361893258,10.488088481701515,0.990990990990991,0.0001842751842751843,False,0.017857142857142856,2024-06-24,110,intermittent,full,0.0,1.0
CA-SC-10-F-215-WH-1TO,0.018018018018018018,0.13301642396606664,7.382411530116698,0.9819819819819819,0.00028080028080028075,False,0.03571428571428571,2024-06-24,110,intermittent,full,0.0,1.0
CA-SC-10-F-215-WR-1TO,0.08108108108108109,0.3041791534438583,3.7515428924742524,0.9279279279279279,0.002623727623727624,False,0.16071428571428573,2024-06-24,110,intermittent,full,0.3076923076923077,0.6923076923076923
CA-SC-10-F-216-BE-1TO,2.617021276595745,1.4225118851444065,0.5435614520470496,0.0851063829787234,-0.020004625346901016,True,2.232142857142857,2025-09-15,46,intermittent,short,2.230769230769231,0.23076923076923078
CA-SC-10-F-216-BK-1TO,13.270833333333334,5.093867159525156,0.38383928360629116,0.0,-0.06149587494572301,True,11.5,2025-09-08,47,smooth,short,11.23076923076923,0.0
CA-SC-10-F-216-BKRD-STI,0.40540540540540543,1.0936209661616954,2.6975983831988484,0.8198198198198198,0.012249912249912254,False,0.8035714285714286,2024-06-24,110,intermittent,full,0.07692307692307693,0.9230769230769231
CA-SC-10-F-216-BKWH-STI,0.35135135135135137,0.8969281776326952,2.5527955824930553,0.8378378378378378,0.01096876096876097,False,0.6964285714285714,2024-06-24,110,intermittent,full,0.0,1.0
CA-SC-10-F-216-BR-1TO,0.2882882882882883,0.5910349357425846,2.0501524333570904,0.7747747747747747,0.00802035802035802,False,0.5714285714285714,2024-06-24,110,intermittent,full,0.46153846153846156,0.6153846153846154
CA-SC-10-F-216-DB-1TO,0.4864864864864865,0.8685170634230651,1.7852850748140783,0.6936936936936937,0.012960687960687958,False,0.9642857142857143,2024-06-24,110,intermittent,full,0.5384615384615384,0.5384615384615384
CA-SC-10-F-216-DG-1TO,6.6875,2.770050014590591,0.4142130862939201,0.0,0.03609422492401204,True,5.785714285714286,2025-09-08,47,smooth,short,5.923076923076923,0.0
CA-SC-10-F-216-GR-1TO,2.6458333333333335,1.6518875987454136,0.6243354703919674,0.0,0.00461354754667824,True,2.3214285714285716,2025-05-26,63,smooth,medium,3.0,0.0
CA-SC-10-F-216-OR-1TO,0.04504504504504504,0.24705061623066824,5.4845236803208355,0.963963963963964,0.0011670761670761675,False,0.08928571428571429,2024-06-24,110,intermittent,full,0.0,1.0
CA-SC-10-F-216-PK-1TO,0.036036036036036036,0.22968556367535065,6.37377439199098,0.972972972972973,0.0005177255177255175,False,0.07142857142857142,2024-06-24,110,intermittent,full,0.0,1.0
CA-SC-10-F-216-RD-1TO,0.009009009009009009,0.09448728361893259,10.488088481701517,0.990990990990991,6.142506142506145e-05,False,0.017857142857142856,2024-06-24,110,intermittent,full,0.0,1.0
CA-SC-10-F-216-WH-1TO,0.09009009009009009,0.3688196304587156,4.093897898091743,0.9279279279279279,0.0019480519480519478,False,0.17857142857142858,2024-06-24,110,intermittent,full,0.0,1.0
CA-SC-10-F-216-WR-1TO,0.5045045045045045,0.9479601036371824,1.878992348280844,0.7117117117117117,0.01634784134784135,False,1.0,2024-06-24,110,intermittent,full,1.3076923076923077,0.38461538461538464
CA-SC-10-F-217-BK-1TO,0.4774774774774775,0.8888381610393218,1.8615289787804663,0.7027027027027027,0.015382590382590385,False,0.9464285714285714,2024-06-24,110,intermittent,full,1.4615384615384615,0.15384615384615385
CA-SC-10-F-217-BKRD-STI,0.02702702702702703,0.1621621621621622,6.000000000000001,0.972972972972973,0.0008862758862758864,False,0.05357142857142857,2024-06-24,110,intermittent,full,0.0,1.0
CA-SC-10-F-217-BKWH-STI,0.02702702702702703,0.1621621621621622,6.000000000000001,0.972972972972973,0.0008687258687258689,False,0.05357142857142857,2024-06-24,110,intermittent,full,0.0,1.0
CA-SC-10-F-217-BR-1TO,0.02702702702702703,0.16216216216216217,6.0,0.972972972972973,0.0009213759213759212,False,0.05357142857142857,2024-06-24,110,intermittent,full,0.07692307692307693,0.9230769230769231
CA-SC-10-F-217-DB-1TO,0.036036036036036036,0.18637982761781263,5.172040216394301,0.963963963963964,0.0011495261495261498,False,0.07142857142857142,2024-06-24,110,intermittent,full,0.0,1.0
CA-SC-10-F-217-DG-1TO,0.45045045045045046,0.8978326128505218,1.9931884005281584,0.7207207207207207,0.015917865917865922,False,0.8928571428571429,2024-06-24,110,intermittent,full,1.3076923076923077,0.15384615384615385
CA-SC-10-F-217-GR-1TO,0.15315315315315314,0.4491874184619067,2.932929614663038,0.8738738738738738,0.005747630747630747,False,0.30357142857142855,2024-06-24,110,intermittent,full,0.6153846153846154,0.46153846153846156
CA-SC-10-F-217-OR-1TO,0.018018018018018018,0.13301642396606667,7.3824115301167,0.9819819819819819,0.0006669006669006671,False,0.03571428571428571,2024-06-24,110,intermittent,full,0.07692307692307693,0.9230769230769231
CA-SC-10-F-217-PK-1TO,0.018018018018018018,0.13301642396606667,7.3824115301167,0.9819819819819819,0.0003334503334503334,False,0.03571428571428571,2024-06-24,110,intermittent,full,0.0,1.0
CA-SC-10-F-217-WH-1TO,0.02702702702702703,0.1621621621621622,6.000000000000001,0.972972972972973,0.0006142506142506143,False,0.05357142857142857,2024-06-24,110,intermittent,full,0.0,1.0
CA-SC-10-F-217-WR-1TO,0.15315315315315314,0.42866224336469616,2.7989122949106635,0.8738738738738738,0.005712530712530714,False,0.30357142857142855,2024-06-24,110,intermittent,full,0.6153846153846154,0.5384615384615384
CA-SC-10-F-218-BK-1TO,0.009009009009009009,0.09448728361893258,10.488088481701515,0.990990990990991,0.00040365040365040387,False,0.017857142857142856,2024-06-24,110,intermittent,full,0.07692307692307693,0.9230769230769231
CA-SC-10-F-219-BE-1TO,0.05405405405405406,0.2261243314956961,4.183300132670378,0.9459459459459459,0.0012899262899262903,False,0.10714285714285714,2024-06-24,110,intermittent,full,0.0,1.0
CA-SC-10-F-219-BK-1TO,3.183673469387755,2.182242521808702,0.685447971593759,0.10204081632653061,0.0572448979591837,True,2.7857142857142856,2025-09-01,48,smooth,short,4.3076923076923075,0.07692307692307693
CA-SC-10-F-219-BR-1TO,0.11711711711711711,0.3215597891454909,2.745625891934576,0.8828828828828829,0.003483678483678484,False,0.23214285714285715,2024-06-24,110,intermittent,full,0.3076923076923077,0.6923076923076923
CA-SC-10-F-219-DB-1TO,0.15315315315315314,0.4688148407660428,3.061085136766515,0.8918918918918919,0.004817479817479819,False,0.30357142857142855,2024-06-24,110,intermittent,full,0.38461538461538464,0.6923076923076923
CA-SC-10-F-219-DG-1TO,0.7477477477477478,1.3719747618595657,1.8348096212820697,0.6666666666666666,0.026465426465426465,False,1.4821428571428572,2026-01-05,31,smooth,short,2.923076923076923,0.0
CA-SC-10-F-219-GR-1TO,0.46846846846846846,0.9282340088209916,1.9814225957525013,0.7297297297297297,0.016418041418041422,False,0.9285714285714286,2024-06-24,110,intermittent,full,1.6923076923076923,0.15384615384615385
CA-SC-10-F-219-PK-1TO,0.036036036036036036,0.18637982761781263,5.172040216394301,0.963963963963964,0.0006669006669006669,False,0.07142857142857142,2024-06-24,110,intermittent,full,0.0,1.0
CA-SC-10-F-219-RD-1TO,0.07207207207207207,0.3208016903561236,4.451123453691215,0.9459459459459459,0.0012372762372762375,False,0.14285714285714285,2024-06-24,110,intermittent,full,0.0,1.0
CA-SC-10-F-219-WH-1TO,0.018018018018018018,0.13301642396606664,7.382411530116698,0.9819819819819819,0.00021060021060021063,False,0.03571428571428571,2024-06-24,110,intermittent,full,0.0,1.0
CA-SC-10-F-219-WR-1TO,0.4144144144144144,0.8106105858884318,1.956038587687303,0.7477477477477478,0.015110565110565114,False,0.8214285714285714,2024-06-24,110,intermittent,full,1.3846153846153846,0.23076923076923078
CA-SC-10-F-22-BE-1TO,5.708333333333333,2.7835703491898474,0.4876327619018711,0.0,0.0502605297438124,True,5.017857142857143,2025-09-08,47,smooth,short,6.384615384615385,0.0
CA-SC-10-F-22-BK-1TO,14.857142857142858,6.8660656232559525,0.46213903233453524,0.0,0.2617346938775511,True,13.178571428571429,2025-09-01,48,smooth,short,18.923076923076923,0.0
CA-SC-10-F-22-BR-1TO,0.4144144144144144,0.7765535834057639,1.8738575599573868,0.7207207207207207,0.01432081432081432,False,0.8214285714285714,2024-06-24,110,intermittent,full,1.2307692307692308,0.23076923076923078
CA-SC-10-F-22-DB-1TO,0.6036036036036037,1.1252969920635947,1.864298001777,0.6756756756756757,0.019454194454194454,False,1.1785714285714286,2024-06-24,110,intermittent,full,1.5384615384615385,0.38461538461538464
CA-SC-10-F-22-DG-1TO,3.1020408163265305,1.7171986912622554,0.5535706307358587,0.08163265306122448,0.03306122448979595,True,2.75,2025-09-01,48,smooth,short,3.923076923076923,0.07692307692307693
CA-SC-10-F-22-GR-1TO,0.7927927927927928,1.4711466210030177,1.8556508514924428,0.6666666666666666,0.026676026676026685,False,1.5535714285714286,2024-06-24,110,intermittent,full,2.4615384615384617,0.23076923076923078
CA-SC-10-F-22-PK-1TO,0.009009009009009009,0.09448728361893259,10.488088481701517,0.990990990990991,7.020007020007022e-05,False,0.017857142857142856,2024-06-24,110,intermittent,full,0.0,1.0
CA-SC-10-F-22-RD-1TO,0.08108108108108109,0.2729595929287049,3.366501646120694,0.918918918918919,0.0019831519831519833,False,0.16071428571428573,2024-06-24,110,intermittent,full,0.0,1.0
CA-SC-10-F-22-WH-1TO,0.14414414414414414,0.48111819541688977,3.337757480704673,0.9009009009009009,0.004238329238329238,False,0.26785714285714285,2024-06-24,110,intermittent,full,0.07692307692307693,0.9230769230769231
CA-SC-10-F-22-WR-1TO,2.3125,1.6602741992413983,0.7179564104827668,0.14583333333333334,0.04586409031697785,True,2.0357142857142856,2025-07-28,54,smooth,medium,3.230769230769231,0.0
CA-SC-10-F-220-WR-1TO,0.009009009009009009,0.09448728361893258,10.488088481701515,0.990990990990991,0.00041242541242541246,False,0.017857142857142856,2024-06-24,110,intermittent,full,0.07692307692307693,0.9230769230769231
CA-SC-10-F-221-BE-1TO,0.2072072072072072,0.4672541434194573,2.255009126937381,0.8198198198198198,0.006291681291681293,False,0.4107142857142857,2024-06-24,110,intermittent,full,0.38461538461538464,0.6923076923076923
CA-SC-10-F-221-BK-1TO,4.645833333333333,2.8320309506704824,0.6095851373640501,0.020833333333333332,-0.025238818931828125,True,4.053571428571429,2025-09-08,47,smooth,short,3.6153846153846154,0.0
CA-SC-10-F-221-BKRD-STI,0.018018018018018018,0.13301642396606667,7.3824115301167,0.9819819819819819,0.00035977535977535984,False,0.03571428571428571,2024-06-24,110,intermittent,full,0.0,1.0
CA-SC-10-F-221-BR-1TO,0.12612612612612611,0.44755828282429616,3.5484978138212058,0.9099099099099099,0.002685152685152685,False,0.25,2024-06-24,110,intermittent,full,0.0,1.0
CA-SC-10-F-221-DB-1TO,0.18018018018018017,0.4688148407660429,2.601922366251538,0.8468468468468469,0.005159705159705159,False,0.35714285714285715,2024-06-24,110,intermittent,full,0.15384615384615385,0.8461538461538461
CA-SC-10-F-221-DG-1TO,0.7657657657657657,1.439187426862404,1.8794094633144336,0.6396396396396397,0.02421024921024921,False,1.5178571428571428,2024-06-24,110,intermittent,full,1.7692307692307692,0.07692307692307693
CA-SC-10-F-221-GR-1TO,0.10810810810810811,0.38791081336236005,3.5881750236018304,0.918918918918919,0.002834327834327835,False,0.21428571428571427,2024-06-24,110,intermittent,full,0.07692307692307693,0.9230769230769231
CA-SC-10-F-221-PK-1TO,0.009009009009009009,0.09448728361893258,10.488088481701515,0.990990990990991,0.0001842751842751843,False,0.017857142857142856,2024-06-24,110,intermittent,full,0.0,1.0
CA-SC-10-F-221-RD-1TO,0.018018018018018018,0.13301642396606667,7.3824115301167,0.9819819819819819,0.00039487539487539485,False,0.03571428571428571,2024-06-24,110,intermittent,full,0.0,1.0
CA-SC-10-F-221-WH-1TO,0.009009009009009009,0.09448728361893258,10.488088481701515,0.990990990990991,0.00015795015795015793,False,0.017857142857142856,2024-06-24,110,intermittent,full,0.0,1.0
CA-SC-10-F-221-WR-1TO,0.04504504504504504,0.24705061623066824,5.4845236803208355,0.963963963963964,0.0013074763074763076,False,0.08928571428571429,2024-06-24,110,intermittent,full,0.0,1.0
CA-SC-10-F-222-BK-1TO,0.26126126126126126,0.706618794635228,2.704644351879666,0.8468468468468469,0.008625833625833626,False,0.5178571428571429,2024-06-24,110,intermittent,full,0.8461538461538461,0.5384615384615384
CA-SC-10-F-222-BR-1TO,0.09009009009009009,0.3162149328789954,3.509985754956849,0.918918918918919,0.003308178308178308,False,0.17857142857142858,2024-06-24,110,intermittent,full,0.46153846153846156,0.6153846153846154
CA-SC-10-F-222-DB-1TO,0.14414414414414414,0.44208447374361437,3.0669610365963247,0.8918918918918919,0.005466830466830467,False,0.2857142857142857,2024-06-24,110,intermittent,full,0.6923076923076923,0.5384615384615384
CA-SC-10-F-222-DG-1TO,0.2072072072072072,0.5043436036857083,2.434006087352766,0.8288288288288288,0.005835380835380836,False,0.39285714285714285,2024-06-24,110,intermittent,full,0.5384615384615384,0.46153846153846156
CA-SC-10-F-222-GR-1TO,0.11711711711711711,0.47908957838948935,4.090687938556409,0.9279279279279279,0.004992979992979993,False,0.23214285714285715,2024-06-24,110,intermittent,full,0.7692307692307693,0.6153846153846154
CA-SC-10-F-222-WR-1TO,0.10810810810810811,0.36394612390493974,3.3665016461206925,0.9099099099099099,0.0035012285012285013,False,0.21428571428571427,2024-06-24,110,intermittent,full,0.38461538461538464,0.6923076923076923
CA-SC-10-F-223-BK-1TO,0.15315315315315314,0.7127942502649544,4.654127163494702,0.9279279279279279,0.0074763074763074784,False,0.30357142857142855,2024-06-24,110,intermittent,full,1.1538461538461537,0.46153846153846156
CA-SC-10-F-223-DB-1TO,0.018018018018018018,0.13301642396606667,7.3824115301167,0.9819819819819819,0.0007458757458757459,False,0.03571428571428571,2024-06-24,110,intermittent,full,0.07692307692307693,0.9230769230769231
CA-SC-10-F-223-DG-1TO,0.036036036036036036,0.18637982761781263,5.172040216394301,0.963963963963964,0.0016233766233766233,False,0.07142857142857142,2024-06-24,110,intermittent,full,0.23076923076923078,0.7692307692307693
CA-SC-10-F-223-WR-1TO,0.036036036036036036,0.18637982761781263,5.172040216394301,0.963963963963964,0.0017462267462267462,False,0.07142857142857142,2024-06-24,110,intermittent,full,0.3076923076923077,0.6923076923076923
CA-SC-10-F-225-BE-1TO,0.009009009009009009,0.09448728361893258,10.488088481701515,0.990990990990991,0.00035977535977535984,False,0.017857142857142856,2024-06-24,110,intermittent,full,0.0,1.0
CA-SC-10-F-225-BK-1TO,0.02702702702702703,0.16216216216216217,6.0,0.972972972972973,0.0013250263250263253,False,0.05357142857142857,2024-06-24,110,intermittent,full,0.23076923076923078,0.7692307692307693
CA-SC-10-F-225-BR-1TO,0.018018018018018018,0.18897456723786515,10.488088481701515,0.990990990990991,0.0008950508950508954,False,0.03571428571428571,2024-06-24,110,intermittent,full,0.15384615384615385,0.9230769230769231
CA-SC-10-F-225-DB-1TO,0.018018018018018018,0.13301642396606667,7.3824115301167,0.9819819819819819,0.0008424008424008424,False,0.03571428571428571,2024-06-24,110,intermittent,full,0.15384615384615385,0.8461538461538461
CA-SC-10-F-225-GR-1TO,0.02702702702702703,0.21051029631617882,7.788880963698616,0.9819819819819819,0.001140751140751141,False,0.05357142857142857,2024-06-24,110,intermittent,full,0.07692307692307693,0.9230769230769231
CA-SC-10-F-226-BK-1TO,0.09009009009009009,0.39248686325751286,4.356604182158393,0.9369369369369369,0.0042997542997543,False,0.17857142857142858,2024-06-24,110,intermittent,full,0.6923076923076923,0.5384615384615384
CA-SC-10-F-226-BR-1TO,0.009009009009009009,0.09448728361893258,10.488088481701515,0.990990990990991,0.0004475254475254477,False,0.017857142857142856,2024-06-24,110,intermittent,full,0.07692307692307693,0.9230769230769231
CA-SC-10-F-226-DG-1TO,0.018018018018018018,0.13301642396606667,7.3824115301167,0.9819819819819819,0.0008248508248508249,False,0.03571428571428571,2024-06-24,110,intermittent,full,0.15384615384615385,0.8461538461538461
CA-SC-10-F-227-BE-1TO,0.5945945945945946,1.1260900895134953,1.8938787869090603,0.6846846846846847,0.01540891540891541,False,1.1607142857142858,2024-06-24,110,intermittent,full,1.1538461538461537,0.3076923076923077
CA-SC-10-F-227-BK-1TO,0.8018018018018018,1.4002562173513058,1.7463869677078083,0.6486486486486487,0.023990873990873993,False,1.5892857142857142,2024-06-24,110,intermittent,full,1.9230769230769231,0.07692307692307693
CA-SC-10-F-227-BKRD-STI,0.02702702702702703,0.16216216216216223,6.000000000000002,0.972972972972973,0.0006844506844506845,False,0.05357142857142857,2024-06-24,110,intermittent,full,0.0,1.0
CA-SC-10-F-227-BKWH-STI,0.05405405405405406,0.26296431566353917,4.864839839775475,0.954954954954955,0.001482976482976483,False,0.10714285714285714,2024-06-24,110,intermittent,full,0.0,1.0
CA-SC-10-F-227-BR-1TO,0.07207207207207207,0.2913686779963285,4.042740407199058,0.9369369369369369,0.0022025272025272026,False,0.14285714285714285,2024-06-24,110,intermittent,full,0.07692307692307693,0.9230769230769231
CA-SC-10-F-227-DB-1TO,0.16216216216216217,0.4560018282826582,2.812011274409725,0.8648648648648649,0.004878904878904879,False,0.32142857142857145,2024-06-24,110,intermittent,full,0.38461538461538464,0.6153846153846154
CA-SC-10-F-227-DG-1TO,0.8828828828828829,1.563887157162445,1.7713415759697082,0.6576576576576577,0.026886626886626883,False,1.75,2024-06-24,110,intermittent,full,1.9230769230769231,0.15384615384615385
CA-SC-10-F-227-GR-1TO,0.8018018018018018,1.3139570921444708,1.6387554744723174,0.6486486486486487,0.02265707265707266,False,1.5714285714285714,2026-05-11,13,smooth,short,2.0,0.07692307692307693
CA-SC-10-F-227-WH-1TO,0.018018018018018018,0.13301642396606667,7.3824115301167,0.9819819819819819,0.0005177255177255178,False,0.03571428571428571,2024-06-24,110,intermittent,full,0.0,1.0
CA-SC-10-F-227-WR-1TO,0.06306306306306306,0.24307635249066736,3.8544964466377256,0.9369369369369369,0.001956826956826957,False,0.125,2024-06-24,110,intermittent,full,0.15384615384615385,0.8461538461538461
CA-SC-10-F-228-BK-1TO,0.11711711711711711,0.43987587804445777,3.755863266379601,0.918918918918919,0.005501930501930501,False,0.23214285714285715,2024-06-24,110,intermittent,full,0.9230769230769231,0.38461538461538464
CA-SC-10-F-228-BR-1TO,0.06306306306306306,0.277676306440044,4.403152859263555,0.9459459459459459,0.003044928044928045,False,0.125,2024-06-24,110,intermittent,full,0.46153846153846156,0.6153846153846154
CA-SC-10-F-228-DB-1TO,0.11711711711711711,0.459900865517125,3.926845851723144,0.9279279279279279,0.005756405756405757,False,0.23214285714285715,2024-06-24,110,intermittent,full,0.8461538461538461,0.5384615384615384
CA-SC-10-F-228-DG-1TO,0.02702702702702703,0.2105102963161788,7.788880963698615,0.9819819819819819,0.0014303264303264305,False,0.05357142857142857,2024-06-24,110,intermittent,full,0.23076923076923078,0.8461538461538461
CA-SC-10-F-228-WR-1TO,0.009009009009009009,0.09448728361893258,10.488088481701515,0.990990990990991,0.0004738504738504738,False,0.017857142857142856,2024-06-24,110,intermittent,full,0.07692307692307693,0.9230769230769231
CA-SC-10-F-229-BE-1TO,0.018018018018018018,0.13301642396606667,7.3824115301167,0.9819819819819819,0.0006405756405756406,False,0.03571428571428571,2024-06-24,110,intermittent,full,0.0,1.0
CA-SC-10-F-229-BK-1TO,0.0990990990990991,0.3275614227513125,3.305392538672335,0.9099099099099099,0.003667953667953669,False,0.19642857142857142,2024-06-24,110,intermittent,full,0.23076923076923078,0.7692307692307693
CA-SC-10-F-229-DG-1TO,0.3063063063063063,0.7202701294164571,2.3514701283890216,0.8108108108108109,0.011837486837486838,False,0.6071428571428571,2024-06-24,110,intermittent,full,1.2307692307692308,0.3076923076923077
CA-SC-10-F-229-GR-1TO,0.1891891891891892,0.5617462078601764,2.9692299558323607,0.8828828828828829,0.007915057915057915,False,0.375,2024-06-24,110,intermittent,full,0.7692307692307693,0.5384615384615384
CA-SC-10-F-23-BE-1TO,0.21621621621621623,0.526853748368052,2.4366985862022403,0.8288288288288288,0.00702878202878203,False,0.42857142857142855,2024-06-24,110,intermittent,full,0.5384615384615384,0.5384615384615384
CA-SC-10-F-23-BK-1TO,0.7657657657657657,1.3420097538276532,1.7525068549984648,0.6576576576576577,0.02324499824499825,False,1.5178571428571428,2024-06-24,110,intermittent,full,1.8461538461538463,0.15384615384615385
CA-SC-10-F-23-BR-1TO,0.06306306306306306,0.27767630644004393,4.403152859263554,0.9459459459459459,0.0013162513162513164,False,0.125,2024-06-24,110,intermittent,full,0.07692307692307693,0.9230769230769231
CA-SC-10-F-23-DB-1TO,0.07207207207207207,0.2586072089082401,3.5881750236018317,0.9279279279279279,0.002614952614952616,False,0.14285714285714285,2024-06-24,110,intermittent,full,0.23076923076923078,0.7692307692307693
CA-SC-10-F-23-DG-1TO,0.0990990990990991,0.37859281782794046,3.8203457071728537,0.918918918918919,0.003861003861003861,False,0.19642857142857142,2024-06-24,110,intermittent,full,0.38461538461538464,0.7692307692307693
CA-SC-10-F-23-GR-1TO,0.036036036036036036,0.18637982761781263,5.172040216394301,0.963963963963964,0.0013162513162513164,False,0.07142857142857142,2024-06-24,110,intermittent,full,0.07692307692307693,0.9230769230769231
CA-SC-10-F-231-BE-1TO,0.009009009009009009,0.09448728361893258,10.488088481701515,0.990990990990991,0.00026325026325026325,False,0.017857142857142856,2024-06-24,110,intermittent,full,0.0,1.0
CA-SC-10-F-231-BK-1TO,0.1891891891891892,0.5454729911070487,2.883214381565829,0.8738738738738738,0.00601965601965602,False,0.375,2024-06-24,110,intermittent,full,0.5384615384615384,0.6153846153846154
CA-SC-10-F-231-BR-1TO,0.05405405405405406,0.22612433149569605,4.183300132670377,0.9459459459459459,0.0011232011232011235,False,0.10714285714285714,2024-06-24,110,intermittent,full,0.0,1.0
CA-SC-10-F-231-DB-1TO,0.10810810810810811,0.3879108133623601,3.588175023601831,0.9099099099099099,0.0038434538434538434,False,0.21428571428571427,2024-06-24,110,intermittent,full,0.3076923076923077,0.6923076923076923
CA-SC-10-F-231-DG-1TO,0.12612612612612611,0.46725414341945726,3.704657851397126,0.918918918918919,0.005107055107055108,False,0.25,2024-06-24,110,intermittent,full,0.6153846153846154,0.6923076923076923
CA-SC-10-F-231-GR-1TO,0.036036036036036036,0.18637982761781263,5.172040216394301,0.963963963963964,0.0011583011583011585,False,0.07142857142857142,2024-06-24,110,intermittent,full,0.07692307692307693,0.9230769230769231
CA-SC-10-F-231-PK-1TO,0.02702702702702703,0.21051029631617882,7.788880963698616,0.9819819819819819,0.0007020007020007021,False,0.05357142857142857,2024-06-24,110,intermittent,full,0.0,1.0
CA-SC-10-F-231-RD-1TO,0.02702702702702703,0.21051029631617885,7.788880963698617,0.9819819819819819,0.00024570024570024575,False,0.05357142857142857,2024-06-24,110,intermittent,full,0.0,1.0
CA-SC-10-F-231-WR-1TO,0.02702702702702703,0.16216216216216217,6.0,0.972972972972973,0.0012723762723762728,False,0.05357142857142857,2024-06-24,110,intermittent,full,0.15384615384615385,0.8461538461538461
CA-SC-10-F-232-BE-1TO,0.2702702702702703,0.5994884598059146,2.2181073012818837,0.7837837837837838,0.006177606177606179,False,0.5,2024-06-24,110,intermittent,full,0.23076923076923078,0.7692307692307693
CA-SC-10-F-232-BK-1TO,3.830508474576271,2.9810278194102238,0.7782329263062089,0.13559322033898305,0.051607247223845694,True,3.982142857142857,2025-06-23,58,smooth,medium,3.076923076923077,0.07692307692307693
CA-SC-10-F-232-BKRD-STI,0.0990990990990991,0.40168462720014325,4.053363056292355,0.9279279279279279,0.0032643032643032643,False,0.19642857142857142,2024-06-24,110,intermittent,full,0.0,1.0
CA-SC-10-F-232-BKWH-STI,0.12612612612612611,0.44755828282429616,3.5484978138212058,0.9099099099099099,0.003992628992628993,False,0.25,2024-06-24,110,intermittent,full,0.0,1.0
CA-SC-10-F-232-BR-1TO,0.09009009009009009,0.2863107852625351,3.17804971641414,0.9099099099099099,0.0025710775710775713,False,0.17857142857142858,2024-06-24,110,intermittent,full,0.0,1.0
CA-SC-10-F-232-DB-1TO,0.1891891891891892,0.47483545776952923,2.509844562496083,0.8468468468468469,0.00594945594945595,False,0.375,2024-06-24,110,intermittent,full,0.3076923076923077,0.6923076923076923
CA-SC-10-F-232-DG-1TO,0.963963963963964,1.4201124681252635,1.4732007846906938,0.5675675675675675,0.02847490347490348,False,1.8571428571428572,2024-06-24,110,intermittent,full,1.7692307692307692,0.23076923076923078
CA-SC-10-F-232-GR-1TO,6.770833333333333,3.367983962583881,0.49742532370469633,0.020833333333333332,0.08809161962657394,True,5.839285714285714,2025-09-08,47,smooth,short,7.0,0.0
CA-SC-10-F-232-OR-1TO,0.009009009009009009,0.09448728361893258,10.488088481701515,0.990990990990991,0.0002457002457002457,False,0.017857142857142856,2024-06-24,110,intermittent,full,0.0,1.0
CA-SC-10-F-232-PK-1TO,0.018018018018018018,0.13301642396606667,7.3824115301167,0.9819819819819819,0.0003071253071253071,False,0.03571428571428571,2024-06-24,110,intermittent,full,0.0,1.0
CA-SC-10-F-232-RD-1TO,0.018018018018018018,0.13301642396606667,7.3824115301167,0.9819819819819819,0.0003334503334503334,False,0.03571428571428571,2024-06-24,110,intermittent,full,0.0,1.0
CA-SC-10-F-232-WH-1TO,0.34234234234234234,0.8953885411141227,2.6154770543070427,0.8288288288288288,0.0075903825903825915,False,0.6785714285714286,2024-06-24,110,intermittent,full,0.0,1.0
CA-SC-10-F-232-WR-1TO,0.18018018018018017,0.4688148407660429,2.601922366251538,0.8558558558558559,0.005449280449280451,False,0.3392857142857143,2024-06-24,110,intermittent,full,0.38461538461538464,0.6923076923076923
CA-SC-10-F-234-BE-1TO,6.145833333333333,4.911676493033944,0.7991880395445062,0.0,0.031969170646982105,True,5.410714285714286,2025-09-08,47,smooth,short,3.6153846153846154,0.0
CA-SC-10-F-234-BK-1TO,7.1875,5.536455883505259,0.7702895142268187,0.020833333333333332,-0.06290707772470706,True,6.267857142857143,2025-09-08,47,smooth,short,2.923076923076923,0.0
CA-SC-10-F-234-BKRD-STI,0.04504504504504504,0.24705061623066824,5.4845236803208355,0.963963963963964,0.0012636012636012637,False,0.08928571428571429,2024-06-24,110,intermittent,full,0.0,1.0
CA-SC-10-F-234-BKWH-STI,0.06306306306306306,0.33636314779449494,5.333758486455563,0.954954954954955,0.0019129519129519133,False,0.125,2024-06-24,110,intermittent,full,0.0,1.0
CA-SC-10-F-234-BR-1TO,0.35135135135135137,0.8126106150471843,2.312814827441986,0.7747747747747747,0.009354159354159354,False,0.6964285714285714,2024-06-24,110,intermittent,full,0.15384615384615385,0.8461538461538461
CA-SC-10-F-234-DB-1TO,2.8541666666666665,2.581904846985824,0.9046089974840843,0.1875,-0.03359748154580988,True,2.4642857142857144,2025-09-08,47,intermittent,short,1.0,0.38461538461538464
CA-SC-10-F-234-DG-1TO,3.0,3.1493439550069433,1.0497813183356477,0.12244897959183673,-0.04459183673469384,True,2.625,2025-09-01,48,intermittent,short,0.8461538461538461,0.38461538461538464
CA-SC-10-F-234-GR-1TO,0.8468468468468469,1.3096880737099141,1.5465465551255368,0.6036036036036037,0.016549666549666553,False,1.4464285714285714,2024-06-24,110,intermittent,full,0.3076923076923077,0.7692307692307693
CA-SC-10-F-234-OR-1TO,0.018018018018018018,0.13301642396606667,7.3824115301167,0.9819819819819819,0.000631800631800632,False,0.03571428571428571,2024-06-24,110,intermittent,full,0.0,1.0
CA-SC-10-F-234-RD-1TO,0.009009009009009009,0.09448728361893258,10.488088481701515,0.990990990990991,0.0001667251667251667,False,0.017857142857142856,2024-06-24,110,intermittent,full,0.0,1.0
CA-SC-10-F-234-WR-1TO,0.036036036036036036,0.18637982761781266,5.172040216394302,0.963963963963964,0.0007809757809757813,False,0.07142857142857142,2024-06-24,110,intermittent,full,0.0,1.0
CA-SC-10-F-236-BE-1TO,0.22522522522522523,0.6250720273406001,2.775319801392264,0.8468468468468469,0.008845208845208846,False,0.44642857142857145,2024-06-24,110,intermittent,full,1.0,0.46153846153846156
CA-SC-10-F-236-BK-1TO,0.26126126126126126,0.6672751058429264,2.5540529913298218,0.8288288288288288,0.009942084942084942,False,0.5178571428571429,2024-06-24,110,intermittent,full,1.2307692307692308,0.23076923076923078
CA-SC-10-F-236-BKRD-STI,0.018018018018018018,0.13301642396606667,7.3824115301167,0.9819819819819819,0.0004738504738504739,False,0.03571428571428571,2024-06-24,110,intermittent,full,0.0,1.0
CA-SC-10-F-236-BKWH-STI,0.02702702702702703,0.16216216216216223,6.000000000000002,0.972972972972973,0.0007458757458757459,False,0.05357142857142857,2024-06-24,110,intermittent,full,0.0,1.0
CA-SC-10-F-236-BR-1TO,0.018018018018018018,0.13301642396606667,7.3824115301167,0.9819819819819819,0.0006142506142506143,False,0.03571428571428571,2024-06-24,110,intermittent,full,0.07692307692307693,0.9230769230769231
CA-SC-10-F-236-DB-1TO,0.15315315315315314,0.5402401567771153,3.5274504354270473,0.8918918918918919,0.006379431379431379,False,0.30357142857142855,2024-06-24,110,intermittent,full,0.8461538461538461,0.5384615384615384
CA-SC-10-F-236-DG-1TO,0.5045045045045045,1.064360179789742,2.1097139277975243,0.7297297297297297,0.019998244998244995,False,1.0,2026-05-11,13,smooth,short,2.5384615384615383,0.15384615384615385
CA-SC-10-F-236-GR-1TO,0.25225225225225223,0.5105811645154866,2.024089616472108,0.7837837837837838,0.009064584064584066,False,0.5,2024-06-24,110,intermittent,full,0.9230769230769231,0.3076923076923077
CA-SC-10-F-237-BE-1TO,0.09009009009009009,0.34352569306193903,3.8131351929875232,0.9279279279279279,0.004422604422604423,False,0.17857142857142858,2024-06-24,110,intermittent,full,0.7692307692307693,0.38461538461538464
CA-SC-10-F-237-BK-1TO,0.11711711711711711,0.459900865517125,3.926845851723144,0.9279279279279279,0.005852930852930854,False,0.23214285714285715,2024-06-24,110,intermittent,full,1.0,0.38461538461538464
CA-SC-10-F-237-DB-1TO,0.02702702702702703,0.16216216216216217,6.0,0.972972972972973,0.001298701298701299,False,0.05357142857142857,2024-06-24,110,intermittent,full,0.23076923076923078,0.7692307692307693
CA-SC-10-F-237-DG-1TO,0.10810810810810811,0.5427881200501646,5.020790110464023,0.954954954954955,0.005317655317655319,False,0.21428571428571427,2024-06-24,110,intermittent,full,0.9230769230769231,0.6153846153846154
CA-SC-10-F-237-GR-1TO,0.036036036036036036,0.18637982761781263,5.172040216394301,0.963963963963964,0.001763776763776764,False,0.07142857142857142,2024-06-24,110,intermittent,full,0.3076923076923077,0.6923076923076923
CA-SC-10-F-237-WR-1TO,0.009009009009009009,0.09448728361893258,10.488088481701515,0.990990990990991,0.0004738504738504738,False,0.017857142857142856,2024-06-24,110,intermittent,full,0.07692307692307693,0.9230769230769231
CA-SC-10-F-238-BE-1TO,0.10810810810810811,0.43186900231376163,3.9947882714022946,0.9279279279279279,0.005124605124605126,False,0.21428571428571427,2024-06-24,110,intermittent,full,0.9230769230769231,0.38461538461538464
CA-SC-10-F-238-BK-1TO,0.17117117117117117,0.5831550390155769,3.406853122669949,0.9009009009009009,0.007932607932607935,False,0.3392857142857143,2024-06-24,110,intermittent,full,1.3846153846153846,0.23076923076923078
CA-SC-10-F-238-BR-1TO,0.018018018018018018,0.13301642396606667,7.3824115301167,0.9819819819819819,0.0008599508599508597,False,0.03571428571428571,2024-06-24,110,intermittent,full,0.15384615384615385,0.8461538461538461
CA-SC-10-F-238-DB-1TO,0.009009009009009009,0.09448728361893258,10.488088481701515,0.990990990990991,0.0004475254475254477,False,0.017857142857142856,2024-06-24,110,intermittent,full,0.07692307692307693,0.9230769230769231
CA-SC-10-F-238-DG-1TO,0.43243243243243246,1.256490333089091,2.905633895268523,0.8738738738738738,0.020691470691470693,False,0.8571428571428571,2026-04-13,17,smooth,short,3.4615384615384617,0.0
CA-SC-10-F-238-GR-1TO,0.12612612612612611,0.46725414341945726,3.704657851397126,0.918918918918919,0.00630923130923131,False,0.25,2024-06-24,110,intermittent,full,1.0769230769230769,0.3076923076923077
CA-SC-10-F-238-WR-1TO,0.02702702702702703,0.16216216216216217,6.0,0.972972972972973,0.001342576342576343,False,0.05357142857142857,2024-06-24,110,intermittent,full,0.23076923076923078,0.7692307692307693
CA-SC-10-F-242-BE-1TO,0.3333333333333333,1.18802837146737,3.5640851144021104,0.9009009009009009,0.01657599157599158,False,0.6607142857142857,2026-05-11,13,smooth,short,2.8461538461538463,0.15384615384615385
CA-SC-10-F-242-BK-1TO,2.189189189189189,6.614907425163767,3.021624379395795,0.8828828828828829,0.10692348192348193,False,4.339285714285714,2026-04-20,16,smooth,short,18.692307692307693,0.0
CA-SC-10-F-242-BR-1TO,0.0990990990990991,0.3785928178279404,3.8203457071728533,0.9279279279279279,0.004747279747279747,False,0.19642857142857142,2024-06-24,110,intermittent,full,0.8461538461538461,0.38461538461538464
CA-SC-10-F-242-DB-1TO,0.3783783783783784,1.2233026781689755,3.2330142208751496,0.8828828828828829,0.018532818532818532,False,0.75,2026-04-20,16,smooth,short,3.230769230769231,0.0
CA-SC-10-F-242-DG-1TO,2.3063063063063063,7.101316706726965,3.079086540807395,0.8828828828828829,0.11144261144261143,False,4.571428571428571,2026-04-20,16,smooth,short,19.692307692307693,0.0
CA-SC-10-F-242-GR-1TO,0.5315315315315315,1.7389021068749242,3.2714937942901114,0.8828828828828829,0.026298701298701307,False,1.0535714285714286,2026-04-20,16,smooth,short,4.538461538461538,0.0
CA-SC-10-F-242-WR-1TO,0.09009009009009009,0.3435256930619391,3.813135192987524,0.9279279279279279,0.004510354510354511,False,0.17857142857142858,2024-06-24,110,intermittent,full,0.7692307692307693,0.38461538461538464
CA-SC-10-F-243-BK-1TO,0.11711711711711711,0.47908957838948935,4.090687938556409,0.918918918918919,0.005343980343980345,False,0.23214285714285715,2024-06-24,110,intermittent,full,0.6153846153846154,0.6923076923076923
CA-SC-10-F-243-BR-1TO,0.04504504504504504,0.2074029627607448,4.604345773288535,0.954954954954955,0.0020270270270270276,False,0.08928571428571429,2024-06-24,110,intermittent,full,0.23076923076923078,0.7692307692307693
CA-SC-10-F-243-DB-1TO,0.04504504504504504,0.2074029627607448,4.604345773288535,0.954954954954955,0.0018515268515268517,False,0.08928571428571429,2024-06-24,110,intermittent,full,0.15384615384615385,0.8461538461538461
CA-SC-10-F-243-DG-1TO,0.009009009009009009,0.09448728361893258,10.488088481701515,0.990990990990991,0.0004212004212004214,False,0.017857142857142856,2024-06-24,110,intermittent,full,0.07692307692307693,0.9230769230769231
CA-SC-10-F-243-GR-1TO,0.018018018018018018,0.13301642396606667,7.3824115301167,0.9819819819819819,0.0006932256932256933,False,0.03571428571428571,2024-06-24,110,intermittent,full,0.0,1.0
CA-SC-10-F-243-WR-1TO,0.018018018018018018,0.13301642396606667,7.3824115301167,0.9819819819819819,0.0007546507546507546,False,0.03571428571428571,2024-06-24,110,intermittent,full,0.07692307692307693,0.9230769230769231
CA-SC-10-F-244-BK-1TO,0.10810810810810811,0.3879108133623601,3.588175023601831,0.918918918918919,0.0048613548613548625,False,0.21428571428571427,2024-06-24,110,intermittent,full,0.6153846153846154,0.5384615384615384
CA-SC-10-F-244-BR-1TO,0.018018018018018018,0.13301642396606667,7.3824115301167,0.9819819819819819,0.0009038259038259041,False,0.03571428571428571,2024-06-24,110,intermittent,full,0.15384615384615385,0.8461538461538461
CA-SC-10-F-244-DG-1TO,0.09009009009009009,0.3162149328789953,3.509985754956848,0.918918918918919,0.0037732537732537734,False,0.17857142857142858,2024-06-24,110,intermittent,full,0.38461538461538464,0.6153846153846154
CA-SC-10-F-244-GR-1TO,0.27927927927927926,0.6866969009066488,2.4588179355044524,0.8378378378378378,0.011600561600561601,False,0.5535714285714286,2024-06-24,110,intermittent,full,1.1538461538461537,0.3076923076923077
CA-SC-10-F-244-WR-1TO,0.018018018018018018,0.13301642396606667,7.3824115301167,0.9819819819819819,0.0005879255879255879,False,0.03571428571428571,2024-06-24,110,intermittent,full,0.0,1.0
CA-SC-10-F-249-BE-1TO,0.32432432432432434,0.9218289904350618,2.8423060538414404,0.8648648648648649,0.004659529659529659,False,0.6428571428571429,2024-06-24,110,intermittent,full,0.07692307692307693,0.9230769230769231
CA-SC-10-F-249-BK-1TO,0.3063063063063063,0.7917683799178318,2.584890887378804,0.8288288288288288,0.006554931554931556,False,0.6071428571428571,2024-06-24,110,intermittent,full,0.6153846153846154,0.6153846153846154
CA-SC-10-F-249-BR-1TO,0.07207207207207207,0.41831303662140173,5.804093383121949,0.963963963963964,0.0012109512109512112,False,0.14285714285714285,2024-06-24,110,intermittent,full,0.07692307692307693,0.9230769230769231
CA-SC-10-F-249-DB-1TO,0.036036036036036036,0.18637982761781263,5.172040216394301,0.963963963963964,0.0007458757458757459,False,0.07142857142857142,2024-06-24,110,intermittent,full,0.0,1.0
CA-SC-10-F-249-DG-1TO,0.009009009009009009,0.09448728361893258,10.488088481701515,0.990990990990991,0.0003685503685503686,False,0.017857142857142856,2024-06-24,110,intermittent,full,0.0,1.0
CA-SC-10-F-249-GR-1TO,0.3063063063063063,1.0115797367652757,3.3025103170866354,0.8918918918918919,0.0037995787995788,False,0.6071428571428571,2024-06-24,110,intermittent,full,0.0,1.0
CA-SC-10-F-249-PK-1TO,0.009009009009009009,0.09448728361893258,10.488088481701515,0.990990990990991,0.00021060021060021055,False,0.017857142857142856,2024-06-24,110,intermittent,full,0.0,1.0
CA-SC-10-F-249-WR-1TO,0.02702702702702703,0.16216216216216223,6.000000000000002,0.972972972972973,0.0003685503685503686,False,0.05357142857142857,2024-06-24,110,intermittent,full,0.0,1.0
CA-SC-10-F-25-BE-1TO,0.954954954954955,1.3381942073965505,1.4013165756699726,0.5405405405405406,0.02395577395577396,False,1.7678571428571428,2024-06-24,110,intermittent,full,1.7692307692307692,0.15384615384615385
CA-SC-10-F-25-BK-1TO,1.4774774774774775,1.7493723293770347,1.1840263936637248,0.45045045045045046,0.030335205335205336,False,2.6607142857142856,2026-02-02,27,smooth,short,2.076923076923077,0.0
CA-SC-10-F-25-BKRD-STI,0.018018018018018018,0.18897456723786515,10.488088481701515,0.990990990990991,0.0003685503685503686,False,0.03571428571428571,2024-06-24,110,intermittent,full,0.0,1.0
CA-SC-10-F-25-BR-1TO,0.13513513513513514,0.45493265488117474,3.366501646120693,0.9009009009009009,0.004466479466479467,False,0.26785714285714285,2024-06-24,110,intermittent,full,0.46153846153846156,0.6923076923076923
CA-SC-10-F-25-DB-1TO,0.42342342342342343,0.8003326960184796,1.8901474310223667,0.7207207207207207,0.011170586170586172,False,0.8035714285714286,2024-06-24,110,intermittent,full,0.8461538461538461,0.46153846153846156
CA-SC-10-F-25-DG-1TO,0.5585585585585585,0.8769797134153481,1.5700765836952202,0.6396396396396397,0.01167076167076167,False,1.0178571428571428,2024-06-24,110,intermittent,full,0.6923076923076923,0.5384615384615384
CA-SC-10-F-25-GR-1TO,0.44144144144144143,0.6934011317078868,1.5707658289709272,0.6666666666666666,0.006826956826956825,False,0.6607142857142857,2024-06-24,110,intermittent,full,0.6153846153846154,0.5384615384615384
CA-SC-10-F-25-RD-1TO,0.009009009009009009,0.09448728361893258,10.488088481701515,0.990990990990991,0.00048262548262548264,False,0.017857142857142856,2024-06-24,110,intermittent,full,0.07692307692307693,0.9230769230769231
CA-SC-10-F-25-WH-1TO,0.09009009009009009,0.36881963045871563,4.093897898091743,0.9369369369369369,0.0012021762021762023,False,0.17857142857142858,2024-06-24,110,intermittent,full,0.0,1.0
CA-SC-10-F-25-WR-1TO,0.13513513513513514,0.3910366561119046,2.8936712552280937,0.8828828828828829,0.004001404001404002,False,0.26785714285714285,2024-06-24,110,intermittent,full,0.15384615384615385,0.8461538461538461
CA-SC-10-F-250-BE-1TO,0.036036036036036036,0.18637982761781263,5.172040216394301,0.963963963963964,0.0007985257985257988,False,0.07142857142857142,2024-06-24,110,intermittent,full,0.0,1.0
CA-SC-10-F-250-BK-1TO,0.42342342342342343,0.92560717398496,2.1860084321772457,0.7837837837837838,0.013171288171288174,False,0.8392857142857143,2024-06-24,110,intermittent,full,1.0769230769230769,0.46153846153846156
CA-SC-10-F-250-BKRD-STI,0.018018018018018018,0.13301642396606667,7.3824115301167,0.9819819819819819,0.00036855036855036854,False,0.03571428571428571,2024-06-24,110,intermittent,full,0.0,1.0
CA-SC-10-F-250-BKWH-STI,0.009009009009009009,0.09448728361893258,10.488088481701515,0.990990990990991,0.00015795015795015793,False,0.017857142857142856,2024-06-24,110,intermittent,full,0.0,1.0
CA-SC-10-F-250-BR-1TO,0.018018018018018018,0.13301642396606667,7.3824115301167,0.9819819819819819,0.0003334503334503334,False,0.03571428571428571,2024-06-24,110,intermittent,full,0.0,1.0
CA-SC-10-F-250-DG-1TO,0.21621621621621623,0.5600097393845064,2.590045044653342,0.8378378378378378,0.00465952965952966,False,0.42857142857142855,2024-06-24,110,intermittent,full,0.38461538461538464,0.7692307692307693
CA-SC-10-F-250-GR-1TO,0.09009009009009009,0.2863107852625351,3.17804971641414,0.9099099099099099,0.002614952614952615,False,0.17857142857142858,2024-06-24,110,intermittent,full,0.07692307692307693,0.9230769230769231
CA-SC-10-F-250-PK-1TO,0.02702702702702703,0.1621621621621622,6.000000000000001,0.972972972972973,0.0005616005616005615,False,0.05357142857142857,2024-06-24,110,intermittent,full,0.0,1.0
CA-SC-10-F-250-WR-1TO,0.04504504504504504,0.2074029627607448,4.604345773288535,0.954954954954955,0.0010881010881010882,False,0.08928571428571429,2024-06-24,110,intermittent,full,0.07692307692307693,0.9230769230769231
CA-SC-10-F-255-BE-1TO,0.05405405405405406,0.22612433149569605,4.183300132670377,0.9459459459459459,0.0017462267462267467,False,0.10714285714285714,2024-06-24,110,intermittent,full,0.15384615384615385,0.8461538461538461
CA-SC-10-F-255-BK-1TO,0.6486486486486487,1.0708979868194026,1.6509677296799123,0.6576576576576577,0.020200070200070204,False,1.2857142857142858,2024-06-24,110,intermittent,full,1.5384615384615385,0.15384615384615385
CA-SC-10-F-255-BKRD-STI,0.009009009009009009,0.09448728361893258,10.488088481701515,0.990990990990991,0.00040365040365040387,False,0.017857142857142856,2024-06-24,110,intermittent,full,0.07692307692307693,0.9230769230769231
CA-SC-10-F-255-BKWH-STI,0.08108108108108109,0.3324800376080349,4.100587130499097,0.9369369369369369,0.0029045279045279045,False,0.16071428571428573,2024-06-24,110,intermittent,full,0.23076923076923078,0.8461538461538461
CA-SC-10-F-255-BR-1TO,0.24324324324324326,0.6035363684484406,2.4812050702880333,0.8288288288288288,0.00709020709020709,False,0.48214285714285715,2024-06-24,110,intermittent,full,0.46153846153846156,0.6153846153846154
CA-SC-10-F-255-DB-1TO,0.06306306306306306,0.2430763524906674,3.854496446637726,0.9369369369369369,0.0023429273429273435,False,0.125,2024-06-24,110,intermittent,full,0.3076923076923077,0.6923076923076923
CA-SC-10-F-255-DG-1TO,0.08108108108108109,0.3324800376080349,4.100587130499097,0.9369369369369369,0.0021849771849771858,False,0.16071428571428573,2024-06-24,110,intermittent,full,0.07692307692307693,0.9230769230769231
CA-SC-10-F-255-GR-1TO,0.2702702702702703,0.6967872986547572,2.5781130050226015,0.8468468468468469,0.008406458406458407,False,0.5357142857142857,2024-06-24,110,intermittent,full,0.7692307692307693,0.46153846153846156
CA-SC-10-F-255-OR-1TO,0.036036036036036036,0.18637982761781263,5.172040216394301,0.963963963963964,0.0011846261846261848,False,0.07142857142857142,2024-06-24,110,intermittent,full,0.15384615384615385,0.8461538461538461
CA-SC-10-F-255-PK-1TO,0.009009009009009009,0.09448728361893258,10.488088481701515,0.990990990990991,0.0001842751842751843,False,0.017857142857142856,2024-06-24,110,intermittent,full,0.0,1.0
CA-SC-10-F-255-WH-1TO,0.07207207207207207,0.2586072089082401,3.5881750236018317,0.9279279279279279,0.0017023517023517028,False,0.14285714285714285,2024-06-24,110,intermittent,full,0.0,1.0
CA-SC-10-F-255-WR-1TO,0.02702702702702703,0.1621621621621622,6.000000000000001,0.972972972972973,0.0007020007020007021,False,0.05357142857142857,2024-06-24,110,intermittent,full,0.0,1.0
CA-SC-10-F-256-BE-1TO,0.009009009009009009,0.09448728361893259,10.488088481701517,0.990990990990991,7.020007020007022e-05,False,0.017857142857142856,2024-06-24,110,intermittent,full,0.0,1.0
CA-SC-10-F-256-BK-1TO,0.3783783783783784,0.7358766795193562,1.944816938729727,0.7657657657657657,0.008660933660933663,False,0.75,2024-06-24,110,intermittent,full,0.38461538461538464,0.6923076923076923
CA-SC-10-F-256-BR-1TO,0.018018018018018018,0.13301642396606667,7.3824115301167,0.9819819819819819,0.000272025272025272,False,0.03571428571428571,2024-06-24,110,intermittent,full,0.0,1.0
CA-SC-10-F-256-DB-1TO,0.04504504504504504,0.2074029627607448,4.604345773288535,0.954954954954955,0.000974025974025974,False,0.08928571428571429,2024-06-24,110,intermittent,full,0.0,1.0
CA-SC-10-F-256-DG-1TO,0.18018018018018017,0.4491874184619068,2.492990172463583,0.8468468468468469,0.0049052299052299055,False,0.35714285714285715,2024-06-24,110,intermittent,full,0.38461538461538464,0.6153846153846154
CA-SC-10-F-256-GR-1TO,0.44144144144144143,1.0961413458922615,2.4830957019192046,0.8018018018018018,0.011381186381186383,False,0.875,2024-06-24,110,intermittent,full,0.15384615384615385,0.8461538461538461
CA-SC-10-F-256-PK-1TO,0.018018018018018018,0.13301642396606667,7.3824115301167,0.9819819819819819,0.0002544752544752545,False,0.03571428571428571,2024-06-24,110,intermittent,full,0.0,1.0
CA-SC-10-F-256-RD-1TO,0.009009009009009009,0.09448728361893259,10.488088481701517,0.990990990990991,7.020007020007022e-05,False,0.017857142857142856,2024-06-24,110,intermittent,full,0.0,1.0
CA-SC-10-F-256-WH-1TO,0.02702702702702703,0.1621621621621622,6.000000000000001,0.972972972972973,0.0008160758160758163,False,0.05357142857142857,2024-06-24,110,intermittent,full,0.07692307692307693,0.9230769230769231
CA-SC-10-F-256-WR-1TO,0.02702702702702703,0.21051029631617882,7.788880963698616,0.9819819819819819,0.000587925587925588,False,0.05357142857142857,2024-06-24,110,intermittent,full,0.0,1.0
CA-SC-10-F-257-WR-1TO,0.018018018018018018,0.13301642396606667,7.3824115301167,0.9819819819819819,0.0009126009126009128,False,0.03571428571428571,2024-06-24,110,intermittent,full,0.15384615384615385,0.8461538461538461
CA-SC-10-F-259-BE-1TO,0.7477477477477478,1.311545876062843,1.7539950872647658,0.6486486486486487,0.022937872937872934,False,1.4642857142857142,2024-06-24,110,intermittent,full,1.9230769230769231,0.23076923076923078
CA-SC-10-F-259-BK-1TO,2.6382978723404253,1.861428551327609,0.7055414670354647,0.1276595744680851,0.027983348751156337,True,2.25,2026-05-11,13,smooth,short,3.1538461538461537,0.15384615384615385
CA-SC-10-F-259-BKRD-STI,0.1891891891891892,0.6645938069011889,3.512852979334855,0.8918918918918919,0.006396981396981398,False,0.375,2024-06-24,110,intermittent,full,0.38461538461538464,0.6923076923076923
CA-SC-10-F-259-BKWH-STI,0.04504504504504504,0.2074029627607448,4.604345773288535,0.954954954954955,0.001526851526851527,False,0.08928571428571429,2024-06-24,110,intermittent,full,0.07692307692307693,0.9230769230769231
CA-SC-10-F-259-BR-1TO,0.018018018018018018,0.13301642396606667,7.3824115301167,0.9819819819819819,0.0006142506142506143,False,0.03571428571428571,2024-06-24,110,intermittent,full,0.07692307692307693,0.9230769230769231
CA-SC-10-F-259-DB-1TO,0.0990990990990991,0.29879502615814413,3.015113445777636,0.9009009009009009,0.002729027729027729,False,0.19642857142857142,2024-06-24,110,intermittent,full,0.23076923076923078,0.7692307692307693
CA-SC-10-F-259-DG-1TO,0.6576576576576577,1.1429020710730127,1.7378373957411561,0.6756756756756757,0.020542295542295547,False,1.3035714285714286,2024-06-24,110,intermittent,full,1.3846153846153846,0.38461538461538464
CA-SC-10-F-259-GR-1TO,2.4081632653061225,2.049573050083884,0.8510938936789009,0.10204081632653061,0.04224489795918368,True,2.125,2025-07-14,56,smooth,medium,3.230769230769231,0.07692307692307693
CA-SC-10-F-259-OR-1TO,0.009009009009009009,0.09448728361893258,10.488088481701515,0.990990990990991,0.00040365040365040387,False,0.017857142857142856,2024-06-24,110,intermittent,full,0.07692307692307693,0.9230769230769231
CA-SC-10-F-259-PK-1TO,0.018018018018018018,0.13301642396606667,7.3824115301167,0.9819819819819819,0.0002983502983502984,False,0.03571428571428571,2024-06-24,110,intermittent,full,0.0,1.0
CA-SC-10-F-259-RD-1TO,0.009009009009009009,0.09448728361893259,10.488088481701517,0.990990990990991,0.00012285012285012285,False,0.017857142857142856,2024-06-24,110,intermittent,full,0.0,1.0
CA-SC-10-F-259-WH-1TO,0.018018018018018018,0.13301642396606667,7.3824115301167,0.9819819819819819,0.0004914004914004915,False,0.03571428571428571,2024-06-24,110,intermittent,full,0.0,1.0
CA-SC-10-F-259-WR-1TO,0.12612612612612611,0.358101025483816,2.8392295591931127,0.8828828828828829,0.004054054054054054,False,0.25,2024-06-24,110,intermittent,full,0.23076923076923078,0.7692307692307693
CA-SC-10-F-26-BE-1TO,0.21621621621621623,0.526853748368052,2.4366985862022403,0.8378378378378378,0.0070989820989821005,False,0.42857142857142855,2024-06-24,110,intermittent,full,0.6153846153846154,0.5384615384615384
CA-SC-10-F-26-BK-1TO,3.6382978723404253,2.7785311588380233,0.7636898506747783,0.14893617021276595,0.058510638297872355,True,3.125,2025-09-15,46,smooth,short,3.923076923076923,0.0
CA-SC-10-F-26-BR-1TO,0.018018018018018018,0.13301642396606667,7.3824115301167,0.9819819819819819,0.0004387504387504389,False,0.03571428571428571,2024-06-24,110,intermittent,full,0.0,1.0
CA-SC-10-F-26-DB-1TO,0.11711711711711711,0.3734122842533821,3.18836642708657,0.9009009009009009,0.004115479115479117,False,0.23214285714285715,2024-06-24,110,intermittent,full,0.38461538461538464,0.6923076923076923
CA-SC-10-F-26-DG-1TO,0.18018018018018017,0.40710355054756775,2.259424705539001,0.8288288288288288,0.006195156195156198,False,0.35714285714285715,2024-06-24,110,intermittent,full,0.6153846153846154,0.46153846153846156
CA-SC-10-F-26-GR-1TO,0.036036036036036036,0.18637982761781263,5.172040216394301,0.963963963963964,0.001605826605826606,False,0.07142857142857142,2024-06-24,110,intermittent,full,0.15384615384615385,0.8461538461538461
CA-SC-10-F-26-RD-1TO,0.12612612612612611,0.4269547967954157,3.385141603163653,0.9099099099099099,0.00451035451035451,False,0.25,2024-06-24,110,intermittent,full,0.3076923076923077,0.7692307692307693
CA-SC-10-F-26-WR-1TO,0.42342342342342343,1.0445012564696408,2.4668008397474495,0.7837837837837838,0.015400140400140403,False,0.8392857142857143,2024-06-24,110,intermittent,full,1.1538461538461537,0.46153846153846156
CA-SC-10-F-260-DG-1TO,0.009009009009009009,0.09448728361893258,10.488088481701515,0.990990990990991,0.00048262548262548264,False,0.017857142857142856,2024-06-24,110,intermittent,full,0.07692307692307693,0.9230769230769231
CA-SC-10-F-261-BE-1TO,0.05405405405405406,0.2261243314956961,4.183300132670378,0.9459459459459459,0.001921726921726922,False,0.10714285714285714,2024-06-24,110,intermittent,full,0.23076923076923078,0.7692307692307693
CA-SC-10-F-261-BK-1TO,0.1981981981981982,0.4806118439044735,2.424905212427116,0.8378378378378378,0.00687960687960688,False,0.39285714285714285,2024-06-24,110,intermittent,full,0.7692307692307693,0.46153846153846156
CA-SC-10-F-261-BR-1TO,0.0990990990990991,0.37859281782794035,3.820345707172853,0.9279279279279279,0.003904878904878905,False,0.19642857142857142,2024-06-24,110,intermittent,full,0.5384615384615384,0.6153846153846154
CA-SC-10-F-261-DB-1TO,0.02702702702702703,0.16216216216216223,6.000000000000002,0.972972972972973,0.0007283257283257284,False,0.05357142857142857,2024-06-24,110,intermittent,full,0.07692307692307693,0.9230769230769231
CA-SC-10-F-261-DG-1TO,0.12612612612612611,0.4053052929442159,3.2134919654862837,0.8918918918918919,0.004527904527904528,False,0.25,2024-06-24,110,intermittent,full,0.46153846153846156,0.6923076923076923
CA-SC-10-F-261-GR-1TO,0.25225225225225223,0.6639829107275054,2.6322179675268966,0.8378378378378378,0.010082485082485083,False,0.5,2024-06-24,110,intermittent,full,1.1538461538461537,0.3076923076923077
CA-SC-10-F-261-PK-1TO,0.009009009009009009,0.09448728361893259,10.488088481701517,0.990990990990991,6.142506142506145e-05,False,0.017857142857142856,2024-06-24,110,intermittent,full,0.0,1.0
CA-SC-10-F-261-WH-1TO,0.036036036036036036,0.18637982761781263,5.172040216394301,0.963963963963964,0.0007195507195507196,False,0.07142857142857142,2024-06-24,110,intermittent,full,0.0,1.0
CA-SC-10-F-261-WR-1TO,0.04504504504504504,0.2074029627607448,4.604345773288535,0.954954954954955,0.001342576342576343,False,0.08928571428571429,2024-06-24,110,intermittent,full,0.07692307692307693,0.9230769230769231
CA-SC-10-F-262-BE-1TO,0.018018018018018018,0.13301642396606667,7.3824115301167,0.9819819819819819,0.0006844506844506846,False,0.03571428571428571,2024-06-24,110,intermittent,full,0.07692307692307693,0.9230769230769231
CA-SC-10-F-262-BK-1TO,0.04504504504504504,0.24705061623066824,5.4845236803208355,0.963963963963964,0.002000702000702001,False,0.08928571428571429,2024-06-24,110,intermittent,full,0.3076923076923077,0.7692307692307693
CA-SC-10-F-262-BR-1TO,0.09009009009009009,0.2863107852625351,3.17804971641414,0.9099099099099099,0.0020972270972270976,False,0.17857142857142858,2024-06-24,110,intermittent,full,0.07692307692307693,0.9230769230769231
CA-SC-10-F-262-DB-1TO,0.02702702702702703,0.1621621621621622,6.000000000000001,0.972972972972973,0.0007634257634257632,False,0.05357142857142857,2024-06-24,110,intermittent,full,0.07692307692307693,0.9230769230769231
CA-SC-10-F-262-DG-1TO,0.02702702702702703,0.16216216216216223,6.000000000000002,0.972972972972973,0.0009652509652509654,False,0.05357142857142857,2024-06-24,110,intermittent,full,0.07692307692307693,0.9230769230769231
CA-SC-10-F-262-GR-1TO,0.009009009009009009,0.09448728361893258,10.488088481701515,0.990990990990991,0.00031590031590031603,False,0.017857142857142856,2024-06-24,110,intermittent,full,0.0,1.0
CA-SC-10-F-262-WR-1TO,0.02702702702702703,0.16216216216216217,6.0,0.972972972972973,0.0010266760266760266,False,0.05357142857142857,2024-06-24,110,intermittent,full,0.15384615384615385,0.8461538461538461
CA-SC-10-F-264-BE-1TO,0.26126126126126126,0.7316735316845749,2.8005435178271663,0.8468468468468469,0.00817830817830818,False,0.5178571428571429,2024-06-24,110,intermittent,full,0.8461538461538461,0.6153846153846154
CA-SC-10-F-264-BK-1TO,0.972972972972973,1.6410250557208974,1.6866090850464779,0.6396396396396397,0.026465426465426465,False,1.8928571428571428,2024-06-24,110,intermittent,full,2.0,0.23076923076923078
CA-SC-10-F-264-BKRD-STI,0.08108108108108109,0.3324800376080349,4.100587130499097,0.9369369369369369,0.0032204282204282204,False,0.16071428571428573,2024-06-24,110,intermittent,full,0.23076923076923078,0.7692307692307693
CA-SC-10-F-264-BKWH-STI,0.0990990990990991,0.32756142275131245,3.3053925386723346,0.9099099099099099,0.0034924534924534924,False,0.19642857142857142,2024-06-24,110,intermittent,full,0.15384615384615385,0.8461538461538461
CA-SC-10-F-264-BR-1TO,0.02702702702702703,0.1621621621621622,6.000000000000001,0.972972972972973,0.0008073008073008074,False,0.05357142857142857,2024-06-24,110,intermittent,full,0.0,1.0
CA-SC-10-F-264-DB-1TO,0.05405405405405406,0.2261243314956961,4.183300132670378,0.9459459459459459,0.0014127764127764126,False,0.10714285714285714,2024-06-24,110,intermittent,full,0.07692307692307693,0.9230769230769231
CA-SC-10-F-264-DG-1TO,0.2972972972972973,0.652018274692693,2.1931523785117855,0.7837837837837838,0.009266409266409268,False,0.5892857142857143,2024-06-24,110,intermittent,full,0.6153846153846154,0.5384615384615384
CA-SC-10-F-264-GR-1TO,0.5045045045045045,0.8151037503616232,1.615652076609646,0.6576576576576577,0.013645138645138645,False,0.9821428571428571,2024-06-24,110,intermittent,full,1.1538461538461537,0.3076923076923077
CA-SC-10-F-264-PK-1TO,0.036036036036036036,0.18637982761781263,5.172040216394301,0.963963963963964,0.0005089505089505089,False,0.07142857142857142,2024-06-24,110,intermittent,full,0.0,1.0
CA-SC-10-F-264-RD-1TO,0.018018018018018018,0.13301642396606667,7.3824115301167,0.9819819819819819,0.00035100035100035104,False,0.03571428571428571,2024-06-24,110,intermittent,full,0.0,1.0
CA-SC-10-F-264-WH-1TO,0.036036036036036036,0.18637982761781263,5.172040216394301,0.963963963963964,0.0007020007020007019,False,0.07142857142857142,2024-06-24,110,intermittent,full,0.0,1.0
CA-SC-10-F-264-WR-1TO,0.24324324324324326,0.6182832409648105,2.5418311017442208,0.8288288288288288,0.006124956124956127,False,0.48214285714285715,2024-06-24,110,intermittent,full,0.46153846153846156,0.6153846153846154
CA-SC-10-F-265-BE-1TO,2.25,1.9402121216307966,0.8623164985025763,0.19230769230769232,0.04477930504567574,True,2.107142857142857,2025-08-11,52,smooth,medium,3.1538461538461537,0.15384615384615385
CA-SC-10-F-265-BK-1TO,3.7346938775510203,2.3885399024242235,0.639554400102661,0.061224489795918366,0.042142857142857176,True,3.2857142857142856,2025-09-01,48,smooth,short,4.153846153846154,0.07692307692307693
CA-SC-10-F-265-BKRD-STI,0.10810810810810811,0.3879108133623601,3.588175023601831,0.918918918918919,0.004273429273429274,False,0.21428571428571427,2024-06-24,110,intermittent,full,0.3076923076923077,0.6923076923076923
CA-SC-10-F-265-BKWH-STI,0.036036036036036036,0.18637982761781263,5.172040216394301,0.963963963963964,0.0012987012987012991,False,0.07142857142857142,2024-06-24,110,intermittent,full,0.15384615384615385,0.8461538461538461
CA-SC-10-F-265-BR-1TO,0.018018018018018018,0.13301642396606667,7.3824115301167,0.9819819819819819,0.0002983502983502984,False,0.03571428571428571,2024-06-24,110,intermittent,full,0.0,1.0
CA-SC-10-F-265-DB-1TO,0.06306306306306306,0.2430763524906674,3.854496446637726,0.9369369369369369,0.0021674271674271676,False,0.125,2024-06-24,110,intermittent,full,0.15384615384615385,0.8461538461538461
CA-SC-10-F-265-DG-1TO,0.45045045045045046,0.9176815551889617,2.0372530525194947,0.7297297297297297,0.014110214110214112,False,0.875,2024-06-24,110,intermittent,full,1.0,0.5384615384615384
CA-SC-10-F-265-GR-1TO,0.44144144144144143,0.946160421846207,2.143342996427122,0.7657657657657657,0.014706914706914709,False,0.875,2024-06-24,110,intermittent,full,1.4615384615384615,0.46153846153846156
CA-SC-10-F-265-OR-1TO,0.018018018018018018,0.13301642396606667,7.3824115301167,0.9819819819819819,0.0006581256581256582,False,0.03571428571428571,2024-06-24,110,intermittent,full,0.0,1.0
CA-SC-10-F-265-PK-1TO,0.018018018018018018,0.13301642396606667,7.3824115301167,0.9819819819819819,0.00035977535977535984,False,0.03571428571428571,2024-06-24,110,intermittent,full,0.0,1.0
CA-SC-10-F-265-RD-1TO,0.009009009009009009,0.09448728361893258,10.488088481701515,0.990990990990991,0.0001842751842751843,False,0.017857142857142856,2024-06-24,110,intermittent,full,0.0,1.0
CA-SC-10-F-265-WR-1TO,0.11711711711711711,0.373412284253382,3.1883664270865695,0.9009009009009009,0.003334503334503335,False,0.21428571428571427,2024-06-24,110,intermittent,full,0.3076923076923077,0.6923076923076923
CA-SC-10-F-269-BE-1TO,0.009009009009009009,0.09448728361893259,10.488088481701517,0.990990990990991,3.5100035100035054e-05,False,0.017857142857142856,2024-06-24,110,intermittent,full,0.0,1.0
CA-SC-10-F-269-DG-1TO,0.009009009009009009,0.09448728361893258,10.488088481701515,0.990990990990991,0.00048262548262548264,False,0.017857142857142856,2024-06-24,110,intermittent,full,0.07692307692307693,0.9230769230769231
CA-SC-10-F-27-BE-1TO,0.009009009009009009,0.09448728361893258,10.488088481701515,0.990990990990991,0.00048262548262548264,False,0.017857142857142856,2024-06-24,110,intermittent,full,0.07692307692307693,0.9230769230769231
CA-SC-10-F-28-BE-1TO,0.009009009009009009,0.09448728361893258,10.488088481701515,0.990990990990991,0.0004563004563004563,False,0.017857142857142856,2024-06-24,110,intermittent,full,0.07692307692307693,0.9230769230769231
CA-SC-10-F-28-DB-1TO,0.02702702702702703,0.16216216216216217,6.0,0.972972972972973,0.000780975780975781,False,0.05357142857142857,2024-06-24,110,intermittent,full,0.07692307692307693,0.9230769230769231
CA-SC-10-F-28-GR-1TO,0.018018018018018018,0.13301642396606667,7.3824115301167,0.9819819819819819,0.0007371007371007374,False,0.03571428571428571,2024-06-24,110,intermittent,full,0.07692307692307693,0.9230769230769231
CA-SC-10-F-29-BE-1TO,0.6126126126126126,1.0668736103126097,1.7415142756573483,0.6756756756756757,0.02011232011232011,False,1.1964285714285714,2024-06-24,110,intermittent,full,1.9230769230769231,0.15384615384615385
CA-SC-10-F-29-BK-1TO,0.8018018018018018,1.3411022750218664,1.6726107025553614,0.6216216216216216,0.026044226044226047,False,1.5,2026-05-04,14,smooth,short,2.6923076923076925,0.07692307692307693
CA-SC-10-F-29-BR-1TO,0.14414414414414414,0.3992526091200062,2.769814975770043,0.8738738738738738,0.004405054405054405,False,0.2857142857142857,2024-06-24,110,intermittent,full,0.23076923076923078,0.7692307692307693
CA-SC-10-F-29-DB-1TO,0.06306306306306306,0.27767630644004393,4.403152859263554,0.9459459459459459,0.0019480519480519485,False,0.125,2024-06-24,110,intermittent,full,0.15384615384615385,0.8461538461538461
CA-SC-10-F-29-DG-1TO,0.22522522522522523,0.5482927587280338,2.43441984875247,0.8288288288288288,0.0068620568620568635,False,0.44642857142857145,2024-06-24,110,intermittent,full,0.46153846153846156,0.7692307692307693
CA-SC-10-F-29-GR-1TO,0.35135135135135137,0.7058143166054376,2.0088561318770144,0.7567567567567568,0.009582309582309583,False,0.6428571428571429,2024-06-24,110,intermittent,full,0.8461538461538461,0.46153846153846156
CA-SC-10-F-29-RD-1TO,0.009009009009009009,0.09448728361893259,10.488088481701517,0.990990990990991,6.142506142506145e-05,False,0.017857142857142856,2024-06-24,110,intermittent,full,0.0,1.0
CA-SC-10-F-29-WH-1TO,0.009009009009009009,0.09448728361893259,10.488088481701517,0.990990990990991,0.00014040014040014043,False,0.017857142857142856,2024-06-24,110,intermittent,full,0.0,1.0
CA-SC-10-F-29-WR-1TO,0.14414414414414414,0.3760114730578235,2.6085795943386505,0.8648648648648649,0.004782379782379782,False,0.2857142857142857,2024-06-24,110,intermittent,full,0.38461538461538464,0.6923076923076923
CA-SC-10-F-30-BE-1TO,16.244897959183675,7.1700357561653565,0.4413715478041488,0.0,0.26132653061224503,True,14.482142857142858,2025-09-01,48,smooth,short,22.076923076923077,0.0
CA-SC-10-F-30-BK-1TO,27.416666666666668,9.901248518354755,0.36113976358740746,0.0,0.40306122448979564,True,24.089285714285715,2025-09-08,47,smooth,short,34.07692307692308,0.0
CA-SC-10-F-30-BKRD-STI,0.07207207207207207,0.47858108055111437,6.640312492646712,0.972972972972973,0.0014566514566514569,False,0.14285714285714285,2024-06-24,110,intermittent,full,0.0,1.0
CA-SC-10-F-30-BKWH-STI,0.009009009009009009,0.09448728361893258,10.488088481701515,0.990990990990991,0.0001842751842751843,False,0.017857142857142856,2024-06-24,110,intermittent,full,0.0,1.0
CA-SC-10-F-30-BR-1TO,1.1981981981981982,1.814952012468738,1.5147343863460896,0.5765765765765766,0.039206739206739206,False,2.3392857142857144,2025-07-14,56,smooth,medium,4.0,0.0
CA-SC-10-F-30-DB-1TO,3.9555555555555557,2.439995952233032,0.6168529092723958,0.06666666666666667,0.0903820816864296,True,3.25,2025-09-29,44,smooth,short,5.6923076923076925,0.0
CA-SC-10-F-30-DG-1TO,11.489795918367347,4.611973985180678,0.40139738059298974,0.0,0.1559183673469388,True,10.142857142857142,2025-09-01,48,smooth,short,15.153846153846153,0.0
CA-SC-10-F-30-GR-1TO,9.448979591836734,4.076118724562174,0.43138189525604004,0.0,0.16826530612244903,True,8.375,2025-09-01,48,smooth,short,13.0,0.0
CA-SC-10-F-30-PK-1TO,0.38738738738738737,0.9021612805131562,2.3288349334176823,0.7657657657657657,0.011284661284661286,False,0.75,2024-06-24,110,intermittent,full,0.38461538461538464,0.7692307692307693
CA-SC-10-F-30-RD-1TO,0.21621621621621623,0.6353746912614578,2.9386079470842423,0.8648648648648649,0.004633204633204634,False,0.42857142857142855,2024-06-24,110,intermittent,full,0.23076923076923078,0.8461538461538461
CA-SC-10-F-30-WH-1TO,0.36036036036036034,0.8573244867293927,2.3790754506740646,0.8198198198198198,0.006870831870831871,False,0.7142857142857143,2024-06-24,110,intermittent,full,0.0,1.0
CA-SC-10-F-30-WR-1TO,5.086956521739131,2.7332580253046457,0.5373071331795457,0.0,0.052913968547641105,True,4.25,2025-09-22,45,smooth,short,6.0,0.0
CA-SC-10-F-31-BE-1TO,8.708333333333334,4.188070027537214,0.4809267017267614,0.0,0.16576204950065132,True,7.589285714285714,2025-09-08,47,smooth,short,11.923076923076923,0.0
CA-SC-10-F-31-BK-1TO,26.479166666666668,8.53666011811541,0.3223915701569942,0.0,0.2511398176291789,True,23.160714285714285,2025-09-08,47,smooth,short,30.23076923076923,0.0
CA-SC-10-F-31-BKRD-STI,0.018018018018018018,0.13301642396606667,7.3824115301167,0.9819819819819819,0.00035100035100035104,False,0.03571428571428571,2024-06-24,110,intermittent,full,0.0,1.0
CA-SC-10-F-31-BKWH-STI,0.009009009009009009,0.09448728361893258,10.488088481701515,0.990990990990991,0.00017550017550017544,False,0.017857142857142856,2024-06-24,110,intermittent,full,0.0,1.0
CA-SC-10-F-31-BR-1TO,0.3783783783783784,0.8807659857729905,2.3277386766857604,0.7837837837837838,0.011714636714636717,False,0.7321428571428571,2024-06-24,110,intermittent,full,1.0769230769230769,0.46153846153846156
CA-SC-10-F-31-DB-1TO,3.1923076923076925,2.2789881487731614,0.7138999020253276,0.07692307692307693,0.06693417570221119,True,3.0,2025-08-11,51,smooth,medium,3.6923076923076925,0.0
CA-SC-10-F-31-DG-1TO,8.9375,4.043545525484617,0.45242467418009696,0.0,0.14486539296569675,True,7.785714285714286,2025-09-08,47,smooth,short,11.615384615384615,0.0
CA-SC-10-F-31-GR-1TO,5.708333333333333,2.4913043214794577,0.4364328738358174,0.0,0.08673469387755096,True,4.964285714285714,2025-09-08,47,smooth,short,8.0,0.0
CA-SC-10-F-31-RD-1TO,0.1981981981981982,0.4806118439044735,2.424905212427116,0.8378378378378378,0.007055107055107056,False,0.39285714285714285,2024-06-24,110,intermittent,full,0.46153846153846156,0.6153846153846154
CA-SC-10-F-31-WH-1TO,0.10810810810810811,0.4522486629913922,4.183300132670378,0.9369369369369369,0.0037030537030537033,False,0.21428571428571427,2024-06-24,110,intermittent,full,0.07692307692307693,0.9230769230769231
CA-SC-10-F-31-WR-1TO,0.38738738738738737,0.7730968631684659,1.9956686467837144,0.7297297297297297,0.012478062478062478,False,0.7678571428571429,2024-06-24,110,intermittent,full,0.7692307692307693,0.3076923076923077
CA-SC-10-F-32-BK-1TO,0.02702702702702703,0.16216216216216223,6.000000000000002,0.972972972972973,0.0009477009477009478,False,0.05357142857142857,2024-06-24,110,intermittent,full,0.15384615384615385,0.8461538461538461
CA-SC-10-F-34-BE-1TO,1.2252252252252251,1.7588114572251314,1.435500527588159,0.5045045045045045,0.03813618813618813,False,2.3392857142857144,2025-05-05,66,smooth,medium,3.076923076923077,0.0
CA-SC-10-F-34-BK-1TO,3.232142857142857,2.251912452533968,0.696724294706642,0.125,0.05683526999316473,True,3.232142857142857,2025-07-14,55,smooth,medium,4.461538461538462,0.0
CA-SC-10-F-34-BR-1TO,0.42342342342342343,0.8003326960184796,1.8901474310223667,0.7117117117117117,0.01233766233766234,False,0.8392857142857143,2024-06-24,110,intermittent,full,1.1538461538461537,0.38461538461538464
CA-SC-10-F-34-DB-1TO,0.34234234234234234,0.6643495158409592,1.9405999015354336,0.7477477477477478,0.00960863460863461,False,0.6607142857142857,2024-06-24,110,intermittent,full,0.6923076923076923,0.46153846153846156
CA-SC-10-F-34-DG-1TO,3.0754716981132075,2.007993991983171,0.6529060219331784,0.09433962264150944,0.0459603289791969,True,2.9464285714285716,2025-08-04,52,smooth,medium,3.1538461538461537,0.15384615384615385
CA-SC-10-F-34-GR-1TO,0.9009009009009009,1.2941653886742726,1.4365235814284425,0.5675675675675675,0.02722885222885223,False,1.6964285714285714,2025-11-10,39,smooth,short,2.3076923076923075,0.07692307692307693
CA-SC-10-F-34-WH-1TO,0.009009009009009009,0.09448728361893259,10.488088481701517,0.990990990990991,8.775008775008772e-06,False,0.017857142857142856,2024-06-24,110,intermittent,full,0.0,1.0
CA-SC-10-F-34-WR-1TO,0.12612612612612611,0.4053052929442159,3.2134919654862837,0.9009009009009009,0.004966654966654967,False,0.25,2024-06-24,110,intermittent,full,0.5384615384615384,0.5384615384615384
CA-SC-10-F-36-BE-1TO,0.7027027027027027,1.3529720011658193,1.9253832324282811,0.6846846846846847,0.022507897507897508,False,1.3928571428571428,2024-06-24,110,intermittent,full,1.7692307692307692,0.15384615384615385
CA-SC-10-F-36-BK-1TO,2.9791666666666665,1.7498759876694756,0.5873709608960478,0.0625,0.007001736864958727,True,2.5892857142857144,2025-06-30,58,smooth,medium,2.6153846153846154,0.07692307692307693
CA-SC-10-F-36-BR-1TO,0.4144144144144144,0.7994194793325771,1.9290339609981753,0.7477477477477478,0.013329238329238331,False,0.8214285714285714,2024-06-24,110,intermittent,full,1.1538461538461537,0.15384615384615385
CA-SC-10-F-36-DB-1TO,0.38738738738738737,0.7494282646156909,1.934570636566086,0.7387387387387387,0.013144963144963146,False,0.7678571428571429,2024-06-24,110,intermittent,full,1.0769230769230769,0.23076923076923078
CA-SC-10-F-36-DG-1TO,3.7142857142857144,2.531435020952764,0.681540197948821,0.04081632653061224,0.046326530612244905,True,3.267857142857143,2025-09-01,48,smooth,short,4.846153846153846,0.07692307692307693
CA-SC-10-F-36-GR-1TO,0.8288288288288288,1.3481644102284913,1.6265896688626362,0.6486486486486487,0.028071253071253077,False,1.6428571428571428,2025-10-13,43,smooth,short,2.5384615384615383,0.15384615384615385
CA-SC-10-F-36-RD-1TO,0.009009009009009009,0.09448728361893259,10.488088481701517,0.990990990990991,7.020007020007022e-05,False,0.017857142857142856,2024-06-24,110,intermittent,full,0.0,1.0
CA-SC-10-F-36-WR-1TO,0.12612612612612611,0.38243216714938955,3.0321407538273033,0.8918918918918919,0.004071604071604072,False,0.25,2024-06-24,110,intermittent,full,0.3076923076923077,0.7692307692307693
CA-SC-10-F-37-BE-1TO,0.02702702702702703,0.1621621621621622,6.000000000000001,0.972972972972973,0.0006932256932256932,False,0.05357142857142857,2024-06-24,110,intermittent,full,0.0,1.0
CA-SC-10-F-37-BK-1TO,0.02702702702702703,0.1621621621621622,6.000000000000001,0.972972972972973,0.001140751140751141,False,0.05357142857142857,2024-06-24,110,intermittent,full,0.15384615384615385,0.8461538461538461
CA-SC-10-F-37-BR-1TO,0.009009009009009009,0.09448728361893259,10.488088481701517,0.990990990990991,0.00014040014040014043,False,0.017857142857142856,2024-06-24,110,intermittent,full,0.0,1.0
CA-SC-10-F-37-DG-1TO,0.02702702702702703,0.1621621621621622,6.000000000000001,0.972972972972973,0.001140751140751141,False,0.05357142857142857,2024-06-24,110,intermittent,full,0.15384615384615385,0.8461538461538461
CA-SC-10-F-37-GR-1TO,0.05405405405405406,0.2952426956427738,5.4619898693913145,0.963963963963964,0.0021235521235521237,False,0.10714285714285714,2024-06-24,110,intermittent,full,0.23076923076923078,0.8461538461538461
CA-SC-10-F-38-BE-1TO,0.36936936936936937,0.7584708172918626,2.0534209931560183,0.7477477477477478,0.012223587223587226,False,0.7142857142857143,2024-06-24,110,intermittent,full,1.1538461538461537,0.15384615384615385
CA-SC-10-F-38-BK-1TO,0.46846846846846846,0.9086156168016554,1.9395448743266106,0.7387387387387387,0.014952614952614955,False,0.9107142857142857,2024-06-24,110,intermittent,full,1.0769230769230769,0.46153846153846156
CA-SC-10-F-38-BR-1TO,0.036036036036036036,0.18637982761781263,5.172040216394301,0.963963963963964,0.0012372762372762373,False,0.07142857142857142,2024-06-24,110,intermittent,full,0.07692307692307693,0.9230769230769231
CA-SC-10-F-38-DB-1TO,0.07207207207207207,0.2586072089082401,3.5881750236018317,0.9279279279279279,0.0018076518076518078,False,0.14285714285714285,2024-06-24,110,intermittent,full,0.15384615384615385,0.8461538461538461
CA-SC-10-F-38-DG-1TO,0.6396396396396397,1.0887863546152046,1.7021871177787,0.6666666666666666,0.018383643383643383,False,1.2678571428571428,2024-06-24,110,intermittent,full,1.3846153846153846,0.15384615384615385
CA-SC-10-F-38-GR-1TO,0.32432432432432434,0.6733292591371097,2.076098549006088,0.7837837837837838,0.008274833274833275,False,0.5892857142857143,2024-06-24,110,intermittent,full,0.7692307692307693,0.46153846153846156
CA-SC-10-F-38-WR-1TO,0.009009009009009009,0.09448728361893258,10.488088481701515,0.990990990990991,0.00037732537732537735,False,0.017857142857142856,2024-06-24,110,intermittent,full,0.07692307692307693,0.9230769230769231
CA-SC-10-F-39-BE-1TO,0.02702702702702703,0.1621621621621622,6.000000000000001,0.972972972972973,0.0007985257985257986,False,0.05357142857142857,2024-06-24,110,intermittent,full,0.07692307692307693,0.9230769230769231
CA-SC-10-F-39-BK-1TO,0.018018018018018018,0.13301642396606667,7.3824115301167,0.9819819819819819,0.00026325026325026336,False,0.03571428571428571,2024-06-24,110,intermittent,full,0.0,1.0
CA-SC-10-F-39-BR-1TO,0.009009009009009009,0.09448728361893259,10.488088481701517,0.990990990990991,6.142506142506145e-05,False,0.017857142857142856,2024-06-24,110,intermittent,full,0.0,1.0
CA-SC-10-F-40-BE-1TO,14.775510204081632,5.249938021490132,0.355313484879857,0.0,0.17316326530612242,True,13.178571428571429,2025-09-01,48,smooth,short,17.46153846153846,0.0
CA-SC-10-F-40-BK-1TO,57.541666666666664,19.551170396906905,0.3397741415827413,0.0,0.7506513243595305,True,50.42857142857143,2025-09-08,47,smooth,short,73.3076923076923,0.0
CA-SC-10-F-40-BKRD-STI,0.0990990990990991,0.5527157351415483,5.57740423642835,0.954954954954955,0.0019568269568269567,False,0.19642857142857142,2024-06-24,110,intermittent,full,0.0,1.0
CA-SC-10-F-40-BKWH-STI,0.009009009009009009,0.09448728361893258,10.488088481701515,0.990990990990991,0.0001667251667251667,False,0.017857142857142856,2024-06-24,110,intermittent,full,0.0,1.0
CA-SC-10-F-40-BR-1TO,4.1454545454545455,2.53999414328732,0.6127178854421166,0.05454545454545454,0.007720057720057699,True,4.107142857142857,2025-07-21,54,smooth,medium,4.076923076923077,0.0
CA-SC-10-F-40-DB-1TO,9.142857142857142,3.9331142565532016,0.43018437181050645,0.0,0.0664285714285715,True,8.142857142857142,2025-09-01,48,smooth,short,9.692307692307692,0.0
CA-SC-10-F-40-DG-1TO,29.428571428571427,11.25039681839839,0.3822950375183919,0.0,0.4305102040816331,True,25.928571428571427,2025-09-01,48,smooth,short,38.23076923076923,0.0
CA-SC-10-F-40-GR-1TO,16.26530612244898,6.514584924845461,0.4005202776881149,0.0,0.2764285714285715,True,14.5,2025-09-01,48,smooth,short,22.53846153846154,0.0
CA-SC-10-F-40-PK-1TO,0.25225225225225223,0.8106105858884318,3.2134919654862837,0.8828828828828829,0.004527904527904529,False,0.5,2024-06-24,110,intermittent,full,0.0,1.0
CA-SC-10-F-40-RD-1TO,0.13513513513513514,0.474322399318493,3.509985754956848,0.9099099099099099,0.0018515268515268517,False,0.26785714285714285,2024-06-24,110,intermittent,full,0.0,1.0
CA-SC-10-F-40-WH-1TO,0.8468468468468469,1.9691229043866578,2.325240876456585,0.7477477477477478,0.01987539487539488,False,1.6607142857142858,2024-06-24,110,intermittent,full,1.8461538461538463,0.6923076923076923
CA-SC-10-F-40-WR-1TO,7.48,3.4539253031876647,0.46175471967749526,0.0,0.11649459783913566,True,6.803571428571429,2025-08-25,49,smooth,short,9.615384615384615,0.0
CA-SC-10-F-43-BE-1TO,5.857142857142857,2.5152595516655727,0.4294345576014393,0.0,0.03010204081632653,True,5.178571428571429,2025-09-01,48,smooth,short,6.769230769230769,0.0
CA-SC-10-F-43-BK-1TO,7.081632653061225,3.7407667810161844,0.5282350785872998,0.0,0.08316326530612252,True,6.321428571428571,2025-09-01,48,smooth,short,9.153846153846153,0.0
CA-SC-10-F-43-BKRD-STI,0.02702702702702703,0.21051029631617882,7.788880963698616,0.9819819819819819,0.0005352755352755354,False,0.05357142857142857,2024-06-24,110,intermittent,full,0.0,1.0
CA-SC-10-F-43-BR-1TO,0.4144144144144144,0.8747557545180796,2.1108236685110184,0.7657657657657657,0.01253948753948754,False,0.8214285714285714,2024-06-24,110,intermittent,full,0.6153846153846154,0.5384615384615384
CA-SC-10-F-43-DB-1TO,0.5045045045045045,0.7926904110796014,1.5712256362470671,0.6666666666666666,0.013285363285363285,False,0.9642857142857143,2024-06-24,110,intermittent,full,1.0,0.3076923076923077
CA-SC-10-F-43-DG-1TO,1.4684684684684686,2.1088394819704686,1.4360808742252884,0.5585585585585585,0.04335731835731837,False,2.892857142857143,2025-06-09,61,smooth,medium,3.230769230769231,0.07692307692307693
CA-SC-10-F-43-GR-1TO,1.3963963963963963,1.7922720960538663,1.2834980816901882,0.5135135135135135,0.04173394173394173,False,2.625,2025-06-23,59,smooth,medium,3.4615384615384617,0.0
CA-SC-10-F-43-PK-1TO,0.09009009009009009,0.2863107852625352,3.1780497164141406,0.9099099099099099,0.0031677781677781672,False,0.17857142857142858,2024-06-24,110,intermittent,full,0.38461538461538464,0.6153846153846154
CA-SC-10-F-43-RD-1TO,0.07207207207207207,0.2586072089082401,3.5881750236018317,0.9279279279279279,0.0023341523341523346,False,0.14285714285714285,2024-06-24,110,intermittent,full,0.15384615384615385,0.8461538461538461
CA-SC-10-F-43-WH-1TO,0.11711711711711711,0.3215597891454909,2.745625891934576,0.8828828828828829,0.00343980343980344,False,0.23214285714285715,2024-06-24,110,intermittent,full,0.07692307692307693,0.9230769230769231
CA-SC-10-F-43-WR-1TO,0.4954954954954955,0.8369170567562949,1.6890507872717953,0.6936936936936937,0.01648824148824149,False,0.9642857142857143,2024-06-24,110,intermittent,full,1.4615384615384615,0.3076923076923077
CA-SC-10-F-45-BE-1TO,0.1891891891891892,0.4352386424930148,2.300547110320221,0.8288288288288288,0.006326781326781327,False,0.375,2024-06-24,110,intermittent,full,0.6923076923076923,0.38461538461538464
CA-SC-10-F-45-BK-1TO,0.04504504504504504,0.2074029627607448,4.604345773288535,0.954954954954955,0.001088101088101088,False,0.08928571428571429,2024-06-24,110,intermittent,full,0.07692307692307693,0.9230769230769231
CA-SC-10-F-45-DB-1TO,0.018018018018018018,0.13301642396606667,7.3824115301167,0.9819819819819819,0.0005528255528255529,False,0.03571428571428571,2024-06-24,110,intermittent,full,0.07692307692307693,0.9230769230769231
CA-SC-10-F-45-GR-1TO,0.04504504504504504,0.20740296276074485,4.604345773288536,0.954954954954955,0.002035802035802036,False,0.08928571428571429,2024-06-24,110,intermittent,full,0.3076923076923077,0.6923076923076923
CA-SC-10-F-49-BE-1TO,1.117117117117117,1.664351935337583,1.4898634259876753,0.5765765765765766,0.03488065988065988,False,2.1964285714285716,2025-06-30,58,smooth,medium,2.6923076923076925,0.0
CA-SC-10-F-49-BK-1TO,1.1531531531531531,1.6285637191571358,1.4122701002065787,0.5585585585585585,0.0334942084942085,False,2.1785714285714284,2025-08-11,52,smooth,medium,2.5384615384615383,0.07692307692307693
CA-SC-10-F-49-BKRD-STI,0.009009009009009009,0.09448728361893258,10.488088481701515,0.990990990990991,0.0001667251667251667,False,0.017857142857142856,2024-06-24,110,intermittent,full,0.0,1.0
CA-SC-10-F-49-BR-1TO,0.25225225225225223,0.6072900737424402,2.4074713637646736,0.8198198198198198,0.008125658125658127,False,0.5,2024-06-24,110,intermittent,full,0.46153846153846156,0.6923076923076923
CA-SC-10-F-49-DB-1TO,0.3783783783783784,0.7235305587481536,1.9121879052629773,0.7477477477477478,0.011293436293436295,False,0.7321428571428571,2024-06-24,110,intermittent,full,0.8461538461538461,0.46153846153846156
CA-SC-10-F-49-DG-1TO,0.7387387387387387,1.1126764397930249,1.506183961183241,0.6036036036036037,0.022235872235872242,False,1.4285714285714286,2026-04-27,15,smooth,short,2.230769230769231,0.07692307692307693
CA-SC-10-F-49-GR-1TO,0.4954954954954955,0.8789210612800739,1.7738225054925127,0.6756756756756757,0.015584415584415584,False,0.9285714285714286,2024-06-24,110,intermittent,full,1.3076923076923077,0.23076923076923078
CA-SC-10-F-49-PK-1TO,0.08108108108108109,0.2729595929287048,3.3665016461206925,0.918918918918919,0.0020182520182520183,False,0.125,2024-06-24,110,intermittent,full,0.15384615384615385,0.8461538461538461
CA-SC-10-F-49-RD-1TO,0.05405405405405406,0.26296431566353917,4.864839839775475,0.954954954954955,0.0012723762723762723,False,0.10714285714285714,2024-06-24,110,intermittent,full,0.0,1.0
CA-SC-10-F-49-WH-1TO,0.2072072072072072,0.5713445043498352,2.7573582601231177,0.8468468468468469,0.00831870831870832,False,0.4107142857142857,2024-06-24,110,intermittent,full,0.9230769230769231,0.38461538461538464
CA-SC-10-F-49-WR-1TO,0.12612612612612611,0.3319914553637527,2.6322179675268966,0.8738738738738738,0.00401017901017901,False,0.25,2024-06-24,110,intermittent,full,0.38461538461538464,0.6153846153846154
CA-SC-10-F-50-BE-1TO,0.04504504504504504,0.2074029627607448,4.604345773288535,0.954954954954955,0.0012372762372762373,False,0.08928571428571429,2024-06-24,110,intermittent,full,0.07692307692307693,0.9230769230769231
CA-SC-10-F-50-GR-1TO,0.018018018018018018,0.13301642396606667,7.3824115301167,0.9819819819819819,0.00046507546507546513,False,0.03571428571428571,2024-06-24,110,intermittent,full,0.0,1.0
CA-SC-10-F-52-BE-1TO,0.02702702702702703,0.16216216216216217,6.0,0.972972972972973,0.00121972621972622,False,0.05357142857142857,2024-06-24,110,intermittent,full,0.15384615384615385,0.8461538461538461
CA-SC-10-F-52-BK-1TO,0.0990990990990991,0.32756142275131245,3.3053925386723346,0.9099099099099099,0.002685152685152686,False,0.19642857142857142,2024-06-24,110,intermittent,full,0.23076923076923078,0.7692307692307693
CA-SC-10-F-52-BR-1TO,0.009009009009009009,0.09448728361893259,10.488088481701517,0.990990990990991,0.00010530010530010532,False,0.017857142857142856,2024-06-24,110,intermittent,full,0.0,1.0
CA-SC-10-F-52-GR-1TO,0.04504504504504504,0.24705061623066824,5.4845236803208355,0.963963963963964,0.0014303264303264303,False,0.08928571428571429,2024-06-24,110,intermittent,full,0.15384615384615385,0.9230769230769231
CA-SC-10-F-52-RD-1TO,0.009009009009009009,0.09448728361893258,10.488088481701515,0.990990990990991,0.0004212004212004214,False,0.017857142857142856,2024-06-24,110,intermittent,full,0.07692307692307693,0.9230769230769231
CA-SC-10-F-52-WR-1TO,0.009009009009009009,0.09448728361893259,10.488088481701517,0.990990990990991,0.00012285012285012285,False,0.017857142857142856,2024-06-24,110,intermittent,full,0.0,1.0
CA-SC-10-F-53-BE-1TO,0.23423423423423423,0.5190940645365022,2.2161323524442977,0.8108108108108109,0.006712881712881713,False,0.4642857142857143,2024-06-24,110,intermittent,full,0.46153846153846156,0.6153846153846154
CA-SC-10-F-53-BK-1TO,0.009009009009009009,0.09448728361893258,10.488088481701515,0.990990990990991,0.0002281502281502282,False,0.017857142857142856,2024-06-24,110,intermittent,full,0.0,1.0
CA-SC-10-F-53-GR-1TO,0.018018018018018018,0.13301642396606667,7.3824115301167,0.9819819819819819,0.0008160758160758163,False,0.03571428571428571,2024-06-24,110,intermittent,full,0.07692307692307693,0.9230769230769231
CA-SC-10-F-54-BE-1TO,0.0990990990990991,0.37859281782794035,3.820345707172853,0.918918918918919,0.002825552825552826,False,0.19642857142857142,2024-06-24,110,intermittent,full,0.23076923076923078,0.9230769230769231
CA-SC-10-F-54-BK-1TO,0.12612612612612611,0.3319914553637527,2.6322179675268966,0.8738738738738738,0.003088803088803089,False,0.23214285714285715,2024-06-24,110,intermittent,full,0.23076923076923078,0.7692307692307693
CA-SC-10-F-54-BR-1TO,0.018018018018018018,0.13301642396606667,7.3824115301167,0.9819819819819819,0.0005265005265005265,False,0.03571428571428571,2024-06-24,110,intermittent,full,0.0,1.0
CA-SC-10-F-54-DG-1TO,0.009009009009009009,0.09448728361893258,10.488088481701515,0.990990990990991,0.00025447525447525445,False,0.017857142857142856,2024-06-24,110,intermittent,full,0.0,1.0
CA-SC-10-F-54-GR-1TO,0.04504504504504504,0.2074029627607448,4.604345773288535,0.954954954954955,0.001605826605826606,False,0.08928571428571429,2024-06-24,110,intermittent,full,0.15384615384615385,0.8461538461538461
CA-SC-10-F-54-WR-1TO,0.04504504504504504,0.2074029627607448,4.604345773288535,0.954954954954955,0.0013513513513513514,False,0.08928571428571429,2024-06-24,110,intermittent,full,0.07692307692307693,0.9230769230769231
CA-SC-10-F-55-BE-1TO,0.08108108108108109,0.27295959292870475,3.3665016461206916,0.918918918918919,0.0026763776763776767,False,0.16071428571428573,2024-06-24,110,intermittent,full,0.15384615384615385,0.8461538461538461
CA-SC-10-F-59-BE-1TO,0.38738738738738737,0.9602099167188631,2.4786814129254373,0.7927927927927928,0.012285012285012284,False,0.7678571428571429,2024-06-24,110,intermittent,full,0.6923076923076923,0.46153846153846156
CA-SC-10-F-59-BK-1TO,4.177777777777778,2.3691432008582427,0.5670821491416006,0.06666666666666667,0.005928853754940699,True,3.375,2025-09-29,44,smooth,short,3.8461538461538463,0.07692307692307693
CA-SC-10-F-59-BR-1TO,0.3963963963963964,0.862421473425176,2.1756541715953306,0.7747747747747747,0.013276588276588279,False,0.7857142857142857,2024-06-24,110,intermittent,full,1.0,0.38461538461538464
CA-SC-10-F-59-DB-1TO,0.2702702702702703,0.6967872986547572,2.5781130050226015,0.8378378378378378,0.010617760617760617,False,0.5357142857142857,2024-06-24,110,intermittent,full,1.1538461538461537,0.46153846153846156
CA-SC-10-F-59-DG-1TO,0.35135135135135137,0.7058143166054376,2.0088561318770144,0.7657657657657657,0.012750087750087754,False,0.6964285714285714,2024-06-24,110,intermittent,full,1.2307692307692308,0.15384615384615385
CA-SC-10-F-59-GR-1TO,0.05405405405405406,0.26296431566353917,4.864839839775475,0.954954954954955,0.002097227097227097,False,0.10714285714285714,2024-06-24,110,intermittent,full,0.15384615384615385,0.8461538461538461
CA-SC-10-F-59-WR-1TO,0.46846846846846846,0.9086156168016555,1.9395448743266108,0.7387387387387387,0.0167953667953668,False,0.9285714285714286,2024-06-24,110,intermittent,full,1.2307692307692308,0.3076923076923077
CA-SC-10-F-61-BE-1TO,0.18018018018018017,0.4876529226206977,2.7064737205448726,0.8558558558558559,0.005466830466830467,False,0.35714285714285715,2024-06-24,110,intermittent,full,0.5384615384615384,0.5384615384615384
CA-SC-10-F-61-BK-1TO,0.5585585585585585,1.0712010997569246,1.9177955173067522,0.7207207207207207,0.016979641979641982,False,1.1071428571428572,2024-06-24,110,intermittent,full,1.1538461538461537,0.38461538461538464
CA-SC-10-F-61-BR-1TO,0.08108108108108109,0.27295959292870486,3.366501646120693,0.918918918918919,0.002334152334152334,False,0.14285714285714285,2024-06-24,110,intermittent,full,0.07692307692307693,0.9230769230769231
CA-SC-10-F-61-DB-1TO,0.0990990990990991,0.3539978865655586,3.5721604917070002,0.918918918918919,0.0035012285012285026,False,0.19642857142857142,2024-06-24,110,intermittent,full,0.38461538461538464,0.6923076923076923
CA-SC-10-F-61-DG-1TO,0.11711711711711711,0.3484518847894363,2.975243016279033,0.8918918918918919,0.0036416286416286426,False,0.21428571428571427,2024-06-24,110,intermittent,full,0.38461538461538464,0.6923076923076923
CA-SC-10-F-61-GR-1TO,0.09009009009009009,0.28631078526253523,3.178049716414141,0.9099099099099099,0.0031765531765531774,False,0.17857142857142858,2024-06-24,110,intermittent,full,0.23076923076923078,0.7692307692307693
CA-SC-10-F-61-WH-1TO,0.08108108108108109,0.3041791534438583,3.7515428924742524,0.9279279279279279,0.0027290277290277294,False,0.16071428571428573,2024-06-24,110,intermittent,full,0.15384615384615385,0.8461538461538461
CA-SC-10-F-61-WR-1TO,0.009009009009009009,0.09448728361893258,10.488088481701515,0.990990990990991,0.0004738504738504738,False,0.017857142857142856,2024-06-24,110,intermittent,full,0.07692307692307693,0.9230769230769231
CA-SC-10-F-62-BE-1TO,0.6306306306306306,0.9948328478180645,1.577520658682931,0.6306306306306306,0.02047209547209548,False,1.25,2024-06-24,110,intermittent,full,1.6153846153846154,0.07692307692307693
CA-SC-10-F-62-BK-1TO,1.054054054054054,1.6756756756756752,1.5897435897435894,0.5945945945945946,0.028992628992629,False,2.0,2024-06-24,110,intermittent,full,2.8461538461538463,0.23076923076923078
CA-SC-10-F-62-BKRD-STI,0.018018018018018018,0.13301642396606667,7.3824115301167,0.9819819819819819,0.0004563004563004564,False,0.03571428571428571,2024-06-24,110,intermittent,full,0.0,1.0
CA-SC-10-F-62-BKWH-STI,0.036036036036036036,0.22968556367535065,6.37377439199098,0.972972972972973,0.0007897507897507897,False,0.07142857142857142,2024-06-24,110,intermittent,full,0.0,1.0
CA-SC-10-F-62-BR-1TO,0.3153153153153153,0.6148607398469029,1.9499869178001779,0.7567567567567568,0.006826956826956828,False,0.5892857142857143,2024-06-24,110,intermittent,full,0.46153846153846156,0.6923076923076923
CA-SC-10-F-62-DB-1TO,0.13513513513513514,0.39103665611190447,2.8936712552280928,0.8828828828828829,0.0028343278343278345,False,0.26785714285714285,2024-06-24,110,intermittent,full,0.07692307692307693,0.9230769230769231
CA-SC-10-F-62-DG-1TO,0.5495495495495496,0.9931181102357238,1.8071493481338579,0.7117117117117117,0.01851526851526852,False,1.0892857142857142,2024-06-24,110,intermittent,full,1.6153846153846154,0.3076923076923077
CA-SC-10-F-62-GR-1TO,0.2882882882882883,0.559719804216543,1.9415280708761335,0.7657657657657657,0.008546858546858547,False,0.5535714285714286,2024-06-24,110,intermittent,full,0.6923076923076923,0.46153846153846156
CA-SC-10-F-62-PK-1TO,0.009009009009009009,0.09448728361893259,10.488088481701517,0.990990990990991,0.00013162513162513154,False,0.017857142857142856,2024-06-24,110,intermittent,full,0.0,1.0
CA-SC-10-F-62-RD-1TO,0.07207207207207207,0.2913686779963285,4.042740407199058,0.9369369369369369,0.002176202176202176,False,0.14285714285714285,2024-06-24,110,intermittent,full,0.15384615384615385,0.9230769230769231
CA-SC-10-F-62-WH-1TO,0.13513513513513514,0.4134340146156311,3.05941170815567,0.8918918918918919,0.00451912951912952,False,0.26785714285714285,2024-06-24,110,intermittent,full,0.38461538461538464,0.6923076923076923
CA-SC-10-F-62-WR-1TO,0.16216216216216217,0.5621794869125296,3.466773502627266,0.9009009009009009,0.005668655668655669,False,0.32142857142857145,2024-06-24,110,intermittent,full,0.46153846153846156,0.6923076923076923
CA-SC-10-F-63-BE-1TO,0.10810810810810811,0.3382879883877223,3.129163892586431,0.9009009009009009,0.00343980343980344,False,0.21428571428571427,2024-06-24,110,intermittent,full,0.3076923076923077,0.6923076923076923
CA-SC-10-F-63-BK-1TO,0.13513513513513514,0.4134340146156312,3.0594117081556704,0.8918918918918919,0.004598104598104599,False,0.26785714285714285,2024-06-24,110,intermittent,full,0.38461538461538464,0.6923076923076923
CA-SC-10-F-63-DG-1TO,0.018018018018018018,0.13301642396606667,7.3824115301167,0.9819819819819819,0.0008073008073008074,False,0.03571428571428571,2024-06-24,110,intermittent,full,0.07692307692307693,0.9230769230769231
CA-SC-10-F-63-GR-1TO,0.10810810810810811,0.3382879883877223,3.129163892586431,0.9009009009009009,0.0036679536679536688,False,0.21428571428571427,2024-06-24,110,intermittent,full,0.38461538461538464,0.6923076923076923
CA-SC-10-F-64-BE-1TO,0.036036036036036036,0.18637982761781263,5.172040216394301,0.963963963963964,0.0010266760266760266,False,0.07142857142857142,2024-06-24,110,intermittent,full,0.0,1.0
CA-SC-10-F-64-BK-1TO,0.07207207207207207,0.2913686779963285,4.042740407199058,0.9369369369369369,0.002334152334152334,False,0.14285714285714285,2024-06-24,110,intermittent,full,0.15384615384615385,0.8461538461538461
CA-SC-10-F-64-BKWH-STI,0.009009009009009009,0.09448728361893258,10.488088481701515,0.990990990990991,0.0001842751842751843,False,0.017857142857142856,2024-06-24,110,intermittent,full,0.0,1.0
CA-SC-10-F-64-BR-1TO,0.0990990990990991,0.3785928178279404,3.8203457071728533,0.918918918918919,0.00351000351000351,False,0.19642857142857142,2024-06-24,110,intermittent,full,0.23076923076923078,0.9230769230769231
CA-SC-10-F-64-DG-1TO,0.10810810810810811,0.36394612390493974,3.3665016461206925,0.9099099099099099,0.0039224289224289235,False,0.21428571428571427,2024-06-24,110,intermittent,full,0.3076923076923077,0.7692307692307693
CA-SC-10-F-64-GR-1TO,0.06306306306306306,0.2430763524906674,3.854496446637726,0.9369369369369369,0.0022902772902772908,False,0.125,2024-06-24,110,intermittent,full,0.3076923076923077,0.6923076923076923
CA-SC-10-F-64-WR-1TO,0.009009009009009009,0.09448728361893258,10.488088481701515,0.990990990990991,0.00017550017550017544,False,0.017857142857142856,2024-06-24,110,intermittent,full,0.0,1.0
CA-SC-10-F-65-BE-1TO,0.018018018018018018,0.13301642396606667,7.3824115301167,0.9819819819819819,8.775008775008781e-05,False,0.017857142857142856,2024-06-24,110,intermittent,full,0.0,1.0
CA-SC-10-F-65-BK-1TO,0.009009009009009009,0.09448728361893258,10.488088481701515,0.990990990990991,0.00038610038610038604,False,0.017857142857142856,2024-06-24,110,intermittent,full,0.07692307692307693,0.9230769230769231
CA-SC-10-F-65-DB-1TO,0.009009009009009009,0.09448728361893258,10.488088481701515,0.990990990990991,0.0004387504387504389,False,0.017857142857142856,2024-06-24,110,intermittent,full,0.07692307692307693,0.9230769230769231
CA-SC-10-F-65-GR-1TO,0.009009009009009009,0.09448728361893258,10.488088481701515,0.990990990990991,0.0001842751842751843,False,0.017857142857142856,2024-06-24,110,intermittent,full,0.0,1.0
CA-SC-10-F-66-GR-1TO,0.009009009009009009,0.09448728361893258,10.488088481701515,0.990990990990991,0.0004387504387504389,False,0.017857142857142856,2024-06-24,110,intermittent,full,0.07692307692307693,0.9230769230769231
CA-SC-10-F-67-BE-1TO,0.22522522522522523,0.5316078735831326,2.3603389587091086,0.8288288288288288,0.00673043173043173,False,0.44642857142857145,2024-06-24,110,intermittent,full,0.5384615384615384,0.5384615384615384
CA-SC-10-F-67-BK-1TO,0.21621621621621623,0.5094672257873402,2.356285919266448,0.8198198198198198,0.006396981396981396,False,0.42857142857142855,2024-06-24,110,intermittent,full,0.38461538461538464,0.6153846153846154
CA-SC-10-F-67-BR-1TO,0.036036036036036036,0.18637982761781263,5.172040216394301,0.963963963963964,0.0007897507897507897,False,0.07142857142857142,2024-06-24,110,intermittent,full,0.0,1.0
CA-SC-10-F-67-DB-1TO,0.05405405405405406,0.2261243314956961,4.183300132670378,0.9459459459459459,0.001728676728676729,False,0.08928571428571429,2024-06-24,110,intermittent,full,0.15384615384615385,0.8461538461538461
CA-SC-10-F-67-DG-1TO,0.05405405405405406,0.22612433149569605,4.183300132670377,0.9459459459459459,0.0009828009828009828,False,0.08928571428571429,2024-06-24,110,intermittent,full,0.0,1.0
CA-SC-10-F-67-GR-1TO,0.0990990990990991,0.32756142275131245,3.3053925386723346,0.9099099099099099,0.0033783783783783794,False,0.19642857142857142,2024-06-24,110,intermittent,full,0.23076923076923078,0.7692307692307693
CA-SC-10-F-67-WR-1TO,0.018018018018018018,0.13301642396606667,7.3824115301167,0.9819819819819819,0.0008160758160758163,False,0.03571428571428571,2024-06-24,110,intermittent,full,0.07692307692307693,0.9230769230769231
CA-SC-10-F-68-BK-1TO,0.018018018018018018,0.13301642396606667,7.3824115301167,0.9819819819819819,0.0004212004212004212,False,0.03571428571428571,2024-06-24,110,intermittent,full,0.0,1.0
CA-SC-10-F-68-DG-1TO,0.02702702702702703,0.1621621621621622,6.000000000000001,0.972972972972973,0.0010530010530010532,False,0.05357142857142857,2024-06-24,110,intermittent,full,0.07692307692307693,0.9230769230769231
CA-SC-10-F-68-GR-1TO,0.018018018018018018,0.13301642396606667,7.3824115301167,0.9819819819819819,0.0007985257985257986,False,0.03571428571428571,2024-06-24,110,intermittent,full,0.15384615384615385,0.8461538461538461
CA-SC-10-F-69-BE-1TO,0.3963963963963964,0.8519112511329063,2.1491397471761955,0.7747747747747747,0.013522288522288524,False,0.7857142857142857,2024-06-24,110,intermittent,full,1.1538461538461537,0.38461538461538464
CA-SC-10-F-69-BK-1TO,3.5869565217391304,2.317945932487582,0.6462152296632048,0.10869565217391304,0.05975948196114708,True,2.982142857142857,2025-09-22,45,smooth,short,4.461538461538462,0.0
CA-SC-10-F-69-BR-1TO,0.10810810810810811,0.36394612390493974,3.3665016461206925,0.9099099099099099,0.003913653913653914,False,0.21428571428571427,2024-06-24,110,intermittent,full,0.3076923076923077,0.7692307692307693
CA-SC-10-F-69-DB-1TO,0.22522522522522523,0.5955493290464293,2.644239020966146,0.8468468468468469,0.008222183222183222,False,0.44642857142857145,2024-06-24,110,intermittent,full,0.7692307692307693,0.5384615384615384
CA-SC-10-F-69-DG-1TO,0.9459459459459459,1.5644579283863058,1.6538555242940947,0.6306306306306306,0.029247104247104253,False,1.8571428571428572,2026-04-20,16,smooth,short,2.230769230769231,0.07692307692307693
CA-SC-10-F-69-GR-1TO,2.5208333333333335,1.978947356270219,0.7850369677766157,0.125,0.03196917064698217,True,2.1785714285714284,2025-08-04,53,smooth,medium,3.3076923076923075,0.07692307692307693
CA-SC-10-F-69-PK-1TO,0.02702702702702703,0.16216216216216223,6.000000000000002,0.972972972972973,0.0011056511056511062,False,0.05357142857142857,2024-06-24,110,intermittent,full,0.07692307692307693,0.9230769230769231
CA-SC-10-F-69-RD-1TO,0.018018018018018018,0.13301642396606667,7.3824115301167,0.9819819819819819,0.0007371007371007374,False,0.03571428571428571,2024-06-24,110,intermittent,full,0.07692307692307693,0.9230769230769231
CA-SC-10-F-69-WH-1TO,0.009009009009009009,0.09448728361893258,10.488088481701515,0.990990990990991,0.00030712530712530717,False,0.017857142857142856,2024-06-24,110,intermittent,full,0.0,1.0
CA-SC-10-F-69-WR-1TO,0.07207207207207207,0.2586072089082401,3.5881750236018317,0.9279279279279279,0.0028957528957528956,False,0.14285714285714285,2024-06-24,110,intermittent,full,0.3076923076923077,0.6923076923076923
CA-SC-10-F-71-BE-1TO,0.3963963963963964,0.7263295268737432,1.8323313064314886,0.7207207207207207,0.012416637416637417,False,0.7857142857142857,2024-06-24,110,intermittent,full,0.7692307692307693,0.38461538461538464
CA-SC-10-F-71-BK-1TO,2.63265306122449,2.2286985087487254,0.8465598986719964,0.14285714285714285,0.02040816326530614,True,2.3214285714285716,2025-08-04,53,smooth,medium,3.0,0.07692307692307693
CA-SC-10-F-71-BR-1TO,0.10810810810810811,0.3382879883877223,3.129163892586431,0.9009009009009009,0.00351000351000351,False,0.21428571428571427,2024-06-24,110,intermittent,full,0.3076923076923077,0.6923076923076923
CA-SC-10-F-71-DB-1TO,0.07207207207207207,0.2586072089082401,3.5881750236018317,0.9279279279279279,0.0021586521586521583,False,0.14285714285714285,2024-06-24,110,intermittent,full,0.07692307692307693,0.9230769230769231
CA-SC-10-F-71-DG-1TO,0.5855855855855856,1.0175794319524964,1.7377125684111863,0.6756756756756757,0.021112671112671115,False,1.125,2026-04-06,18,smooth,short,2.230769230769231,0.07692307692307693
CA-SC-10-F-71-GR-1TO,0.6306306306306306,1.0477597545267279,1.6614476107495257,0.6576576576576577,0.021770796770796772,False,1.25,2026-04-20,16,smooth,short,2.076923076923077,0.07692307692307693
CA-SC-10-F-71-PK-1TO,0.02702702702702703,0.21051029631617882,7.788880963698616,0.9819819819819819,0.0011495261495261498,False,0.05357142857142857,2024-06-24,110,intermittent,full,0.23076923076923078,0.8461538461538461
CA-SC-10-F-71-RD-1TO,0.018018018018018018,0.13301642396606667,7.3824115301167,0.9819819819819819,0.0006405756405756406,False,0.03571428571428571,2024-06-24,110,intermittent,full,0.07692307692307693,0.9230769230769231
CA-SC-10-F-71-WH-1TO,0.0990990990990991,0.29879502615814413,3.015113445777636,0.9009009009009009,0.00343980343980344,False,0.19642857142857142,2024-06-24,110,intermittent,full,0.3076923076923077,0.6923076923076923
CA-SC-10-F-71-WR-1TO,0.06306306306306306,0.24307635249066736,3.8544964466377256,0.9369369369369369,0.0022113022113022115,False,0.125,2024-06-24,110,intermittent,full,0.23076923076923078,0.7692307692307693
CA-SC-10-F-72-BE-1TO,0.27927927927927926,0.5721961984937086,2.048831549445215,0.7837837837837838,0.008871533871533872,False,0.5535714285714286,2024-06-24,110,intermittent,full,0.6153846153846154,0.5384615384615384
CA-SC-10-F-72-BK-1TO,0.3333333333333333,0.701778093482899,2.105334280448697,0.7657657657657657,0.010530010530010531,False,0.6607142857142857,2024-06-24,110,intermittent,full,0.7692307692307693,0.38461538461538464
CA-SC-10-F-72-BR-1TO,0.02702702702702703,0.16216216216216223,6.000000000000002,0.972972972972973,0.0007546507546507547,False,0.05357142857142857,2024-06-24,110,intermittent,full,0.07692307692307693,0.9230769230769231
CA-SC-10-F-72-DB-1TO,0.018018018018018018,0.13301642396606667,7.3824115301167,0.9819819819819819,0.0006756756756756757,False,0.03571428571428571,2024-06-24,110,intermittent,full,0.07692307692307693,0.9230769230769231
CA-SC-10-F-72-DG-1TO,0.13513513513513514,0.3910366561119046,2.8936712552280937,0.8828828828828829,0.003738153738153738,False,0.26785714285714285,2024-06-24,110,intermittent,full,0.3076923076923077,0.7692307692307693
CA-SC-10-F-72-GR-1TO,0.07207207207207207,0.2586072089082401,3.5881750236018317,0.9279279279279279,0.0021147771147771153,False,0.14285714285714285,2024-06-24,110,intermittent,full,0.15384615384615385,0.8461538461538461
CA-SC-10-F-72-WR-1TO,0.009009009009009009,0.09448728361893258,10.488088481701515,0.990990990990991,0.00038610038610038604,False,0.017857142857142856,2024-06-24,110,intermittent,full,0.07692307692307693,0.9230769230769231
CA-SC-10-F-74-BE-1TO,4.448979591836735,3.1237158961057117,0.7021196280237608,0.061224489795918366,0.03193877551020411,True,3.9464285714285716,2025-09-01,48,smooth,short,4.923076923076923,0.07692307692307693
CA-SC-10-F-74-BK-1TO,2.8085106382978724,1.5930473657306283,0.5672214105252995,0.0851063829787234,0.014569842738205397,True,2.392857142857143,2025-07-28,54,smooth,medium,2.923076923076923,0.0
CA-SC-10-F-74-BKRD-STI,0.018018018018018018,0.18897456723786515,10.488088481701515,0.990990990990991,0.0003685503685503686,False,0.03571428571428571,2024-06-24,110,intermittent,full,0.0,1.0
CA-SC-10-F-74-BR-1TO,0.14414414414414414,0.42121332351571034,2.9221674318902404,0.8828828828828829,0.005019305019305019,False,0.2857142857142857,2024-06-24,110,intermittent,full,0.38461538461538464,0.6923076923076923
CA-SC-10-F-74-DB-1TO,0.24324324324324326,0.5405405405405406,2.2222222222222223,0.8108108108108109,0.007844857844857847,False,0.48214285714285715,2024-06-24,110,intermittent,full,0.5384615384615384,0.46153846153846156
CA-SC-10-F-74-DG-1TO,3.6666666666666665,2.229848026709942,0.6081403709208932,0.0625,0.06730351715154141,True,3.1607142857142856,2025-09-08,47,smooth,short,5.076923076923077,0.0
CA-SC-10-F-74-GR-1TO,3.5319148936170213,2.181655274656781,0.6176975777642694,0.0425531914893617,0.06290471785383907,True,3.0,2025-09-15,46,smooth,short,4.538461538461538,0.0
CA-SC-10-F-74-WR-1TO,0.05405405405405406,0.26296431566353917,4.864839839775475,0.954954954954955,0.002167427167427167,False,0.10714285714285714,2024-06-24,110,intermittent,full,0.23076923076923078,0.7692307692307693
CA-SC-10-F-75-BE-1TO,0.2702702702702703,0.628826247445591,2.3266571155486866,0.7927927927927928,0.0090996840996841,False,0.5357142857142857,2024-06-24,110,intermittent,full,0.5384615384615384,0.46153846153846156
CA-SC-10-F-75-BK-1TO,0.08108108108108109,0.3041791534438582,3.751542892474251,0.9279279279279279,0.0034134784134784136,False,0.16071428571428573,2024-06-24,110,intermittent,full,0.46153846153846156,0.6153846153846154
CA-SC-10-F-75-DB-1TO,0.009009009009009009,0.09448728361893258,10.488088481701515,0.990990990990991,0.0001842751842751843,False,0.017857142857142856,2024-06-24,110,intermittent,full,0.0,1.0
CA-SC-10-F-75-DG-1TO,0.43243243243243246,0.8011435702852507,1.8526445062846422,0.7477477477477478,0.014312039312039311,False,0.8571428571428571,2024-06-24,110,intermittent,full,1.0769230769230769,0.46153846153846156
CA-SC-10-F-75-GR-1TO,0.3063063063063063,0.7326711932017103,2.3919559542761717,0.7927927927927928,0.0108985608985609,False,0.6071428571428571,2024-06-24,110,intermittent,full,1.0769230769230769,0.46153846153846156
CA-SC-10-F-75-WR-1TO,0.018018018018018018,0.13301642396606667,7.3824115301167,0.9819819819819819,0.0005089505089505089,False,0.03571428571428571,2024-06-24,110,intermittent,full,0.07692307692307693,0.9230769230769231
CA-SC-10-F-76-BE-1TO,0.9459459459459459,1.4997767872228764,1.5854783179213265,0.6036036036036037,0.030475605475605485,False,1.8571428571428572,2025-10-06,44,smooth,short,2.6923076923076925,0.15384615384615385
CA-SC-10-F-76-BK-1TO,0.22522522522522523,0.5482927587280338,2.43441984875247,0.8288288288288288,0.006326781326781327,False,0.42857142857142855,2024-06-24,110,intermittent,full,0.5384615384615384,0.6923076923076923
CA-SC-10-F-76-BR-1TO,0.018018018018018018,0.13301642396606667,7.3824115301167,0.9819819819819819,0.0006054756054756056,False,0.03571428571428571,2024-06-24,110,intermittent,full,0.07692307692307693,0.9230769230769231
CA-SC-10-F-76-DB-1TO,0.036036036036036036,0.18637982761781263,5.172040216394301,0.963963963963964,0.0016584766584766587,False,0.07142857142857142,2024-06-24,110,intermittent,full,0.23076923076923078,0.7692307692307693
CA-SC-10-F-76-DG-1TO,0.7387387387387387,1.2713879180049101,1.7210251085188417,0.6576576576576577,0.025184275184275184,False,1.4642857142857142,2026-01-12,30,smooth,short,2.230769230769231,0.15384615384615385
CA-SC-10-F-76-GR-1TO,0.25225225225225223,0.5610233325023519,2.224056782420038,0.8018018018018018,0.009564759564759565,False,0.48214285714285715,2024-06-24,110,intermittent,full,0.9230769230769231,0.3076923076923077
CA-SC-10-F-76-RD-1TO,0.009009009009009009,0.09448728361893258,10.488088481701515,0.990990990990991,0.00028957528957528967,False,0.017857142857142856,2024-06-24,110,intermittent,full,0.0,1.0
CA-SC-10-F-76-WR-1TO,0.04504504504504504,0.2074029627607448,4.604345773288535,0.954954954954955,0.0014303264303264305,False,0.08928571428571429,2024-06-24,110,intermittent,full,0.07692307692307693,0.9230769230769231
CA-SC-10-F-78-DG-1TO,0.04504504504504504,0.24705061623066824,5.4845236803208355,0.963963963963964,0.001263601263601264,False,0.08928571428571429,2024-06-24,110,intermittent,full,0.07692307692307693,0.9230769230769231
CA-SC-10-F-78-GR-1TO,0.009009009009009009,0.09448728361893259,10.488088481701517,0.990990990990991,0.00010530010530010532,False,0.017857142857142856,2024-06-24,110,intermittent,full,0.0,1.0
CA-SC-10-F-82-BE-1TO,0.02702702702702703,0.1621621621621622,6.000000000000001,0.972972972972973,0.0007195507195507197,False,0.05357142857142857,2024-06-24,110,intermittent,full,0.07692307692307693,0.9230769230769231
CA-SC-10-F-82-BK-1TO,0.08108108108108109,0.2729595929287048,3.3665016461206925,0.918918918918919,0.00293962793962794,False,0.16071428571428573,2024-06-24,110,intermittent,full,0.23076923076923078,0.7692307692307693
CA-SC-10-F-82-DB-1TO,0.02702702702702703,0.21051029631617882,7.788880963698616,0.9819819819819819,0.0004738504738504739,False,0.05357142857142857,2024-06-24,110,intermittent,full,0.0,1.0
CA-SC-10-F-82-DG-1TO,0.25225225225225223,0.5768580394083646,2.286830084797445,0.8108108108108109,0.00845910845910846,False,0.5,2024-06-24,110,intermittent,full,0.6153846153846154,0.5384615384615384
CA-SC-10-F-82-GR-1TO,0.04504504504504504,0.2074029627607448,4.604345773288535,0.954954954954955,0.0009652509652509653,False,0.08928571428571429,2024-06-24,110,intermittent,full,0.0,1.0
CA-SC-10-F-83-BK-1TO,0.009009009009009009,0.09448728361893259,10.488088481701517,0.990990990990991,6.142506142506145e-05,False,0.017857142857142856,2024-06-24,110,intermittent,full,0.0,1.0
CA-SC-10-F-83-DG-1TO,0.009009009009009009,0.09448728361893259,10.488088481701517,0.990990990990991,-6.14250614250614e-05,False,0.0,2024-06-24,110,intermittent,full,0.0,1.0
CA-SC-10-F-84-BE-1TO,0.009009009009009009,0.09448728361893258,10.488088481701515,0.990990990990991,0.00031590031590031603,False,0.017857142857142856,2024-06-24,110,intermittent,full,0.0,1.0
CA-SC-10-F-85-BE-1TO,0.036036036036036036,0.22968556367535065,6.37377439199098,0.972972972972973,0.0015093015093015092,False,0.07142857142857142,2024-06-24,110,intermittent,full,0.15384615384615385,0.8461538461538461
CA-SC-10-F-85-BK-1TO,0.009009009009009009,0.09448728361893258,10.488088481701515,0.990990990990991,0.00017550017550017544,False,0.017857142857142856,2024-06-24,110,intermittent,full,0.0,1.0
CA-SC-10-F-85-DG-1TO,0.009009009009009009,0.09448728361893258,10.488088481701515,0.990990990990991,0.00029835029835029837,False,0.017857142857142856,2024-06-24,110,intermittent,full,0.0,1.0
CA-SC-10-F-87-GR-1TO,0.02702702702702703,0.1621621621621622,6.000000000000001,0.972972972972973,0.0005177255177255178,False,0.05357142857142857,2024-06-24,110,intermittent,full,0.0,1.0
CA-SC-10-F-88-BK-1TO,0.018018018018018018,0.13301642396606667,7.3824115301167,0.9819819819819819,-7.02000702000703e-05,False,0.0,2024-06-24,110,intermittent,full,0.0,1.0
CA-SC-10-F-90-BE-1TO,0.7747747747747747,1.1830993400271579,1.5270235667792387,0.6306306306306306,0.023438048438048434,False,1.5178571428571428,2026-04-27,15,smooth,short,2.0,0.07692307692307693
CA-SC-10-F-90-BK-1TO,0.4774774774774775,0.9849941404393954,2.0629122563919413,0.7297297297297297,0.0162951912951913,False,0.9285714285714286,2024-06-24,110,intermittent,full,1.4615384615384615,0.15384615384615385
CA-SC-10-F-90-BR-1TO,0.06306306306306306,0.2430763524906674,3.854496446637726,0.9369369369369369,0.001904176904176904,False,0.125,2024-06-24,110,intermittent,full,0.15384615384615385,0.8461538461538461
CA-SC-10-F-90-DB-1TO,0.11711711711711711,0.3484518847894363,2.975243016279033,0.8918918918918919,0.0035538785538785536,False,0.23214285714285715,2024-06-24,110,intermittent,full,0.3076923076923077,0.6923076923076923
CA-SC-10-F-90-DG-1TO,0.036036036036036036,0.18637982761781263,5.172040216394301,0.963963963963964,0.0010968760968760969,False,0.07142857142857142,2024-06-24,110,intermittent,full,0.15384615384615385,0.8461538461538461
CA-SC-10-F-90-GR-1TO,0.04504504504504504,0.2074029627607448,4.604345773288535,0.954954954954955,0.0016584766584766587,False,0.08928571428571429,2024-06-24,110,intermittent,full,0.23076923076923078,0.7692307692307693
CA-SC-10-F-90-WH-1TO,0.009009009009009009,0.09448728361893258,10.488088481701515,0.990990990990991,0.00015795015795015793,False,0.017857142857142856,2024-06-24,110,intermittent,full,0.0,1.0
CA-SC-10-F-90-WR-1TO,0.009009009009009009,0.09448728361893258,10.488088481701515,0.990990990990991,0.00039487539487539496,False,0.017857142857142856,2024-06-24,110,intermittent,full,0.07692307692307693,0.9230769230769231
CA-SC-10-F-91-BK-1TO,0.02702702702702703,0.16216216216216217,6.0,0.972972972972973,0.001167076167076167,False,0.05357142857142857,2024-06-24,110,intermittent,full,0.15384615384615385,0.8461538461538461
CA-SC-10-F-92-BK-1TO,0.036036036036036036,0.18637982761781263,5.172040216394301,0.963963963963964,0.0016146016146016148,False,0.07142857142857142,2024-06-24,110,intermittent,full,0.23076923076923078,0.7692307692307693
CA-SC-10-F-92-BR-1TO,0.018018018018018018,0.13301642396606667,7.3824115301167,0.9819819819819819,0.0007985257985257986,False,0.03571428571428571,2024-06-24,110,intermittent,full,0.15384615384615385,0.8461538461538461
CA-SC-10-F-92-DB-1TO,0.036036036036036036,0.18637982761781263,5.172040216394301,0.963963963963964,0.0013074763074763076,False,0.07142857142857142,2024-06-24,110,intermittent,full,0.15384615384615385,0.8461538461538461
CA-SC-10-F-92-DG-1TO,0.009009009009009009,0.09448728361893258,10.488088481701515,0.990990990990991,0.0003422253422253422,False,0.017857142857142856,2024-06-24,110,intermittent,full,0.0,1.0
CA-SC-10-F-92-WR-1TO,0.009009009009009009,0.09448728361893258,10.488088481701515,0.990990990990991,0.00042997542997542986,False,0.017857142857142856,2024-06-24,110,intermittent,full,0.07692307692307693,0.9230769230769231
CA-SC-10-F-94-BE-1TO,9.061224489795919,3.9300421312863763,0.4337208658401631,0.0,0.1357142857142858,True,8.053571428571429,2025-09-01,48,smooth,short,12.538461538461538,0.0
CA-SC-10-F-94-BK-1TO,0.9369369369369369,1.4159915462622343,1.5112986695683464,0.5765765765765766,0.028211653211653216,False,1.8392857142857142,2026-02-09,26,smooth,short,2.1538461538461537,0.07692307692307693
CA-SC-10-F-94-BR-1TO,0.32432432432432434,0.631916321324331,1.948408657416687,0.7657657657657657,0.010187785187785188,False,0.6071428571428571,2024-06-24,110,intermittent,full,1.1538461538461537,0.23076923076923078
CA-SC-10-F-94-DB-1TO,0.3333333333333333,0.7513751157474972,2.254125347242492,0.7927927927927928,0.011214461214461215,False,0.6428571428571429,2024-06-24,110,intermittent,full,1.0,0.46153846153846156
CA-SC-10-F-94-DG-1TO,2.5272727272727273,2.11363147604518,0.8363290013128409,0.10909090909090909,0.08008658008658011,True,2.517857142857143,2025-06-02,62,smooth,medium,4.384615384615385,0.0
CA-SC-10-F-94-GR-1TO,0.8828828828828829,1.3405574928696595,1.518386548046247,0.5945945945945946,0.027720252720252726,False,1.7321428571428572,2026-01-19,29,smooth,short,2.230769230769231,0.0
CA-SC-10-F-94-WR-1TO,0.18018018018018017,0.4688148407660429,2.601922366251538,0.8558558558558559,0.005852930852930854,False,0.35714285714285715,2024-06-24,110,intermittent,full,0.38461538461538464,0.6923076923076923
CA-SC-10-F-96-BE-1TO,0.14414414414414414,0.4420844737436144,3.066961036596325,0.8918918918918919,0.005036855036855037,False,0.2857142857142857,2024-06-24,110,intermittent,full,0.46153846153846156,0.6923076923076923
CA-SC-10-F-96-BK-1TO,0.5045045045045045,0.8789210612800739,1.742147103608718,0.7027027027027027,0.01640926640926641,False,0.9821428571428571,2024-06-24,110,intermittent,full,1.3076923076923077,0.3076923076923077
CA-SC-10-F-96-BR-1TO,0.04504504504504504,0.2074029627607448,4.604345773288535,0.954954954954955,0.0019568269568269567,False,0.08928571428571429,2024-06-24,110,intermittent,full,0.23076923076923078,0.7692307692307693
CA-SC-10-F-96-DB-1TO,0.036036036036036036,0.22968556367535065,6.37377439199098,0.972972972972973,0.0014391014391014392,False,0.07142857142857142,2024-06-24,110,intermittent,full,0.15384615384615385,0.9230769230769231
CA-SC-10-F-96-DG-1TO,0.32432432432432434,0.6174951166916682,1.903943276465977,0.7567567567567568,0.010117585117585119,False,0.625,2024-06-24,110,intermittent,full,0.6923076923076923,0.46153846153846156
CA-SC-10-F-96-GR-1TO,0.40540540540540543,0.7755077195191836,1.9129190414806527,0.7207207207207207,0.014110214110214112,False,0.8035714285714286,2024-06-24,110,intermittent,full,1.4615384615384615,0.23076923076923078
CA-SC-10-F-96-PK-1TO,0.02702702702702703,0.16216216216216223,6.000000000000002,0.972972972972973,0.0008424008424008421,False,0.05357142857142857,2024-06-24,110,intermittent,full,0.0,1.0
CA-SC-10-F-96-WR-1TO,0.06306306306306306,0.277676306440044,4.403152859263555,0.9459459459459459,0.0025096525096525097,False,0.125,2024-06-24,110,intermittent,full,0.38461538461538464,0.6923076923076923
CA-SC-10-F-97-BE-1TO,0.17117117117117117,0.4625404559637274,2.7022100322091442,0.8558558558558559,0.00537030537030537,False,0.3392857142857143,2024-06-24,110,intermittent,full,0.5384615384615384,0.6153846153846154
CA-SC-10-F-97-BK-1TO,0.36936936936936937,0.7933045031622094,2.1477268256342743,0.7657657657657657,0.01289048789048789,False,0.7321428571428571,2024-06-24,110,intermittent,full,1.3076923076923077,0.3076923076923077
CA-SC-10-F-97-BR-1TO,0.05405405405405406,0.22612433149569605,4.183300132670377,0.9459459459459459,0.0019305019305019305,False,0.10714285714285714,2024-06-24,110,intermittent,full,0.23076923076923078,0.7692307692307693
CA-SC-10-F-97-DB-1TO,0.2072072072072072,0.5043436036857083,2.434006087352766,0.8378378378378378,0.006572481572481573,False,0.4107142857142857,2024-06-24,110,intermittent,full,0.46153846153846156,0.6153846153846154
CA-SC-10-F-97-DG-1TO,0.0990990990990991,0.3539978865655586,3.5721604917070002,0.918918918918919,0.00394875394875395,False,0.19642857142857142,2024-06-24,110,intermittent,full,0.5384615384615384,0.6153846153846154
CA-SC-10-F-97-GR-1TO,0.05405405405405406,0.2261243314956961,4.183300132670378,0.9459459459459459,0.0020182520182520187,False,0.10714285714285714,2024-06-24,110,intermittent,full,0.23076923076923078,0.7692307692307693
CA-SC-10-F-97-WR-1TO,0.009009009009009009,0.09448728361893258,10.488088481701515,0.990990990990991,0.00035977535977535984,False,0.017857142857142856,2024-06-24,110,intermittent,full,0.0,1.0
CA-SC-10-F-98-BE-1TO,0.09009009009009009,0.28631078526253523,3.178049716414141,0.9099099099099099,0.0033520533520533524,False,0.17857142857142858,2024-06-24,110,intermittent,full,0.3076923076923077,0.6923076923076923
CA-SC-10-F-98-BK-1TO,0.23423423423423423,0.5190940645365022,2.2161323524442977,0.8108108108108109,0.007581607581607582,False,0.4642857142857143,2024-06-24,110,intermittent,full,0.6153846153846154,0.46153846153846156
CA-SC-10-F-98-BKWH-STI,0.009009009009009009,0.09448728361893258,10.488088481701515,0.990990990990991,0.0001842751842751843,False,0.017857142857142856,2024-06-24,110,intermittent,full,0.0,1.0
CA-SC-10-F-98-BR-1TO,0.018018018018018018,0.13301642396606667,7.3824115301167,0.9819819819819819,0.0005001755001755002,False,0.03571428571428571,2024-06-24,110,intermittent,full,0.07692307692307693,0.9230769230769231
CA-SC-10-F-98-DB-1TO,0.02702702702702703,0.16216216216216217,6.0,0.972972972972973,0.0010793260793260794,False,0.05357142857142857,2024-06-24,110,intermittent,full,0.15384615384615385,0.8461538461538461
CA-SC-10-F-98-DG-1TO,0.05405405405405406,0.26296431566353917,4.864839839775475,0.954954954954955,0.0017988767988767994,False,0.10714285714285714,2024-06-24,110,intermittent,full,0.07692307692307693,0.9230769230769231
CA-SC-10-F-99-BE-1TO,0.1981981981981982,0.49900477204058474,2.5177058952956775,0.8468468468468469,0.006282906282906284,False,0.39285714285714285,2024-06-24,110,intermittent,full,0.6153846153846154,0.5384615384615384
CA-SC-10-F-99-BK-1TO,3.4375,1.9990231989649345,0.5815340215170719,0.020833333333333332,0.0043964394268344925,True,2.9464285714285716,2025-09-08,47,smooth,short,3.6923076923076925,0.0
CA-SC-10-F-99-BR-1TO,0.17117117117117117,0.442634900776153,2.5859196834817357,0.8558558558558559,0.005914355914355914,False,0.3392857142857143,2024-06-24,110,intermittent,full,0.46153846153846156,0.5384615384615384
CA-SC-10-F-99-DB-1TO,0.5945945945945946,1.0936209661616954,1.8392716249083056,0.7027027027027027,0.019383994383994387,False,1.1785714285714286,2024-06-24,110,intermittent,full,1.5384615384615385,0.23076923076923078
CA-SC-10-F-99-DG-1TO,0.35135135135135137,0.6798071884653507,1.9348358440936904,0.7567567567567568,0.010775710775710778,False,0.6964285714285714,2024-06-24,110,intermittent,full,0.6153846153846154,0.5384615384615384
CA-SC-10-F-99-GR-1TO,0.1891891891891892,0.7040873399127903,3.7216045109676057,0.8918918918918919,0.0058266058266058275,False,0.375,2024-06-24,110,intermittent,full,0.23076923076923078,0.7692307692307693
CA-SC-10-F-99-RD-1TO,0.018018018018018018,0.13301642396606667,7.3824115301167,0.9819819819819819,0.0002369252369252369,False,0.03571428571428571,2024-06-24,110,intermittent,full,0.0,1.0
CA-SC-10-F-99-WH-1TO,0.14414414414414414,0.48111819541688977,3.337757480704673,0.9009009009009009,0.0035012285012285026,False,0.2857142857142857,2024-06-24,110,intermittent,full,0.0,1.0
CA-SC-10-F-99-WR-1TO,0.12612612612612611,0.4475582828242962,3.548497813821206,0.9099099099099099,0.0049315549315549325,False,0.25,2024-06-24,110,intermittent,full,0.5384615384615384,0.6153846153846154
CA-SC-10-F-INV-BE-1TO,0.0990990990990991,0.3275614227513125,3.305392538672335,0.9099099099099099,0.00308002808002808,False,0.19642857142857142,2024-06-24,110,intermittent,full,0.23076923076923078,0.7692307692307693
CA-SC-10-F-INV-BK-1TO,0.6576576576576577,1.0863236248636294,1.6518071556145597,0.6396396396396397,0.018436293436293435,False,1.2857142857142858,2024-06-24,110,intermittent,full,1.3846153846153846,0.23076923076923078
CA-SC-10-F-INV-BR-1TO,0.07207207207207207,0.32080169035612355,4.451123453691214,0.9459459459459459,0.0021235521235521237,False,0.14285714285714285,2024-06-24,110,intermittent,full,0.15384615384615385,0.9230769230769231
CA-SC-10-F-INV-DB-1TO,0.10810810810810811,0.31051689981286634,2.8722813232690134,0.8918918918918919,0.002588627588627589,False,0.21428571428571427,2024-06-24,110,intermittent,full,0.07692307692307693,0.9230769230769231
CA-SC-10-F-INV-DG-1TO,2.36734693877551,1.409789064422085,0.5955143461782945,0.08163265306122448,-0.00846938775510202,True,2.0714285714285716,2025-07-14,56,smooth,medium,2.1538461538461537,0.07692307692307693
CA-SC-10-F-INV-GR-1TO,0.3963963963963964,0.8195722822013808,2.067557348280756,0.7567567567567568,0.012100737100737103,False,0.7857142857142857,2024-06-24,110,intermittent,full,0.8461538461538461,0.38461538461538464
CA-SC-10-F-INV-WH-1TO,0.009009009009009009,0.09448728361893258,10.488088481701515,0.990990990990991,0.0001930501930501931,False,0.017857142857142856,2024-06-24,110,intermittent,full,0.0,1.0
CA-SC-10-F-NEW-BE-1TO,10.10204081632653,5.280866108459566,0.5227524026555934,0.0,-0.245,True,8.946428571428571,2025-09-01,48,smooth,short,5.3076923076923075,0.0
CA-SC-10-F-NEW-BK-1TO,19.918367346938776,11.309805633028931,0.5678078647729689,0.02040816326530612,-0.4796938775510202,True,17.642857142857142,2025-09-01,48,smooth,short,8.153846153846153,0.07692307692307693
CA-SC-10-F-NEW-BKRD-STI,0.3063063063063063,0.8573244867293925,2.798912294910664,0.8648648648648649,0.0085995085995086,False,0.6071428571428571,2024-06-24,110,intermittent,full,0.3076923076923077,0.8461538461538461
CA-SC-10-F-NEW-BKWH-STI,0.24324324324324326,0.6605514515251663,2.715600411825683,0.8648648648648649,0.007274482274482274,False,0.48214285714285715,2024-06-24,110,intermittent,full,0.07692307692307693,0.9230769230769231
CA-SC-10-F-NEW-BR-1TO,1.2252252252252251,1.86810442386468,1.5247028753601433,0.5765765765765766,0.0315988065988066,False,2.4107142857142856,2024-06-24,110,intermittent,full,1.6923076923076923,0.15384615384615385
CA-SC-10-F-NEW-DB-1TO,0.8648648648648649,1.429965579416187,1.653397701199966,0.6486486486486487,0.022358722358722362,False,1.7142857142857142,2024-06-24,110,intermittent,full,1.0,0.38461538461538464
CA-SC-10-F-NEW-DG-1TO,8.244897959183673,5.534790198427405,0.6712988111954031,0.02040816326530612,-0.23693877551020404,True,7.267857142857143,2025-09-01,48,smooth,short,4.153846153846154,0.07692307692307693
CA-SC-10-F-NEW-GR-1TO,5.291666666666667,3.7078651389834674,0.7006989239023875,0.041666666666666664,-0.1635909683022147,True,4.607142857142857,2025-09-08,47,smooth,short,3.0,0.15384615384615385
CA-SC-10-F-NEW-OR-1TO,0.009009009009009009,0.09448728361893258,10.488088481701515,0.990990990990991,0.00017550017550017544,False,0.017857142857142856,2024-06-24,110,intermittent,full,0.0,1.0
CA-SC-10-F-NEW-PK-1TO,0.11711711711711711,0.3215597891454909,2.745625891934576,0.8828828828828829,0.0032028782028782035,False,0.23214285714285715,2024-06-24,110,intermittent,full,0.15384615384615385,0.8461538461538461
CA-SC-10-F-NEW-RD-1TO,0.2882882882882883,0.6491489562036692,2.2517354418314777,0.8018018018018018,0.007037557037557039,False,0.5714285714285714,2024-06-24,110,intermittent,full,0.3076923076923077,0.7692307692307693
CA-SC-10-F-NEW-WH-1TO,0.43243243243243246,0.9455597667316702,2.186606960566987,0.7657657657657657,0.011969111969111969,False,0.8571428571428571,2024-06-24,110,intermittent,full,0.6923076923076923,0.5384615384615384
CA-SC-10-F-NEW-WR-1TO,1.2522522522522523,1.8862636143591616,1.5062968431213448,0.5855855855855856,0.03193225693225694,False,2.4642857142857144,2024-06-24,110,intermittent,full,1.3076923076923077,0.23076923076923078
CA-SC-10-R-90-BE-1TO,0.5675675675675675,1.0790521501447097,1.901187121683536,0.7027027027027027,0.018655668655668662,False,1.0892857142857142,2026-05-11,13,smooth,short,2.0,0.15384615384615385
CA-SC-10-R-90-BK-1TO,27.666666666666668,11.664285471281795,0.4216006796848841,0.0,0.24077290490664296,True,24.089285714285715,2025-09-08,47,smooth,short,32.76923076923077,0.0
CA-SC-10-R-90-BR-1TO,0.7927927927927928,1.2237670177864453,1.5436152156169933,0.6396396396396397,0.021998946998947,False,1.5714285714285714,2024-06-24,110,intermittent,full,1.3846153846153846,0.15384615384615385
CA-SC-10-R-90-DB-1TO,4.0,2.6848339489311686,0.6712084872327921,0.0625,0.030937907077724678,True,3.482142857142857,2025-09-08,47,smooth,short,5.461538461538462,0.0
CA-SC-10-R-90-DG-1TO,17.291666666666668,9.137738444981279,0.5284475245290378,0.0,0.27702996092053805,True,15.214285714285714,2025-09-08,47,smooth,short,25.307692307692307,0.0
CA-SC-10-R-90-GR-1TO,3.63265306122449,2.4800746989327855,0.6827171924028455,0.10204081632653061,0.07999999999999999,True,3.2142857142857144,2025-09-01,48,smooth,short,5.153846153846154,0.0
CA-SC-10-R-90-RD-1TO,0.04504504504504504,0.2074029627607448,4.604345773288535,0.954954954954955,0.0005616005616005615,False,0.08928571428571429,2024-06-24,110,intermittent,full,0.0,1.0
CA-SC-10-R-90-WR-1TO,0.7567567567567568,1.3437624750979515,1.7756861278080074,0.6576576576576577,0.025859950859950864,False,1.5,2026-05-11,13,smooth,short,2.0,0.15384615384615385
CA-SC-10-R-91-BE-1TO,0.990990990990991,1.7058220152368142,1.7213294881026036,0.6126126126126126,0.03206388206388206,False,1.9642857142857142,2025-08-04,53,smooth,medium,2.3846153846153846,0.0
CA-SC-10-R-91-BK-1TO,3.22,2.0424495097798623,0.634301089993746,0.06,0.03759903961584634,True,2.9107142857142856,2025-08-25,49,smooth,short,3.4615384615384617,0.07692307692307693
CA-SC-10-R-91-BR-1TO,0.38738738738738737,0.9879560406310092,2.5503051281405122,0.7837837837837838,0.013013338013338014,False,0.7678571428571429,2024-06-24,110,intermittent,full,1.0769230769230769,0.15384615384615385
CA-SC-10-R-91-DB-1TO,0.4774774774774775,0.9284962835638252,1.9445865561431055,0.7477477477477478,0.016453141453141456,False,0.9464285714285714,2024-06-24,110,intermittent,full,1.0769230769230769,0.38461538461538464
CA-SC-10-R-91-DG-1TO,2.6956521739130435,1.8866759959780117,0.699895933991843,0.08695652173913043,0.03922294172062905,True,2.267857142857143,2025-08-04,53,smooth,medium,3.230769230769231,0.0
CA-SC-10-R-91-GR-1TO,0.44144144144144143,0.8018524126146533,1.8164411795964597,0.7117117117117117,0.014926289926289929,False,0.875,2024-06-24,110,intermittent,full,1.4615384615384615,0.07692307692307693
CA-SC-10-R-91-RD-1TO,0.009009009009009009,0.09448728361893258,10.488088481701515,0.990990990990991,0.0001842751842751843,False,0.017857142857142856,2024-06-24,110,intermittent,full,0.0,1.0
CA-SC-10-R-91-WR-1TO,0.07207207207207207,0.2913686779963285,4.042740407199058,0.9369369369369369,0.002413127413127413,False,0.14285714285714285,2024-06-24,110,intermittent,full,0.15384615384615385,0.8461538461538461
CA-SWC-10-36-BKBK,0.2702702702702703,1.2225062570701235,4.523273151159457,0.9369369369369369,0.013574938574938576,False,0.5357142857142857,2024-06-24,110,intermittent,full,2.3076923076923075,0.46153846153846156
CA-SWC-10-38-BKBK,2.720720720720721,13.40039744682276,4.925311644362007,0.9369369369369369,0.1345998595998596,False,5.392857142857143,2024-06-24,110,intermittent,full,23.23076923076923,0.46153846153846156
CA-SWC-10-40-BKBK,0.8288288288288288,4.053413362786893,4.890531339884186,0.9369369369369369,0.04121621621621622,False,1.6428571428571428,2024-06-24,110,intermittent,full,7.076923076923077,0.46153846153846156
CA-SWC-10-42-BKBK,0.036036036036036036,0.22968556367535067,6.373774391990981,0.972972972972973,0.001833976833976834,False,0.07142857142857142,2024-06-24,110,intermittent,full,0.3076923076923077,0.7692307692307693
CC-CC-03-CHCV11-GR-1TO,0.12612612612612611,0.3319914553637527,2.6322179675268966,0.8738738738738738,0.0007283257283257291,False,0.17857142857142858,2024-06-24,110,intermittent,full,0.07692307692307693,0.9230769230769231
CC-CC-03-CHCV13-GR-1TO,1.3513513513513513,1.608808235811618,1.1905180945005973,0.36036036036036034,0.01778694278694278,False,1.9821428571428572,2026-04-20,16,smooth,short,2.6923076923076925,0.15384615384615385
CC-CC-03-CHCV15-GR-1TO,14.64864864864865,12.139317885053924,0.8286988224114302,0.018018018018018018,0.18849596349596345,False,21.303571428571427,2024-06-24,110,smooth,full,21.153846153846153,0.0
CC-CC-03-CHCV17-GR-1TO,0.6306306306306306,0.6965542983811787,1.104536101718726,0.4954954954954955,0.004326079326079321,False,0.75,2024-06-24,110,intermittent,full,0.9230769230769231,0.3076923076923077
CC-CC-03-CHCV20-GR-1TO,1.8108108108108107,1.652263059097946,0.9124437789048359,0.27927927927927926,-0.02722885222885223,False,1.0892857142857142,2024-06-24,110,intermittent,full,1.0769230769230769,0.38461538461538464
CC-CC-03-CHCV21-GR-1TO,1.7837837837837838,1.6733491550456494,0.9380896778286216,0.1891891891891892,0.026228501228501223,False,2.375,2024-11-04,92,smooth,medium,3.923076923076923,0.0
CC-CC-03-CHCV22-GR-1TO,0.35135135135135137,0.6388143387832733,1.8181638873062393,0.7117117117117117,0.0054054054054054074,False,0.48214285714285715,2024-06-24,110,intermittent,full,0.9230769230769231,0.46153846153846156
CC-CC-03-CHCV25-GR-1TO,0.02702702702702703,0.1621621621621622,6.000000000000001,0.972972972972973,-0.0010266760266760247,False,0.0,2024-06-24,110,intermittent,full,0.0,1.0
CC-CC-03-FI5001-GR-1TO,0.05405405405405406,0.2261243314956961,4.183300132670378,0.9459459459459459,0.0018164268164268167,False,0.10714285714285714,2024-06-24,110,intermittent,full,0.15384615384615385,0.8461538461538461
CC-CC-03-JEGL11-GR-1TO,0.13513513513513514,0.3672759839754867,2.7178422814186014,0.8738738738738738,-0.002395577395577397,False,0.03571428571428571,2024-06-24,110,intermittent,full,0.0,1.0
CC-CC-03-MZMX38-GR-1TO,8.054054054054054,5.749794885237505,0.7139007072274755,0.04504504504504504,0.022613197613197574,False,8.428571428571429,2024-06-24,110,smooth,full,6.153846153846154,0.0
CC-CC-15-BMZ301-BKGR-STR,0.12612612612612611,0.4053052929442159,3.2134919654862837,0.9009009009009009,0.004694629694629695,False,0.25,2024-06-24,110,intermittent,full,0.6923076923076923,0.46153846153846156
CC-CC-15-BMZ301-BKRD-STR,0.12612612612612611,0.3824321671493896,3.0321407538273037,0.8918918918918919,0.004808704808704809,False,0.25,2024-06-24,110,intermittent,full,0.5384615384615384,0.5384615384615384
CC-CC-15-BMZ301-GR-1TO,0.018018018018018018,0.13301642396606667,7.3824115301167,0.9819819819819819,0.00035100035100035104,False,0.03571428571428571,2024-06-24,110,intermittent,full,0.0,1.0
CC-CC-15-BMZ301-GRBK-STR,0.07207207207207207,0.25860720890824007,3.588175023601831,0.9279279279279279,0.002070902070902071,False,0.14285714285714285,2024-06-24,110,intermittent,full,0.15384615384615385,0.8461538461538461
CC-CC-15-BMZ301-LGBK-STR,0.009009009009009009,0.09448728361893259,10.488088481701517,0.990990990990991,-4.387504387504388e-05,False,0.0,2024-06-24,110,intermittent,full,0.0,1.0
CC-CC-15-BMZ401-BKGR-STR,0.09009009009009009,0.28631078526253523,3.178049716414141,0.9099099099099099,0.002553527553527554,False,0.16071428571428573,2024-06-24,110,intermittent,full,0.38461538461538464,0.6153846153846154
CC-CC-15-BMZ401-BKLG-STR,0.009009009009009009,0.09448728361893258,10.488088481701515,0.990990990990991,0.00035100035100035104,False,0.017857142857142856,2024-06-24,110,intermittent,full,0.0,1.0
CC-CC-15-BMZ401-BKRD-STR,0.08108108108108109,0.3041791534438583,3.7515428924742524,0.9279279279279279,0.002430677430677431,False,0.16071428571428573,2024-06-24,110,intermittent,full,0.23076923076923078,0.7692307692307693
CC-CC-15-BMZ401-GRBK-STR,0.1981981981981982,0.612480112857064,3.0902405694151867,0.8738738738738738,0.0032379782379782372,False,0.35714285714285715,2024-06-24,110,intermittent,full,0.15384615384615385,0.8461538461538461
CC-CC-15-BMZ401-LGBK-STR,0.018018018018018018,0.13301642396606667,7.3824115301167,0.9819819819819819,0.000895050895050895,False,0.03571428571428571,2024-06-24,110,intermittent,full,0.15384615384615385,0.8461538461538461
CC-CC-15-CHCM11-BKGR-STR,0.2702702702702703,0.6143325088732369,2.2730302828309763,0.8108108108108109,0.004843804843804845,False,0.4107142857142857,2024-06-24,110,intermittent,full,0.38461538461538464,0.7692307692307693
CC-CC-15-CHCM11-BKLG-STR,0.09009009009009009,0.2863107852625351,3.17804971641414,0.9099099099099099,0.0033520533520533524,False,0.17857142857142858,2024-06-24,110,intermittent,full,0.23076923076923078,0.7692307692307693
CC-CC-15-CHCM11-BKRD-STR,0.38738738738738737,0.6996932554575711,1.8061849152509395,0.7207207207207207,0.010626535626535627,False,0.7142857142857143,2024-06-24,110,intermittent,full,0.9230769230769231,0.38461538461538464
CC-CC-15-CHCM11-GRBK-STR,0.14414414414414414,0.3992526091200062,2.769814975770043,0.8738738738738738,0.0042997542997543,False,0.2857142857142857,2024-06-24,110,intermittent,full,0.38461538461538464,0.6153846153846154
CC-CC-15-CHCM11-LGBK-STR,0.018018018018018018,0.13301642396606667,7.3824115301167,0.9819819819819819,0.0008862758862758864,False,0.03571428571428571,2024-06-24,110,intermittent,full,0.15384615384615385,0.8461538461538461
CC-CC-15-CHCM12-BKGR-STR,0.036036036036036036,0.18637982761781263,5.172040216394301,0.963963963963964,0.0009126009126009128,False,0.07142857142857142,2024-06-24,110,intermittent,full,0.07692307692307693,0.9230769230769231
CC-CC-15-CHCM12-BKRD-STR,0.10810810810810811,0.3105168998128664,2.872281323269014,0.8918918918918919,0.0034749034749034756,False,0.21428571428571427,2024-06-24,110,intermittent,full,0.38461538461538464,0.6153846153846154
CC-CC-15-CHCM12-GRBK-STR,0.02702702702702703,0.16216216216216223,6.000000000000002,0.972972972972973,0.000508950508950509,False,0.05357142857142857,2024-06-24,110,intermittent,full,0.0,1.0
CC-CC-15-CHCM14-BKGR-STR,0.18018018018018017,0.4876529226206977,2.7064737205448726,0.8648648648648649,0.0028694278694278686,False,0.25,2024-06-24,110,intermittent,full,0.38461538461538464,0.7692307692307693
CC-CC-15-CHCM14-BKRD-STR,0.36936936936936937,0.7343309503536877,1.9880667192502275,0.7477477477477478,0.006598806598806599,False,0.5892857142857143,2024-06-24,110,intermittent,full,0.6923076923076923,0.46153846153846156
CC-CC-15-CHCM14-GRBK-STR,0.11711711711711711,0.34845188478943623,2.9752430162790326,0.8918918918918919,0.0024921024921024924,False,0.23214285714285715,2024-06-24,110,intermittent,full,0.15384615384615385,0.8461538461538461
CC-CC-15-CHCM15-BKGR-STR,0.06306306306306306,0.277676306440044,4.403152859263555,0.9459459459459459,0.0017111267111267116,False,0.08928571428571429,2024-06-24,110,intermittent,full,0.23076923076923078,0.8461538461538461
CC-CC-15-CHCM15-BKRD-STR,0.3783783783783784,0.7480190542215159,1.9769075004425778,0.7567567567567568,0.006651456651456652,False,0.6071428571428571,2024-06-24,110,intermittent,full,0.8461538461538461,0.5384615384615384
CC-CC-15-CHCM15-GRBK-STR,0.036036036036036036,0.22968556367535062,6.373774391990979,0.972972972972973,0.0008775008775008778,False,0.07142857142857142,2024-06-24,110,intermittent,full,0.0,1.0
CC-CC-15-CHCM16-BK-1TO,0.16216216216216217,0.5118512688771816,3.156416158075953,0.8918918918918919,0.002667602667602668,False,0.32142857142857145,2024-06-24,110,intermittent,full,0.07692307692307693,0.9230769230769231
CC-CC-15-CHCM16-BKGR-STR,0.23423423423423423,0.5527157351415481,2.3596710231043017,0.8108108108108109,-6.142506142505951e-05,False,0.35714285714285715,2024-06-24,110,intermittent,full,0.0,1.0
CC-CC-15-CHCM16-BKLG-STR,0.5225225225225225,0.8888381610393216,1.7010523426787016,0.6486486486486487,0.011784836784836787,False,0.8392857142857143,2024-06-24,110,intermittent,full,0.9230769230769231,0.46153846153846156
CC-CC-15-CHCM16-BKRD-STR,1.5585585585585586,2.02544482795148,1.2995628664891,0.4954954954954955,0.0406107406107406,False,2.8392857142857144,2025-06-30,58,smooth,medium,4.0,0.0
CC-CC-15-CHCM16-BLLG-STR,0.18018018018018017,0.4876529226206977,2.7064737205448726,0.8558558558558559,0.006774306774306773,False,0.35714285714285715,2024-06-24,110,intermittent,full,0.6923076923076923,0.5384615384615384
CC-CC-15-CHCM16-DGBK-STR,0.2972972972972973,0.6520182746926929,2.193152378511785,0.7837837837837838,0.01082836082836083,False,0.5892857142857143,2024-06-24,110,intermittent,full,1.2307692307692308,0.23076923076923078
CC-CC-15-CHCM16-GRBK-STR,0.35135135135135137,0.6929327756046635,1.9721932844132728,0.7567567567567568,0.009424359424359425,False,0.6964285714285714,2024-06-24,110,intermittent,full,0.7692307692307693,0.46153846153846156
CC-CC-15-CHCM16-LGBK-STR,0.12612612612612611,0.4053052929442159,3.2134919654862837,0.9009009009009009,0.005186030186030187,False,0.25,2024-06-24,110,intermittent,full,0.6153846153846154,0.5384615384615384
CC-CC-15-CHCV11-BKGR-STR,0.036036036036036036,0.18637982761781263,5.172040216394301,0.963963963963964,0.0014742014742014744,False,0.07142857142857142,2024-06-24,110,intermittent,full,0.07692307692307693,0.9230769230769231
CC-CC-15-CHCV11-BKRD-STR,0.07207207207207207,0.2586072089082401,3.5881750236018317,0.9279279279279279,0.0007546507546507547,False,0.08928571428571429,2024-06-24,110,intermittent,full,0.07692307692307693,0.9230769230769231
CC-CC-15-CHCV13-BKGR-STR,0.08108108108108109,0.3041791534438583,3.7515428924742524,0.9279279279279279,0.0023341523341523346,False,0.14285714285714285,2024-06-24,110,intermittent,full,0.23076923076923078,0.8461538461538461
CC-CC-15-CHCV13-BKRD-STR,0.3153153153153153,0.6573490575479172,2.0847355825091087,0.7747747747747747,0.008134433134433135,False,0.5357142857142857,2024-06-24,110,intermittent,full,0.8461538461538461,0.5384615384615384
CC-CC-15-CHCV13-GRBK-STR,0.06306306306306306,0.24307635249066736,3.8544964466377256,0.9369369369369369,0.001798876798876799,False,0.125,2024-06-24,110,intermittent,full,0.07692307692307693,0.9230769230769231
CC-CC-15-CHCV15-BKGR-STR,0.3063063063063063,0.5971824655559117,1.9496251081384177,0.7657657657657657,0.005098280098280099,False,0.4642857142857143,2024-06-24,110,intermittent,full,0.46153846153846156,0.6923076923076923
CC-CC-15-CHCV15-BKRD-STR,0.8378378378378378,1.3324808572601317,1.590380378020157,0.6126126126126126,0.023394173394173396,False,1.5178571428571428,2024-06-24,110,intermittent,full,2.5384615384615383,0.23076923076923078
CC-CC-15-CHCV15-GR-1TO,0.09009009009009009,0.2863107852625351,3.17804971641414,0.9099099099099099,0.0024921024921024924,False,0.17857142857142858,2024-06-24,110,intermittent,full,0.15384615384615385,0.8461538461538461
CC-CC-15-CHCV15-GRBK-STR,0.13513513513513514,0.4134340146156312,3.0594117081556704,0.8828828828828829,0.004080379080379081,False,0.26785714285714285,2024-06-24,110,intermittent,full,0.46153846153846156,0.5384615384615384
CC-CC-15-CHCV15-LGBK-STR,0.04504504504504504,0.3115606570412717,6.916646586316233,0.972972972972973,0.00214987714987715,False,0.08928571428571429,2024-06-24,110,intermittent,full,0.38461538461538464,0.7692307692307693
CC-CC-15-CHCV17-BKGR-STR,0.23423423423423423,0.5527157351415483,2.359671023104302,0.8198198198198198,0.003896103896103897,False,0.4107142857142857,2024-06-24,110,intermittent,full,0.38461538461538464,0.6923076923076923
CC-CC-15-CHCV17-BKRD-STR,0.5585585585585585,1.037014813803724,1.8565910376163448,0.6936936936936937,0.018322218322218326,False,1.0714285714285714,2024-06-24,110,intermittent,full,1.9230769230769231,0.23076923076923078
CC-CC-15-CHCV17-GR-1TO,0.018018018018018018,0.13301642396606667,7.3824115301167,0.9819819819819819,0.00039487539487539485,False,0.03571428571428571,2024-06-24,110,intermittent,full,0.0,1.0
CC-CC-15-CHCV17-GRBK-STR,0.05405405405405406,0.22612433149569605,4.183300132670377,0.9459459459459459,0.0012285012285012287,False,0.08928571428571429,2024-06-24,110,intermittent,full,0.15384615384615385,0.8461538461538461
CC-CC-15-CHCV20-BK-1TO,0.18018018018018017,0.4876529226206977,2.7064737205448726,0.8558558558558559,0.004677079677079677,False,0.35714285714285715,2024-06-24,110,intermittent,full,0.23076923076923078,0.8461538461538461
CC-CC-15-CHCV20-BKGR-STR,0.6666666666666666,1.2105641104317713,1.815846165647657,0.6486486486486487,0.022630747630747634,False,1.2857142857142858,2026-02-23,24,smooth,short,2.6923076923076925,0.0
CC-CC-15-CHCV20-BKRD-STR,4.408163265306122,2.009349243289405,0.45582459685731874,0.02040816326530612,0.024897959183673483,True,3.9107142857142856,2025-09-01,48,smooth,short,5.615384615384615,0.0
CC-CC-15-CHCV20-GR-1TO,0.26126126126126126,0.6672751058429264,2.5540529913298218,0.8288288288288288,0.008985608985608986,False,0.5178571428571429,2024-06-24,110,intermittent,full,1.0,0.46153846153846156
CC-CC-15-CHCV20-GRBK-STR,0.3963963963963964,0.9422923866661534,2.377146702725978,0.8018018018018018,0.007230607230607233,False,0.7857142857142857,2024-06-24,110,intermittent,full,0.07692307692307693,0.9230769230769231
CC-CC-15-CHCV20-LGBK-STR,0.17117117117117117,0.6827854169908618,3.9889042782097714,0.9279279279279279,0.008424008424008424,False,0.3392857142857143,2024-06-24,110,intermittent,full,1.4615384615384615,0.38461538461538464
CC-CC-15-CHCV21-BKGR-STR,0.8828828828828829,1.0110982231782486,1.1452234976814857,0.46846846846846846,0.020700245700245704,False,1.4642857142857142,2024-06-24,110,intermittent,full,1.9230769230769231,0.07692307692307693
CC-CC-15-CHCV21-BKRD-STR,3.2962962962962963,1.977930358936102,0.6000462886660084,0.07407407407407407,0.019592147894034646,True,3.232142857142857,2025-07-28,53,smooth,medium,3.5384615384615383,0.07692307692307693
CC-CC-15-CHCV21-BLLG-STR,0.16216216216216217,0.43579771612424595,2.6874192494328497,0.8648648648648649,0.005370305370305372,False,0.32142857142857145,2024-06-24,110,intermittent,full,0.38461538461538464,0.6923076923076923
CC-CC-15-CHCV21-DGBK-STR,0.2702702702702703,0.6429933650470444,2.379075450674064,0.8108108108108109,0.00910845910845911,False,0.5357142857142857,2024-06-24,110,intermittent,full,0.9230769230769231,0.3076923076923077
CC-CC-15-CHCV21-GR-1TO,0.11711711711711711,0.3968056855053196,3.3881100839300364,0.9009009009009009,0.0026500526500526506,False,0.23214285714285715,2024-06-24,110,intermittent,full,0.15384615384615385,0.8461538461538461
CC-CC-15-CHCV21-GRBK-STR,0.2882882882882883,0.6207723667370167,2.153304147119027,0.7927927927927928,0.009696384696384699,False,0.5714285714285714,2024-06-24,110,intermittent,full,0.9230769230769231,0.38461538461538464
CC-CC-15-CHCV21-LGBK-STR,0.27927927927927926,0.7613545441007784,2.726140464360852,0.8378378378378378,0.011232011232011233,False,0.5535714285714286,2024-06-24,110,intermittent,full,1.4615384615384615,0.3076923076923077
CC-CC-15-CHCV22-BKGR-STR,0.1981981981981982,0.6124801128570642,3.0902405694151875,0.8738738738738738,0.005238680238680239,False,0.39285714285714285,2024-06-24,110,intermittent,full,0.46153846153846156,0.7692307692307693
CC-CC-15-CHCV22-BKLG-STR,0.2072072072072072,0.5553526128800877,2.6801800012908585,0.8378378378378378,0.004115479115479116,False,0.30357142857142855,2024-06-24,110,intermittent,full,0.6153846153846154,0.7692307692307693
CC-CC-15-CHCV22-BKRD-STR,1.1711711711711712,1.6156546876729352,1.3795205410130447,0.5225225225225225,0.03367848367848368,False,2.232142857142857,2025-06-09,61,smooth,medium,2.769230769230769,0.0
CC-CC-15-CHCV22-GR-1TO,0.18018018018018017,0.4491874184619068,2.492990172463583,0.8468468468468469,0.005265005265005266,False,0.35714285714285715,2024-06-24,110,intermittent,full,0.5384615384615384,0.5384615384615384
CC-CC-15-CHCV22-GRBK-STR,0.2702702702702703,0.5842674006158907,2.1617893822787955,0.7927927927927928,0.008441558441558443,False,0.5357142857142857,2024-06-24,110,intermittent,full,0.6923076923076923,0.46153846153846156
CC-CC-15-CHCV22-LGBK-STR,0.07207207207207207,0.2913686779963285,4.042740407199058,0.9369369369369369,0.003413478413478414,False,0.14285714285714285,2024-06-24,110,intermittent,full,0.5384615384615384,0.5384615384615384
CC-CC-15-CHCV25-DGBK-STR,0.009009009009009009,0.09448728361893258,10.488088481701515,0.990990990990991,0.00021937521937521947,False,0.017857142857142856,2024-06-24,110,intermittent,full,0.0,1.0
CC-CC-15-CHEL03-BKGR-STR,0.18018018018018017,0.40710355054756775,2.259424705539001,0.8288288288288288,0.003176553176553176,False,0.30357142857142855,2024-06-24,110,intermittent,full,0.3076923076923077,0.7692307692307693
CC-CC-15-CHEL03-BKRD-STR,0.18018018018018017,0.5402401567771153,2.99833287011299,0.8648648648648649,0.004396279396279397,False,0.32142857142857145,2024-06-24,110,intermittent,full,0.38461538461538464,0.6923076923076923
CC-CC-15-CHEL03-GR-1TO,0.036036036036036036,0.18637982761781263,5.172040216394301,0.963963963963964,0.0007634257634257634,False,0.07142857142857142,2024-06-24,110,intermittent,full,0.0,1.0
CC-CC-15-CHEL03-GRBK-STR,0.08108108108108109,0.27295959292870475,3.3665016461206916,0.918918918918919,0.0016409266409266412,False,0.125,2024-06-24,110,intermittent,full,0.15384615384615385,0.8461538461538461
CC-CC-15-CHSI01-BKLG-STR,0.02702702702702703,0.2105102963161788,7.788880963698615,0.9819819819819819,0.001412776412776413,False,0.05357142857142857,2024-06-24,110,intermittent,full,0.23076923076923078,0.8461538461538461
CC-CC-15-CHSI01-BKRD-STR,0.018018018018018018,0.18897456723786515,10.488088481701515,0.990990990990991,0.0009301509301509303,False,0.03571428571428571,2024-06-24,110,intermittent,full,0.15384615384615385,0.9230769230769231
CC-CC-15-CHSI01-DGBK-STR,0.009009009009009009,0.09448728361893258,10.488088481701515,0.990990990990991,0.00048262548262548264,False,0.017857142857142856,2024-06-24,110,intermittent,full,0.07692307692307693,0.9230769230769231
CC-CC-15-CHSI01-LGBK-STR,0.009009009009009009,0.09448728361893258,10.488088481701515,0.990990990990991,0.00048262548262548264,False,0.017857142857142856,2024-06-24,110,intermittent,full,0.07692307692307693,0.9230769230769231
CC-CC-15-DGCA08-BK-1TO,0.009009009009009009,0.09448728361893259,10.488088481701517,0.990990990990991,8.775008775008773e-05,False,0.017857142857142856,2024-06-24,110,intermittent,full,0.0,1.0
CC-CC-15-DGCA08-BKGR-STR,0.36936936936936937,0.6566078255239134,1.7776455764183996,0.7207207207207207,0.005782730782730784,False,0.5357142857142857,2024-06-24,110,intermittent,full,0.6153846153846154,0.46153846153846156
CC-CC-15-DGCA08-BKRD-STR,0.7477477477477478,1.233675154495401,1.6498547246866206,0.6306306306306306,0.021279396279396283,False,1.3392857142857142,2026-04-20,16,smooth,short,2.6153846153846154,0.07692307692307693
CC-CC-15-DGCA08-GRBK-STR,0.1891891891891892,0.45546755530683014,2.4074713637646736,0.8378378378378378,0.006142506142506142,False,0.375,2024-06-24,110,intermittent,full,0.6153846153846154,0.5384615384615384
CC-CC-15-DGCH05-BK-1TO,0.3153153153153153,1.01326323236054,3.2134919654862837,0.8648648648648649,0.005265005265005265,False,0.625,2024-06-24,110,intermittent,full,0.0,1.0
CC-CC-15-DGCH05-BKGR-STR,0.3153153153153153,0.8272605609548827,2.623597779028342,0.8288288288288288,0.009713934713934714,False,0.625,2024-06-24,110,intermittent,full,1.0769230769230769,0.6153846153846154
CC-CC-15-DGCH05-BKLG-STR,0.3963963963963964,0.6335838188294503,1.5983591793197496,0.6756756756756757,0.006379431379431379,False,0.6071428571428571,2024-06-24,110,intermittent,full,0.6153846153846154,0.6153846153846154
CC-CC-15-DGCH05-BKRD-STR,3.8625,3.117465918017389,0.8071109172860554,0.0875,0.0625996249413971,True,4.75,2025-01-27,79,smooth,medium,5.846153846153846,0.0
CC-CC-15-DGCH05-BLLG-STR,0.1891891891891892,0.52869912616653,2.794552524023087,0.8648648648648649,0.006712881712881714,False,0.375,2024-06-24,110,intermittent,full,0.6923076923076923,0.5384615384615384
CC-CC-15-DGCH05-DGBK-STR,0.43243243243243246,0.9066483333628198,2.0966242709015206,0.7567567567567568,0.015277290277290278,False,0.8571428571428571,2024-06-24,110,intermittent,full,1.5384615384615385,0.23076923076923078
CC-CC-15-DGCH05-GR-1TO,0.17117117117117117,0.5176849693174285,3.024370083907082,0.8648648648648649,0.005028080028080029,False,0.3392857142857143,2024-06-24,110,intermittent,full,0.5384615384615384,0.6923076923076923
CC-CC-15-DGCH05-GRBK-STR,0.43243243243243246,0.8659902587890389,2.0026024734496524,0.7387387387387387,0.0093980343980344,False,0.8214285714285714,2024-06-24,110,intermittent,full,0.6923076923076923,0.46153846153846156
CC-CC-15-DGCH05-LGBK-STR,0.15315315315315314,0.5566663677756905,3.634703930770685,0.9009009009009009,0.006002106002106001,False,0.30357142857142855,2024-06-24,110,intermittent,full,0.7692307692307693,0.6153846153846154
CC-CC-15-DGCH26-BKLG-STR,0.009009009009009009,0.09448728361893258,10.488088481701515,0.990990990990991,0.00039487539487539496,False,0.017857142857142856,2024-06-24,110,intermittent,full,0.07692307692307693,0.9230769230769231
CC-CC-15-FDRO01-BKLG-STR,0.009009009009009009,0.0944872836189326,10.488088481701519,0.990990990990991,-0.00042120042120042143,False,0.0,2024-06-24,110,intermittent,full,0.0,1.0
CC-CC-15-FOBR11-BKGR-STR,0.06306306306306306,0.2430763524906674,3.854496446637726,0.9369369369369369,0.0015795015795015798,False,0.10714285714285714,2024-06-24,110,intermittent,full,0.23076923076923078,0.7692307692307693
CC-CC-15-FOBR11-BKRD-STR,0.08108108108108109,0.2729595929287049,3.366501646120694,0.918918918918919,0.0021235521235521237,False,0.14285714285714285,2024-06-24,110,intermittent,full,0.07692307692307693,0.9230769230769231
CC-CC-15-FOBR11-GRBK-STR,0.09009009009009009,0.2863107852625351,3.17804971641414,0.9099099099099099,0.002729027729027729,False,0.17857142857142858,2024-06-24,110,intermittent,full,0.15384615384615385,0.8461538461538461
CC-CC-15-FOBR12-BKGR-STR,0.08108108108108109,0.3041791534438583,3.7515428924742524,0.9279279279279279,0.0012987012987012985,False,0.125,2024-06-24,110,intermittent,full,0.07692307692307693,0.9230769230769231
CC-CC-15-FOBR12-BKRD-STR,0.12612612612612611,0.3319914553637527,2.6322179675268966,0.8738738738738738,0.0027816777816777813,False,0.21428571428571427,2024-06-24,110,intermittent,full,0.07692307692307693,0.9230769230769231
CC-CC-15-FOBR12-GRBK-STR,0.05405405405405406,0.2261243314956961,4.183300132670378,0.9459459459459459,0.002272727272727273,False,0.10714285714285714,2024-06-24,110,intermittent,full,0.3076923076923077,0.6923076923076923
CC-CC-15-FOBR13-BKGR-STR,0.23423423423423423,0.46411700441049586,1.9814225957525016,0.7837837837837838,0.005405405405405406,False,0.39285714285714285,2024-06-24,110,intermittent,full,0.6153846153846154,0.38461538461538464
CC-CC-15-FOBR13-BKLG-STR,0.1891891891891892,0.52869912616653,2.794552524023087,0.8648648648648649,0.0009564759564759571,False,0.16071428571428573,2024-06-24,110,intermittent,full,0.23076923076923078,0.8461538461538461
CC-CC-15-FOBR13-BKRD-STR,0.45045045045045046,0.8024594933925531,1.7814600753314678,0.6936936936936937,0.01453141453141453,False,0.8928571428571429,2024-06-24,110,intermittent,full,1.3846153846153846,0.07692307692307693
CC-CC-15-FOBR13-GRBK-STR,0.26126126126126126,0.5487366606429211,2.1003368734953187,0.7927927927927928,0.008406458406458407,False,0.5178571428571429,2024-06-24,110,intermittent,full,0.6153846153846154,0.6153846153846154
CC-CC-15-FOBR13-LGBK-STR,0.009009009009009009,0.09448728361893258,10.488088481701515,0.990990990990991,0.0004475254475254477,False,0.017857142857142856,2024-06-24,110,intermittent,full,0.07692307692307693,0.9230769230769231
CC-CC-15-FOMU12-BKGR-STR,0.4144144144144144,0.7765535834057639,1.8738575599573868,0.7207207207207207,0.009801684801684805,False,0.6785714285714286,2024-06-24,110,intermittent,full,1.1538461538461537,0.46153846153846156
CC-CC-15-FOMU12-BKRD-STR,1.009009009009009,1.1270266669546667,1.1169639288568574,0.42342342342342343,0.0191997191997192,False,1.5892857142857142,2026-05-04,14,smooth,short,2.1538461538461537,0.0
CC-CC-15-FOMU12-GR-1TO,0.02702702702702703,0.16216216216216223,6.000000000000002,0.972972972972973,0.000465075465075465,False,0.05357142857142857,2024-06-24,110,intermittent,full,0.0,1.0
CC-CC-15-FOMU12-GRBK-STR,0.23423423423423423,0.50143856036309,2.140756930780884,0.8018018018018018,0.0064847314847314855,False,0.44642857142857145,2024-06-24,110,intermittent,full,0.6153846153846154,0.5384615384615384
CC-CC-15-FOMU12-LGBK-STR,0.07207207207207207,0.2586072089082401,3.5881750236018317,0.9279279279279279,0.0028606528606528606,False,0.14285714285714285,2024-06-24,110,intermittent,full,0.15384615384615385,0.8461538461538461
CC-CC-15-FOMU183-BK-1TO,0.15315315315315314,0.4491874184619067,2.932929614663038,0.8738738738738738,0.003474903474903475,False,0.30357142857142855,2024-06-24,110,intermittent,full,0.15384615384615385,0.8461538461538461
CC-CC-15-FOMU183-BKGR-STR,0.35135135135135137,0.7308966312422276,2.0802442581509553,0.7387387387387387,0.005098280098280099,False,0.5178571428571429,2024-06-24,110,intermittent,full,0.7692307692307693,0.46153846153846156
CC-CC-15-FOMU183-BKRD-STR,0.7117117117117117,1.0079627780503146,1.416251498273227,0.5675675675675675,0.01762899262899263,False,1.2142857142857142,2026-05-11,13,smooth,short,2.0,0.07692307692307693
CC-CC-15-FOMU183-GR-1TO,0.009009009009009009,0.09448728361893259,10.488088481701517,0.990990990990991,7.897507897507897e-05,False,0.017857142857142856,2024-06-24,110,intermittent,full,0.0,1.0
CC-CC-15-FOMU183-GRBK-STR,0.1891891891891892,0.6079579394163241,3.2134919654862846,0.8828828828828829,0.0030186030186030175,False,0.375,2024-06-24,110,intermittent,full,0.07692307692307693,0.9230769230769231
CC-CC-15-FOMU183-LGBK-STR,0.10810810810810811,0.4522486629913922,4.183300132670378,0.9369369369369369,0.005352755352755353,False,0.21428571428571427,2024-06-24,110,intermittent,full,0.9230769230769231,0.46153846153846156
CC-CC-15-FOMU187-BK-1TO,0.17117117117117117,0.6132746819862167,3.5828152473931607,0.9099099099099099,0.0028606528606528606,False,0.3392857142857143,2024-06-24,110,intermittent,full,0.15384615384615385,0.9230769230769231
CC-CC-15-FOMU187-BKGR-STR,1.045045045045045,1.3779955895494698,1.3185992279309582,0.5135135135135135,0.02703580203580204,False,1.8928571428571428,2026-01-12,30,smooth,short,2.5384615384615383,0.0
CC-CC-15-FOMU187-BKLG-STR,0.009009009009009009,0.0944872836189326,10.488088481701519,0.990990990990991,-0.00014917514917514913,False,0.0,2024-06-24,110,intermittent,full,0.0,1.0
CC-CC-15-FOMU187-BKRD-STR,2.0727272727272728,2.5323689624506676,1.2217569555683045,0.38181818181818183,0.0511146676284291,True,3.7142857142857144,2025-03-17,73,smooth,medium,4.769230769230769,0.0
CC-CC-15-FOMU187-DGBK-STR,0.009009009009009009,0.09448728361893258,10.488088481701515,0.990990990990991,0.00048262548262548264,False,0.017857142857142856,2024-06-24,110,intermittent,full,0.07692307692307693,0.9230769230769231
CC-CC-15-FOMU187-GR-1TO,0.3963963963963964,0.8519112511329063,2.1491397471761955,0.7657657657657657,0.010679185679185679,False,0.7857142857142857,2024-06-24,110,intermittent,full,0.6923076923076923,0.5384615384615384
CC-CC-15-FOMU187-GRBK-STR,0.5045045045045045,1.0976951600486007,2.175788620810619,0.7657657657657657,0.009204984204984208,False,1.0,2024-06-24,110,intermittent,full,0.0,1.0
CC-CC-15-FOMU187-LGBK-STR,0.18018018018018017,0.7616742842467837,4.22729227756965,0.9279279279279279,0.008897858897858898,False,0.35714285714285715,2024-06-24,110,intermittent,full,1.4615384615384615,0.46153846153846156
CC-CC-15-JEGL11-BKGR-STR,0.11711711711711711,0.3484518847894363,2.975243016279033,0.8918918918918919,0.0024131274131274135,False,0.19642857142857142,2024-06-24,110,intermittent,full,0.07692307692307693,0.9230769230769231
CC-CC-15-JEGL11-BKRD-STR,0.2882882882882883,0.6895276799334217,2.3917991397690566,0.8108108108108109,0.007739557739557742,False,0.5714285714285714,2024-06-24,110,intermittent,full,0.6153846153846154,0.46153846153846156
CC-CC-15-JEGL11-GRBK-STR,0.05405405405405406,0.2261243314956961,4.183300132670378,0.9459459459459459,0.0015180765180765182,False,0.10714285714285714,2024-06-24,110,intermittent,full,0.15384615384615385,0.8461538461538461
CC-CC-15-JEWR06-BKGR-STR,0.009009009009009009,0.09448728361893259,10.488088481701517,0.990990990990991,0.00012285012285012285,False,0.017857142857142856,2024-06-24,110,intermittent,full,0.0,1.0
CC-CC-15-JEWR06-BKLG-STR,0.0990990990990991,0.32756142275131245,3.3053925386723346,0.9099099099099099,0.00336960336960337,False,0.19642857142857142,2024-06-24,110,intermittent,full,0.23076923076923078,0.7692307692307693
CC-CC-15-JEWR06-BKRD-STR,0.15315315315315314,0.4071035505475677,2.6581467123988247,0.8648648648648649,0.005396630396630397,False,0.30357142857142855,2024-06-24,110,intermittent,full,0.6153846153846154,0.46153846153846156
CC-CC-15-JEWR06-LGBK-STR,0.10810810810810811,0.3382879883877223,3.129163892586431,0.9009009009009009,0.0042207792207792205,False,0.21428571428571427,2024-06-24,110,intermittent,full,0.38461538461538464,0.6923076923076923
CC-CC-15-JEWR12-BKGR-STR,0.34234234234234234,0.7165419396449793,2.09305671843665,0.7747747747747747,0.009705159705159706,False,0.625,2024-06-24,110,intermittent,full,1.2307692307692308,0.23076923076923078
CC-CC-15-JEWR12-BKRD-STR,0.6306306306306306,1.0648176084390908,1.6884964933819868,0.6666666666666666,0.019857844857844857,False,1.25,2024-06-24,110,intermittent,full,1.6153846153846154,0.23076923076923078
CC-CC-15-JEWR12-GRBK-STR,0.2072072072072072,0.46725414341945726,2.255009126937381,0.8198198198198198,0.005958230958230958,False,0.4107142857142857,2024-06-24,110,intermittent,full,0.46153846153846156,0.6153846153846154
CC-CC-15-JEWR12-LGBK-STR,0.036036036036036036,0.22968556367535067,6.373774391990981,0.972972972972973,0.0017813267813267819,False,0.07142857142857142,2024-06-24,110,intermittent,full,0.3076923076923077,0.7692307692307693
CC-CC-15-MZMX38-BKGR-STR,0.06306306306306306,0.24307635249066742,3.8544964466377265,0.9369369369369369,0.0023955773955773962,False,0.125,2024-06-24,110,intermittent,full,0.3076923076923077,0.6923076923076923
CC-CC-15-MZMX38-BKLG-STR,0.08108108108108109,0.2729595929287049,3.366501646120694,0.918918918918919,-0.0005616005616005617,False,0.07142857142857142,2024-06-24,110,intermittent,full,0.0,1.0
CC-CC-15-MZMX38-BKRD-STR,0.6216216216216216,1.0909459822140974,1.7550000583444176,0.6666666666666666,0.01739206739206739,False,1.1964285714285714,2024-06-24,110,intermittent,full,1.5384615384615385,0.3076923076923077
CC-CC-15-MZMX38-GRBK-STR,0.2882882882882883,0.6351191615140384,2.2030695915018206,0.7927927927927928,0.008590733590733592,False,0.5714285714285714,2024-06-24,110,intermittent,full,1.0769230769230769,0.3076923076923077
CC-CC-15-TEM301-BKGR-STR,0.036036036036036036,0.18637982761781263,5.172040216394301,0.963963963963964,0.0010091260091260091,False,0.07142857142857142,2024-06-24,110,intermittent,full,0.07692307692307693,0.9230769230769231
CC-CC-15-TEM301-BKRD-STR,0.036036036036036036,0.18637982761781263,5.172040216394301,0.963963963963964,0.001368901368901369,False,0.07142857142857142,2024-06-24,110,intermittent,full,0.15384615384615385,0.8461538461538461
CC-CC-15-TEM301-LGBK-STR,0.009009009009009009,0.09448728361893258,10.488088481701515,0.990990990990991,0.0004563004563004563,False,0.017857142857142856,2024-06-24,110,intermittent,full,0.07692307692307693,0.9230769230769231
CC-CC-15-TEMY01-BKGR-STR,0.0990990990990991,0.3539978865655586,3.5721604917070002,0.918918918918919,0.004115479115479116,False,0.19642857142857142,2024-06-24,110,intermittent,full,0.6153846153846154,0.5384615384615384
CC-CC-15-TEMY01-BKRD-STR,0.09009009009009009,0.2863107852625351,3.17804971641414,0.9099099099099099,0.0031590031590031597,False,0.17857142857142858,2024-06-24,110,intermittent,full,0.38461538461538464,0.6153846153846154
CC-CC-15-TEMY01-GRBK-STR,0.04504504504504504,0.2074029627607448,4.604345773288535,0.954954954954955,0.0018603018603018605,False,0.08928571428571429,2024-06-24,110,intermittent,full,0.23076923076923078,0.7692307692307693
CC-CC-15-VWNB12-BKGR-STR,0.02702702702702703,0.16216216216216217,6.0,0.972972972972973,0.0007107757107757109,False,0.05357142857142857,2024-06-24,110,intermittent,full,0.07692307692307693,0.9230769230769231
CC-CC-15-VWNB12-BKRD-STR,0.06306306306306306,0.24307635249066736,3.8544964466377256,0.9369369369369369,0.0018427518427518432,False,0.125,2024-06-24,110,intermittent,full,0.07692307692307693,0.9230769230769231
CC-CC-15-VWNB12-GRBK-STR,0.02702702702702703,0.16216216216216217,6.0,0.972972972972973,0.0009564759564759566,False,0.05357142857142857,2024-06-24,110,intermittent,full,0.07692307692307693,0.9230769230769231
CC-CN-03-B-GR-1TO,27.396396396396398,15.773897516780595,0.575765414127802,0.0,0.3298350298350297,False,37.410714285714285,2024-06-24,110,smooth,full,35.23076923076923,0.0
CC-CN-03-D-GR-1TO,61.468468468468465,35.47256770825272,0.5770855951364579,0.0,0.7829852579852578,False,85.17857142857143,2024-06-24,110,smooth,full,81.07692307692308,0.0
CC-CN-03-F-GR-1TO,19.83783783783784,10.658110763863572,0.5372617142547033,0.0,0.2512285012285012,False,26.589285714285715,2024-06-24,110,smooth,full,28.53846153846154,0.0
CC-CN-03-G-GR-1TO,6.576576576576577,4.451033991724549,0.6768010590156506,0.04504504504504504,0.09543699543699544,False,9.482142857142858,2024-06-24,110,smooth,full,10.461538461538462,0.0
CC-CN-03-H-GR-1TO,9.873873873873874,5.751798962012452,0.5825270846563706,0.009009009009009009,0.11610214110214111,False,13.142857142857142,2024-06-24,110,smooth,full,15.076923076923077,0.0
CC-CN-03-I-GR-1TO,12.612612612612613,5.376242653205603,0.42625923893272993,0.0,0.0818532818532818,False,14.714285714285714,2024-06-24,110,smooth,full,19.0,0.0
CC-CN-03-J-GR-1TO,56.648648648648646,35.4676984495609,0.6260996386611418,0.0,0.5757371007371007,False,75.64285714285714,2024-06-24,110,smooth,full,54.61538461538461,0.0
CC-CN-03-K-GR-1TO,53.270270270270274,31.329100522782227,0.5881160422845978,0.0,0.7389610389610389,False,75.64285714285714,2024-06-24,110,smooth,full,75.84615384615384,0.0
CC-CN-03-L-GR-1TO,36.67567567567568,23.869827976056413,0.650835398020698,0.009009009009009009,0.5730870480870482,False,53.410714285714285,2024-06-24,110,smooth,full,57.30769230769231,0.0
CC-CN-03-M-GR-1TO,52.42342342342342,29.178095433818793,0.5565850821711439,0.0,0.7386539136539138,False,74.26785714285714,2024-06-24,110,smooth,full,84.15384615384616,0.0
CC-CN-03-N-GR-1TO,49.06306306306306,26.619196243231364,0.5425506395517227,0.0,0.6024745524745524,False,66.57142857142857,2024-06-24,110,smooth,full,69.76923076923077,0.0
CC-CN-03-P-GR-1TO,63.891891891891895,33.05941998241799,0.5174274701139872,0.0,0.8385749385749384,False,87.76785714285714,2024-06-24,110,smooth,full,94.84615384615384,0.0
CC-CN-03-R-GR-1TO,30.684684684684683,14.226597335533999,0.4636383747047193,0.0,0.3404615654615655,False,40.607142857142854,2024-06-24,110,smooth,full,45.92307692307692,0.0
CC-CN-03-T-GR-1TO,12.423423423423424,5.8287104712491535,0.46917103865747356,0.0,0.12435064935064934,False,15.910714285714286,2024-06-24,110,smooth,full,19.692307692307693,0.0
CC-CN-03-X-GR-1TO,65.43243243243244,41.31566498753895,0.6314248676327721,0.0,0.712881712881713,False,87.80357142857143,2024-06-24,110,smooth,full,70.15384615384616,0.0
CC-CN-15-B-BK-1TO,0.26126126126126126,0.5148552094497135,1.9706526982385586,0.7747747747747747,0.0004036504036504037,False,0.26785714285714285,2024-06-24,110,intermittent,full,0.23076923076923078,0.7692307692307693
CC-CN-15-B-BKGR-STR,0.2972972972972973,0.6091582524099809,2.04898684901539,0.7747747747747747,0.00465952965952966,False,0.4642857142857143,2024-06-24,110,intermittent,full,0.46153846153846156,0.6923076923076923
CC-CN-15-B-BKRD-STR,0.8648648648648649,1.1269546501702263,1.3030413142593242,0.5315315315315315,0.019226044226044226,False,1.4464285714285714,2026-04-13,17,smooth,short,2.4615384615384617,0.07692307692307693
CC-CN-15-B-GR-1TO,0.16216216216216217,0.4357977161242459,2.6874192494328497,0.8648648648648649,0.0011846261846261842,False,0.21428571428571427,2024-06-24,110,intermittent,full,0.07692307692307693,0.9230769230769231
CC-CN-15-B-GRBK-STR,0.25225225225225223,0.6502732408150841,2.577868918945512,0.8108108108108109,0.0073797823797823806,False,0.44642857142857145,2024-06-24,110,intermittent,full,0.8461538461538461,0.5384615384615384
CC-CN-15-B-LGBK-STR,0.11711711711711711,0.4398758780444577,3.7558632663796008,0.918918918918919,0.00408037908037908,False,0.19642857142857142,2024-06-24,110,intermittent,full,0.6923076923076923,0.6153846153846154
CC-CN-15-D-BK-1TO,0.4954954954954955,0.8369170567562951,1.6890507872717957,0.6666666666666666,0.008239733239733238,False,0.7678571428571429,2024-06-24,110,intermittent,full,0.38461538461538464,0.7692307692307693
CC-CN-15-D-BKGR-STR,1.072072072072072,1.353751622072925,1.2627431096646613,0.40540540540540543,0.016549666549666553,False,1.5535714285714286,2026-04-06,18,smooth,short,2.076923076923077,0.15384615384615385
CC-CN-15-D-BKLG-STR,0.06306306306306306,0.3084187886238502,4.890640791035339,0.954954954954955,-0.0007283257283257305,False,0.05357142857142857,2024-06-24,110,intermittent,full,0.0,1.0
CC-CN-15-D-BKRD-STR,3.0,2.765062317607537,0.9216874392025124,0.27848101265822783,0.06976630963972738,True,4.035714285714286,2025-02-03,78,smooth,medium,5.615384615384615,0.0
CC-CN-15-D-BLLG-STR,0.1891891891891892,0.5617462078601766,2.969229955832362,0.8738738738738738,0.005256230256230256,False,0.375,2024-06-24,110,intermittent,full,0.15384615384615385,0.8461538461538461
CC-CN-15-D-DGBK-STR,0.3783783783783784,0.8059916845529743,2.1301208806042893,0.7747747747747747,0.013443313443313442,False,0.75,2024-06-24,110,intermittent,full,1.2307692307692308,0.3076923076923077
CC-CN-15-D-GR-1TO,0.5855855855855856,1.0860994634364338,1.8547236990991407,0.6936936936936937,0.015689715689715687,False,1.0178571428571428,2024-06-24,110,intermittent,full,1.7692307692307692,0.23076923076923078
CC-CN-15-D-GRBK-STR,0.6396396396396397,0.9936083372225036,1.5533876821365902,0.6396396396396397,0.015066690066690066,False,1.1607142857142858,2024-06-24,110,intermittent,full,1.3846153846153846,0.23076923076923078
CC-CN-15-D-LGBK-STR,0.5315315315315315,1.0723370101885774,2.017447595439527,0.7297297297297297,0.02002457002457003,False,1.0,2026-02-16,25,smooth,short,2.4615384615384617,0.07692307692307693
CC-CN-15-F-BK-1TO,0.2072072072072072,0.5219008417282969,2.51873884486265,0.8378378378378378,0.0044840294840294845,False,0.32142857142857145,2024-06-24,110,intermittent,full,0.5384615384615384,0.6923076923076923
CC-CN-15-F-BKGR-STR,0.08108108108108109,0.3324800376080349,4.100587130499097,0.9369369369369369,0.0005177255177255178,False,0.125,2024-06-24,110,intermittent,full,0.0,1.0
CC-CN-15-F-BKLG-STR,0.1981981981981982,0.5338930591001461,2.6937331618234643,0.8378378378378378,0.006107406107406108,False,0.3392857142857143,2024-06-24,110,intermittent,full,0.9230769230769231,0.38461538461538464
CC-CN-15-F-BKRD-STR,0.8468468468468469,1.1640113788351147,1.3745240750074228,0.5495495495495496,0.019050544050544054,False,1.5,2024-06-24,110,intermittent,full,1.6923076923076923,0.23076923076923078
CC-CN-15-F-GR-1TO,0.3333333333333333,0.6621468405410077,1.9864405216230232,0.7477477477477478,0.007783432783432785,False,0.5892857142857143,2024-06-24,110,intermittent,full,0.46153846153846156,0.6153846153846154
CC-CN-15-F-GRBK-STR,0.1891891891891892,0.45546755530683014,2.4074713637646736,0.8378378378378378,0.0050456300456300455,False,0.35714285714285715,2024-06-24,110,intermittent,full,0.38461538461538464,0.7692307692307693
CC-CN-15-F-LGBK-STR,0.25225225225225223,0.7409327998180932,2.937269313564584,0.8468468468468469,0.005967005967005968,False,0.39285714285714285,2024-06-24,110,intermittent,full,1.2307692307692308,0.3076923076923077
CC-CN-15-G-BK-1TO,0.15315315315315314,0.42866224336469627,2.798912294910664,0.8738738738738738,0.003843453843453844,False,0.26785714285714285,2024-06-24,110,intermittent,full,0.46153846153846156,0.6153846153846154
CC-CN-15-G-BKGR-STR,0.04504504504504504,0.2074029627607448,4.604345773288535,0.954954954954955,0.0004036504036504036,False,0.07142857142857142,2024-06-24,110,intermittent,full,0.0,1.0
CC-CN-15-G-BKLG-STR,0.13513513513513514,0.3672759839754867,2.7178422814186014,0.8738738738738738,0.0034836784836784814,False,0.21428571428571427,2024-06-24,110,intermittent,full,0.5384615384615384,0.5384615384615384
CC-CN-15-G-BKRD-STR,0.27927927927927926,0.522833085713402,1.8720797585221816,0.7567567567567568,0.00867848367848368,False,0.5178571428571429,2024-06-24,110,intermittent,full,1.0,0.23076923076923078
CC-CN-15-G-GR-1TO,0.02702702702702703,0.16216216216216217,6.0,0.972972972972973,0.0005791505791505793,False,0.03571428571428571,2024-06-24,110,intermittent,full,0.07692307692307693,0.9230769230769231
CC-CN-15-G-GRBK-STR,0.0990990990990991,0.29879502615814413,3.015113445777636,0.9009009009009009,0.0014654264654264653,False,0.14285714285714285,2024-06-24,110,intermittent,full,0.15384615384615385,0.8461538461538461
CC-CN-15-G-LGBK-STR,0.02702702702702703,0.16216216216216217,6.0,0.972972972972973,-0.000544050544050544,False,0.017857142857142856,2024-06-24,110,intermittent,full,0.0,1.0
CC-CN-15-H-BK-1TO,0.09009009009009009,0.3162149328789953,3.509985754956848,0.918918918918919,0.0016233766233766237,False,0.14285714285714285,2024-06-24,110,intermittent,full,0.07692307692307693,0.9230769230769231
CC-CN-15-H-BKGR-STR,0.12612612612612611,0.358101025483816,2.8392295591931127,0.8828828828828829,0.0031941031941031942,False,0.19642857142857142,2024-06-24,110,intermittent,full,0.46153846153846156,0.5384615384615384
CC-CN-15-H-BKRD-STR,0.36036036036036034,0.6408439367127473,1.778341924377874,0.7027027027027027,0.007792207792207792,False,0.5714285714285714,2024-06-24,110,intermittent,full,1.1538461538461537,0.23076923076923078
CC-CN-15-H-GR-1TO,0.05405405405405406,0.22612433149569605,4.183300132670377,0.9459459459459459,0.001377676377676378,False,0.10714285714285714,2024-06-24,110,intermittent,full,0.07692307692307693,0.9230769230769231
CC-CN-15-H-GRBK-STR,0.06306306306306306,0.2430763524906674,3.854496446637726,0.9369369369369369,0.0020972270972270976,False,0.125,2024-06-24,110,intermittent,full,0.23076923076923078,0.7692307692307693
CC-CN-15-I-BK-1TO,0.14414414414414414,0.3992526091200062,2.769814975770043,0.8738738738738738,0.0015531765531765533,False,0.14285714285714285,2024-06-24,110,intermittent,full,0.23076923076923078,0.7692307692307693
CC-CN-15-I-BKGR-STR,0.11711711711711711,0.3215597891454909,2.745625891934576,0.8828828828828829,0.0007283257283257281,False,0.14285714285714285,2024-06-24,110,intermittent,full,0.15384615384615385,0.8461538461538461
CC-CN-15-I-BKRD-STR,0.3153153153153153,0.6293423133900173,1.995914193894055,0.7387387387387387,0.006897156897156899,False,0.5,2024-06-24,110,intermittent,full,0.8461538461538461,0.38461538461538464
CC-CN-15-I-GR-1TO,0.13513513513513514,0.3672759839754867,2.7178422814186014,0.8738738738738738,0.003957528957528958,False,0.25,2024-06-24,110,intermittent,full,0.46153846153846156,0.6153846153846154
CC-CN-15-I-GRBK-STR,0.1981981981981982,0.5167434378270265,2.607205527218179,0.8558558558558559,0.0052386802386802395,False,0.3392857142857143,2024-06-24,110,intermittent,full,0.5384615384615384,0.6153846153846154
CC-CN-15-I-LGBK-STR,0.036036036036036036,0.18637982761781263,5.172040216394301,0.963963963963964,0.001123201123201123,False,0.05357142857142857,2024-06-24,110,intermittent,full,0.23076923076923078,0.7692307692307693
CC-CN-15-J-BK-1TO,0.11711711711711711,0.3484518847894363,2.975243016279033,0.8918918918918919,0.0020884520884520883,False,0.16071428571428573,2024-06-24,110,intermittent,full,0.23076923076923078,0.7692307692307693
CC-CN-15-J-BKGR-STR,0.5765765765765766,0.8858197155518452,1.5363435691602316,0.6306306306306306,0.0029922779922779926,False,0.6607142857142857,2024-06-24,110,intermittent,full,0.15384615384615385,0.8461538461538461
CC-CN-15-J-BKLG-STR,0.04504504504504504,0.2074029627607448,4.604345773288535,0.954954954954955,7.020007020007013e-05,False,0.03571428571428571,2024-06-24,110,intermittent,full,0.0,1.0
CC-CN-15-J-BKRD-STR,0.3063063063063063,0.6817147535997339,2.225598166163837,0.7657657657657657,0.009003159003159003,False,0.5535714285714286,2024-06-24,110,intermittent,full,1.1538461538461537,0.38461538461538464
CC-CN-15-J-GR-1TO,0.11711711711711711,0.45990086551712495,3.9268458517231437,0.918918918918919,0.0035187785187785195,False,0.21428571428571427,2024-06-24,110,intermittent,full,0.46153846153846156,0.6923076923076923
CC-CN-15-J-GRBK-STR,0.12612612612612611,0.4269547967954156,3.3851416031636523,0.9009009009009009,0.0014215514215514219,False,0.16071428571428573,2024-06-24,110,intermittent,full,0.23076923076923078,0.7692307692307693
CC-CN-15-K-BK-1TO,0.3333333333333333,0.634351954676899,1.903055864030697,0.7387387387387387,0.004773604773604774,False,0.4642857142857143,2024-06-24,110,intermittent,full,0.5384615384615384,0.6153846153846154
CC-CN-15-K-BKGR-STR,0.26126126126126126,0.5806444340296223,2.222466626803037,0.8018018018018018,0.005449280449280446,False,0.48214285714285715,2024-06-24,110,intermittent,full,0.6153846153846154,0.5384615384615384
CC-CN-15-K-BKLG-STR,0.23423423423423423,0.5190940645365022,2.2161323524442977,0.8018018018018018,0.0025184275184275185,False,0.3392857142857143,2024-06-24,110,intermittent,full,0.46153846153846156,0.7692307692307693
CC-CN-15-K-BKRD-STR,1.2432432432432432,1.5951289378041236,1.283038493451143,0.4864864864864865,0.031186381186381187,False,2.1964285714285716,2025-07-07,57,smooth,medium,3.3076923076923075,0.07692307692307693
CC-CN-15-K-GR-1TO,0.1891891891891892,0.5454729911070488,2.8832143815658293,0.8558558558558559,0.006177606177606179,False,0.35714285714285715,2024-06-24,110,intermittent,full,0.6923076923076923,0.6153846153846154
CC-CN-15-K-GRBK-STR,0.25225225225225223,0.5447285210029179,2.159459493975853,0.7927927927927928,0.0033432783432783436,False,0.4107142857142857,2024-06-24,110,intermittent,full,0.3076923076923077,0.6923076923076923
CC-CN-15-K-LGBK-STR,0.09009009009009009,0.36881963045871563,4.093897898091743,0.9279279279279279,0.003667953667953668,False,0.17857142857142858,2024-06-24,110,intermittent,full,0.5384615384615384,0.6153846153846154
CC-CN-15-L-BK-1TO,0.18018018018018017,0.4491874184619068,2.492990172463583,0.8468468468468469,0.00214987714987715,False,0.26785714285714285,2024-06-24,110,intermittent,full,0.23076923076923078,0.7692307692307693
CC-CN-15-L-BKGR-STR,0.11711711711711711,0.373412284253382,3.1883664270865695,0.9009009009009009,0.003720603720603721,False,0.19642857142857142,2024-06-24,110,intermittent,full,0.7692307692307693,0.38461538461538464
CC-CN-15-L-BKLG-STR,0.09009009009009009,0.3162149328789954,3.509985754956849,0.918918918918919,0.0005440505440505438,False,0.08928571428571429,2024-06-24,110,intermittent,full,0.15384615384615385,0.8461538461538461
CC-CN-15-L-BKRD-STR,0.6486486486486487,0.9923005270640984,1.529796645890485,0.5765765765765766,0.010336960336960337,False,1.0357142857142858,2024-06-24,110,intermittent,full,1.0769230769230769,0.38461538461538464
CC-CN-15-L-GR-1TO,0.11711711711711711,0.3215597891454909,2.745625891934576,0.8828828828828829,0.0016584766584766587,False,0.17857142857142858,2024-06-24,110,intermittent,full,0.15384615384615385,0.8461538461538461
CC-CN-15-L-GRBK-STR,0.2702702702702703,0.5686390572273695,2.103964511741267,0.7837837837837838,0.005624780624780626,False,0.44642857142857145,2024-06-24,110,intermittent,full,0.6923076923076923,0.5384615384615384
CC-CN-15-L-LGBK-STR,0.009009009009009009,0.0944872836189326,10.488088481701519,0.990990990990991,-0.0002544752544752545,False,0.0,2024-06-24,110,intermittent,full,0.0,1.0
CC-CN-15-M-BK-1TO,0.44144144144144143,0.7189166610183786,1.6285663137355106,0.6576576576576577,0.0030273780273780246,False,0.5357142857142857,2024-06-24,110,intermittent,full,0.46153846153846156,0.5384615384615384
CC-CN-15-M-BKGR-STR,0.4954954954954955,0.9479601036371824,1.9131558455223137,0.7027027027027027,0.00988065988065988,False,0.8214285714285714,2024-06-24,110,intermittent,full,1.0,0.38461538461538464
CC-CN-15-M-BKLG-STR,0.22522522522522523,0.5143820693196467,2.2838563877792315,0.8198198198198198,0.002764127764127765,False,0.30357142857142855,2024-06-24,110,intermittent,full,0.23076923076923078,0.7692307692307693
CC-CN-15-M-BKRD-STR,0.8648648648648649,1.325335153848559,1.5324187716373963,0.5495495495495496,0.021358371358371358,False,1.5357142857142858,2026-04-06,18,smooth,short,2.230769230769231,0.07692307692307693
CC-CN-15-M-GR-1TO,0.21621621621621623,0.4727798833658351,2.186606960566987,0.8108108108108109,0.005063180063180063,False,0.375,2024-06-24,110,intermittent,full,0.38461538461538464,0.6153846153846154
CC-CN-15-M-GRBK-STR,0.16216216216216217,0.5291594650662491,3.2631500345752027,0.9009009009009009,0.001325026325026325,False,0.25,2024-06-24,110,intermittent,full,0.07692307692307693,0.9230769230769231
CC-CN-15-M-LGBK-STR,0.10810810810810811,0.4522486629913922,4.183300132670378,0.9369369369369369,0.004870129870129871,False,0.21428571428571427,2024-06-24,110,intermittent,full,0.6923076923076923,0.6153846153846154
CC-CN-15-N-BK-1TO,0.24324324324324326,0.6182832409648106,2.541831101744221,0.8288288288288288,0.0017023517023517017,False,0.375,2024-06-24,110,intermittent,full,0.0,1.0
CC-CN-15-N-BKGR-STR,0.08108108108108109,0.3585540313897731,4.422166387140535,0.9369369369369369,0.0005616005616005617,False,0.14285714285714285,2024-06-24,110,intermittent,full,0.0,1.0
CC-CN-15-N-BKLG-STR,0.46846846846846846,0.8986458262729732,1.9182632060826927,0.7207207207207207,0.008590733590733588,False,0.7142857142857143,2024-06-24,110,intermittent,full,1.5384615384615385,0.3076923076923077
CC-CN-15-N-BKRD-STR,1.3063063063063063,1.6040084517806175,1.2278961251561968,0.44144144144144143,0.028264303264303264,False,2.25,2026-01-19,29,smooth,short,2.923076923076923,0.15384615384615385
CC-CN-15-N-GR-1TO,0.4594594594594595,0.7447568535293833,1.6209413870933636,0.6846846846846847,0.006862056862056863,False,0.6964285714285714,2024-06-24,110,intermittent,full,0.6153846153846154,0.5384615384615384
CC-CN-15-N-GRBK-STR,0.4864864864864865,0.7695191532995539,1.581789370671305,0.6486486486486487,0.005923130923130921,False,0.6964285714285714,2024-06-24,110,intermittent,full,0.8461538461538461,0.6153846153846154
CC-CN-15-N-LGBK-STR,0.1981981981981982,0.550508688917196,2.7775665668094884,0.8558558558558559,0.004290979290979289,False,0.26785714285714285,2024-06-24,110,intermittent,full,0.9230769230769231,0.5384615384615384
CC-CN-15-P-BK-1TO,0.46846846846846846,0.8363349884883011,1.7852535331192583,0.6936936936936937,0.00932783432783433,False,0.7678571428571429,2024-06-24,110,intermittent,full,0.7692307692307693,0.5384615384615384
CC-CN-15-P-BKGR-STR,0.6846846846846847,0.8487614928514506,1.239638496138303,0.5225225225225225,0.002351702351702345,False,0.8214285714285714,2024-06-24,110,intermittent,full,0.7692307692307693,0.3076923076923077
CC-CN-15-P-BKLG-STR,0.04504504504504504,0.2074029627607448,4.604345773288535,0.954954954954955,0.0018164268164268167,False,0.08928571428571429,2024-06-24,110,intermittent,full,0.23076923076923078,0.7692307692307693
CC-CN-15-P-BKRD-STR,1.3963963963963963,1.7204612794367293,1.2320722710804966,0.40540540540540543,0.033906633906633905,False,2.4464285714285716,2025-05-19,64,smooth,medium,3.769230769230769,0.0
CC-CN-15-P-GR-1TO,0.3963963963963964,0.7263295268737432,1.8323313064314886,0.7207207207207207,0.005923130923130922,False,0.5714285714285714,2024-06-24,110,intermittent,full,0.6153846153846154,0.5384615384615384
CC-CN-15-P-GRBK-STR,0.23423423423423423,0.6569785460722354,2.804793023616082,0.8558558558558559,0.004712179712179712,False,0.44642857142857145,2024-06-24,110,intermittent,full,0.46153846153846156,0.7692307692307693
CC-CN-15-P-LGBK-STR,0.2702702702702703,0.6837357103066767,2.5298221281347035,0.8198198198198198,0.00960863460863461,False,0.5178571428571429,2024-06-24,110,intermittent,full,0.9230769230769231,0.6153846153846154
CC-CN-15-R-BK-1TO,0.15315315315315314,0.42866224336469627,2.798912294910664,0.8738738738738738,-0.0006230256230256228,False,0.16071428571428573,2024-06-24,110,intermittent,full,0.0,1.0
CC-CN-15-R-BKGR-STR,0.38738738738738737,0.7249873707650707,1.871479026858671,0.7117117117117117,0.004852579852579852,False,0.5178571428571429,2024-06-24,110,intermittent,full,0.9230769230769231,0.46153846153846156
CC-CN-15-R-BKRD-STR,0.6756756756756757,0.9411719947185857,1.3929345521835068,0.5675675675675675,0.014838539838539836,False,1.0714285714285714,2026-05-11,13,smooth,short,2.0,0.0
CC-CN-15-R-GR-1TO,0.3153153153153153,0.6709141535823736,2.1277563156469563,0.7747747747747747,0.006765531765531766,False,0.5178571428571429,2024-06-24,110,intermittent,full,0.7692307692307693,0.46153846153846156
CC-CN-15-R-GRBK-STR,0.17117117117117117,0.442634900776153,2.5859196834817357,0.8558558558558559,0.0039224289224289235,False,0.2857142857142857,2024-06-24,110,intermittent,full,0.3076923076923077,0.7692307692307693
CC-CN-15-R-LGBK-STR,0.07207207207207207,0.2913686779963285,4.042740407199058,0.9369369369369369,0.002193752193752193,False,0.10714285714285714,2024-06-24,110,intermittent,full,0.46153846153846156,0.6153846153846154
CC-CN-15-T-BK-1TO,0.25225225225225223,0.5768580394083646,2.286830084797445,0.8108108108108109,0.0035977535977535988,False,0.375,2024-06-24,110,intermittent,full,0.23076923076923078,0.7692307692307693
CC-CN-15-T-BKGR-STR,0.05405405405405406,0.2261243314956961,4.183300132670378,0.9459459459459459,0.0006230256230256231,False,0.07142857142857142,2024-06-24,110,intermittent,full,0.23076923076923078,0.7692307692307693
CC-CN-15-T-BKRD-STR,0.22522522522522523,0.45884077759448083,2.0372530525194947,0.7927927927927928,0.005124605124605126,False,0.39285714285714285,2024-06-24,110,intermittent,full,0.38461538461538464,0.6923076923076923
CC-CN-15-T-GR-1TO,0.17117117117117117,0.3998620003814801,2.3360358969654893,0.8378378378378378,0.004071604071604072,False,0.30357142857142855,2024-06-24,110,intermittent,full,0.38461538461538464,0.6153846153846154
CC-CN-15-T-GRBK-STR,0.11711711711711711,0.373412284253382,3.1883664270865695,0.9009009009009009,0.0004563004563004531,False,0.14285714285714285,2024-06-24,110,intermittent,full,0.38461538461538464,0.6923076923076923
CC-CN-15-T-LGBK-STR,0.009009009009009009,0.0944872836189326,10.488088481701519,0.990990990990991,-0.0003422253422253422,False,0.0,2024-06-24,110,intermittent,full,0.0,1.0
CC-CN-15-X-BK-1TO,0.36936936936936937,0.7464984679591568,2.0210080474016197,0.7477477477477478,0.01055633555633556,False,0.6785714285714286,2024-06-24,110,intermittent,full,1.0,0.38461538461538464
CC-CN-15-X-BKGR-STR,0.13513513513513514,0.5771393649746653,4.270831300812524,0.9369369369369369,0.0009213759213759212,False,0.23214285714285715,2024-06-24,110,intermittent,full,0.0,1.0
CC-CN-15-X-BKLG-STR,0.6306306306306306,1.0563231140252147,1.6750266522399833,0.6216216216216216,0.014215514215514216,False,1.0,2024-06-24,110,intermittent,full,2.0,0.23076923076923078
CC-CN-15-X-BKRD-STR,2.176470588235294,2.340654193394769,1.0754357104786776,0.3431372549019608,0.05459963472075363,True,3.6607142857142856,2025-03-17,73,smooth,medium,5.230769230769231,0.0
CC-CN-15-X-GR-1TO,0.32432432432432434,0.6174951166916683,1.9039432764659774,0.7477477477477478,0.008617058617058618,False,0.5892857142857143,2024-06-24,110,intermittent,full,0.6923076923076923,0.46153846153846156
CC-CN-15-X-GRBK-STR,0.3783783783783784,0.8909358785640442,2.3546162504906882,0.7747747747747747,0.005668655668655669,False,0.6785714285714286,2024-06-24,110,intermittent,full,0.07692307692307693,0.9230769230769231
CC-CN-15-X-LGBK-STR,0.16216216216216217,0.47534796246028543,2.93131243517176,0.8738738738738738,0.005194805194805195,False,0.25,2024-06-24,110,intermittent,full,1.0,0.3076923076923077
CC-CP-03-F-GR-1TO,7.774774774774775,4.1081871337428355,0.5283995038765408,0.009009009009009009,0.05072832572832572,False,9.303571428571429,2024-06-24,110,smooth,full,10.23076923076923,0.0
CC-CP-03-G-GR-1TO,58.93693693693694,35.72373457855807,0.6061349034270783,0.0,0.8307037557037557,False,84.30357142857143,2024-06-24,110,smooth,full,81.0,0.0
CC-CP-03-H-GR-1TO,10.252252252252251,6.265116448762064,0.6110965956173894,0.009009009009009009,0.14506844506844507,False,14.607142857142858,2024-06-24,110,smooth,full,18.46153846153846,0.0
CC-CP-03-I-GR-1TO,34.2972972972973,17.35770701145166,0.5060954762992209,0.0,0.345015795015795,False,44.214285714285715,2024-06-24,110,smooth,full,43.61538461538461,0.0
CC-CP-03-J-GR-1TO,58.369369369369366,32.838652222380944,0.562600771212268,0.0,0.5970164970164968,False,76.33928571428571,2024-06-24,110,smooth,full,68.38461538461539,0.0
CC-CP-03-K-GR-1TO,63.792792792792795,39.47678462885169,0.6188282860898937,0.0,0.9091347841347841,False,91.375,2024-06-24,110,smooth,full,94.23076923076923,0.0
CC-CP-03-L-GR-1TO,4.603603603603603,3.111383572425905,0.6758582711140421,0.08108108108108109,0.049596349596349586,False,6.142857142857143,2024-06-24,110,smooth,full,5.3076923076923075,0.0
CC-CP-03-M-GR-1TO,5.972972972972973,3.220037097484973,0.5391012335155837,0.02702702702702703,0.044261144261144254,False,7.214285714285714,2024-06-24,110,smooth,full,7.769230769230769,0.0
CC-CP-15-F-BK-1TO,0.18018018018018017,0.5402401567771152,2.9983328701129897,0.8648648648648649,0.004238329238329238,False,0.35714285714285715,2024-06-24,110,intermittent,full,0.0,1.0
CC-CP-15-F-BKGR-STR,0.3963963963963964,0.762632700362822,1.9239143122789375,0.7387387387387387,0.011407511407511409,False,0.7142857142857143,2024-06-24,110,intermittent,full,1.1538461538461537,0.38461538461538464
CC-CP-15-F-BKLG-STR,0.036036036036036036,0.18637982761781263,5.172040216394301,0.963963963963964,0.001088101088101088,False,0.07142857142857142,2024-06-24,110,intermittent,full,0.15384615384615385,0.8461538461538461
CC-CP-15-F-BKRD-STR,0.5945945945945946,1.1099742581089327,1.8667748886377504,0.6666666666666666,0.015101790101790103,False,1.0714285714285714,2024-06-24,110,intermittent,full,1.7692307692307692,0.3076923076923077
CC-CP-15-F-GR-1TO,0.22522522522522523,0.5316078735831327,2.360338958709109,0.8288288288288288,0.007669357669357671,False,0.42857142857142855,2024-06-24,110,intermittent,full,0.9230769230769231,0.38461538461538464
CC-CP-15-F-GRBK-STR,0.34234234234234234,0.6223393167268666,1.8178858988600577,0.7297297297297297,0.0070200070200070195,False,0.6071428571428571,2024-06-24,110,intermittent,full,0.6153846153846154,0.6153846153846154
CC-CP-15-F-LGBK-STR,0.06306306306306306,0.30841878862385025,4.89064079103534,0.954954954954955,0.003115128115128115,False,0.125,2024-06-24,110,intermittent,full,0.46153846153846156,0.6923076923076923
CC-CP-15-G-BK-1TO,0.4594594594594595,0.7567567567567568,1.6470588235294117,0.6846846846846847,0.0090996840996841,False,0.75,2024-06-24,110,intermittent,full,0.9230769230769231,0.38461538461538464
CC-CP-15-G-BKGR-STR,0.4594594594594595,0.814107412438368,1.771880838836448,0.6846846846846847,0.009801684801684802,False,0.75,2024-06-24,110,intermittent,full,1.0769230769230769,0.3076923076923077
CC-CP-15-G-BKRD-STR,1.2162162162162162,1.5503873703999247,1.2747629489954937,0.4144144144144144,0.029852579852579855,False,2.107142857142857,2025-06-09,61,smooth,medium,2.769230769230769,0.0
CC-CP-15-G-BLLG-STR,0.18018018018018017,0.4876529226206977,2.7064737205448726,0.8558558558558559,0.006054756054756054,False,0.35714285714285715,2024-06-24,110,intermittent,full,0.6153846153846154,0.6153846153846154
CC-CP-15-G-DGBK-STR,0.3783783783783784,0.8059916845529744,2.1301208806042893,0.7567567567567568,0.013908388908388912,False,0.75,2024-06-24,110,intermittent,full,1.3076923076923077,0.15384615384615385
CC-CP-15-G-GR-1TO,0.44144144144144143,0.8348780423930157,1.891254340931117,0.7297297297297297,0.006458406458406457,False,0.625,2024-06-24,110,intermittent,full,0.7692307692307693,0.5384615384615384
CC-CP-15-G-GRBK-STR,0.40540540540540543,0.8315661808442759,2.0511965794158806,0.7567567567567568,0.008652158652158652,False,0.75,2024-06-24,110,intermittent,full,0.8461538461538461,0.6153846153846154
CC-CP-15-G-LGBK-STR,0.2882882882882883,0.6491489562036692,2.2517354418314777,0.8018018018018018,0.011284661284661287,False,0.5714285714285714,2024-06-24,110,intermittent,full,1.0769230769230769,0.23076923076923078
CC-CP-15-H-BK-1TO,0.08108108108108109,0.38285638488064466,4.7218954135279505,0.9459459459459459,0.001307476307476308,False,0.16071428571428573,2024-06-24,110,intermittent,full,0.07692307692307693,0.9230769230769231
CC-CP-15-H-BKGR-STR,0.21621621621621623,0.526853748368052,2.4366985862022403,0.8288288288288288,0.003861003861003861,False,0.39285714285714285,2024-06-24,110,intermittent,full,0.23076923076923078,0.7692307692307693
CC-CP-15-H-BKLG-STR,0.38738738738738737,0.7373090978598242,1.9032862758707092,0.7207207207207207,0.011293436293436293,False,0.6785714285714286,2024-06-24,110,intermittent,full,1.1538461538461537,0.23076923076923078
CC-CP-15-H-BKRD-STR,1.162162162162162,1.5856367723105547,1.3643851296625704,0.5135135135135135,0.02746577746577747,False,2.107142857142857,2025-07-28,54,smooth,medium,2.3846153846153846,0.07692307692307693
CC-CP-15-H-DGBK-STR,0.009009009009009009,0.09448728361893258,10.488088481701515,0.990990990990991,0.00048262548262548264,False,0.017857142857142856,2024-06-24,110,intermittent,full,0.07692307692307693,0.9230769230769231
CC-CP-15-H-GR-1TO,0.3153153153153153,0.782488315337242,2.4816058000695387,0.8108108108108109,0.006774306774306775,False,0.5892857142857143,2024-06-24,110,intermittent,full,0.38461538461538464,0.8461538461538461
CC-CP-15-H-GRBK-STR,0.24324324324324326,0.713021943690428,2.9313124351717597,0.8738738738738738,0.0033432783432783436,False,0.48214285714285715,2024-06-24,110,intermittent,full,0.07692307692307693,0.9230769230769231
CC-CP-15-H-LGBK-STR,0.36936936936936937,0.6834982608429067,1.8504465110625035,0.7387387387387387,0.01353983853983854,False,0.7142857142857143,2024-06-24,110,intermittent,full,1.4615384615384615,0.15384615384615385
CC-CP-15-I-BK-1TO,0.26126126126126126,0.6937521912857102,2.6553963183694425,0.8468468468468469,0.004466479466479466,False,0.48214285714285715,2024-06-24,110,intermittent,full,0.0,1.0
CC-CP-15-I-BKGR-STR,0.5855855855855856,0.8849947164138965,1.5112986695683464,0.6306306306306306,0.014505089505089505,False,1.0,2024-06-24,110,intermittent,full,1.6153846153846154,0.23076923076923078
CC-CP-15-I-BKRD-STR,1.0990990990990992,1.6816709566367567,1.5300448867760654,0.5585585585585585,0.03154615654615655,False,1.9821428571428572,2026-04-20,16,smooth,short,3.6153846153846154,0.15384615384615385
CC-CP-15-I-GR-1TO,0.38738738738738737,0.6866969009066488,1.7726361860613493,0.7117117117117117,0.009011934011934012,False,0.6428571428571429,2024-06-24,110,intermittent,full,1.0,0.38461538461538464
CC-CP-15-I-GRBK-STR,0.5315315315315315,0.8470385062013088,1.5935809184465302,0.6486486486486487,0.010407160407160408,False,0.9107142857142857,2024-06-24,110,intermittent,full,1.3076923076923077,0.15384615384615385
CC-CP-15-I-LGBK-STR,0.16216216216216217,0.6649600752160698,4.100587130499097,0.9099099099099099,0.004492804492804493,False,0.25,2024-06-24,110,intermittent,full,0.9230769230769231,0.6923076923076923
CC-CP-15-J-BK-1TO,0.8378378378378378,1.1432570867902925,1.3645326519755103,0.5405405405405406,0.013013338013338014,False,1.1964285714285714,2024-06-24,110,intermittent,full,1.3076923076923077,0.38461538461538464
CC-CP-15-J-BKGR-STR,0.5675675675675675,0.8966566691725216,1.5798236552087286,0.6306306306306306,0.01262723762723763,False,0.9107142857142857,2024-06-24,110,intermittent,full,1.4615384615384615,0.3076923076923077
CC-CP-15-J-BKRD-STR,1.1261261261261262,1.6114294315672124,1.4309493352316847,0.5225225225225225,0.029089154089154093,False,2.0714285714285716,2025-07-28,54,smooth,medium,2.8461538461538463,0.15384615384615385
CC-CP-15-J-GR-1TO,0.8828828828828829,0.9748064140341605,1.1041174689570594,0.45045045045045046,0.0048174798174798195,False,0.875,2024-06-24,110,intermittent,full,1.0,0.23076923076923078
CC-CP-15-J-GRBK-STR,0.43243243243243246,0.7305634209986772,1.689427911059441,0.6936936936936937,0.007406107406107407,False,0.6964285714285714,2024-06-24,110,intermittent,full,0.5384615384615384,0.6153846153846154
CC-CP-15-J-LGBK-STR,0.18018018018018017,0.5881440988810618,3.264199748789893,0.8828828828828829,0.006519831519831521,False,0.30357142857142855,2024-06-24,110,intermittent,full,1.2307692307692308,0.3076923076923077
CC-CP-15-K-BK-1TO,0.5315315315315315,0.8363349884883011,1.573443791901719,0.6486486486486487,0.013329238329238331,False,1.0535714285714286,2024-06-24,110,intermittent,full,1.0,0.23076923076923078
CC-CP-15-K-BKGR-STR,0.11711711711711711,0.39680568550531964,3.388110083930037,0.9099099099099099,0.00222007722007722,False,0.23214285714285715,2024-06-24,110,intermittent,full,0.07692307692307693,0.9230769230769231
CC-CP-15-K-BKLG-STR,0.26126126126126126,0.6108878741680969,2.3382260011261637,0.8018018018018018,0.006212706212706213,False,0.39285714285714285,2024-06-24,110,intermittent,full,1.0,0.38461538461538464
CC-CP-15-K-BKRD-STR,1.1081081081081081,1.561653958920393,1.4092974751232816,0.5135135135135135,0.028176553176553182,False,1.9107142857142858,2025-10-20,42,smooth,short,3.1538461538461537,0.07692307692307693
CC-CP-15-K-BLLG-STR,0.11711711711711711,0.3968056855053196,3.3881100839300364,0.9009009009009009,0.004027729027729028,False,0.23214285714285715,2024-06-24,110,intermittent,full,0.23076923076923078,0.7692307692307693
CC-CP-15-K-DGBK-STR,0.22522522522522523,0.6250720273406003,2.775319801392265,0.8558558558558559,0.008362583362583364,False,0.44642857142857145,2024-06-24,110,intermittent,full,0.7692307692307693,0.6153846153846154
CC-CP-15-K-GR-1TO,0.22522522522522523,0.45884077759448083,2.0372530525194947,0.7927927927927928,0.004914004914004914,False,0.375,2024-06-24,110,intermittent,full,0.5384615384615384,0.6153846153846154
CC-CP-15-K-GRBK-STR,0.44144144144144143,0.8769797134153481,1.9866275140633396,0.6846846846846847,0.0077746577746577745,False,0.7321428571428571,2024-06-24,110,intermittent,full,0.7692307692307693,0.46153846153846156
CC-CP-15-K-LGBK-STR,0.22522522522522523,0.4780720418530306,2.122639865827456,0.8018018018018018,0.006423306423306422,False,0.39285714285714285,2024-06-24,110,intermittent,full,0.7692307692307693,0.38461538461538464
CC-CP-15-L-BK-1TO,0.009009009009009009,0.09448728361893258,10.488088481701515,0.990990990990991,0.0001842751842751843,False,0.017857142857142856,2024-06-24,110,intermittent,full,0.0,1.0
CC-CP-15-L-BKGR-STR,0.3333333333333333,0.751375115747497,2.2541253472424914,0.7657657657657657,0.008476658476658476,False,0.5714285714285714,2024-06-24,110,intermittent,full,1.3076923076923077,0.3076923076923077
CC-CP-15-L-BKLG-STR,0.018018018018018018,0.13301642396606667,7.3824115301167,0.9819819819819819,0.0003334503334503335,False,0.03571428571428571,2024-06-24,110,intermittent,full,0.0,1.0
CC-CP-15-L-BKRD-STR,0.5315315315315315,0.8986458262729732,1.6906726562084748,0.6576576576576577,0.013171288171288174,False,0.9821428571428571,2024-06-24,110,intermittent,full,1.3076923076923077,0.3076923076923077
CC-CP-15-L-GR-1TO,0.1891891891891892,0.49344374550014963,2.608202654786505,0.8468468468468469,0.004580554580554581,False,0.32142857142857145,2024-06-24,110,intermittent,full,0.3076923076923077,0.6923076923076923
CC-CP-15-L-GRBK-STR,0.24324324324324326,0.5569578924711255,2.2897157801590713,0.8108108108108109,0.00616883116883117,False,0.44642857142857145,2024-06-24,110,intermittent,full,0.6923076923076923,0.46153846153846156
CC-CP-15-L-LGBK-STR,0.036036036036036036,0.18637982761781266,5.172040216394302,0.963963963963964,8.775008775008462e-06,False,0.03571428571428571,2024-06-24,110,intermittent,full,0.0,1.0
CC-CP-15-M-BK-1TO,0.1891891891891892,0.5454729911070488,2.8832143815658293,0.8558558558558559,0.004606879606879606,False,0.35714285714285715,2024-06-24,110,intermittent,full,0.23076923076923078,0.7692307692307693
CC-CP-15-M-BKGR-STR,0.11711711711711711,0.3484518847894363,2.975243016279033,0.8918918918918919,0.0038785538785538766,False,0.21428571428571427,2024-06-24,110,intermittent,full,0.38461538461538464,0.6153846153846154
CC-CP-15-M-BKLG-STR,0.036036036036036036,0.22968556367535065,6.37377439199098,0.972972972972973,0.0006142506142506142,False,0.05357142857142857,2024-06-24,110,intermittent,full,0.0,1.0
CC-CP-15-M-BKRD-STR,0.2972972972972973,0.6091582524099809,2.04898684901539,0.7747747747747747,0.008608283608283609,False,0.5535714285714286,2024-06-24,110,intermittent,full,0.6923076923076923,0.5384615384615384
CC-CP-15-M-GR-1TO,0.10810810810810811,0.3382879883877223,3.129163892586431,0.9009009009009009,0.002246402246402247,False,0.16071428571428573,2024-06-24,110,intermittent,full,0.38461538461538464,0.6923076923076923
CC-CP-15-M-GRBK-STR,0.2072072072072072,0.5043436036857083,2.434006087352766,0.8378378378378378,0.0039663039663039665,False,0.32142857142857145,2024-06-24,110,intermittent,full,0.5384615384615384,0.6153846153846154
CC-CP-15-M-LGBK-STR,0.04504504504504504,0.2074029627607448,4.604345773288535,0.954954954954955,0.002167427167427167,False,0.08928571428571429,2024-06-24,110,intermittent,full,0.3076923076923077,0.6923076923076923
CC-CS-03-F-GR-1TO,1.2342342342342343,1.2517012203933986,1.0141520836764033,0.32432432432432434,0.013127413127413123,False,1.5357142857142858,2026-04-27,15,smooth,short,2.076923076923077,0.07692307692307693
CC-CS-03-G-GR-1TO,6.972972972972973,3.572818957850488,0.5123810133351475,0.009009009009009009,0.044032994032993995,False,8.5,2024-06-24,110,smooth,full,8.384615384615385,0.0
CC-CS-03-H-GR-1TO,13.35135135135135,5.493072867275736,0.4114244860105309,0.0,0.09567392067392064,False,15.892857142857142,2024-06-24,110,smooth,full,18.53846153846154,0.0
CC-CS-03-I-GR-1TO,17.74774774774775,6.77630804961047,0.38181228096789954,0.0,0.12371884871884863,False,21.410714285714285,2024-06-24,110,smooth,full,22.692307692307693,0.0
CC-CS-03-J-GR-1TO,8.468468468468469,4.602818994861326,0.5435243706697949,0.018018018018018018,0.061574236574236545,False,9.803571428571429,2024-06-24,110,smooth,full,14.076923076923077,0.07692307692307693
CC-CS-03-K-GR-1TO,29.045045045045047,10.461759956831706,0.36019086700009906,0.0,0.18022990522990506,False,34.017857142857146,2024-06-24,110,smooth,full,35.76923076923077,0.0
CC-CS-03-L-GR-1TO,14.00900900900901,7.2838158194596545,0.5199379781093386,0.0,0.15836258336258333,False,18.696428571428573,2024-06-24,110,smooth,full,23.076923076923077,0.0
CC-CS-03-M-GR-1TO,13.711711711711711,5.6765479095258335,0.41399265306003125,0.0,0.08183573183573185,False,15.767857142857142,2024-06-24,110,smooth,full,13.615384615384615,0.0
CC-CS-03-N-GR-1TO,6.315315315315315,3.419556849172184,0.5414704853896041,0.04504504504504504,0.039162864162864144,False,7.446428571428571,2024-06-24,110,smooth,full,6.538461538461538,0.07692307692307693
CC-CS-15-F-BKGR-STR,0.036036036036036036,0.18637982761781266,5.172040216394302,0.963963963963964,0.00020182520182520177,False,0.05357142857142857,2024-06-24,110,intermittent,full,0.07692307692307693,0.9230769230769231
CC-CS-15-F-BKRD-STR,0.09009009009009009,0.34352569306193903,3.8131351929875232,0.9279279279279279,0.002299052299052299,False,0.16071428571428573,2024-06-24,110,intermittent,full,0.23076923076923078,0.8461538461538461
CC-CS-15-F-GR-1TO,0.036036036036036036,0.18637982761781263,5.172040216394301,0.963963963963964,0.0007283257283257284,False,0.07142857142857142,2024-06-24,110,intermittent,full,0.0,1.0
CC-CS-15-F-GRBK-STR,0.07207207207207207,0.3477524155967348,4.8250647664046955,0.9459459459459459,0.0016497016497016498,False,0.125,2024-06-24,110,intermittent,full,0.3076923076923077,0.8461538461538461
CC-CS-15-G-BK-1TO,0.06306306306306306,0.2430763524906674,3.854496446637726,0.9369369369369369,0.0012987012987012987,False,0.125,2024-06-24,110,intermittent,full,0.07692307692307693,0.9230769230769231
CC-CS-15-G-BKGR-STR,0.15315315315315314,0.38433745959822596,2.5094975303178284,0.8558558558558559,0.004984204984204985,False,0.30357142857142855,2024-06-24,110,intermittent,full,0.46153846153846156,0.5384615384615384
CC-CS-15-G-BKRD-STR,0.3783783783783784,0.6851586789849203,1.8107765087458607,0.7297297297297297,0.010486135486135485,False,0.6785714285714286,2024-06-24,110,intermittent,full,1.3846153846153846,0.23076923076923078
CC-CS-15-G-GR-1TO,0.18018018018018017,0.4491874184619068,2.492990172463583,0.8468468468468469,0.005616005616005617,False,0.3392857142857143,2024-06-24,110,intermittent,full,0.6923076923076923,0.38461538461538464
CC-CS-15-G-GRBK-STR,0.11711711711711711,0.3484518847894363,2.975243016279033,0.8918918918918919,0.00179010179010179,False,0.17857142857142858,2024-06-24,110,intermittent,full,0.15384615384615385,0.8461538461538461
CC-CS-15-G-LGBK-STR,0.02702702702702703,0.16216216216216217,6.0,0.972972972972973,0.0013864513864513866,False,0.05357142857142857,2024-06-24,110,intermittent,full,0.23076923076923078,0.7692307692307693
CC-CS-15-H-BK-1TO,0.2882882882882883,0.5265455566199084,1.8264548995253074,0.7477477477477478,0.005273780273780273,False,0.44642857142857145,2024-06-24,110,intermittent,full,0.6153846153846154,0.5384615384615384
CC-CS-15-H-BKGR-STR,0.2972972972972973,0.5630450447567475,1.8938787869090599,0.7567567567567568,0.007204282204282205,False,0.48214285714285715,2024-06-24,110,intermittent,full,0.8461538461538461,0.38461538461538464
CC-CS-15-H-BKRD-STR,0.6126126126126126,1.124431156855585,1.8354685060436755,0.6576576576576577,0.015593190593190594,False,1.1071428571428572,2024-06-24,110,intermittent,full,1.7692307692307692,0.3076923076923077
CC-CS-15-H-GR-1TO,0.4594594594594595,0.8466551441059985,1.8427200195248201,0.7027027027027027,0.00960863460863461,False,0.7857142857142857,2024-06-24,110,intermittent,full,1.0,0.6153846153846154
CC-CS-15-H-GRBK-STR,0.18018018018018017,0.4688148407660429,2.601922366251538,0.8558558558558559,0.0010442260442260437,False,0.26785714285714285,2024-06-24,110,intermittent,full,0.07692307692307693,0.9230769230769231
CC-CS-15-H-LGBK-STR,0.07207207207207207,0.32080169035612355,4.451123453691214,0.9459459459459459,0.0027465777465777467,False,0.125,2024-06-24,110,intermittent,full,0.5384615384615384,0.6153846153846154
CC-CS-15-I-BK-1TO,0.3333333333333333,0.7865231202060234,2.3595693606180705,0.8018018018018018,0.004045279045279046,False,0.5535714285714286,2024-06-24,110,intermittent,full,0.0,1.0
CC-CS-15-I-BKGR-STR,0.42342342342342343,0.788995821470678,1.863373110281814,0.7207207207207207,0.007765882765882766,False,0.6607142857142857,2024-06-24,110,intermittent,full,0.7692307692307693,0.6153846153846154
CC-CS-15-I-BKLG-STR,0.0990990990990991,0.32756142275131245,3.3053925386723346,0.9099099099099099,0.003448578448578448,False,0.17857142857142858,2024-06-24,110,intermittent,full,0.38461538461538464,0.6923076923076923
CC-CS-15-I-BKRD-STR,1.2882882882882882,1.9096124194625301,1.482286563359027,0.5495495495495496,0.03865391365391366,False,2.4464285714285716,2025-07-28,54,smooth,medium,3.769230769230769,0.0
CC-CS-15-I-GR-1TO,0.6576576576576577,1.0089285682220983,1.5341242612692179,0.6126126126126126,0.013811863811863813,False,1.0714285714285714,2024-06-24,110,intermittent,full,1.0769230769230769,0.38461538461538464
CC-CS-15-I-GRBK-STR,0.5225225225225225,0.8683301448664139,1.6618042427615853,0.6666666666666666,0.009661284661284658,False,0.9285714285714286,2024-06-24,110,intermittent,full,0.6923076923076923,0.46153846153846156
CC-CS-15-I-LGBK-STR,0.1891891891891892,0.7414803006685496,3.9192530178194764,0.918918918918919,0.009196209196209197,False,0.375,2024-06-24,110,intermittent,full,1.5384615384615385,0.38461538461538464
CC-CS-15-J-BK-1TO,0.4954954954954955,0.8039751898134454,1.6225681103507716,0.6576576576576577,0.007678132678132679,False,0.7857142857142857,2024-06-24,110,intermittent,full,0.46153846153846156,0.5384615384615384
CC-CS-15-J-BKGR-STR,0.27927927927927926,0.6028636044800578,2.158640648299562,0.8018018018018018,0.006133731133731134,False,0.5178571428571429,2024-06-24,110,intermittent,full,0.6923076923076923,0.5384615384615384
CC-CS-15-J-BKRD-STR,0.8108108108108109,1.3118552540012536,1.6179548132682127,0.5855855855855856,0.021077571077571078,False,1.5357142857142858,2024-06-24,110,intermittent,full,1.8461538461538463,0.15384615384615385
CC-CS-15-J-GR-1TO,0.3783783783783784,0.7358766795193562,1.944816938729727,0.7207207207207207,0.009371709371709372,False,0.6428571428571429,2024-06-24,110,intermittent,full,1.0769230769230769,0.38461538461538464
CC-CS-15-J-GRBK-STR,0.3153153153153153,0.6293423133900173,1.995914193894055,0.7657657657657657,0.00831870831870832,False,0.6071428571428571,2024-06-24,110,intermittent,full,0.6153846153846154,0.5384615384615384
CC-CS-15-J-LGBK-STR,0.018018018018018018,0.13301642396606667,7.3824115301167,0.9819819819819819,0.0009126009126009128,False,0.03571428571428571,2024-06-24,110,intermittent,full,0.15384615384615385,0.8461538461538461
CC-CS-15-K-BK-1TO,0.46846846846846846,0.9378893288389132,2.002032990406142,0.7297297297297297,0.003492453492453492,False,0.75,2024-06-24,110,intermittent,full,0.0,1.0
CC-CS-15-K-BKGR-STR,0.5135135135135135,0.8890207677512717,1.7312509687787923,0.6756756756756757,0.009933309933309929,False,0.875,2024-06-24,110,intermittent,full,0.9230769230769231,0.38461538461538464
CC-CS-15-K-BKLG-STR,0.18018018018018017,0.38433745959822596,2.1330729007701543,0.8198198198198198,0.0022639522639522638,False,0.25,2024-06-24,110,intermittent,full,0.3076923076923077,0.6923076923076923
CC-CS-15-K-BKRD-STR,2.432098765432099,2.439076285409675,1.0028689295339273,0.3333333333333333,0.06686991869918699,True,3.392857142857143,2025-06-23,59,smooth,medium,5.153846153846154,0.0
CC-CS-15-K-BLLG-STR,0.1891891891891892,0.47483545776952923,2.509844562496083,0.8468468468468469,0.006203931203931204,False,0.375,2024-06-24,110,intermittent,full,0.5384615384615384,0.6153846153846154
CC-CS-15-K-DGBK-STR,0.6846846846846847,1.3555490359498399,1.9798150393477925,0.7117117117117117,0.0267901017901018,False,1.3571428571428572,2026-03-02,23,smooth,short,3.1538461538461537,0.07692307692307693
CC-CS-15-K-GR-1TO,0.972972972972973,1.3386793240365198,1.375864860815312,0.5135135135135135,0.018603018603018603,False,1.5535714285714286,2024-06-24,110,intermittent,full,1.7692307692307692,0.07692307692307693
CC-CS-15-K-GRBK-STR,0.7927927927927928,1.231106710175827,1.5528732366990545,0.5765765765765766,0.020594945594945593,False,1.375,2026-03-16,21,smooth,short,2.6153846153846154,0.0
CC-CS-15-K-LGBK-STR,0.3783783783783784,0.8909358785640442,2.3546162504906882,0.7747747747747747,0.014180414180414186,False,0.7142857142857143,2024-06-24,110,intermittent,full,1.8461538461538463,0.23076923076923078
CC-CS-15-L-BK-1TO,0.3963963963963964,0.893210418590662,2.2533262832628065,0.7927927927927928,0.006853281853281856,False,0.75,2024-06-24,110,intermittent,full,0.0,1.0
CC-CS-15-L-BKGR-STR,0.4144144144144144,0.6774151782741427,1.6346322780093443,0.6756756756756757,0.005809055809055809,False,0.6071428571428571,2024-06-24,110,intermittent,full,1.0,0.38461538461538464
CC-CS-15-L-BKLG-STR,0.18018018018018017,0.4286622433646963,2.3790754506740646,0.8378378378378378,0.0036591786591786595,False,0.30357142857142855,2024-06-24,110,intermittent,full,0.38461538461538464,0.6153846153846154
CC-CS-15-L-BKRD-STR,1.6036036036036037,2.0413706721828535,1.2729895764735772,0.4144144144144144,0.03623201123201123,False,2.8214285714285716,2025-06-30,58,smooth,medium,3.6153846153846154,0.07692307692307693
CC-CS-15-L-BLLG-STR,0.15315315315315314,0.4491874184619067,2.932929614663038,0.8828828828828829,0.005440505440505441,False,0.30357142857142855,2024-06-24,110,intermittent,full,0.3076923076923077,0.7692307692307693
CC-CS-15-L-DGBK-STR,0.46846846846846846,0.8680496915636687,1.8529522262224467,0.7207207207207207,0.01762021762021762,False,0.9285714285714286,2024-06-24,110,intermittent,full,1.9230769230769231,0.07692307692307693
CC-CS-15-L-GR-1TO,0.5315315315315315,0.8986458262729732,1.6906726562084748,0.6756756756756757,0.014426114426114425,False,1.0,2024-06-24,110,intermittent,full,1.4615384615384615,0.15384615384615385
CC-CS-15-L-GRBK-STR,0.5585585585585585,0.907274749894496,1.6243144715853075,0.6306306306306306,0.013574938574938576,False,1.0178571428571428,2024-06-24,110,intermittent,full,1.3846153846153846,0.23076923076923078
CC-CS-15-L-LGBK-STR,0.17117117117117117,0.5176849693174285,3.024370083907082,0.8828828828828829,0.006905931905931908,False,0.3392857142857143,2024-06-24,110,intermittent,full,0.6153846153846154,0.5384615384615384
CC-CS-15-M-BK-1TO,0.35135135135135137,0.7431203829658118,2.115034936133464,0.7747747747747747,0.006818181818181818,False,0.5535714285714286,2024-06-24,110,intermittent,full,0.5384615384615384,0.6153846153846154
CC-CS-15-M-BKGR-STR,0.14414414414414414,0.42121332351571034,2.9221674318902404,0.8828828828828829,0.00200947700947701,False,0.26785714285714285,2024-06-24,110,intermittent,full,0.0,1.0
CC-CS-15-M-BKLG-STR,0.1891891891891892,0.4748354577695293,2.5098445624960832,0.8378378378378378,0.005238680238680236,False,0.30357142857142855,2024-06-24,110,intermittent,full,0.8461538461538461,0.38461538461538464
CC-CS-15-M-BKRD-STR,0.7567567567567568,1.1167537915417232,1.4757103673944199,0.5855855855855856,0.021823446823446828,False,1.4285714285714286,2026-04-27,15,smooth,short,2.230769230769231,0.07692307692307693
CC-CS-15-M-GR-1TO,0.42342342342342343,0.6784926264419001,1.6023974794691684,0.6756756756756757,0.007414882414882416,False,0.5535714285714286,2024-06-24,110,intermittent,full,1.1538461538461537,0.3076923076923077
CC-CS-15-M-GRBK-STR,0.1981981981981982,0.5975900523162881,3.0151134457776356,0.8738738738738738,0.0028869778869778876,False,0.32142857142857145,2024-06-24,110,intermittent,full,0.07692307692307693,0.9230769230769231
CC-CS-15-M-LGBK-STR,0.0990990990990991,0.40168462720014336,4.053363056292356,0.9279279279279279,0.004966654966654967,False,0.19642857142857142,2024-06-24,110,intermittent,full,0.8461538461538461,0.38461538461538464
CC-CS-15-N-BK-1TO,0.44144144144144143,0.8348780423930157,1.891254340931117,0.7207207207207207,0.010942435942435944,False,0.8035714285714286,2024-06-24,110,intermittent,full,0.7692307692307693,0.46153846153846156
CC-CS-15-N-BKGR-STR,0.2072072072072072,0.5043436036857083,2.434006087352766,0.8378378378378378,0.001991926991926991,False,0.30357142857142855,2024-06-24,110,intermittent,full,0.0,1.0
CC-CS-15-N-BKLG-STR,0.25225225225225223,0.5768580394083647,2.2868300847974457,0.8018018018018018,0.005510705510705509,False,0.375,2024-06-24,110,intermittent,full,1.0769230769230769,0.38461538461538464
CC-CS-15-N-BKRD-STR,0.8288288288288288,1.307455226345678,1.5774731535257638,0.5855855855855856,0.02181467181467181,False,1.5178571428571428,2024-06-24,110,intermittent,full,2.4615384615384617,0.23076923076923078
CC-CS-15-N-GR-1TO,0.2702702702702703,0.5360171092123789,1.9832633040858019,0.7747747747747747,0.005326430326430326,False,0.42857142857142855,2024-06-24,110,intermittent,full,0.6153846153846154,0.5384615384615384
CC-CS-15-N-GRBK-STR,0.2972972972972973,0.578824446998523,1.9469549580859409,0.7567567567567568,0.006756756756756757,False,0.44642857142857145,2024-06-24,110,intermittent,full,0.8461538461538461,0.5384615384615384
CC-CS-15-N-LGBK-STR,0.02702702702702703,0.16216216216216217,6.0,0.972972972972973,0.000631800631800632,False,0.03571428571428571,2024-06-24,110,intermittent,full,0.07692307692307693,0.9230769230769231
CC-SN-03-B-GR-1TO,4.792792792792793,3.136869148715686,0.6544971344124834,0.04504504504504504,0.0472095472095472,False,6.160714285714286,2024-06-24,110,smooth,full,6.538461538461538,0.07692307692307693
CC-SN-03-D-GR-1TO,7.0,4.0913003725880035,0.5844714817982862,0.0,0.08252895752895754,False,9.625,2024-06-24,110,smooth,full,10.153846153846153,0.0
CC-SN-15-B-BK-1TO,0.26126126126126126,0.6254614399174696,2.394007580373763,0.8108108108108109,0.006414531414531416,False,0.5178571428571429,2024-06-24,110,intermittent,full,0.38461538461538464,0.6153846153846154
CC-SN-15-B-BKGR-STR,0.36936936936936937,0.6701879248071095,1.8144112110631503,0.7297297297297297,0.010582660582660584,False,0.6964285714285714,2024-06-24,110,intermittent,full,0.7692307692307693,0.46153846153846156
CC-SN-15-B-BKRD-STR,0.5945945945945946,1.0078822537619456,1.6950746995087267,0.6666666666666666,0.01828711828711829,False,1.1785714285714286,2024-06-24,110,intermittent,full,1.5384615384615385,0.3076923076923077
CC-SN-15-B-GR-1TO,0.1891891891891892,0.4554675553068302,2.4074713637646736,0.8288288288288288,0.006177606177606178,False,0.375,2024-06-24,110,intermittent,full,0.46153846153846156,0.6923076923076923
CC-SN-15-B-GRBK-STR,0.15315315315315314,0.4071035505475678,2.658146712398825,0.8648648648648649,0.003773253773253774,False,0.30357142857142855,2024-06-24,110,intermittent,full,0.3076923076923077,0.7692307692307693
CC-SN-15-B-LGBK-STR,0.2072072072072072,0.5219008417282969,2.51873884486265,0.8468468468468469,0.008485433485433489,False,0.4107142857142857,2024-06-24,110,intermittent,full,0.8461538461538461,0.38461538461538464
CC-SN-15-D-BK-1TO,0.009009009009009009,0.09448728361893258,10.488088481701515,0.990990990990991,0.0001491751491751492,False,0.017857142857142856,2024-06-24,110,intermittent,full,0.0,1.0
CC-SN-15-D-BKGR-STR,0.21621621621621623,0.526853748368052,2.4366985862022403,0.8288288288288288,0.005694980694980696,False,0.42857142857142855,2024-06-24,110,intermittent,full,0.5384615384615384,0.5384615384615384
CC-SN-15-D-BKRD-STR,0.38738738738738737,0.7124525736853169,1.8391217599783762,0.7297297297297297,0.011337311337311338,False,0.7678571428571429,2024-06-24,110,intermittent,full,0.9230769230769231,0.15384615384615385
CC-SN-15-D-GR-1TO,0.11711711711711711,0.41889470045270877,3.5767162884808212,0.9099099099099099,0.0028343278343278345,False,0.19642857142857142,2024-06-24,110,intermittent,full,0.23076923076923078,0.7692307692307693
CC-SN-15-D-GRBK-STR,0.17117117117117117,0.4217909877736801,2.464147349625184,0.8468468468468469,0.004922779922779923,False,0.3392857142857143,2024-06-24,110,intermittent,full,0.5384615384615384,0.5384615384615384
CC-SN-15-D-LGBK-STR,0.11711711711711711,0.3734122842533821,3.18836642708657,0.9009009009009009,0.005221130221130221,False,0.23214285714285715,2024-06-24,110,intermittent,full,0.6923076923076923,0.46153846153846156
CC-SS-03-G-GR-1TO,6.693693693693693,3.6361369283942406,0.5432183028960441,0.02702702702702703,0.05556335556335552,False,8.107142857142858,2024-06-24,110,smooth,full,8.615384615384615,0.07692307692307693
CC-SS-03-H-GR-1TO,5.288288288288288,3.2587716344565343,0.6162242784066019,0.009009009009009009,0.03690768690768691,False,6.089285714285714,2024-06-24,110,smooth,full,5.6923076923076925,0.0
CC-SS-03-I-GR-1TO,8.846846846846846,5.303743702785081,0.5995066710887413,0.0,0.08808353808353808,False,11.517857142857142,2024-06-24,110,smooth,full,11.307692307692308,0.0
CC-SS-03-J-GR-1TO,11.045045045045045,6.153278460201664,0.557107593052516,0.0,0.12319234819234813,False,14.482142857142858,2024-06-24,110,smooth,full,15.923076923076923,0.0
CC-SS-03-K-GR-1TO,17.576576576576578,9.362133380449416,0.5326482856124475,0.0,0.17218322218322213,False,21.428571428571427,2024-06-24,110,smooth,full,22.153846153846153,0.0
CC-SS-03-M-GR-1TO,19.64864864864865,11.329343745574192,0.576596586776128,0.009009009009009009,0.23291505791505787,False,26.125,2024-06-24,110,smooth,full,25.53846153846154,0.0
CC-SS-03-N-GR-1TO,7.972972972972973,5.133285584414862,0.6438358190622031,0.04504504504504504,0.06266233766233766,False,9.107142857142858,2024-06-24,110,smooth,full,10.23076923076923,0.0
CC-SS-03-P-GR-1TO,1.5675675675675675,1.3989804628817066,0.8924530539072957,0.23423423423423423,0.006677781677781675,False,1.625,2026-05-04,14,smooth,short,2.6153846153846154,0.07692307692307693
CC-SS-03-R-GR-1TO,4.063063063063063,2.6619754206542168,0.6551646822452729,0.06306306306306306,0.03443313443313442,False,5.017857142857143,2024-06-24,110,smooth,full,5.923076923076923,0.0
CC-SS-15-G-BKGR-STR,0.46846846846846846,0.7571856356558807,1.6163001068808223,0.6486486486486487,0.010600210600210602,False,0.7678571428571429,2024-06-24,110,intermittent,full,1.0,0.3076923076923077
CC-SS-15-G-BKLG-STR,0.018018018018018018,0.13301642396606667,7.3824115301167,0.9819819819819819,0.0007546507546507546,False,0.03571428571428571,2024-06-24,110,intermittent,full,0.07692307692307693,0.9230769230769231
CC-SS-15-G-BKRD-STR,0.45045045045045046,0.8978326128505218,1.9931884005281584,0.7387387387387387,0.01377676377676378,False,0.8571428571428571,2024-06-24,110,intermittent,full,1.6153846153846154,0.3076923076923077
CC-SS-15-G-GR-1TO,0.25225225225225223,0.5105811645154866,2.024089616472108,0.7837837837837838,0.007195507195507196,False,0.48214285714285715,2024-06-24,110,intermittent,full,0.6923076923076923,0.38461538461538464
CC-SS-15-G-GRBK-STR,0.16216216216216217,0.4753479624602854,2.9313124351717597,0.8828828828828829,0.004475254475254475,False,0.32142857142857145,2024-06-24,110,intermittent,full,0.3076923076923077,0.8461538461538461
CC-SS-15-G-LGBK-STR,0.10810810810810811,0.4717487373544521,4.363675820528682,0.9279279279279279,0.005361530361530362,False,0.21428571428571427,2024-06-24,110,intermittent,full,0.9230769230769231,0.38461538461538464
CC-SS-15-H-BKGR-STR,0.38738738738738737,0.6320447465510046,1.6315573690037561,0.6846846846846847,0.009494559494559495,False,0.625,2024-06-24,110,intermittent,full,1.0769230769230769,0.15384615384615385
CC-SS-15-H-BKRD-STR,0.6666666666666666,1.0932498320124249,1.6398747480186373,0.6846846846846847,0.018699543699543696,False,1.3214285714285714,2024-06-24,110,intermittent,full,1.3846153846153846,0.38461538461538464
CC-SS-15-H-GR-1TO,0.23423423423423423,0.50143856036309,2.140756930780884,0.8018018018018018,0.006783081783081782,False,0.44642857142857145,2024-06-24,110,intermittent,full,0.6923076923076923,0.38461538461538464
CC-SS-15-H-GRBK-STR,0.11711711711711711,0.5325231245452846,4.546928217271277,0.9459459459459459,0.0014566514566514569,False,0.23214285714285715,2024-06-24,110,intermittent,full,0.0,1.0
CC-SS-15-H-LGBK-STR,0.2702702702702703,0.7345519679509734,2.7178422814186014,0.8468468468468469,0.011460161460161463,False,0.5357142857142857,2024-06-24,110,intermittent,full,1.3076923076923077,0.3076923076923077
CC-SS-15-I-BK-1TO,0.009009009009009009,0.09448728361893258,10.488088481701515,0.990990990990991,0.00015795015795015793,False,0.017857142857142856,2024-06-24,110,intermittent,full,0.0,1.0
CC-SS-15-I-BKGR-STR,0.2702702702702703,0.7467158841478235,2.7628487713469467,0.8198198198198198,0.006124956124956127,False,0.5357142857142857,2024-06-24,110,intermittent,full,0.0,1.0
CC-SS-15-I-BKLG-STR,0.42342342342342343,0.7774936580321231,1.8362084264162908,0.6846846846846847,0.006686556686556685,False,0.5357142857142857,2024-06-24,110,intermittent,full,1.4615384615384615,0.15384615384615385
CC-SS-15-I-BKRD-STR,2.2857142857142856,1.8294640678379568,0.8003905296791062,0.1836734693877551,0.03010204081632653,True,2.0357142857142856,2025-11-24,37,smooth,short,2.769230769230769,0.15384615384615385
CC-SS-15-I-GR-1TO,0.4864864864864865,0.868517063423065,1.785285074814078,0.7027027027027027,0.012829062829062833,False,0.875,2024-06-24,110,intermittent,full,1.0,0.5384615384615384
CC-SS-15-I-GRBK-STR,0.46846846846846846,1.0381881290730044,2.2161323524442977,0.7477477477477478,0.011012636012636013,False,0.9107142857142857,2024-06-24,110,intermittent,full,0.6153846153846154,0.8461538461538461
CC-SS-15-I-LGBK-STR,0.22522522522522523,0.9743067268177135,4.325921867070647,0.9279279279279279,0.011205686205686207,False,0.44642857142857145,2024-06-24,110,intermittent,full,1.8461538461538463,0.46153846153846156
CC-SS-15-J-BK-1TO,0.018018018018018018,0.13301642396606667,7.3824115301167,0.9819819819819819,0.00021937521937521944,False,0.03571428571428571,2024-06-24,110,intermittent,full,0.0,1.0
CC-SS-15-J-BKGR-STR,0.36036036036036034,0.9566532578348316,2.654712790491658,0.8108108108108109,0.004773604773604774,False,0.6785714285714286,2024-06-24,110,intermittent,full,0.0,1.0
CC-SS-15-J-BKLG-STR,0.5765765765765766,1.219581596763027,2.115211831885875,0.6846846846846847,0.016163566163566165,False,0.8928571428571429,2026-04-06,18,smooth,short,3.1538461538461537,0.07692307692307693
CC-SS-15-J-BKRD-STR,1.2882882882882882,1.866670145045283,1.4489537489512336,0.5765765765765766,0.03940856440856441,False,2.5357142857142856,2025-07-07,57,smooth,medium,3.230769230769231,0.0
CC-SS-15-J-GR-1TO,0.5225225225225225,0.9571621611022291,1.8318103427990935,0.6936936936936937,0.013732888732888734,False,0.9821428571428571,2024-06-24,110,intermittent,full,1.0,0.46153846153846156
CC-SS-15-J-GRBK-STR,0.38738738738738737,0.7373090978598243,1.9032862758707094,0.7387387387387387,0.010608985608985608,False,0.7678571428571429,2024-06-24,110,intermittent,full,0.23076923076923078,0.8461538461538461
CC-SS-15-J-LGBK-STR,0.24324324324324326,0.8405941294003154,3.4557758653124075,0.8828828828828829,0.0116970866970867,False,0.48214285714285715,2024-06-24,110,intermittent,full,1.9230769230769231,0.15384615384615385
CC-SS-15-K-BK-1TO,0.25225225225225223,0.7035107389316985,2.7889175721935193,0.8468468468468469,0.004457704457704457,False,0.48214285714285715,2024-06-24,110,intermittent,full,0.0,1.0
CC-SS-15-K-BKGR-STR,1.3063063063063063,1.7490939368341945,1.3389615654385902,0.4774774774774775,0.032028782028782024,False,2.375,2025-06-02,62,smooth,medium,3.3846153846153846,0.07692307692307693
CC-SS-15-K-BKRD-STR,3.979591836734694,2.2811543436438484,0.5732131427617875,0.0,0.01857142857142859,True,3.5,2025-09-01,48,smooth,short,5.076923076923077,0.0
CC-SS-15-K-BLLG-STR,0.16216216216216217,0.4560018282826582,2.812011274409725,0.8648648648648649,0.005967005967005968,False,0.32142857142857145,2024-06-24,110,intermittent,full,0.46153846153846156,0.5384615384615384
CC-SS-15-K-DGBK-STR,0.6126126126126126,1.2604244328129763,2.0574575300329467,0.7027027027027027,0.023288873288873295,False,1.2142857142857142,2026-02-09,26,smooth,short,2.4615384615384617,0.0
CC-SS-15-K-GR-1TO,0.6036036036036037,0.9612236878089468,1.5924750648775088,0.6216216216216216,0.010819585819585817,False,0.8928571428571429,2024-06-24,110,intermittent,full,0.8461538461538461,0.46153846153846156
CC-SS-15-K-GRBK-STR,0.6936936936936937,1.3806434900860494,1.990278277916253,0.7027027027027027,0.021981396981396988,False,1.375,2026-04-06,18,smooth,short,2.3076923076923075,0.0
CC-SS-15-K-LGBK-STR,0.5495495495495496,1.1289693836267056,2.054354124304333,0.7387387387387387,0.0207002457002457,False,1.0892857142857142,2026-05-11,13,smooth,short,2.3076923076923075,0.15384615384615385
CC-SS-15-M-BK-1TO,0.018018018018018018,0.18897456723786518,10.488088481701517,0.990990990990991,0.00021060021060021063,False,0.03571428571428571,2024-06-24,110,intermittent,full,0.0,1.0
CC-SS-15-M-BKGR-STR,0.6126126126126126,1.2675518801413739,2.0690920396425367,0.7477477477477478,0.010556335556335556,False,1.1785714285714286,2024-06-24,110,intermittent,full,0.0,1.0
CC-SS-15-M-BKLG-STR,0.8108108108108109,1.2980478309425496,1.6009256581624778,0.5405405405405406,0.012293787293787288,False,1.0357142857142858,2026-03-02,23,smooth,short,2.1538461538461537,0.07692307692307693
CC-SS-15-M-BKRD-STR,5.1020408163265305,2.3754260452165648,0.4655835048624467,0.0,-0.029795918367346925,True,4.517857142857143,2025-09-01,48,smooth,short,5.153846153846154,0.0
CC-SS-15-M-BLLG-STR,0.1891891891891892,0.4934437455001496,2.608202654786505,0.8468468468468469,0.006230256230256232,False,0.375,2024-06-24,110,intermittent,full,0.5384615384615384,0.5384615384615384
CC-SS-15-M-DGBK-STR,0.46846846846846846,0.937889328838913,2.0020329904061414,0.7387387387387387,0.01608459108459108,False,0.9285714285714286,2024-06-24,110,intermittent,full,1.3076923076923077,0.15384615384615385
CC-SS-15-M-GR-1TO,0.6666666666666666,1.068242079840118,1.602363119760177,0.6306306306306306,0.018936468936468942,False,1.2857142857142858,2024-06-24,110,intermittent,full,1.6153846153846154,0.3076923076923077
CC-SS-15-M-GRBK-STR,0.3783783783783784,0.7717308737600741,2.0395744520801955,0.7477477477477478,0.010126360126360128,False,0.75,2024-06-24,110,intermittent,full,0.46153846153846156,0.6153846153846154
CC-SS-15-M-LGBK-STR,0.5495495495495496,1.1289693836267056,2.054354124304333,0.7477477477477478,0.02243769743769744,False,1.0892857142857142,2026-01-19,29,smooth,short,2.6923076923076925,0.0
CC-SS-15-N-BK-1TO,0.13513513513513514,0.4134340146156312,3.0594117081556704,0.8828828828828829,0.00315900315900316,False,0.26785714285714285,2024-06-24,110,intermittent,full,0.15384615384615385,0.8461538461538461
CC-SS-15-N-BKGR-STR,0.1981981981981982,0.550508688917196,2.7775665668094884,0.8558558558558559,0.003141453141453141,False,0.39285714285714285,2024-06-24,110,intermittent,full,0.0,1.0
CC-SS-15-N-BKLG-STR,0.35135135135135137,0.7058143166054376,2.0088561318770144,0.7567567567567568,0.007625482625482626,False,0.5357142857142857,2024-06-24,110,intermittent,full,1.5384615384615385,0.23076923076923078
CC-SS-15-N-BKRD-STR,0.6396396396396397,1.3068964184352134,2.04317609079308,0.6936936936936937,0.02084942084942085,False,1.2678571428571428,2026-05-11,13,smooth,short,2.0,0.07692307692307693
CC-SS-15-N-DGBK-STR,0.018018018018018018,0.18897456723786515,10.488088481701515,0.990990990990991,0.0009652509652509653,False,0.03571428571428571,2024-06-24,110,intermittent,full,0.15384615384615385,0.9230769230769231
CC-SS-15-N-GR-1TO,0.11711711711711711,0.3734122842533821,3.18836642708657,0.9009009009009009,0.004255879255879256,False,0.21428571428571427,2024-06-24,110,intermittent,full,0.5384615384615384,0.6153846153846154
CC-SS-15-N-GRBK-STR,0.2972972972972973,0.6922296472900378,2.328408813611945,0.8018018018018018,0.009152334152334154,False,0.5892857142857143,2024-06-24,110,intermittent,full,0.9230769230769231,0.46153846153846156
CC-SS-15-N-LGBK-STR,0.10810810810810811,0.4318690023137616,3.994788271402294,0.9279279279279279,0.0054492804492804504,False,0.21428571428571427,2024-06-24,110,intermittent,full,0.9230769230769231,0.38461538461538464
CC-SS-15-P-BKGR-STR,0.23423423423423423,0.5190940645365021,2.2161323524442973,0.8108108108108109,0.007485082485082486,False,0.44642857142857145,2024-06-24,110,intermittent,full,0.7692307692307693,0.46153846153846156
CC-SS-15-P-BKLG-STR,0.08108108108108109,0.35855403138977304,4.422166387140534,0.9369369369369369,0.0012372762372762373,False,0.10714285714285714,2024-06-24,110,intermittent,full,0.0,1.0
CC-SS-15-P-BKRD-STR,0.3963963963963964,0.8519112511329063,2.1491397471761955,0.7567567567567568,0.013996138996138998,False,0.7857142857142857,2024-06-24,110,intermittent,full,1.6923076923076923,0.3076923076923077
CC-SS-15-P-GR-1TO,0.04504504504504504,0.2074029627607448,4.604345773288535,0.954954954954955,0.0002193752193752193,False,0.05357142857142857,2024-06-24,110,intermittent,full,0.0,1.0
CC-SS-15-P-GRBK-STR,0.11711711711711711,0.3484518847894363,2.975243016279033,0.8918918918918919,0.004413829413829415,False,0.23214285714285715,2024-06-24,110,intermittent,full,0.5384615384615384,0.5384615384615384
CC-SS-15-P-LGBK-STR,0.009009009009009009,0.09448728361893258,10.488088481701515,0.990990990990991,0.00048262548262548264,False,0.017857142857142856,2024-06-24,110,intermittent,full,0.07692307692307693,0.9230769230769231
CC-SS-15-R-BK-1TO,0.12612612612612611,0.4269547967954156,3.3851416031636523,0.9009009009009009,0.003694278694278695,False,0.25,2024-06-24,110,intermittent,full,0.3076923076923077,0.6923076923076923
CC-SS-15-R-BKGR-STR,0.1981981981981982,0.5975900523162883,3.015113445777636,0.8468468468468469,0.006142506142506142,False,0.375,2024-06-24,110,intermittent,full,0.5384615384615384,0.7692307692307693
CC-SS-15-R-BKRD-STR,0.3153153153153153,0.6972530656176342,2.2112882938159255,0.7927927927927928,0.010854685854685858,False,0.625,2024-06-24,110,intermittent,full,1.1538461538461537,0.3076923076923077
CC-SS-15-R-DGBK-STR,0.018018018018018018,0.18897456723786515,10.488088481701515,0.990990990990991,0.0009652509652509653,False,0.03571428571428571,2024-06-24,110,intermittent,full,0.15384615384615385,0.9230769230769231
CC-SS-15-R-GR-1TO,0.009009009009009009,0.09448728361893258,10.488088481701515,0.990990990990991,0.0002018252018252018,False,0.017857142857142856,2024-06-24,110,intermittent,full,0.0,1.0
CC-SS-15-R-GRBK-STR,0.08108108108108109,0.3041791534438583,3.7515428924742524,0.9279279279279279,0.0012460512460512462,False,0.16071428571428573,2024-06-24,110,intermittent,full,0.07692307692307693,0.9230769230769231
CC-SS-15-R-LGBK-STR,0.10810810810810811,0.4522486629913922,4.183300132670378,0.9369369369369369,0.005300105300105301,False,0.21428571428571427,2024-06-24,110,intermittent,full,0.8461538461538461,0.5384615384615384
CC-TC-03-N-GR-1TO,5.063063063063063,2.993323740266173,0.5912080696966997,0.02702702702702703,0.033625833625833594,False,6.142857142857143,2024-06-24,110,smooth,full,6.153846153846154,0.0
CC-TC-03-P-GR-1TO,3.900900900900901,2.9468412007183966,0.7554258043412055,0.09009009009009009,0.045577395577395576,False,4.803571428571429,2024-06-24,110,smooth,full,7.153846153846154,0.0
CC-TC-03-R-GR-1TO,2.3333333333333335,2.1906160774537375,0.9388354617658875,0.2072072072072072,0.02064759564759564,False,2.642857142857143,2024-08-12,104,smooth,full,4.076923076923077,0.07692307692307693
CC-TC-15-N-BKGR-STR,0.16216216216216217,0.41461021618031896,2.5567629997786336,0.8558558558558559,0.004905229905229906,False,0.32142857142857145,2024-06-24,110,intermittent,full,0.5384615384615384,0.5384615384615384
CC-TC-15-N-BKLG-STR,0.0990990990990991,0.32756142275131245,3.3053925386723346,0.9099099099099099,-0.00021937521937522017,False,0.05357142857142857,2024-06-24,110,intermittent,full,0.0,1.0
CC-TC-15-N-BKRD-STR,0.25225225225225223,0.6072900737424402,2.4074713637646736,0.8108108108108109,0.008529308529308529,False,0.5,2024-06-24,110,intermittent,full,1.0,0.38461538461538464
CC-TC-15-N-GR-1TO,0.05405405405405406,0.22612433149569605,4.183300132670377,0.9459459459459459,0.001605826605826606,False,0.10714285714285714,2024-06-24,110,intermittent,full,0.23076923076923078,0.7692307692307693
CC-TC-15-N-GRBK-STR,0.05405405405405406,0.22612433149569605,4.183300132670377,0.9459459459459459,0.0008424008424008422,False,0.10714285714285714,2024-06-24,110,intermittent,full,0.0,1.0
CC-TC-15-N-LGBK-STR,0.04504504504504504,0.24705061623066824,5.4845236803208355,0.963963963963964,0.0021937521937521937,False,0.08928571428571429,2024-06-24,110,intermittent,full,0.38461538461538464,0.6923076923076923
CC-TC-15-P-BK-1TO,0.3063063063063063,0.6948043057534717,2.268331704077511,0.7927927927927928,0.011460161460161461,False,0.6071428571428571,2024-06-24,110,intermittent,full,1.3846153846153846,0.3076923076923077
CC-TC-15-P-BKGR-STR,0.11711711711711711,0.3734122842533821,3.18836642708657,0.9009009009009009,0.0025710775710775713,False,0.23214285714285715,2024-06-24,110,intermittent,full,0.0,1.0
CC-TC-15-P-BKLG-STR,0.4144144144144144,0.8216492803942598,1.9826754374731053,0.7297297297297297,0.004773604773604772,False,0.44642857142857145,2024-06-24,110,intermittent,full,1.3076923076923077,0.3076923076923077
CC-TC-15-P-BKRD-STR,0.7927927927927928,1.2089539601597301,1.524930563383296,0.6306306306306306,0.0241926991926992,False,1.5714285714285714,2026-03-30,19,smooth,short,2.230769230769231,0.15384615384615385
CC-TC-15-P-GR-1TO,0.27927927927927926,0.5877299614522554,2.1044524426193663,0.7927927927927928,0.008924183924183924,False,0.5178571428571429,2024-06-24,110,intermittent,full,0.9230769230769231,0.3076923076923077
CC-TC-15-P-GRBK-STR,0.26126126126126126,0.6254614399174697,2.3940075803737635,0.8108108108108109,0.006862056862056863,False,0.5178571428571429,2024-06-24,110,intermittent,full,0.38461538461538464,0.7692307692307693
CC-TC-15-P-LGBK-STR,0.17117117117117117,0.733667498072156,4.286162751895227,0.9279279279279279,0.008546858546858547,False,0.3392857142857143,2024-06-24,110,intermittent,full,1.4615384615384615,0.38461538461538464
CC-TC-15-R-BK-1TO,0.036036036036036036,0.18637982761781263,5.172040216394301,0.963963963963964,0.0012285012285012287,False,0.07142857142857142,2024-06-24,110,intermittent,full,0.15384615384615385,0.8461538461538461
CC-TC-15-R-BKGR-STR,0.3063063063063063,0.7326711932017103,2.3919559542761717,0.8108108108108109,0.0095998595998596,False,0.5714285714285714,2024-06-24,110,intermittent,full,1.1538461538461537,0.46153846153846156
CC-TC-15-R-BKRD-STR,0.1981981981981982,0.4990047720405848,2.517705895295678,0.8378378378378378,0.0067655317655317656,False,0.39285714285714285,2024-06-24,110,intermittent,full,0.7692307692307693,0.46153846153846156
CC-TC-15-R-GR-1TO,0.04504504504504504,0.2074029627607448,4.604345773288535,0.954954954954955,-0.0007897507897507897,False,0.0,2024-06-24,110,intermittent,full,0.0,1.0
CC-TC-15-R-GRBK-STR,0.02702702702702703,0.16216216216216217,6.0,0.972972972972973,0.0007283257283257285,False,0.05357142857142857,2024-06-24,110,intermittent,full,0.07692307692307693,0.9230769230769231
CC-TC-15-R-LGBK-STR,0.018018018018018018,0.13301642396606667,7.3824115301167,0.9819819819819819,0.0009038259038259039,False,0.03571428571428571,2024-06-24,110,intermittent,full,0.15384615384615385,0.8461538461538461
CC-TME-03-W-GR-1TO,1.4954954954954955,1.587529520893845,1.0615408242121493,0.36936936936936937,0.02464022464022464,False,2.017857142857143,2025-10-20,42,smooth,short,3.3846153846153846,0.0
CC-TME-15-W-BK-1TO,0.009009009009009009,0.09448728361893259,10.488088481701517,0.990990990990991,7.897507897507897e-05,False,0.017857142857142856,2024-06-24,110,intermittent,full,0.0,1.0
CC-TME-15-W-BKGR-STR,0.08108108108108109,0.27295959292870475,3.3665016461206916,0.918918918918919,0.0029045279045279045,False,0.16071428571428573,2024-06-24,110,intermittent,full,0.15384615384615385,0.8461538461538461
CC-TME-15-W-BKRD-STR,0.18018018018018017,0.4491874184619068,2.492990172463583,0.8468468468468469,0.006054756054756056,False,0.35714285714285715,2024-06-24,110,intermittent,full,0.6923076923076923,0.38461538461538464
CC-TME-15-W-GR-1TO,0.036036036036036036,0.18637982761781263,5.172040216394301,0.963963963963964,0.00014040014040014038,False,0.05357142857142857,2024-06-24,110,intermittent,full,0.0,1.0
CC-TME-15-W-GRBK-STR,0.036036036036036036,0.18637982761781263,5.172040216394301,0.963963963963964,0.0013601263601263603,False,0.07142857142857142,2024-06-24,110,intermittent,full,0.15384615384615385,0.8461538461538461
CC-TN-03-S-GR-1TO,0.009009009009009009,0.09448728361893259,10.488088481701517,0.990990990990991,-4.387504387504388e-05,False,0.0,2024-06-24,110,intermittent,full,0.0,1.0
CC-TN-03-T-GR-1TO,0.036036036036036036,0.18637982761781263,5.172040216394301,0.963963963963964,0.001377676377676378,False,0.07142857142857142,2024-06-24,110,intermittent,full,0.15384615384615385,0.8461538461538461
CC-TN-03-V-GR-1TO,0.25225225225225223,0.4739800518185912,1.878992348280844,0.7657657657657657,-0.0006756756756756785,False,0.26785714285714285,2024-06-24,110,intermittent,full,0.23076923076923078,0.7692307692307693
CC-TN-03-X-GR-1TO,0.036036036036036036,0.18637982761781263,5.172040216394301,0.963963963963964,-0.00014040014040014068,False,0.03571428571428571,2024-06-24,110,intermittent,full,0.0,1.0
CC-TN-03-Y-GR-1TO,0.02702702702702703,0.21051029631617882,7.788880963698616,0.9819819819819819,0.0013425763425763426,False,0.05357142857142857,2024-06-24,110,intermittent,full,0.23076923076923078,0.8461538461538461
CC-TN-15-S-BKRD-STR,0.009009009009009009,0.09448728361893258,10.488088481701515,0.990990990990991,0.00021060021060021055,False,0.017857142857142856,2024-06-24,110,intermittent,full,0.0,1.0
CC-TN-15-V-BKGR-STR,0.036036036036036036,0.18637982761781263,5.172040216394301,0.963963963963964,-0.00023692523692523713,False,0.03571428571428571,2024-06-24,110,intermittent,full,0.0,1.0
CC-TN-15-V-GR-1TO,0.018018018018018018,0.13301642396606664,7.382411530116698,0.9819819819819819,0.0002457002457002457,False,0.03571428571428571,2024-06-24,110,intermittent,full,0.0,1.0
CC-TNC-03-K-GR-1TO,0.06306306306306306,0.2430763524906674,3.854496446637726,0.9369369369369369,-0.0011758511758511764,False,0.0,2024-06-24,110,intermittent,full,0.0,1.0
CC-TNC-15-K-LGBK-STR,0.009009009009009009,0.09448728361893258,10.488088481701515,0.990990990990991,0.00048262548262548264,False,0.017857142857142856,2024-06-24,110,intermittent,full,0.07692307692307693,0.9230769230769231
CC-TNS-03-M-GR-1TO,0.9009009009009009,1.114644167799751,1.2372550262577235,0.5045045045045045,0.009248859248859249,False,1.1607142857142858,2024-06-24,110,intermittent,full,1.0769230769230769,0.46153846153846156
CC-TNS-03-N-GR-1TO,0.43243243243243246,0.7548237861496725,1.7455300054711176,0.7027027027027027,0.006063531063531063,False,0.5714285714285714,2024-06-24,110,intermittent,full,1.0,0.46153846153846156
CC-TNS-03-P-GR-1TO,1.1801801801801801,1.645075633947867,1.3939190486123147,0.5045045045045045,0.021542646542646544,False,1.75,2024-06-24,110,intermittent,full,2.8461538461538463,0.23076923076923078
CC-TNS-03-R-GR-1TO,0.8558558558558559,1.0470623586138839,1.223409703222538,0.4954954954954955,0.014926289926289932,False,1.3392857142857142,2024-06-24,110,intermittent,full,1.7692307692307692,0.15384615384615385
CC-TNS-03-S-GR-1TO,0.9099099099099099,1.2559734715562847,1.3803272806212634,0.5135135135135135,0.01993681993681994,False,1.5,2024-06-24,110,intermittent,full,1.9230769230769231,0.23076923076923078
CC-TNS-03-V-GR-1TO,0.972972972972973,1.3914763658600233,1.4301284871339128,0.5135135135135135,0.022490347490347493,False,1.6607142857142858,2026-02-23,24,smooth,short,2.4615384615384617,0.15384615384615385
CC-TNS-15-P-BKLG-STR,0.018018018018018018,0.13301642396606667,7.3824115301167,0.9819819819819819,-0.00038610038610038604,False,0.017857142857142856,2024-06-24,110,intermittent,full,0.0,1.0
CC-TNS-15-P-BKRD-STR,0.009009009009009009,0.09448728361893258,10.488088481701515,0.990990990990991,0.0004563004563004563,False,0.017857142857142856,2024-06-24,110,intermittent,full,0.07692307692307693,0.9230769230769231
CC-TNS-15-R-BKGR-STR,0.06306306306306306,0.277676306440044,4.403152859263555,0.9459459459459459,-0.00021937521937522069,False,0.05357142857142857,2024-06-24,110,intermittent,full,0.15384615384615385,0.9230769230769231
CC-TNS-15-R-BKRD-STR,0.07207207207207207,0.2586072089082401,3.5881750236018317,0.9279279279279279,0.0025974025974025974,False,0.14285714285714285,2024-06-24,110,intermittent,full,0.3076923076923077,0.6923076923076923
CC-TNS-15-R-GRBK-STR,0.018018018018018018,0.13301642396606667,7.3824115301167,0.9819819819819819,0.00042997542997543013,False,0.03571428571428571,2024-06-24,110,intermittent,full,0.0,1.0
CC-TNS-15-S-BKRD-STR,0.02702702702702703,0.21051029631617882,7.788880963698616,0.9819819819819819,0.0009828009828009828,False,0.05357142857142857,2024-06-24,110,intermittent,full,0.15384615384615385,0.9230769230769231
CC-TNS-15-S-GR-1TO,0.009009009009009009,0.09448728361893258,10.488088481701515,0.990990990990991,0.0004387504387504389,False,0.017857142857142856,2024-06-24,110,intermittent,full,0.07692307692307693,0.9230769230769231
CC-TNS-15-T-BKLG-STR,0.018018018018018018,0.13301642396606667,7.3824115301167,0.9819819819819819,0.00011407511407511405,False,0.017857142857142856,2024-06-24,110,intermittent,full,0.0,1.0
CC-TNS-15-T-BKRD-STR,0.009009009009009009,0.09448728361893258,10.488088481701515,0.990990990990991,0.00031590031590031603,False,0.017857142857142856,2024-06-24,110,intermittent,full,0.0,1.0
CC-TNS-15-V-BKRD-STR,0.018018018018018018,0.13301642396606667,7.3824115301167,0.9819819819819819,0.000631800631800632,False,0.03571428571428571,2024-06-24,110,intermittent,full,0.07692307692307693,0.9230769230769231
CC-TS-03-K-GR-1TO,0.35135135135135137,0.7058143166054375,2.0088561318770144,0.7207207207207207,-0.002263952263952265,False,0.26785714285714285,2024-06-24,110,intermittent,full,0.0,1.0
CC-TS-03-M-GR-1TO,1.981981981981982,1.8695376023290353,0.9432666993569224,0.18018018018018017,0.023999648999648994,False,2.625,2024-07-22,107,smooth,full,3.6923076923076925,0.07692307692307693
CC-TS-03-N-GR-1TO,3.5945945945945947,2.2675874323991096,0.6308325939756921,0.036036036036036036,0.020682695682695682,False,3.892857142857143,2024-06-24,110,smooth,full,4.461538461538462,0.0
CC-TS-03-P-GR-1TO,2.036036036036036,2.039819493550587,1.001858246832368,0.22522522522522523,0.006642681642681633,False,2.375,2024-06-24,110,intermittent,full,1.5384615384615385,0.15384615384615385
CC-TS-03-R-GR-1TO,4.513513513513513,2.9250852451268536,0.6480727788604407,0.06306306306306306,0.05149175149175148,False,6.071428571428571,2024-06-24,110,smooth,full,6.615384615384615,0.0
CC-TS-03-S-GR-1TO,25.414414414414413,16.084500103391726,0.6328888732635525,0.0,0.17206914706914694,False,27.196428571428573,2024-06-24,110,smooth,full,28.46153846153846,0.0
CC-TS-03-T-GR-1TO,10.08108108108108,6.714425958217189,0.6660422532279785,0.06306306306306306,0.07317479817479816,False,10.660714285714286,2024-06-24,110,smooth,full,12.538461538461538,0.0
CC-TS-03-U-GR-1TO,2.5855855855855854,1.8427773226011672,0.7127117867899986,0.10810810810810811,0.01771674271674271,False,3.0357142857142856,2024-06-24,111,smooth,full,2.3076923076923075,0.07692307692307693
CC-TS-03-V-GR-1TO,5.288288288288288,4.393663306424742,0.8308290068367059,0.07207207207207207,0.010723060723060722,False,4.517857142857143,2024-06-24,110,smooth,full,4.769230769230769,0.0
CC-TS-03-W-GR-1TO,1.4954954954954955,1.4070214778633976,0.9408396629086574,0.27927927927927926,0.017637767637767636,False,1.9821428571428572,2026-01-19,29,smooth,short,2.0,0.15384615384615385
CC-TS-03-X-GR-1TO,0.07207207207207207,0.25860720890824007,3.588175023601831,0.9279279279279279,-0.0005967005967005968,False,0.05357142857142857,2024-06-24,110,intermittent,full,0.0,1.0
CC-TS-03-Y-GR-1TO,1.3423423423423424,1.5796880493477727,1.1768145870980051,0.40540540540540543,0.026430326430326428,False,2.107142857142857,2025-12-01,36,smooth,short,2.5384615384615383,0.07692307692307693
CC-TS-15-M-BK-1TO,0.10810810810810811,0.3879108133623601,3.588175023601831,0.918918918918919,0.0033520533520533524,False,0.21428571428571427,2024-06-24,110,intermittent,full,0.38461538461538464,0.6923076923076923
CC-TS-15-M-BKGR-STR,0.10810810810810811,0.3382879883877223,3.129163892586431,0.9009009009009009,0.003185328185328185,False,0.19642857142857142,2024-06-24,110,intermittent,full,0.38461538461538464,0.6923076923076923
CC-TS-15-M-BKRD-STR,0.32432432432432434,0.7493199579073263,2.3104032035475894,0.7837837837837838,0.010696735696735698,False,0.6428571428571429,2024-06-24,110,intermittent,full,1.0,0.38461538461538464
CC-TS-15-M-GR-1TO,0.05405405405405406,0.26296431566353917,4.864839839775475,0.954954954954955,5.265005265005267e-05,False,0.05357142857142857,2024-06-24,110,intermittent,full,0.0,1.0
CC-TS-15-M-GRBK-STR,0.02702702702702703,0.1621621621621622,6.000000000000001,0.972972972972973,0.0009301509301509304,False,0.05357142857142857,2024-06-24,110,intermittent,full,0.15384615384615385,0.8461538461538461
CC-TS-15-M-LGBK-STR,0.05405405405405406,0.2952426956427737,5.461989869391314,0.963963963963964,0.002553527553527554,False,0.10714285714285714,2024-06-24,110,intermittent,full,0.3076923076923077,0.7692307692307693
CC-TS-15-N-BK-1TO,0.009009009009009009,0.09448728361893259,10.488088481701517,0.990990990990991,7.020007020007022e-05,False,0.017857142857142856,2024-06-24,110,intermittent,full,0.0,1.0
CC-TS-15-N-BKGR-STR,0.3063063063063063,0.533436805156305,1.7415142756573487,0.7297297297297297,0.0011583011583011554,False,0.35714285714285715,2024-06-24,110,intermittent,full,0.5384615384615384,0.5384615384615384
CC-TS-15-N-BKRD-STR,0.35135135135135137,0.6929327756046635,1.9721932844132728,0.7387387387387387,0.012285012285012284,False,0.6964285714285714,2024-06-24,110,intermittent,full,1.2307692307692308,0.15384615384615385
CC-TS-15-N-GR-1TO,0.7207207207207207,1.4216547341968602,1.9725459436981436,0.7027027027027027,-0.0018515268515268543,False,0.5178571428571429,2024-06-24,110,intermittent,full,0.3076923076923077,0.7692307692307693
CC-TS-15-N-GRBK-STR,0.05405405405405406,0.2261243314956961,4.183300132670378,0.9459459459459459,0.0020884520884520883,False,0.10714285714285714,2024-06-24,110,intermittent,full,0.23076923076923078,0.7692307692307693
CC-TS-15-P-BKGR-STR,0.15315315315315314,0.38433745959822596,2.5094975303178284,0.8558558558558559,0.0011056511056511049,False,0.21428571428571427,2024-06-24,110,intermittent,full,0.23076923076923078,0.7692307692307693
CC-TS-15-P-BKRD-STR,0.10810810810810811,0.36394612390493974,3.3665016461206925,0.9099099099099099,0.0036328536328536333,False,0.21428571428571427,2024-06-24,110,intermittent,full,0.3076923076923077,0.6923076923076923
CC-TS-15-P-GR-1TO,0.05405405405405406,0.22612433149569605,4.183300132670377,0.9459459459459459,0.0002808002808002806,False,0.07142857142857142,2024-06-24,110,intermittent,full,0.0,1.0
CC-TS-15-P-GRBK-STR,0.009009009009009009,0.09448728361893258,10.488088481701515,0.990990990990991,0.0004563004563004563,False,0.017857142857142856,2024-06-24,110,intermittent,full,0.07692307692307693,0.9230769230769231
CC-TS-15-P-LGBK-STR,0.009009009009009009,0.09448728361893258,10.488088481701515,0.990990990990991,0.00046507546507546513,False,0.017857142857142856,2024-06-24,110,intermittent,full,0.07692307692307693,0.9230769230769231
CC-TS-15-R-BK-1TO,0.009009009009009009,0.09448728361893259,10.488088481701517,0.990990990990991,8.775008775008772e-06,False,0.017857142857142856,2024-06-24,110,intermittent,full,0.0,1.0
CC-TS-15-R-BKGR-STR,0.0990990990990991,0.32756142275131245,3.3053925386723346,0.9099099099099099,0.0022200772200772203,False,0.17857142857142858,2024-06-24,110,intermittent,full,0.15384615384615385,0.8461538461538461
CC-TS-15-R-BKLG-STR,0.07207207207207207,0.25860720890824007,3.588175023601831,0.9279279279279279,0.0013864513864513864,False,0.125,2024-06-24,110,intermittent,full,0.0,1.0
CC-TS-15-R-BKRD-STR,0.23423423423423423,0.6431195782909819,2.7456258919345764,0.8558558558558559,0.008950508950508954,False,0.4642857142857143,2024-06-24,110,intermittent,full,1.1538461538461537,0.46153846153846156
CC-TS-15-R-GR-1TO,0.08108108108108109,0.2729595929287048,3.3665016461206925,0.918918918918919,0.0017550017550017549,False,0.14285714285714285,2024-06-24,110,intermittent,full,0.23076923076923078,0.7692307692307693
CC-TS-15-R-GRBK-STR,0.0990990990990991,0.3275614227513125,3.305392538672335,0.9099099099099099,0.003115128115128116,False,0.19642857142857142,2024-06-24,110,intermittent,full,0.3076923076923077,0.7692307692307693
CC-TS-15-S-BK-1TO,0.6306306306306306,1.192528753334792,1.891009880288027,0.6936936936936937,0.022586872586872593,False,1.25,2024-06-24,110,intermittent,full,1.8461538461538463,0.23076923076923078
CC-TS-15-S-BKGR-STR,1.4144144144144144,1.5214293212673549,1.0756602207686394,0.36936936936936937,0.02011232011232011,False,2.0,2025-11-10,39,smooth,short,3.3076923076923075,0.0
CC-TS-15-S-BKRD-STR,3.5918367346938775,3.4340335499706507,0.9560661587986471,0.061224489795918366,0.05867346938775512,True,3.1964285714285716,2025-09-01,48,smooth,short,4.538461538461538,0.07692307692307693
CC-TS-15-S-BLLG-STR,0.18018018018018017,0.5726215705250702,3.17804971641414,0.8918918918918919,0.006756756756756756,False,0.35714285714285715,2024-06-24,110,intermittent,full,0.7692307692307693,0.6153846153846154
CC-TS-15-S-DGBK-STR,0.5765765765765766,1.2047170767972948,2.0894311800703083,0.7297297297297297,0.02045454545454546,False,1.1428571428571428,2024-06-24,110,intermittent,full,1.6923076923076923,0.15384615384615385
CC-TS-15-S-GR-1TO,0.5855855855855856,0.9150244270698827,1.5625801754577997,0.6126126126126126,0.006133731133731134,False,0.7142857142857143,2024-06-24,110,intermittent,full,0.7692307692307693,0.46153846153846156
CC-TS-15-S-GRBK-STR,0.25225225225225223,0.716202050967632,2.8392295591931127,0.8468468468468469,0.007792207792207794,False,0.5,2024-06-24,110,intermittent,full,0.6923076923076923,0.46153846153846156
CC-TS-15-S-LGBK-STR,0.5045045045045045,1.089457042005836,2.1594594939758536,0.7297297297297297,0.019471744471744476,False,1.0,2024-06-24,110,intermittent,full,1.7692307692307692,0.15384615384615385
CC-TS-15-T-BK-1TO,0.15315315315315314,0.6032673528930886,3.938980951243108,0.918918918918919,0.0031063531063531065,False,0.30357142857142855,2024-06-24,110,intermittent,full,0.0,1.0
CC-TS-15-T-BKGR-STR,0.3153153153153153,0.8800284801081594,2.790947465485877,0.8648648648648649,0.007994032994032995,False,0.625,2024-06-24,110,intermittent,full,0.7692307692307693,0.6153846153846154
CC-TS-15-T-BKLG-STR,0.7567567567567568,0.9974401128241044,1.3180458633747092,0.5405405405405406,0.00987188487188487,False,1.0,2024-06-24,110,intermittent,full,1.0,0.46153846153846156
CC-TS-15-T-BKRD-STR,3.326530612244898,2.0242182174657044,0.6085073169068682,0.08163265306122448,-0.01724489795918366,True,2.9464285714285716,2025-09-01,48,smooth,short,3.230769230769231,0.07692307692307693
CC-TS-15-T-BLLG-STR,0.10810810810810811,0.3382879883877223,3.129163892586431,0.9009009009009009,0.0039926289926289936,False,0.21428571428571427,2024-06-24,110,intermittent,full,0.38461538461538464,0.6153846153846154
CC-TS-15-T-DGBK-STR,0.38738738738738737,0.7494282646156909,1.934570636566086,0.7477477477477478,0.014469989469989472,False,0.7678571428571429,2024-06-24,110,intermittent,full,1.6153846153846154,0.23076923076923078
CC-TS-15-T-GR-1TO,0.6486486486486487,1.0624521072292301,1.637946998645063,0.6576576576576577,0.007985257985257985,False,0.6785714285714286,2024-06-24,110,intermittent,full,1.3076923076923077,0.3076923076923077
CC-TS-15-T-GRBK-STR,0.2072072072072072,0.48615270498133484,2.346215228388181,0.8288288288288288,0.006160056160056161,False,0.4107142857142857,2024-06-24,110,intermittent,full,0.6153846153846154,0.5384615384615384
CC-TS-15-T-LGBK-STR,0.44144144144144143,1.001662444127911,2.269072067310166,0.7837837837837838,0.018532818532818535,False,0.875,2026-04-20,16,smooth,short,2.0,0.0
CC-TS-15-U-BKGR-STR,0.25225225225225223,0.5279310026660761,2.092869331997659,0.7927927927927928,0.0027290277290277264,False,0.3392857142857143,2024-06-24,110,intermittent,full,0.23076923076923078,0.7692307692307693
CC-TS-15-U-BKRD-STR,0.34234234234234234,0.7768670680111748,2.2692695934010634,0.7837837837837838,0.012618462618462617,False,0.6785714285714286,2024-06-24,110,intermittent,full,1.4615384615384615,0.38461538461538464
CC-TS-15-U-DGBK-STR,0.009009009009009009,0.09448728361893258,10.488088481701515,0.990990990990991,0.00029835029835029837,False,0.017857142857142856,2024-06-24,110,intermittent,full,0.0,1.0
CC-TS-15-U-GR-1TO,0.11711711711711711,0.3484518847894363,2.975243016279033,0.8918918918918919,0.002132327132327132,False,0.16071428571428573,2024-06-24,110,intermittent,full,0.23076923076923078,0.7692307692307693
CC-TS-15-U-GRBK-STR,0.14414414414414414,0.3512358322453681,2.4366985862022412,0.8558558558558559,0.005010530010530011,False,0.2857142857142857,2024-06-24,110,intermittent,full,0.38461538461538464,0.6153846153846154
CC-TS-15-U-LGBK-STR,0.009009009009009009,0.09448728361893258,10.488088481701515,0.990990990990991,0.0004212004212004214,False,0.017857142857142856,2024-06-24,110,intermittent,full,0.07692307692307693,0.9230769230769231
CC-TS-15-V-BK-1TO,0.009009009009009009,0.09448728361893258,10.488088481701515,0.990990990990991,0.0001491751491751492,False,0.017857142857142856,2024-06-24,110,intermittent,full,0.0,1.0
CC-TS-15-V-BKGR-STR,0.36036036036036034,0.5819010905209061,1.6147755261955146,0.6846846846846847,0.00406282906282906,False,0.5178571428571429,2024-06-24,110,intermittent,full,0.7692307692307693,0.46153846153846156
CC-TS-15-V-BKRD-STR,0.5675675675675675,1.0189344515746805,1.7952654622982467,0.6936936936936937,0.020621270621270622,False,1.125,2026-04-27,15,smooth,short,2.3076923076923075,0.07692307692307693
CC-TS-15-V-GR-1TO,0.1891891891891892,0.4748354577695293,2.5098445624960832,0.8378378378378378,0.0021586521586521583,False,0.21428571428571427,2024-06-24,110,intermittent,full,0.38461538461538464,0.7692307692307693
CC-TS-15-V-GRBK-STR,0.0990990990990991,0.3275614227513125,3.305392538672335,0.9099099099099099,0.0037732537732537734,False,0.19642857142857142,2024-06-24,110,intermittent,full,0.46153846153846156,0.6153846153846154
CC-TS-15-W-BK-1TO,0.009009009009009009,0.09448728361893259,10.488088481701517,0.990990990990991,0.00014040014040014043,False,0.017857142857142856,2024-06-24,110,intermittent,full,0.0,1.0
CC-TS-15-W-BKGR-STR,0.17117117117117117,0.4426349007761529,2.5859196834817353,0.8558558558558559,0.0021937521937521937,False,0.25,2024-06-24,110,intermittent,full,0.46153846153846156,0.6153846153846154
CC-TS-15-W-BKRD-STR,0.12612612612612611,0.42695479679541565,3.3851416031636528,0.9009009009009009,0.0038873288873288877,False,0.25,2024-06-24,110,intermittent,full,0.38461538461538464,0.6923076923076923
CC-TS-15-W-GR-1TO,0.06306306306306306,0.2430763524906674,3.854496446637726,0.9369369369369369,0.0010091260091260091,False,0.10714285714285714,2024-06-24,110,intermittent,full,0.15384615384615385,0.8461538461538461
CC-TS-15-W-GRBK-STR,0.02702702702702703,0.21051029631617882,7.788880963698616,0.9819819819819819,0.0013776763776763778,False,0.05357142857142857,2024-06-24,110,intermittent,full,0.23076923076923078,0.8461538461538461
CC-TS-15-X-BKLG-STR,0.009009009009009009,0.09448728361893259,10.488088481701517,0.990990990990991,1.7550017550017544e-05,False,0.017857142857142856,2024-06-24,110,intermittent,full,0.0,1.0
CC-TS-15-Y-BK-1TO,0.009009009009009009,0.09448728361893259,10.488088481701517,0.990990990990991,5.265005265005261e-05,False,0.017857142857142856,2024-06-24,110,intermittent,full,0.0,1.0
CC-TS-15-Y-BKGR-STR,0.009009009009009009,0.09448728361893259,10.488088481701517,0.990990990990991,0.00010530010530010532,False,0.017857142857142856,2024-06-24,110,intermittent,full,0.0,1.0
CC-TS-15-Y-BKLG-STR,0.06306306306306306,0.27767630644004393,4.403152859263554,0.9459459459459459,0.0008511758511758513,False,0.07142857142857142,2024-06-24,110,intermittent,full,0.23076923076923078,0.7692307692307693
CC-TS-15-Y-BKRD-STR,0.11711711711711711,0.373412284253382,3.1883664270865695,0.9009009009009009,0.003764478764478765,False,0.23214285714285715,2024-06-24,110,intermittent,full,0.3076923076923077,0.6923076923076923
CC-TT-03-M-GR-1TO,0.009009009009009009,0.09448728361893258,10.488088481701515,0.990990990990991,0.0004738504738504738,False,0.017857142857142856,2024-06-24,110,intermittent,full,0.07692307692307693,0.9230769230769231
CC-TT-03-N-GR-1TO,0.036036036036036036,0.18637982761781263,5.172040216394301,0.963963963963964,0.00028957528957528967,False,0.03571428571428571,2024-06-24,110,intermittent,full,0.07692307692307693,0.9230769230769231
CC-TT-03-P-GR-1TO,0.02702702702702703,0.16216216216216217,6.0,0.972972972972973,0.0006581256581256582,False,0.03571428571428571,2024-06-24,110,intermittent,full,0.07692307692307693,0.9230769230769231
CC-TT-03-R-GR-1TO,0.5225225225225225,0.6955048311934696,1.3310523493530195,0.5765765765765766,-0.000298350298350297,False,0.4642857142857143,2024-06-24,110,intermittent,full,0.46153846153846156,0.6923076923076923
CC-TT-03-S-GR-1TO,3.126126126126126,2.603245088942109,0.8327383425722596,0.16216216216216217,0.033134433134433136,False,4.160714285714286,2024-06-24,110,smooth,full,3.769230769230769,0.07692307692307693
CC-TT-03-T-GR-1TO,0.6846846846846847,0.9862293465516403,1.4404139140425272,0.5675675675675675,0.015391365391365392,False,1.0357142857142858,2024-06-24,110,intermittent,full,1.8461538461538463,0.15384615384615385
CC-TT-03-U-GR-1TO,3.7927927927927927,2.770881789972663,0.7305650325106071,0.12612612612612611,0.0477009477009477,False,5.339285714285714,2024-06-24,110,smooth,full,5.153846153846154,0.0
CC-TT-03-V-GR-1TO,1.1441441441441442,1.0809309205023887,0.9447506470532688,0.32432432432432434,-0.0031063531063531104,False,0.9464285714285714,2024-06-24,110,intermittent,full,0.6923076923076923,0.46153846153846156
CC-TT-03-W-GR-1TO,2.900900900900901,2.3440742038302145,0.8080504243017199,0.13513513513513514,0.026430326430326424,False,3.8035714285714284,2024-06-24,111,smooth,full,4.769230769230769,0.0
CC-TT-03-X-GR-1TO,0.9099099099099099,1.1274586710593157,1.2390882424513272,0.5225225225225225,0.005001755001755002,False,0.8214285714285714,2024-06-24,110,intermittent,full,1.1538461538461537,0.3076923076923077
CC-TT-03-Y-GR-1TO,2.81981981981982,2.2348517019474166,0.7925512425436525,0.11711711711711711,0.024736749736749743,False,3.5714285714285716,2024-06-24,111,smooth,full,3.230769230769231,0.07692307692307693
CC-TT-15-R-BKGR-STR,0.05405405405405406,0.2261243314956961,4.183300132670378,0.9459459459459459,0.0009126009126009131,False,0.07142857142857142,2024-06-24,110,intermittent,full,0.23076923076923078,0.7692307692307693
CC-TT-15-R-BKRD-STR,0.02702702702702703,0.1621621621621622,6.000000000000001,0.972972972972973,0.0007195507195507196,False,0.05357142857142857,2024-06-24,110,intermittent,full,0.07692307692307693,0.9230769230769231
CC-TT-15-R-GR-1TO,0.009009009009009009,0.09448728361893258,10.488088481701515,0.990990990990991,0.00037732537732537735,False,0.017857142857142856,2024-06-24,110,intermittent,full,0.07692307692307693,0.9230769230769231
CC-TT-15-R-GRBK-STR,0.009009009009009009,0.09448728361893258,10.488088481701515,0.990990990990991,0.00042997542997542986,False,0.017857142857142856,2024-06-24,110,intermittent,full,0.07692307692307693,0.9230769230769231
CC-TT-15-S-BKGR-STR,0.06306306306306306,0.2430763524906674,3.854496446637726,0.9369369369369369,0.0008862758862758864,False,0.10714285714285714,2024-06-24,110,intermittent,full,0.07692307692307693,0.9230769230769231
CC-TT-15-S-BKRD-STR,0.14414414414414414,0.37601147305782345,2.60857959433865,0.8648648648648649,0.005343980343980344,False,0.2857142857142857,2024-06-24,110,intermittent,full,0.6923076923076923,0.38461538461538464
CC-TT-15-S-GR-1TO,0.16216216216216217,0.3922800190464368,2.419060117453027,0.8468468468468469,0.0015531765531765526,False,0.21428571428571427,2024-06-24,110,intermittent,full,0.07692307692307693,0.9230769230769231
CC-TT-15-S-GRBK-STR,0.02702702702702703,0.1621621621621622,6.000000000000001,0.972972972972973,0.0006756756756756756,False,0.05357142857142857,2024-06-24,110,intermittent,full,0.07692307692307693,0.9230769230769231
CC-TT-15-T-BKGR-STR,0.12612612612612611,0.42695479679541565,3.3851416031636528,0.9009009009009009,0.004010179010179011,False,0.23214285714285715,2024-06-24,110,intermittent,full,0.15384615384615385,0.8461538461538461
CC-TT-15-T-BKRD-STR,0.32432432432432434,0.7493199579073262,2.310403203547589,0.8108108108108109,0.011635661635661636,False,0.6428571428571429,2024-06-24,110,intermittent,full,1.3076923076923077,0.38461538461538464
CC-TT-15-T-GR-1TO,0.06306306306306306,0.3363631477944949,5.3337584864555625,0.954954954954955,0.0005352755352755351,False,0.05357142857142857,2024-06-24,110,intermittent,full,0.07692307692307693,0.9230769230769231
CC-TT-15-T-GRBK-STR,0.06306306306306306,0.277676306440044,4.403152859263555,0.9459459459459459,0.0016409266409266406,False,0.125,2024-06-24,110,intermittent,full,0.07692307692307693,0.9230769230769231
CC-TT-15-T-LGBK-STR,0.036036036036036036,0.22968556367535067,6.373774391990981,0.972972972972973,0.001833976833976834,False,0.07142857142857142,2024-06-24,110,intermittent,full,0.3076923076923077,0.7692307692307693
CC-TT-15-U-BK-1TO,0.13513513513513514,0.49295005478574605,3.6478304054145205,0.9099099099099099,0.004914004914004915,False,0.26785714285714285,2024-06-24,110,intermittent,full,0.5384615384615384,0.7692307692307693
CC-TT-15-U-BKGR-STR,0.22522522522522523,0.5143820693196468,2.283856387779232,0.8108108108108109,0.0038522288522288527,False,0.3392857142857143,2024-06-24,110,intermittent,full,0.6923076923076923,0.6153846153846154
CC-TT-15-U-BKLG-STR,0.036036036036036036,0.18637982761781263,5.172040216394301,0.963963963963964,0.0001930501930501929,False,0.03571428571428571,2024-06-24,110,intermittent,full,0.0,1.0
CC-TT-15-U-BKRD-STR,0.26126126126126126,0.6937521912857102,2.6553963183694425,0.8558558558558559,0.009520884520884523,False,0.5178571428571429,2024-06-24,110,intermittent,full,1.2307692307692308,0.38461538461538464
CC-TT-15-U-GR-1TO,0.18018018018018017,0.4876529226206977,2.7064737205448726,0.8648648648648649,0.004422604422604423,False,0.30357142857142855,2024-06-24,110,intermittent,full,0.46153846153846156,0.6923076923076923
CC-TT-15-U-GRBK-STR,0.05405405405405406,0.26296431566353917,4.864839839775475,0.954954954954955,0.0015531765531765533,False,0.10714285714285714,2024-06-24,110,intermittent,full,0.15384615384615385,0.8461538461538461
CC-TT-15-V-BK-1TO,0.009009009009009009,0.09448728361893259,10.488088481701517,0.990990990990991,0.00014040014040014043,False,0.017857142857142856,2024-06-24,110,intermittent,full,0.0,1.0
CC-TT-15-V-BKGR-STR,0.036036036036036036,0.18637982761781263,5.172040216394301,0.963963963963964,0.001570726570726571,False,0.07142857142857142,2024-06-24,110,intermittent,full,0.23076923076923078,0.7692307692307693
CC-TT-15-V-BKLG-STR,0.009009009009009009,0.09448728361893259,10.488088481701517,0.990990990990991,5.265005265005261e-05,False,0.017857142857142856,2024-06-24,110,intermittent,full,0.0,1.0
CC-TT-15-V-BKRD-STR,0.21621621621621623,0.6493989654392829,3.003470215156683,0.8648648648648649,0.007081432081432082,False,0.42857142857142855,2024-06-24,110,intermittent,full,0.6923076923076923,0.5384615384615384
CC-TT-15-V-GR-1TO,0.11711711711711711,0.3484518847894363,2.975243016279033,0.8918918918918919,0.0025272025272025274,False,0.19642857142857142,2024-06-24,110,intermittent,full,0.15384615384615385,0.8461538461538461
CC-TT-15-V-GRBK-STR,0.009009009009009009,0.09448728361893259,10.488088481701517,0.990990990990991,3.5100035100035054e-05,False,0.017857142857142856,2024-06-24,110,intermittent,full,0.0,1.0
CC-TT-15-W-BKGR-STR,0.15315315315315314,0.40710355054756775,2.6581467123988247,0.8648648648648649,0.0033081783081783094,False,0.26785714285714285,2024-06-24,110,intermittent,full,0.23076923076923078,0.7692307692307693
CC-TT-15-W-BKLG-STR,0.21621621621621623,0.5268537483680521,2.436698586202241,0.8288288288288288,0.003536328536328536,False,0.26785714285714285,2024-06-24,110,intermittent,full,0.8461538461538461,0.5384615384615384
CC-TT-15-W-BKRD-STR,0.36036036036036034,0.6948043057534717,1.9280819484658842,0.7477477477477478,0.012820287820287823,False,0.7142857142857143,2024-06-24,110,intermittent,full,1.1538461538461537,0.23076923076923078
CC-TT-15-W-GR-1TO,0.3063063063063063,0.681714753599734,2.2255981661638375,0.7837837837837838,0.0034749034749034743,False,0.32142857142857145,2024-06-24,110,intermittent,full,0.6923076923076923,0.46153846153846156
CC-TT-15-W-GRBK-STR,0.16216216216216217,0.414610216180319,2.5567629997786336,0.8558558558558559,0.0063443313443313455,False,0.32142857142857145,2024-06-24,110,intermittent,full,0.9230769230769231,0.23076923076923078
CC-TT-15-X-BKGR-STR,0.06306306306306306,0.24307635249066736,3.8544964466377256,0.9369369369369369,0.0005089505089505087,False,0.05357142857142857,2024-06-24,110,intermittent,full,0.0,1.0
CC-TT-15-X-BKRD-STR,0.018018018018018018,0.13301642396606667,7.3824115301167,0.9819819819819819,0.00039487539487539496,False,0.03571428571428571,2024-06-24,110,intermittent,full,0.0,1.0
CC-TT-15-X-GR-1TO,0.036036036036036036,0.22968556367535065,6.37377439199098,0.972972972972973,0.0004036504036504036,False,0.03571428571428571,2024-06-24,110,intermittent,full,0.0,1.0
CC-TT-15-X-GRBK-STR,0.018018018018018018,0.13301642396606667,7.3824115301167,0.9819819819819819,0.0006054756054756056,False,0.03571428571428571,2024-06-24,110,intermittent,full,0.0,1.0
CC-TT-15-Y-BK-1TO,0.15315315315315314,0.4491874184619067,2.932929614663038,0.8738738738738738,0.004703404703404704,False,0.30357142857142855,2024-06-24,110,intermittent,full,0.23076923076923078,0.7692307692307693
CC-TT-15-Y-BKGR-STR,0.2702702702702703,0.5686390572273695,2.103964511741267,0.7837837837837838,0.006976131976131977,False,0.5,2024-06-24,110,intermittent,full,0.46153846153846156,0.6153846153846154
CC-TT-15-Y-BKLG-STR,0.09009009009009009,0.3162149328789953,3.509985754956848,0.918918918918919,-0.0002720252720252721,False,0.08928571428571429,2024-06-24,110,intermittent,full,0.0,1.0
CC-TT-15-Y-BKRD-STR,0.45045045045045046,0.8136087859369827,1.8062115047801015,0.7117117117117117,0.015716040716040713,False,0.8928571428571429,2024-06-24,110,intermittent,full,1.4615384615384615,0.15384615384615385
CC-TT-15-Y-GR-1TO,0.4774774774774775,0.8473259139479279,1.7745882348720754,0.6756756756756757,0.0018252018252018242,False,0.39285714285714285,2024-06-24,110,intermittent,full,0.7692307692307693,0.46153846153846156
CC-TT-15-Y-GRBK-STR,0.0990990990990991,0.35399788656555853,3.572160491707,0.918918918918919,0.00336960336960337,False,0.19642857142857142,2024-06-24,110,intermittent,full,0.38461538461538464,0.6923076923076923
CC-TT-15-Y-LGBK-STR,0.018018018018018018,0.13301642396606667,7.3824115301167,0.9819819819819819,0.000895050895050895,False,0.03571428571428571,2024-06-24,110,intermittent,full,0.15384615384615385,0.8461538461538461
CS-07-F-GR,0.10810810810810811,0.3382879883877223,3.129163892586431,0.9009009009009009,0.001948051948051948,False,0.16071428571428573,2024-06-24,110,intermittent,full,0.15384615384615385,0.8461538461538461
